;FLAVOR:Marlin
;TIME:3191
;Filament used: 1.29331m
;Layer height: 0.2
;MINX:92.1
;MINY:92.1
;MINZ:0.3
;MAXX:127.9
;MAXY:127.9
;MAXZ:19.9
;TARGET_MACHINE.NAME:Anet A8
;Generated with Cura_SteamEngine 5.6.0
M140 S60
M105
M190 S60
M104 S200
M105
M109 S200
M82 ;absolute extrusion mode
G28 ;Home
; G29 ; Mapowanie stołu
M420 S1 ; Ładowanie mapy z pamięci EEPROM
G1 Z15.0 F2000 ;Move the platform
G92 E0
G92 E0
G1 F1500 E-6.5
;LAYER_COUNT:99
;LAYER:0
M107
M204 S1000
G0 F7500 X94.849 Y94.009 Z0.3
;TYPE:SKIRT
G1 F1500 E0
G1 X96.144 Y92.947 E0.04178
G1 X98.679 Y92.1 E0.10845
G1 X121.122 Y92.1 E0.66829
G1 X123.827 Y92.935 E0.73891
G1 X125.991 Y94.849 E0.81098
G1 X127.053 Y96.144 E0.85275
G1 X127.9 Y98.679 E0.91943
G1 X127.9 Y121.122 E1.47927
G1 X127.065 Y123.827 E1.54989
G1 X125.151 Y125.991 E1.62195
G1 X123.856 Y127.053 E1.66373
G1 X121.321 Y127.9 E1.7304
G1 X98.878 Y127.9 E2.29025
G1 X96.173 Y127.065 E2.36086
G1 X94.009 Y125.151 E2.43293
G1 X92.947 Y123.856 E2.47471
G1 X92.1 Y121.321 E2.54138
G1 X92.1 Y98.878 E3.10122
G1 X92.935 Y96.173 E3.17184
G1 X94.849 Y94.009 E3.24391
G0 F7500 X94.976 Y94.164
G1 F1500 X96.243 Y93.125 E3.28478
G1 X98.712 Y92.3 E3.34972
G1 X121.092 Y92.3 E3.90799
G1 X123.727 Y93.113 E3.97678
G1 X125.836 Y94.976 E4.04697
G1 X126.875 Y96.243 E4.08785
G1 X127.7 Y98.712 E4.15278
G1 X127.7 Y121.092 E4.71106
G1 X126.887 Y123.727 E4.77984
G1 X125.024 Y125.836 E4.85004
G1 X123.757 Y126.875 E4.89091
G1 X121.288 Y127.7 E4.95585
G1 X98.908 Y127.7 E5.51412
G1 X96.273 Y126.887 E5.58291
G1 X94.164 Y125.024 E5.6531
G1 X93.125 Y123.757 E5.69398
G1 X92.3 Y121.288 E5.75891
G1 X92.3 Y98.908 E6.31719
G1 X93.113 Y96.273 E6.38597
G1 X94.976 Y94.164 E6.45617
G0 F7500 X95.103 Y94.319
G1 F1500 X96.342 Y93.303 E6.49614
G1 X98.745 Y92.5 E6.55934
G1 X121.062 Y92.5 E7.11604
G1 X123.627 Y93.291 E7.183
G1 X125.681 Y95.103 E7.25132
G1 X126.697 Y96.342 E7.29129
G1 X127.5 Y98.745 E7.35449
G1 X127.5 Y121.062 E7.91119
G1 X126.709 Y123.627 E7.97815
G1 X124.897 Y125.681 E8.04648
G1 X123.658 Y126.697 E8.08645
G1 X121.255 Y127.5 E8.14965
G1 X98.938 Y127.5 E8.70635
G1 X96.373 Y126.709 E8.7733
G1 X94.319 Y124.897 E8.84163
G1 X93.303 Y123.658 E8.8816
G1 X92.5 Y121.255 E8.9448
G1 X92.5 Y98.938 E9.5015
G1 X93.291 Y96.373 E9.56846
G1 X95.103 Y94.319 E9.63678
G0 F7500 X95.23 Y94.474
G1 F1500 X96.441 Y93.481 E9.67585
G1 X98.778 Y92.7 E9.73732
G1 X121.032 Y92.7 E10.29244
G1 X123.527 Y93.469 E10.35757
G1 X125.526 Y95.23 E10.42403
G1 X126.519 Y96.441 E10.46309
G1 X127.3 Y98.778 E10.52456
G1 X127.3 Y121.032 E11.07969
G1 X126.531 Y123.527 E11.14481
G1 X124.77 Y125.526 E11.21127
G1 X123.559 Y126.519 E11.25033
G1 X121.222 Y127.3 E11.3118
G1 X98.968 Y127.3 E11.86693
G1 X96.473 Y126.531 E11.93205
G1 X94.474 Y124.77 E11.99851
G1 X93.481 Y123.559 E12.03758
G1 X92.7 Y121.222 E12.09904
G1 X92.7 Y98.968 E12.65417
G1 X93.469 Y96.473 E12.7193
G1 X95.23 Y94.474 E12.78575
G0 F7500 X95.357 Y94.629
G1 F1500 X96.54 Y93.659 E12.82391
G1 X98.811 Y92.9 E12.88364
G1 X121.002 Y92.9 E13.4372
G1 X123.427 Y93.647 E13.5005
G1 X125.371 Y95.357 E13.56508
G1 X126.341 Y96.54 E13.60324
G1 X127.1 Y98.811 E13.66297
G1 X127.1 Y121.002 E14.21653
G1 X126.353 Y123.427 E14.27983
G1 X124.643 Y125.371 E14.34441
G1 X123.46 Y126.341 E14.38257
G1 X121.189 Y127.1 E14.4423
G1 X98.998 Y127.1 E14.99586
G1 X96.573 Y126.353 E15.05916
G1 X94.629 Y124.643 E15.12374
G1 X93.659 Y123.46 E15.1619
G1 X92.9 Y121.189 E15.22163
G1 X92.9 Y98.998 E15.77519
G1 X93.647 Y96.573 E15.83849
G1 X95.357 Y94.629 E15.90307
G0 F7500 X95.484 Y94.784
G1 F1500 X96.639 Y93.837 E15.94033
G1 X98.844 Y93.1 E15.99833
G1 X120.972 Y93.1 E16.55031
G1 X123.327 Y93.825 E16.61178
G1 X125.216 Y95.484 E16.67449
G1 X126.163 Y96.639 E16.71175
G1 X126.9 Y98.844 E16.76974
G1 X126.9 Y120.972 E17.32173
G1 X126.175 Y123.327 E17.3832
G1 X124.516 Y125.216 E17.44591
G1 X123.361 Y126.163 E17.48317
G1 X121.156 Y126.9 E17.54116
G1 X99.028 Y126.9 E18.09315
G1 X96.673 Y126.175 E18.15461
G1 X94.784 Y124.516 E18.21733
G1 X93.837 Y123.361 E18.25459
G1 X93.1 Y121.156 E18.31258
G1 X93.1 Y99.028 E18.86457
G1 X93.825 Y96.673 E18.92603
G1 X95.484 Y94.784 E18.98875
G0 F7500 X95.611 Y94.939
G1 F1500 X96.738 Y94.015 E19.0251
G1 X98.877 Y93.3 E19.08136
G1 X120.942 Y93.3 E19.63177
G1 X123.227 Y94.004 E19.69142
G1 X125.061 Y95.611 E19.75225
G1 X125.985 Y96.738 E19.7886
G1 X126.7 Y98.877 E19.84486
G1 X126.7 Y120.942 E20.39527
G1 X125.996 Y123.227 E20.45492
G1 X124.389 Y125.061 E20.51574
G1 X123.262 Y125.985 E20.5521
G1 X121.123 Y126.7 E20.60836
G1 X99.058 Y126.7 E21.15877
G1 X96.773 Y125.996 E21.21841
G1 X94.939 Y124.389 E21.27924
G1 X94.015 Y123.262 E21.3156
G1 X93.3 Y121.123 E21.37186
G1 X93.3 Y99.058 E21.92227
G1 X94.004 Y96.773 E21.98191
G1 X95.611 Y94.939 E22.04274
G0 F7500 X95.738 Y95.094
G1 F1500 X96.837 Y94.193 E22.07819
G1 X98.91 Y93.5 E22.13271
G1 X120.912 Y93.5 E22.68156
G1 X123.126 Y94.182 E22.73935
G1 X124.906 Y95.738 E22.79832
G1 X125.807 Y96.837 E22.83377
G1 X126.5 Y98.91 E22.8883
G1 X126.5 Y120.912 E23.43714
G1 X125.818 Y123.126 E23.49493
G1 X124.262 Y124.906 E23.5539
G1 X123.163 Y125.807 E23.58935
G1 X121.09 Y126.5 E23.64388
G1 X99.088 Y126.5 E24.19272
G1 X96.874 Y125.818 E24.25051
G1 X95.094 Y124.262 E24.30948
G1 X94.193 Y123.163 E24.34493
G1 X93.5 Y121.09 E24.39946
G1 X93.5 Y99.088 E24.9483
G1 X94.182 Y96.874 E25.00609
G1 X95.738 Y95.094 E25.06507
G0 F7500 X95.865 Y95.249
G1 F1500 X96.936 Y94.371 E25.09961
G1 X98.943 Y93.7 E25.1524
G1 X120.882 Y93.7 E25.69967
G1 X123.026 Y94.361 E25.75564
G1 X124.751 Y95.865 E25.81273
G1 X125.629 Y96.936 E25.84727
G1 X126.3 Y98.943 E25.90006
G1 X126.3 Y120.882 E26.44733
G1 X125.639 Y123.026 E26.5033
G1 X124.135 Y124.751 E26.56039
G1 X123.064 Y125.629 E26.59493
G1 X121.057 Y126.3 E26.64772
G1 X99.118 Y126.3 E27.19499
G1 X96.974 Y125.639 E27.25096
G1 X95.249 Y124.135 E27.30805
G1 X94.371 Y123.064 E27.3426
G1 X93.7 Y121.057 E27.39538
G1 X93.7 Y99.118 E27.94265
G1 X94.361 Y96.974 E27.99862
G1 X95.865 Y95.249 E28.05571
G0 F7500 X95.992 Y95.404
G1 F1500 X97.035 Y94.549 E28.08935
G1 X98.976 Y93.9 E28.14041
G1 X120.852 Y93.9 E28.6861
G1 X122.927 Y94.54 E28.74027
G1 X124.596 Y95.992 E28.79546
G1 X125.451 Y97.035 E28.8291
G1 X126.1 Y98.976 E28.88015
G1 X126.1 Y120.852 E29.42585
G1 X125.46 Y122.927 E29.48002
G1 X124.008 Y124.596 E29.5352
G1 X122.965 Y125.451 E29.56884
G1 X121.024 Y126.1 E29.6199
G1 X99.148 Y126.1 E30.1656
G1 X97.073 Y125.46 E30.21976
G1 X95.404 Y124.008 E30.27495
G1 X94.549 Y122.965 E30.30859
G1 X93.9 Y121.024 E30.35964
G1 X93.9 Y99.148 E30.90534
G1 X94.54 Y97.073 E30.95951
G1 X95.992 Y95.404 E31.01469
G0 F7500 X96.119 Y95.559
G1 F1500 X97.134 Y94.727 E31.04743
G1 X99.009 Y94.1 E31.09675
G1 X120.822 Y94.1 E31.64088
G1 X122.828 Y94.719 E31.69324
G1 X124.441 Y96.119 E31.74652
G1 X125.273 Y97.134 E31.77926
G1 X125.9 Y99.009 E31.82858
G1 X125.9 Y120.822 E32.37271
G1 X125.281 Y122.828 E32.42508
G1 X123.881 Y124.441 E32.47835
G1 X122.866 Y125.273 E32.51109
G1 X120.991 Y125.9 E32.56041
G1 X99.178 Y125.9 E33.10454
G1 X97.172 Y125.281 E33.15691
G1 X95.559 Y123.881 E33.21018
G1 X94.727 Y122.866 E33.24292
G1 X94.1 Y120.991 E33.29224
G1 X94.1 Y99.178 E33.83637
G1 X94.719 Y97.172 E33.88874
G1 X96.119 Y95.559 E33.94201
G0 F7500 X96.246 Y95.714
G1 F1500 X97.233 Y94.905 E33.97385
G1 X99.042 Y94.3 E34.02143
G1 X120.792 Y94.3 E34.56399
G1 X122.729 Y94.898 E34.61456
G1 X124.286 Y96.246 E34.66593
G1 X125.095 Y97.233 E34.69776
G1 X125.7 Y99.042 E34.74535
G1 X125.7 Y120.792 E35.2879
G1 X125.102 Y122.729 E35.33847
G1 X123.754 Y124.286 E35.38984
G1 X122.767 Y125.095 E35.42168
G1 X120.958 Y125.7 E35.46926
G1 X99.208 Y125.7 E36.01182
G1 X97.271 Y125.102 E36.06239
G1 X95.714 Y123.754 E36.11376
G1 X94.905 Y122.767 E36.14559
G1 X94.3 Y120.958 E36.19318
G1 X94.3 Y99.208 E36.73573
G1 X94.898 Y97.271 E36.7863
G1 X96.246 Y95.714 E36.83768
G0 F7500 X96.373 Y95.869
G1 F1500 X97.332 Y95.083 E36.86861
G1 X99.075 Y94.5 E36.91445
G1 X120.762 Y94.5 E37.45544
G1 X122.63 Y95.077 E37.50421
G1 X124.131 Y96.373 E37.55368
G1 X124.917 Y97.332 E37.58461
G1 X125.5 Y99.075 E37.63045
G1 X125.5 Y120.762 E38.17144
G1 X124.923 Y122.63 E38.22021
G1 X123.627 Y124.131 E38.26968
G1 X122.668 Y124.917 E38.30061
G1 X120.925 Y125.5 E38.34645
G1 X99.238 Y125.5 E38.88744
G1 X97.37 Y124.923 E38.93621
G1 X95.869 Y123.627 E38.98568
G1 X95.083 Y122.668 E39.01661
G1 X94.5 Y120.925 E39.06245
G1 X94.5 Y99.238 E39.60344
G1 X95.077 Y97.37 E39.65221
G1 X96.373 Y95.869 E39.70168
G0 F7500 X96.5 Y96.024
G1 F1500 X97.431 Y95.261 E39.7317
G1 X99.108 Y94.7 E39.77581
G1 X120.732 Y94.7 E40.31523
G1 X122.531 Y95.256 E40.3622
G1 X123.976 Y96.5 E40.40976
G1 X124.739 Y97.431 E40.43979
G1 X125.3 Y99.108 E40.4839
G1 X125.3 Y120.732 E41.02331
G1 X124.744 Y122.531 E41.07028
G1 X123.5 Y123.976 E41.11785
G1 X122.569 Y124.739 E41.14787
G1 X120.892 Y125.3 E41.19198
G1 X99.268 Y125.3 E41.7314
G1 X97.469 Y124.744 E41.77837
G1 X96.024 Y123.5 E41.82593
G1 X95.261 Y122.569 E41.85596
G1 X94.7 Y120.892 E41.90007
G1 X94.7 Y99.268 E42.43948
G1 X95.256 Y97.469 E42.48645
G1 X96.5 Y96.024 E42.53402
G0 F7500 X96.627 Y96.179
G1 F1500 X97.53 Y95.439 E42.56314
G1 X99.141 Y94.9 E42.60551
G1 X120.702 Y94.9 E43.14336
G1 X122.432 Y95.435 E43.18853
G1 X123.821 Y96.627 E43.23419
G1 X124.561 Y97.53 E43.26331
G1 X125.1 Y99.141 E43.30568
G1 X125.1 Y120.702 E43.84353
G1 X124.565 Y122.432 E43.8887
G1 X123.373 Y123.821 E43.93436
G1 X122.47 Y124.561 E43.96348
G1 X120.859 Y125.1 E44.00586
G1 X99.298 Y125.1 E44.5437
G1 X97.568 Y124.565 E44.58887
G1 X96.179 Y123.373 E44.63453
G1 X95.439 Y122.47 E44.66365
G1 X94.9 Y120.859 E44.70603
G1 X94.9 Y99.298 E45.24387
G1 X95.435 Y97.568 E45.28904
G1 X96.627 Y96.179 E45.3347
G0 F7500 X96.754 Y96.334
G1 F1500 X97.628 Y95.618 E45.36288
G1 X99.175 Y95.1 E45.40358
G1 X120.672 Y95.1 E45.93982
G1 X122.333 Y95.614 E45.98319
G1 X123.666 Y96.754 E46.02695
G1 X124.382 Y97.628 E46.05513
G1 X124.9 Y99.175 E46.09583
G1 X124.9 Y120.672 E46.63207
G1 X124.386 Y122.333 E46.67544
G1 X123.246 Y123.666 E46.7192
G1 X122.372 Y124.382 E46.74738
G1 X120.825 Y124.9 E46.78808
G1 X99.328 Y124.9 E47.32432
G1 X97.667 Y124.386 E47.36769
G1 X96.334 Y123.246 E47.41145
G1 X95.618 Y122.372 E47.43963
G1 X95.1 Y120.825 E47.48033
G1 X95.1 Y99.328 E48.01657
G1 X95.614 Y97.667 E48.05994
G1 X96.754 Y96.334 E48.1037
G0 F7500 X96.881 Y96.489
G1 F1500 X97.726 Y95.797 E48.13094
G1 X99.209 Y95.3 E48.16996
G1 X120.642 Y95.3 E48.70461
G1 X122.234 Y95.793 E48.74618
G1 X123.511 Y96.881 E48.78803
G1 X124.203 Y97.726 E48.81527
G1 X124.7 Y99.209 E48.85429
G1 X124.7 Y120.642 E49.38894
G1 X124.207 Y122.234 E49.43051
G1 X123.119 Y123.511 E49.47236
G1 X122.274 Y124.203 E49.49961
G1 X120.791 Y124.7 E49.53862
G1 X99.358 Y124.7 E50.07327
G1 X97.766 Y124.207 E50.11484
G1 X96.489 Y123.119 E50.15669
G1 X95.797 Y122.274 E50.18394
G1 X95.3 Y120.791 E50.22295
G1 X95.3 Y99.358 E50.7576
G1 X95.793 Y97.766 E50.79917
G1 X96.881 Y96.489 E50.84102
G0 F7500 X97.033 Y96.619
G1 F1500 X97.823 Y95.976 E50.86643
G1 X99.243 Y95.5 E50.90379
G1 X120.612 Y95.5 E51.43684
G1 X122.135 Y95.972 E51.47662
G1 X123.381 Y97.033 E51.51744
G1 X124.024 Y97.823 E51.54285
G1 X124.5 Y99.243 E51.58021
G1 X124.5 Y120.612 E52.11326
G1 X124.028 Y122.135 E52.15303
G1 X122.967 Y123.381 E52.19386
G1 X122.177 Y124.024 E52.21927
G1 X120.757 Y124.5 E52.25663
G1 X99.388 Y124.5 E52.78968
G1 X97.865 Y124.028 E52.82945
G1 X96.619 Y122.967 E52.87028
G1 X95.976 Y122.177 E52.89569
G1 X95.5 Y120.757 E52.93304
G1 X95.5 Y99.388 E53.4661
G1 X95.972 Y97.865 E53.50587
G1 X97.033 Y96.619 E53.54669
G0 F7500 X97.185 Y96.749
G1 F1500 X97.919 Y96.155 E53.57025
G1 X99.277 Y95.7 E53.60597
G1 X120.582 Y95.7 E54.13743
G1 X122.036 Y96.151 E54.1754
G1 X123.251 Y97.185 E54.2152
G1 X123.845 Y97.919 E54.23876
G1 X124.3 Y99.277 E54.27448
G1 X124.3 Y120.582 E54.80594
G1 X123.849 Y122.036 E54.84391
G1 X122.815 Y123.251 E54.88371
G1 X122.081 Y123.845 E54.90727
G1 X120.723 Y124.3 E54.94299
G1 X99.418 Y124.3 E55.47445
G1 X97.964 Y123.849 E55.51242
G1 X96.749 Y122.815 E55.55222
G1 X96.155 Y122.081 E55.57577
G1 X95.7 Y120.723 E55.6115
G1 X95.7 Y99.418 E56.14296
G1 X96.151 Y97.964 E56.18093
G1 X97.185 Y96.749 E56.22073
G0 F7500 X97.311 Y96.905
G1 F1500 X98.017 Y96.334 E56.24338
G1 X99.311 Y95.9 E56.27743
G1 X120.552 Y95.9 E56.80728
G1 X121.939 Y96.33 E56.84351
G1 X123.095 Y97.311 E56.88133
G1 X123.666 Y98.017 E56.90398
G1 X124.1 Y99.311 E56.93802
G1 X124.1 Y120.552 E57.46788
G1 X123.67 Y121.939 E57.50411
G1 X122.689 Y123.095 E57.54193
G1 X121.983 Y123.666 E57.56458
G1 X120.689 Y124.1 E57.59862
G1 X99.448 Y124.1 E58.12848
G1 X98.061 Y123.67 E58.16471
G1 X96.905 Y122.689 E58.20253
G1 X96.334 Y121.983 E58.22518
G1 X95.9 Y120.689 E58.25922
G1 X95.9 Y99.448 E58.78908
G1 X96.33 Y98.061 E58.82531
G1 X97.311 Y96.905 E58.86313
G0 F7500 X97.437 Y97.061
G1 F1500 X98.115 Y96.513 E58.88487
G1 X99.345 Y96.1 E58.91724
G1 X120.522 Y96.1 E59.4455
G1 X121.84 Y96.509 E59.47992
G1 X122.939 Y97.437 E59.51581
G1 X123.487 Y98.115 E59.53755
G1 X123.9 Y99.345 E59.56992
G1 X123.9 Y120.522 E60.09818
G1 X123.491 Y121.84 E60.1326
G1 X122.563 Y122.939 E60.16849
G1 X121.885 Y123.487 E60.19023
G1 X120.655 Y123.9 E60.2226
G1 X99.478 Y123.9 E60.75086
G1 X98.16 Y123.491 E60.78528
G1 X97.061 Y122.563 E60.82117
G1 X96.513 Y121.885 E60.84291
G1 X96.1 Y120.655 E60.87528
G1 X96.1 Y99.478 E61.40354
G1 X96.509 Y98.16 E61.43796
G1 X97.437 Y97.061 E61.47385
G0 F7500 X97.563 Y97.217
G1 F1500 X98.213 Y96.692 E61.49469
G1 X99.379 Y96.3 E61.52537
G1 X120.492 Y96.3 E62.05204
G1 X121.741 Y96.688 E62.08467
G1 X122.783 Y97.563 E62.11861
G1 X123.308 Y98.213 E62.13945
G1 X123.7 Y99.379 E62.17014
G1 X123.7 Y120.492 E62.6968
G1 X123.312 Y121.741 E62.72943
G1 X122.437 Y122.783 E62.76337
G1 X121.787 Y123.308 E62.78421
G1 X120.621 Y123.7 E62.8149
G1 X99.508 Y123.7 E63.34156
G1 X98.259 Y123.312 E63.37419
G1 X97.217 Y122.437 E63.40813
G1 X96.692 Y121.787 E63.42897
G1 X96.3 Y120.621 E63.45966
G1 X96.3 Y99.508 E63.98632
G1 X96.688 Y98.259 E64.01895
G1 X97.563 Y97.217 E64.05289
G0 F7500 X97.689 Y97.373
G1 F1500 X98.311 Y96.871 E64.07283
G1 X99.413 Y96.5 E64.10183
G1 X120.462 Y96.5 E64.6269
G1 X121.642 Y96.867 E64.65773
G1 X122.627 Y97.689 E64.68973
G1 X123.129 Y98.311 E64.70967
G1 X123.5 Y99.413 E64.73868
G1 X123.5 Y120.462 E65.26375
G1 X123.133 Y121.642 E65.29457
G1 X122.311 Y122.627 E65.32658
G1 X121.689 Y123.129 E65.34651
G1 X120.587 Y123.5 E65.37552
G1 X99.538 Y123.5 E65.90059
G1 X98.358 Y123.133 E65.93141
G1 X97.373 Y122.311 E65.96342
G1 X96.871 Y121.689 E65.98336
G1 X96.5 Y120.587 E66.01236
G1 X96.5 Y99.538 E66.53743
G1 X96.867 Y98.358 E66.56826
G1 X97.689 Y97.373 E66.60026
G0 F7500 X97.815 Y97.529
G1 F1500 X98.409 Y97.05 E66.6193
G1 X99.447 Y96.7 E66.64662
G1 X120.432 Y96.7 E67.17009
G1 X121.544 Y97.046 E67.19914
G1 X122.471 Y97.815 E67.22919
G1 X122.95 Y98.409 E67.24822
G1 X123.3 Y99.447 E67.27555
G1 X123.3 Y120.432 E67.79902
G1 X122.954 Y121.544 E67.82807
G1 X122.185 Y122.471 E67.85812
G1 X121.591 Y122.95 E67.87715
G1 X120.553 Y123.3 E67.90448
G1 X99.568 Y123.3 E68.42795
G1 X98.456 Y122.954 E68.457
G1 X97.529 Y122.185 E68.48705
G1 X97.05 Y121.591 E68.50608
G1 X96.7 Y120.553 E68.53341
G1 X96.7 Y99.568 E69.05688
G1 X97.046 Y98.456 E69.08593
G1 X97.815 Y97.529 E69.11598
G0 F7500 X97.969 Y97.657
G1 F1500 X98.505 Y97.229 E69.13309
G1 X99.481 Y96.9 E69.15878
G1 X120.402 Y96.9 E69.68066
G1 X121.446 Y97.225 E69.70793
G1 X122.343 Y97.969 E69.737
G1 X122.771 Y98.505 E69.75411
G1 X123.1 Y99.481 E69.7798
G1 X123.1 Y120.402 E70.30168
G1 X122.775 Y121.446 E70.32896
G1 X122.031 Y122.343 E70.35803
G1 X121.495 Y122.771 E70.37514
G1 X120.519 Y123.1 E70.40083
G1 X99.598 Y123.1 E70.92271
G1 X98.554 Y122.775 E70.94998
G1 X97.657 Y122.031 E70.97905
G1 X97.229 Y121.495 E70.99616
G1 X96.9 Y120.519 E71.02185
G1 X96.9 Y99.598 E71.54373
G1 X97.225 Y98.554 E71.57101
G1 X97.969 Y97.657 E71.60008
G0 F7500 X98.123 Y97.785
G1 F1500 X98.601 Y97.408 E71.61526
G1 X99.515 Y97.1 E71.63932
G1 X120.372 Y97.1 E72.1596
G1 X121.348 Y97.404 E72.1851
G1 X122.215 Y98.123 E72.2132
G1 X122.592 Y98.601 E72.22839
G1 X122.9 Y99.515 E72.25245
G1 X122.9 Y120.372 E72.77273
G1 X122.596 Y121.348 E72.79823
G1 X121.877 Y122.215 E72.82632
G1 X121.399 Y122.592 E72.84151
G1 X120.485 Y122.9 E72.86557
G1 X99.628 Y122.9 E73.38585
G1 X98.652 Y122.596 E73.41135
G1 X97.785 Y121.877 E73.43945
G1 X97.408 Y121.399 E73.45463
G1 X97.1 Y120.485 E73.47869
G1 X97.1 Y99.628 E73.99897
G1 X97.404 Y98.652 E74.02447
G1 X98.123 Y97.785 E74.05257
G0 F7500 X98.247 Y97.942
G1 F1500 X98.697 Y97.587 E74.06687
G1 X99.549 Y97.3 E74.08929
G1 X120.341 Y97.3 E74.60795
G1 X121.252 Y97.584 E74.63175
G1 X122.058 Y98.247 E74.65779
G1 X122.413 Y98.697 E74.67209
G1 X122.7 Y99.549 E74.69451
G1 X122.7 Y120.341 E75.21317
G1 X122.416 Y121.252 E75.23697
G1 X121.753 Y122.058 E75.26301
G1 X121.303 Y122.413 E75.27731
G1 X120.451 Y122.7 E75.29973
G1 X99.659 Y122.7 E75.81839
G1 X98.748 Y122.416 E75.8422
G1 X97.942 Y121.753 E75.86823
G1 X97.587 Y121.303 E75.88253
G1 X97.3 Y120.451 E75.90495
G1 X97.3 Y99.659 E76.42361
G1 X97.584 Y98.748 E76.44742
G1 X98.247 Y97.942 E76.47345
G0 F7500 X98.371 Y98.099
G1 F1500 X98.793 Y97.766 E76.48686
G1 X99.583 Y97.5 E76.50765
G1 X120.31 Y97.5 E77.02469
G1 X121.156 Y97.764 E77.0468
G1 X121.901 Y98.371 E77.07077
G1 X122.234 Y98.793 E77.08418
G1 X122.5 Y99.583 E77.10497
G1 X122.5 Y120.31 E77.62201
G1 X122.236 Y121.156 E77.64412
G1 X121.629 Y121.901 E77.66809
G1 X121.207 Y122.234 E77.6815
G1 X120.417 Y122.5 E77.70229
G1 X99.69 Y122.5 E78.21933
G1 X98.844 Y122.236 E78.24144
G1 X98.099 Y121.629 E78.26541
G1 X97.766 Y121.207 E78.27882
G1 X97.5 Y120.417 E78.29961
G1 X97.5 Y99.69 E78.81665
G1 X97.764 Y98.844 E78.83876
G1 X98.371 Y98.099 E78.86273
G0 F7500 X98.495 Y98.256
G1 F1500 X98.891 Y97.944 E78.8753
G1 X99.614 Y97.7 E78.89434
G1 X120.279 Y97.7 E79.40983
G1 X121.06 Y97.944 E79.43024
G1 X121.744 Y98.495 E79.45215
G1 X122.056 Y98.891 E79.46472
G1 X122.3 Y99.614 E79.48376
G1 X122.3 Y120.279 E79.99925
G1 X122.056 Y121.06 E80.01966
G1 X121.505 Y121.744 E80.04157
G1 X121.109 Y122.056 E80.05415
G1 X120.386 Y122.3 E80.07318
G1 X99.721 Y122.3 E80.58867
G1 X98.94 Y122.056 E80.60908
G1 X98.256 Y121.505 E80.63099
G1 X97.944 Y121.109 E80.64357
G1 X97.7 Y120.386 E80.6626
G1 X97.7 Y99.721 E81.17809
G1 X97.944 Y98.94 E81.1985
G1 X98.495 Y98.256 E81.22041
G0 F7500 X98.619 Y98.413
G1 F1500 X98.987 Y98.123 E81.2321
G1 X99.648 Y97.9 E81.2495
G1 X120.248 Y97.9 E81.76337
G1 X120.965 Y98.124 E81.78211
G1 X121.587 Y98.619 E81.80194
G1 X121.877 Y98.987 E81.81363
G1 X122.1 Y99.648 E81.83103
G1 X122.1 Y120.248 E82.3449
G1 X121.876 Y120.965 E82.36364
G1 X121.381 Y121.587 E82.38347
G1 X121.013 Y121.877 E82.39515
G1 X120.352 Y122.1 E82.41256
G1 X99.752 Y122.1 E82.92643
G1 X99.035 Y121.876 E82.94516
G1 X98.413 Y121.381 E82.96499
G1 X98.123 Y121.013 E82.97668
G1 X97.9 Y120.352 E82.99408
G1 X97.9 Y99.752 E83.50795
G1 X98.124 Y99.035 E83.52669
G1 X98.619 Y98.413 E83.54652
G0 F7500 X98.743 Y98.57
G1 F1500 X99.083 Y98.302 E83.55732
G1 X99.682 Y98.1 E83.57309
G1 X120.217 Y98.1 E84.08533
G1 X120.872 Y98.305 E84.10246
G1 X121.43 Y98.743 E84.12015
G1 X121.698 Y99.083 E84.13095
G1 X121.9 Y99.682 E84.14672
G1 X121.9 Y120.217 E84.65897
G1 X121.695 Y120.872 E84.67609
G1 X121.257 Y121.43 E84.69378
G1 X120.917 Y121.698 E84.70458
G1 X120.318 Y121.9 E84.72035
G1 X99.783 Y121.9 E85.2326
G1 X99.128 Y121.695 E85.24972
G1 X98.57 Y121.257 E85.26741
G1 X98.302 Y120.917 E85.27821
G1 X98.1 Y120.318 E85.29398
G1 X98.1 Y99.783 E85.80623
G1 X98.305 Y99.128 E85.82335
G1 X98.743 Y98.57 E85.84105
G0 F7500 X98.9 Y98.694
G1 F1500 X99.18 Y98.48 E85.84984
G1 X99.713 Y98.3 E85.86387
G1 X120.186 Y98.3 E86.37457
G1 X120.778 Y98.485 E86.39004
G1 X121.306 Y98.9 E86.4068
G1 X121.52 Y99.18 E86.41559
G1 X121.7 Y99.713 E86.42962
G1 X121.7 Y120.186 E86.94032
G1 X121.515 Y120.778 E86.95579
G1 X121.1 Y121.306 E86.97255
G1 X120.82 Y121.52 E86.98134
G1 X120.287 Y121.7 E86.99537
G1 X99.814 Y121.7 E87.50607
G1 X99.222 Y121.515 E87.52154
G1 X98.694 Y121.1 E87.5383
G1 X98.48 Y120.82 E87.54709
G1 X98.3 Y120.287 E87.56112
G1 X98.3 Y99.814 E88.07182
G1 X98.485 Y99.222 E88.08729
G1 X98.9 Y98.694 E88.10405
G0 F7500 X99.022 Y98.853
G1 F1500 X99.275 Y98.659 E88.112
G1 X99.747 Y98.5 E88.12442
G1 X120.155 Y98.5 E88.6335
G1 X120.685 Y98.666 E88.64736
G1 X121.147 Y99.022 E88.66191
G1 X121.341 Y99.275 E88.66986
G1 X121.5 Y99.747 E88.68228
G1 X121.5 Y120.155 E89.19136
G1 X121.334 Y120.685 E89.20522
G1 X120.978 Y121.147 E89.21977
G1 X120.725 Y121.341 E89.22772
G1 X120.253 Y121.5 E89.24014
G1 X99.845 Y121.5 E89.74922
G1 X99.315 Y121.334 E89.76308
G1 X98.853 Y120.978 E89.77763
G1 X98.659 Y120.725 E89.78558
G1 X98.5 Y120.253 E89.798
G1 X98.5 Y99.845 E90.30708
G1 X98.666 Y99.315 E90.32094
G1 X99.022 Y98.853 E90.33549
G0 F7500 X99.18 Y98.975
G1 F1500 X99.368 Y98.839 E90.34127
G1 X99.781 Y98.7 E90.35214
G1 X120.124 Y98.7 E90.8596
G1 X120.593 Y98.847 E90.87186
G1 X121.025 Y99.18 E90.88547
G1 X121.161 Y99.368 E90.89126
G1 X121.3 Y99.781 E90.90213
G1 X121.3 Y120.124 E91.40959
G1 X121.153 Y120.593 E91.42185
G1 X120.82 Y121.025 E91.43545
G1 X120.632 Y121.161 E91.44124
G1 X120.219 Y121.3 E91.45211
G1 X99.876 Y121.3 E91.95957
G1 X99.407 Y121.153 E91.97183
G1 X98.975 Y120.82 E91.98544
G1 X98.839 Y120.632 E91.99122
G1 X98.7 Y120.219 E92.00209
G1 X98.7 Y99.876 E92.50955
G1 X98.847 Y99.407 E92.52181
G1 X99.18 Y98.975 E92.53542
G0 F7500 X99.338 Y99.097
G1 F1500 X99.432 Y99.029 E92.53831
G1 X99.815 Y98.9 E92.54839
G1 X120.093 Y98.9 E93.05423
G1 X120.501 Y99.028 E93.0649
G1 X120.903 Y99.338 E93.07756
G1 X120.971 Y99.432 E93.08045
G1 X121.1 Y99.815 E93.09054
G1 X121.1 Y120.093 E93.59637
G1 X120.972 Y120.501 E93.60704
G1 X120.662 Y120.903 E93.6197
G1 X120.568 Y120.971 E93.6226
G1 X120.185 Y121.1 E93.63268
G1 X99.907 Y121.1 E94.13852
G1 X99.499 Y120.972 E94.14918
G1 X99.097 Y120.662 E94.16185
G1 X99.029 Y120.568 E94.16474
G1 X98.9 Y120.185 E94.17482
G1 X98.9 Y99.907 E94.68066
G1 X99.028 Y99.499 E94.69132
G1 X99.338 Y99.097 E94.70399
G0 F7500 X99.496 Y99.219
G1 F1500 X99.849 Y99.1 E94.71328
G1 X120.062 Y99.1 E95.2175
G1 X120.409 Y99.209 E95.22657
G1 X120.781 Y99.496 E95.23829
G1 X120.9 Y99.849 E95.24758
G1 X120.9 Y120.062 E95.7518
G1 X120.791 Y120.409 E95.76087
G1 X120.504 Y120.781 E95.77259
G1 X120.151 Y120.9 E95.78188
G1 X99.938 Y120.9 E96.2861
G1 X99.591 Y120.791 E96.29517
G1 X99.219 Y120.504 E96.30689
G1 X99.1 Y120.151 E96.31618
G1 X99.1 Y99.938 E96.8204
G1 X99.209 Y99.591 E96.82947
G1 X99.496 Y99.219 E96.84119
G0 F7500 X99.617 Y99.389
G1 F1500 X99.88 Y99.3 E96.84812
G1 X120.031 Y99.3 E97.35079
G1 X120.317 Y99.39 E97.35827
G1 X120.611 Y99.617 E97.36753
G1 X120.7 Y99.88 E97.37446
G1 X120.7 Y120.031 E97.87713
G1 X120.61 Y120.317 E97.88461
G1 X120.383 Y120.611 E97.89387
G1 X120.12 Y120.7 E97.9008
G1 X99.969 Y120.7 E98.40347
G1 X99.683 Y120.61 E98.41094
G1 X99.389 Y120.383 E98.42021
G1 X99.3 Y120.12 E98.42714
G1 X99.3 Y99.969 E98.9298
G1 X99.39 Y99.683 E98.93728
G1 X99.617 Y99.389 E98.94655
G0 F7500 X99.738 Y99.559
G1 F1500 X99.88 Y99.5 E98.95039
G1 X120 Y99.5 E99.45228
G1 X120.257 Y99.581 E99.459
G1 X120.441 Y99.738 E99.46504
G1 X120.5 Y99.88 E99.46887
G1 X120.5 Y120 E99.97077
G1 X120.419 Y120.257 E99.97749
G1 X120.262 Y120.441 E99.98352
G1 X120.12 Y120.5 E99.98736
G1 X100 Y120.5 E100.48925
G1 X99.743 Y120.419 E100.49598
G1 X99.559 Y120.262 E100.50201
G1 X99.5 Y120.12 E100.50585
G1 X99.5 Y100 E101.00774
G1 X99.581 Y99.743 E101.01446
G1 X99.738 Y99.559 E101.0205
G0 F7500 X99.949 Y99.9
G1 F1500 X120 Y99.9 E101.52067
G1 X120.1 Y99.949 E101.52345
G1 X120.1 Y120 E102.02362
G1 X120.051 Y120.1 E102.0264
G1 X100 Y120.1 E102.52657
G1 X99.9 Y120.051 E102.52935
G1 X99.9 Y100 E103.02953
G1 X99.949 Y99.9 E103.0323
G0 F7500 X99.88 Y99.7
G1 F1500 X120 Y99.7 E103.5342
G1 X120.188 Y99.769 E103.5392
G1 X120.3 Y99.88 E103.54313
G1 X120.3 Y120 E104.04502
G1 X120.231 Y120.188 E104.05002
G1 X120.12 Y120.3 E104.05395
G1 X100 Y120.3 E104.55585
G1 X99.812 Y120.231 E104.56084
G1 X99.7 Y120.12 E104.56478
G1 X99.7 Y100 E105.06667
G1 X99.769 Y99.812 E105.07167
G1 X99.88 Y99.7 E105.0756
G1 F1500 E98.5756
;MESH:xyzCalibration_cube.stl
G0 F7500 X100.4 Y100.4
G0 X119.7 Y119.7
;TYPE:WALL-INNER
G1 F1500 E105.0756
G1 X119.7 Y100.3 E105.55954
G1 X100.3 Y100.3 E106.04347
G1 X100.3 Y119.7 E106.52741
G1 X119.7 Y119.7 E107.01134
G0 F7500 X119.9 Y119.9
;TYPE:WALL-OUTER
G1 F1500 X119.9 Y100.1 E107.50526
G1 X100.1 Y100.1 E107.99917
G1 X100.1 Y119.9 E108.49308
G1 X119.9 Y119.9 E108.98699
G0 F7500 X119.9 Y119.7
G0 X119.52 Y119.52
;TYPE:SKIN
G1 F1500 X100.48 Y119.52 E109.46195
G1 X100.48 Y100.48 E109.9369
G1 X119.52 Y100.48 E110.41186
G1 X119.52 Y119.52 E110.88681
G0 F7500 X119.7 Y119.52
G0 X119.7 Y100.752
G0 X119.419 Y100.752
G1 F1500 X119.247 Y100.58 E110.89288
G0 F7500 X118.965 Y100.58
G1 F1500 X119.419 Y101.034 E110.9089
G0 F7500 X119.419 Y101.317
G1 F1500 X118.682 Y100.58 E110.9349
G0 F7500 X118.399 Y100.58
G1 F1500 X119.419 Y101.6 E110.97088
G0 F7500 X119.419 Y101.883
G1 F1500 X118.116 Y100.58 E111.01685
G0 F7500 X117.833 Y100.58
G1 F1500 X119.419 Y102.166 E111.0728
G0 F7500 X119.419 Y102.449
G1 F1500 X117.55 Y100.58 E111.13873
G0 F7500 X117.268 Y100.58
G1 F1500 X119.419 Y102.732 E111.21463
G0 F7500 X119.419 Y103.014
G1 F1500 X116.985 Y100.58 E111.3005
G0 F7500 X116.702 Y100.58
G1 F1500 X119.419 Y103.297 E111.39635
G0 F7500 X119.419 Y103.58
G1 F1500 X116.419 Y100.58 E111.50218
G0 F7500 X116.136 Y100.58
G1 F1500 X119.419 Y103.863 E111.618
G0 F7500 X119.419 Y104.146
G1 F1500 X115.853 Y100.58 E111.7438
G0 F7500 X115.57 Y100.58
G1 F1500 X119.419 Y104.429 E111.87958
G0 F7500 X119.419 Y104.711
G1 F1500 X115.288 Y100.58 E112.02531
G0 F7500 X115.005 Y100.58
G1 F1500 X119.419 Y104.994 E112.18103
G0 F7500 X119.419 Y105.277
G1 F1500 X114.722 Y100.58 E112.34673
G0 F7500 X114.439 Y100.58
G1 F1500 X119.419 Y105.56 E112.52241
G0 F7500 X119.419 Y105.843
G1 F1500 X114.156 Y100.58 E112.70808
G0 F7500 X113.873 Y100.58
G1 F1500 X119.419 Y106.126 E112.90373
G0 F7500 X119.419 Y106.408
G1 F1500 X113.591 Y100.58 E113.10933
G0 F7500 X113.308 Y100.58
G1 F1500 X119.419 Y106.691 E113.32491
G0 F7500 X119.419 Y106.974
G1 F1500 X113.025 Y100.58 E113.55047
G0 F7500 X112.742 Y100.58
G1 F1500 X119.419 Y107.257 E113.78602
G0 F7500 X119.419 Y107.54
G1 F1500 X112.459 Y100.58 E114.03156
G0 F7500 X112.176 Y100.58
G1 F1500 X119.419 Y107.823 E114.28707
G0 F7500 X119.419 Y108.106
G1 F1500 X111.893 Y100.58 E114.55257
G0 F7500 X111.611 Y100.58
G1 F1500 X119.419 Y108.388 E114.82802
G0 F7500 X119.419 Y108.671
G1 F1500 X111.328 Y100.58 E115.11345
G0 F7500 X111.045 Y100.58
G1 F1500 X119.419 Y108.954 E115.40887
G0 F7500 X119.419 Y109.237
G1 F1500 X110.762 Y100.58 E115.71427
G0 F7500 X110.479 Y100.58
G1 F1500 X119.419 Y109.52 E116.02965
G0 F7500 X119.419 Y109.803
G1 F1500 X110.196 Y100.58 E116.35502
G0 F7500 X109.914 Y100.58
G1 F1500 X119.419 Y110.085 E116.69033
G0 F7500 X119.419 Y110.368
G1 F1500 X109.631 Y100.58 E117.03563
G0 F7500 X109.348 Y100.58
G1 F1500 X119.419 Y110.651 E117.39091
G0 F7500 X119.419 Y110.934
G1 F1500 X109.065 Y100.58 E117.75618
G0 F7500 X108.782 Y100.58
G1 F1500 X119.419 Y111.217 E118.13142
G0 F7500 X119.419 Y111.5
G1 F1500 X108.499 Y100.58 E118.51666
G0 F7500 X108.217 Y100.58
G1 F1500 X119.419 Y111.782 E118.91184
G0 F7500 X119.419 Y112.065
G1 F1500 X107.934 Y100.58 E119.317
G0 F7500 X107.651 Y100.58
G1 F1500 X119.419 Y112.348 E119.73215
G0 F7500 X119.419 Y112.631
G1 F1500 X107.368 Y100.58 E120.15728
G0 F7500 X107.085 Y100.58
G1 F1500 X119.419 Y112.914 E120.5924
G0 F7500 X119.419 Y113.197
G1 F1500 X106.802 Y100.58 E121.0375
G0 F7500 X106.519 Y100.58
G1 F1500 X119.419 Y113.48 E121.49258
G0 F7500 X119.419 Y113.762
G1 F1500 X106.237 Y100.58 E121.95761
G0 F7500 X105.954 Y100.58
G1 F1500 X119.419 Y114.045 E122.43262
G0 F7500 X119.419 Y114.328
G1 F1500 X105.671 Y100.58 E122.91762
G0 F7500 X105.388 Y100.58
G1 F1500 X119.419 Y114.611 E123.4126
G0 F7500 X119.419 Y114.894
G1 F1500 X105.105 Y100.58 E123.91757
G0 F7500 X104.822 Y100.58
G1 F1500 X119.419 Y115.177 E124.43252
G0 F7500 X119.419 Y115.459
G1 F1500 X104.54 Y100.58 E124.95741
G0 F7500 X104.257 Y100.58
G1 F1500 X119.419 Y115.742 E125.49229
G0 F7500 X119.419 Y116.025
G1 F1500 X103.974 Y100.58 E126.03716
G0 F7500 X103.691 Y100.58
G1 F1500 X119.419 Y116.308 E126.592
G0 F7500 X119.419 Y116.591
G1 F1500 X103.408 Y100.58 E127.15684
G0 F7500 X103.125 Y100.58
G1 F1500 X119.419 Y116.874 E127.73165
G0 F7500 X119.419 Y117.156
G1 F1500 X102.843 Y100.58 E128.31641
G0 F7500 X102.56 Y100.58
G1 F1500 X119.419 Y117.439 E128.91116
G0 F7500 X119.419 Y117.722
G1 F1500 X102.277 Y100.58 E129.51589
G0 F7500 X101.994 Y100.58
G1 F1500 X119.419 Y118.005 E130.13061
G0 F7500 X119.419 Y118.288
G1 F1500 X101.711 Y100.58 E130.7553
G0 F7500 X101.428 Y100.58
G1 F1500 X119.419 Y118.571 E131.38998
G0 F7500 X119.419 Y118.854
G1 F1500 X101.145 Y100.58 E132.03465
G0 F7500 X100.863 Y100.58
G1 F1500 X119.419 Y119.136 E132.68926
G0 F7500 X119.419 Y119.419
G1 F1500 X100.579 Y100.579 E133.35389
G0 F7500 X100.579 Y100.862
G1 F1500 X119.136 Y119.419 E134.00854
G0 F7500 X118.853 Y119.419
G1 F1500 X100.579 Y101.145 E134.65321
G0 F7500 X100.579 Y101.428
G1 F1500 X118.57 Y119.419 E135.28789
G0 F7500 X118.287 Y119.419
G1 F1500 X100.579 Y101.71 E135.9126
G0 F7500 X100.579 Y101.993
G1 F1500 X118.004 Y119.419 E136.52733
G0 F7500 X117.721 Y119.419
G1 F1500 X100.579 Y102.276 E137.13208
G0 F7500 X100.579 Y102.559
G1 F1500 X117.439 Y119.419 E137.72686
G0 F7500 X117.156 Y119.419
G1 F1500 X100.579 Y102.842 E138.31166
G0 F7500 X100.579 Y103.125
G1 F1500 X116.873 Y119.419 E138.88648
G0 F7500 X116.59 Y119.419
G1 F1500 X100.579 Y103.408 E139.45131
G0 F7500 X100.579 Y103.69
G1 F1500 X116.307 Y119.419 E140.00617
G0 F7500 X116.024 Y119.419
G1 F1500 X100.579 Y103.973 E140.55106
G0 F7500 X100.579 Y104.256
G1 F1500 X115.742 Y119.419 E141.08597
G0 F7500 X115.459 Y119.419
G1 F1500 X100.579 Y104.539 E141.6109
G0 F7500 X100.579 Y104.822
G1 F1500 X115.176 Y119.419 E142.12585
G0 F7500 X114.893 Y119.419
G1 F1500 X100.579 Y105.105 E142.63082
G0 F7500 X100.579 Y105.387
G1 F1500 X114.61 Y119.419 E143.12582
G0 F7500 X114.327 Y119.419
G1 F1500 X100.579 Y105.67 E143.61083
G0 F7500 X100.579 Y105.953
G1 F1500 X114.045 Y119.419 E144.08588
G0 F7500 X113.762 Y119.419
G1 F1500 X100.579 Y106.236 E144.55095
G0 F7500 X100.579 Y106.519
G1 F1500 X113.479 Y119.419 E145.00603
G0 F7500 X113.196 Y119.419
G1 F1500 X100.579 Y106.802 E145.45113
G0 F7500 X100.579 Y107.084
G1 F1500 X112.913 Y119.419 E145.88626
G0 F7500 X112.63 Y119.419
G1 F1500 X100.579 Y107.367 E146.31141
G0 F7500 X100.579 Y107.65
G1 F1500 X112.347 Y119.419 E146.72658
G0 F7500 X112.065 Y119.419
G1 F1500 X100.579 Y107.933 E147.13178
G0 F7500 X100.579 Y108.216
G1 F1500 X111.782 Y119.419 E147.52699
G0 F7500 X111.499 Y119.419
G1 F1500 X100.579 Y108.499 E147.91222
G0 F7500 X100.579 Y108.782
G1 F1500 X111.216 Y119.419 E148.28747
G0 F7500 X110.933 Y119.419
G1 F1500 X100.579 Y109.064 E148.65276
G0 F7500 X100.579 Y109.347
G1 F1500 X110.65 Y119.419 E149.00806
G0 F7500 X110.368 Y119.419
G1 F1500 X100.579 Y109.63 E149.35339
G0 F7500 X100.579 Y109.913
G1 F1500 X110.085 Y119.419 E149.68874
G0 F7500 X109.802 Y119.419
G1 F1500 X100.579 Y110.196 E150.0141
G0 F7500 X100.579 Y110.479
G1 F1500 X109.519 Y119.419 E150.32949
G0 F7500 X109.236 Y119.419
G1 F1500 X100.579 Y110.761 E150.6349
G0 F7500 X100.579 Y111.044
G1 F1500 X108.953 Y119.419 E150.93034
G0 F7500 X108.67 Y119.419
G1 F1500 X100.579 Y111.327 E151.21579
G0 F7500 X100.579 Y111.61
G1 F1500 X108.388 Y119.419 E151.49127
G0 F7500 X108.105 Y119.419
G1 F1500 X100.579 Y111.893 E151.75677
G0 F7500 X100.579 Y112.176
G1 F1500 X107.822 Y119.419 E152.01229
G0 F7500 X107.539 Y119.419
G1 F1500 X100.579 Y112.458 E152.25784
G0 F7500 X100.579 Y112.741
G1 F1500 X107.256 Y119.419 E152.4934
G0 F7500 X106.973 Y119.419
G1 F1500 X100.579 Y113.024 E152.71899
G0 F7500 X100.579 Y113.307
G1 F1500 X106.691 Y119.419 E152.9346
G0 F7500 X106.408 Y119.419
G1 F1500 X100.579 Y113.59 E153.14024
G0 F7500 X100.579 Y113.873
G1 F1500 X106.125 Y119.419 E153.33589
G0 F7500 X105.842 Y119.419
G1 F1500 X100.579 Y114.156 E153.52156
G0 F7500 X100.579 Y114.438
G1 F1500 X105.559 Y119.419 E153.69726
G0 F7500 X105.276 Y119.419
G1 F1500 X100.579 Y114.721 E153.86297
G0 F7500 X100.579 Y115.004
G1 F1500 X104.994 Y119.419 E154.01872
G0 F7500 X104.711 Y119.419
G1 F1500 X100.579 Y115.287 E154.16449
G0 F7500 X100.579 Y115.57
G1 F1500 X104.428 Y119.419 E154.30028
G0 F7500 X104.145 Y119.419
G1 F1500 X100.579 Y115.853 E154.42608
G0 F7500 X100.579 Y116.135
G1 F1500 X103.862 Y119.419 E154.54191
G0 F7500 X103.579 Y119.419
G1 F1500 X100.579 Y116.418 E154.64776
G0 F7500 X100.579 Y116.701
G1 F1500 X103.296 Y119.419 E154.74363
G0 F7500 X103.014 Y119.419
G1 F1500 X100.579 Y116.984 E154.82953
G0 F7500 X100.579 Y117.267
G1 F1500 X102.731 Y119.419 E154.90545
G0 F7500 X102.448 Y119.419
G1 F1500 X100.579 Y117.55 E154.97138
G0 F7500 X100.579 Y117.832
G1 F1500 X102.165 Y119.419 E155.02735
G0 F7500 X101.882 Y119.419
G1 F1500 X100.579 Y118.115 E155.07333
G0 F7500 X100.579 Y118.398
G1 F1500 X101.599 Y119.419 E155.10933
G0 F7500 X101.317 Y119.419
G1 F1500 X100.579 Y118.681 E155.13537
G0 F7500 X100.579 Y118.964
G1 F1500 X101.034 Y119.419 E155.15142
G0 F7500 X100.751 Y119.419
G1 F1500 X100.579 Y119.247 E155.15749
;MESH:NONMESH
G0 F300 X100.579 Y119.247 Z0.5
G0 F7500 X100.3 Y119.247
G0 X100.372 Y119.628
G0 X119.7 Y119.7
;TIME_ELAPSED:266.121244
;LAYER:1
M106 S127.5
;TYPE:WALL-INNER
;MESH:xyzCalibration_cube.stl
G1 F1500 X119.7 Y100.3 E155.48011
G1 X100.3 Y100.3 E155.80273
G1 X100.3 Y119.7 E156.12536
G1 X119.7 Y119.7 E156.44798
G0 F8250 X119.9 Y119.9
;TYPE:WALL-OUTER
G1 F1500 X119.9 Y100.1 E156.77726
G1 X100.1 Y100.1 E157.10653
G1 X100.1 Y119.9 E157.43581
G1 X119.9 Y119.9 E157.76508
G0 F8250 X119.9 Y119.7
G0 X119.52 Y119.52
;TYPE:SKIN
G1 F1500 X100.48 Y119.52 E158.08172
G1 X100.48 Y100.48 E158.39836
G1 X119.52 Y100.48 E158.71499
G1 X119.52 Y119.52 E159.03163
G0 F8250 X119.419 Y119.3
G1 F1500 X119.299 Y119.419 E159.03444
G0 F8250 X119.016 Y119.419
G1 F1500 X119.419 Y119.017 E159.04391
G0 F8250 X119.419 Y118.734
G1 F1500 X118.733 Y119.419 E159.06003
G0 F8250 X118.45 Y119.419
G1 F1500 X119.419 Y118.451 E159.0828
G0 F8250 X119.419 Y118.168
G1 F1500 X118.168 Y119.419 E159.11223
G0 F8250 X117.885 Y119.419
G1 F1500 X119.419 Y117.886 E159.14829
G0 F8250 X119.419 Y117.603
G1 F1500 X117.602 Y119.419 E159.19101
G0 F8250 X117.319 Y119.419
G1 F1500 X119.419 Y117.32 E159.24039
G0 F8250 X119.419 Y117.037
G1 F1500 X117.036 Y119.419 E159.29642
G0 F8250 X116.753 Y119.419
G1 F1500 X119.419 Y116.754 E159.35911
G0 F8250 X119.419 Y116.471
G1 F1500 X116.471 Y119.419 E159.42844
G0 F8250 X116.188 Y119.419
G1 F1500 X119.419 Y116.188 E159.50443
G0 F8250 X119.419 Y115.906
G1 F1500 X115.905 Y119.419 E159.58706
G0 F8250 X115.622 Y119.419
G1 F1500 X119.419 Y115.623 E159.67635
G0 F8250 X119.419 Y115.34
G1 F1500 X115.339 Y119.419 E159.7723
G0 F8250 X115.056 Y119.419
G1 F1500 X119.419 Y115.057 E159.87489
G0 F8250 X119.419 Y114.774
G1 F1500 X114.774 Y119.419 E159.98414
G0 F8250 X114.491 Y119.419
G1 F1500 X119.419 Y114.491 E160.10004
G0 F8250 X119.419 Y114.209
G1 F1500 X114.208 Y119.419 E160.22258
G0 F8250 X113.925 Y119.419
G1 F1500 X119.419 Y113.926 E160.35178
G0 F8250 X119.419 Y113.643
G1 F1500 X113.642 Y119.419 E160.48763
G0 F8250 X113.359 Y119.419
G1 F1500 X119.419 Y113.36 E160.63014
G0 F8250 X119.419 Y113.077
G1 F1500 X113.076 Y119.419 E160.77931
G0 F8250 X112.794 Y119.419
G1 F1500 X119.419 Y112.794 E160.93512
G0 F8250 X119.419 Y112.512
G1 F1500 X112.511 Y119.419 E161.09757
G0 F8250 X112.228 Y119.419
G1 F1500 X119.419 Y112.229 E161.26668
G0 F8250 X119.419 Y111.946
G1 F1500 X111.945 Y119.419 E161.44245
G0 F8250 X111.662 Y119.419
G1 F1500 X119.419 Y111.663 E161.62487
G0 F8250 X119.419 Y111.38
G1 F1500 X111.379 Y119.419 E161.81395
G0 F8250 X111.097 Y119.419
G1 F1500 X119.419 Y111.097 E162.00967
G0 F8250 X119.419 Y110.814
G1 F1500 X110.814 Y119.419 E162.21204
G0 F8250 X110.531 Y119.419
G1 F1500 X119.419 Y110.532 E162.42106
G0 F8250 X119.419 Y110.249
G1 F1500 X110.248 Y119.419 E162.63674
G0 F8250 X109.965 Y119.419
G1 F1500 X119.419 Y109.966 E162.85907
G0 F8250 X119.419 Y109.683
G1 F1500 X109.682 Y119.419 E163.08806
G0 F8250 X109.4 Y119.419
G1 F1500 X119.419 Y109.4 E163.32369
G0 F8250 X119.419 Y109.117
G1 F1500 X109.117 Y119.419 E163.56598
G0 F8250 X108.834 Y119.419
G1 F1500 X119.419 Y108.835 E163.81491
G0 F8250 X119.419 Y108.552
G1 F1500 X108.551 Y119.419 E164.0705
G0 F8250 X108.268 Y119.419
G1 F1500 X119.419 Y108.269 E164.33274
G0 F8250 X119.419 Y107.986
G1 F1500 X107.985 Y119.419 E164.60164
G0 F8250 X107.702 Y119.419
G1 F1500 X119.419 Y107.703 E164.87719
G0 F8250 X119.419 Y107.42
G1 F1500 X107.42 Y119.419 E165.15939
G0 F8250 X107.137 Y119.419
G1 F1500 X119.419 Y107.137 E165.44824
G0 F8250 X119.419 Y106.855
G1 F1500 X106.854 Y119.419 E165.74374
G0 F8250 X106.571 Y119.419
G1 F1500 X119.419 Y106.572 E166.04589
G0 F8250 X119.419 Y106.289
G1 F1500 X106.288 Y119.419 E166.3547
G0 F8250 X106.005 Y119.419
G1 F1500 X119.419 Y106.006 E166.67017
G0 F8250 X119.419 Y105.723
G1 F1500 X105.723 Y119.419 E166.99228
G0 F8250 X105.44 Y119.419
G1 F1500 X119.419 Y105.44 E167.32104
G0 F8250 X119.419 Y105.158
G1 F1500 X105.157 Y119.419 E167.65645
G0 F8250 X104.874 Y119.419
G1 F1500 X119.419 Y104.875 E167.99851
G0 F8250 X119.419 Y104.592
G1 F1500 X104.591 Y119.419 E168.34723
G0 F8250 X104.308 Y119.419
G1 F1500 X119.419 Y104.309 E168.70261
G0 F8250 X119.419 Y104.026
G1 F1500 X104.026 Y119.419 E169.06463
G0 F8250 X103.743 Y119.419
G1 F1500 X119.419 Y103.743 E169.43331
G0 F8250 X119.419 Y103.461
G1 F1500 X103.46 Y119.419 E169.80862
G0 F8250 X103.177 Y119.419
G1 F1500 X119.419 Y103.178 E170.1906
G0 F8250 X119.419 Y102.895
G1 F1500 X102.894 Y119.419 E170.57923
G0 F8250 X102.611 Y119.419
G1 F1500 X119.419 Y102.612 E170.97452
G0 F8250 X119.419 Y102.329
G1 F1500 X102.328 Y119.419 E171.37646
G0 F8250 X102.046 Y119.419
G1 F1500 X119.419 Y102.046 E171.78505
G0 F8250 X119.419 Y101.763
G1 F1500 X101.763 Y119.419 E172.20029
G0 F8250 X101.48 Y119.419
G1 F1500 X119.419 Y101.481 E172.62217
G0 F8250 X119.419 Y101.198
G1 F1500 X101.197 Y119.419 E173.05072
G0 F8250 X100.914 Y119.419
G1 F1500 X119.419 Y100.915 E173.48591
G0 F8250 X119.419 Y100.632
G1 F1500 X100.631 Y119.419 E173.92777
G0 F8250 X100.58 Y119.188
G1 F1500 X119.189 Y100.579 E174.36542
G0 F8250 X118.906 Y100.579
G1 F1500 X100.58 Y118.905 E174.79642
G0 F8250 X100.58 Y118.622
G1 F1500 X118.623 Y100.579 E175.22077
G0 F8250 X118.34 Y100.579
G1 F1500 X100.58 Y118.339 E175.63845
G0 F8250 X100.58 Y118.057
G1 F1500 X118.057 Y100.579 E176.0495
G0 F8250 X117.774 Y100.579
G1 F1500 X100.58 Y117.774 E176.45389
G0 F8250 X100.58 Y117.491
G1 F1500 X117.492 Y100.579 E176.85163
G0 F8250 X117.209 Y100.579
G1 F1500 X100.58 Y117.208 E177.24272
G0 F8250 X100.58 Y116.925
G1 F1500 X116.926 Y100.579 E177.62715
G0 F8250 X116.643 Y100.579
G1 F1500 X100.58 Y116.642 E178.00493
G0 F8250 X100.58 Y116.36
G1 F1500 X116.36 Y100.579 E178.37606
G0 F8250 X116.077 Y100.579
G1 F1500 X100.58 Y116.077 E178.74054
G0 F8250 X100.58 Y115.794
G1 F1500 X115.795 Y100.579 E179.09837
G0 F8250 X115.512 Y100.579
G1 F1500 X100.58 Y115.511 E179.44955
G0 F8250 X100.58 Y115.228
G1 F1500 X115.229 Y100.579 E179.79407
G0 F8250 X114.946 Y100.579
G1 F1500 X100.58 Y114.945 E180.13194
G0 F8250 X100.58 Y114.663
G1 F1500 X114.663 Y100.579 E180.46316
G0 F8250 X114.38 Y100.579
G1 F1500 X100.58 Y114.38 E180.78773
G0 F8250 X100.58 Y114.097
G1 F1500 X114.098 Y100.579 E181.10565
G0 F8250 X113.815 Y100.579
G1 F1500 X100.58 Y113.814 E181.41692
G0 F8250 X100.58 Y113.531
G1 F1500 X113.532 Y100.579 E181.72153
G0 F8250 X113.249 Y100.579
G1 F1500 X100.58 Y113.248 E182.01948
G0 F8250 X100.58 Y112.965
G1 F1500 X112.966 Y100.579 E182.31078
G0 F8250 X112.683 Y100.579
G1 F1500 X100.58 Y112.683 E182.59544
G0 F8250 X100.58 Y112.4
G1 F1500 X112.4 Y100.579 E182.87344
G0 F8250 X112.118 Y100.579
G1 F1500 X100.58 Y112.117 E183.1448
G0 F8250 X100.58 Y111.834
G1 F1500 X111.835 Y100.579 E183.4095
G0 F8250 X111.552 Y100.579
G1 F1500 X100.58 Y111.551 E183.66754
G0 F8250 X100.58 Y111.268
G1 F1500 X111.269 Y100.579 E183.91893
G0 F8250 X110.986 Y100.579
G1 F1500 X100.58 Y110.986 E184.16367
G0 F8250 X100.58 Y110.703
G1 F1500 X110.703 Y100.579 E184.40176
G0 F8250 X110.421 Y100.579
G1 F1500 X100.58 Y110.42 E184.63321
G0 F8250 X100.58 Y110.137
G1 F1500 X110.138 Y100.579 E184.858
G0 F8250 X109.855 Y100.579
G1 F1500 X100.58 Y109.854 E185.07613
G0 F8250 X100.58 Y109.571
G1 F1500 X109.572 Y100.579 E185.28761
G0 F8250 X109.289 Y100.579
G1 F1500 X100.58 Y109.289 E185.49244
G0 F8250 X100.58 Y109.006
G1 F1500 X109.006 Y100.579 E185.69062
G0 F8250 X108.724 Y100.579
G1 F1500 X100.58 Y108.723 E185.88216
G0 F8250 X100.58 Y108.44
G1 F1500 X108.441 Y100.579 E186.06704
G0 F8250 X108.158 Y100.579
G1 F1500 X100.58 Y108.157 E186.24526
G0 F8250 X100.58 Y107.874
G1 F1500 X107.875 Y100.579 E186.41683
G0 F8250 X107.592 Y100.579
G1 F1500 X100.58 Y107.591 E186.58174
G0 F8250 X100.58 Y107.309
G1 F1500 X107.309 Y100.579 E186.74
G0 F8250 X107.026 Y100.579
G1 F1500 X100.58 Y107.026 E186.89162
G0 F8250 X100.58 Y106.743
G1 F1500 X106.744 Y100.579 E187.03658
G0 F8250 X106.461 Y100.579
G1 F1500 X100.58 Y106.46 E187.1749
G0 F8250 X100.58 Y106.177
G1 F1500 X106.178 Y100.579 E187.30655
G0 F8250 X105.895 Y100.579
G1 F1500 X100.58 Y105.894 E187.43155
G0 F8250 X100.58 Y105.612
G1 F1500 X105.612 Y100.579 E187.54991
G0 F8250 X105.329 Y100.579
G1 F1500 X100.58 Y105.329 E187.66161
G0 F8250 X100.58 Y105.046
G1 F1500 X105.047 Y100.579 E187.76667
G0 F8250 X104.764 Y100.579
G1 F1500 X100.58 Y104.763 E187.86507
G0 F8250 X100.58 Y104.48
G1 F1500 X104.481 Y100.579 E187.95681
G0 F8250 X104.198 Y100.579
G1 F1500 X100.58 Y104.197 E188.0419
G0 F8250 X100.58 Y103.914
G1 F1500 X103.915 Y100.579 E188.12034
G0 F8250 X103.632 Y100.579
G1 F1500 X100.58 Y103.632 E188.19213
G0 F8250 X100.58 Y103.349
G1 F1500 X103.35 Y100.579 E188.25727
G0 F8250 X103.067 Y100.579
G1 F1500 X100.58 Y103.066 E188.31577
G0 F8250 X100.58 Y102.783
G1 F1500 X102.784 Y100.579 E188.3676
G0 F8250 X102.501 Y100.579
G1 F1500 X100.58 Y102.5 E188.41278
G0 F8250 X100.58 Y102.217
G1 F1500 X102.218 Y100.579 E188.4513
G0 F8250 X101.935 Y100.579
G1 F1500 X100.58 Y101.935 E188.48318
G0 F8250 X100.58 Y101.652
G1 F1500 X101.652 Y100.579 E188.50841
G0 F8250 X101.37 Y100.579
G1 F1500 X100.58 Y101.369 E188.52698
G0 F8250 X100.58 Y101.086
G1 F1500 X101.087 Y100.579 E188.53891
G0 F8250 X100.804 Y100.579
G1 F1500 X100.58 Y100.803 E188.54418
G1 F1500 E182.04418
;MESH:NONMESH
G0 F300 X100.58 Y100.803 Z0.7
G0 F8250 X100.3 Y100.803
G0 X100.372 Y119.628
G0 X119.7 Y119.7
;TIME_ELAPSED:356.216626
;LAYER:2
M106 S255
;TYPE:WALL-INNER
;MESH:xyzCalibration_cube.stl
G1 F1500 E188.54418
G1 X119.7 Y100.3 E188.8668
G1 X100.3 Y100.3 E189.18942
G1 X100.3 Y119.7 E189.51205
G1 X119.7 Y119.7 E189.83467
G0 F9000 X119.9 Y119.9
;TYPE:WALL-OUTER
G1 F1500 X119.9 Y100.1 E190.16395
G1 X100.1 Y100.1 E190.49322
G1 X100.1 Y119.9 E190.8225
G1 X119.9 Y119.9 E191.15177
G0 F9000 X119.9 Y119.7
G0 X119.52 Y119.52
;TYPE:SKIN
G1 F1500 X100.48 Y119.52 E191.46841
G1 X100.48 Y100.48 E191.78504
G1 X119.52 Y100.48 E192.10168
G1 X119.52 Y119.52 E192.41832
G0 F9000 X119.7 Y119.52
G0 X119.7 Y100.752
G0 X119.419 Y100.752
G1 F1500 X119.247 Y100.58 E192.42236
G0 F9000 X118.965 Y100.58
G1 F1500 X119.419 Y101.034 E192.43304
G0 F9000 X119.419 Y101.317
G1 F1500 X118.682 Y100.58 E192.45037
G0 F9000 X118.399 Y100.58
G1 F1500 X119.419 Y101.6 E192.47436
G0 F9000 X119.419 Y101.883
G1 F1500 X118.116 Y100.58 E192.50501
G0 F9000 X117.833 Y100.58
G1 F1500 X119.419 Y102.166 E192.54231
G0 F9000 X119.419 Y102.449
G1 F1500 X117.55 Y100.58 E192.58626
G0 F9000 X117.268 Y100.58
G1 F1500 X119.419 Y102.732 E192.63686
G0 F9000 X119.419 Y103.014
G1 F1500 X116.985 Y100.58 E192.69411
G0 F9000 X116.702 Y100.58
G1 F1500 X119.419 Y103.297 E192.75801
G0 F9000 X119.419 Y103.58
G1 F1500 X116.419 Y100.58 E192.82856
G0 F9000 X116.136 Y100.58
G1 F1500 X119.419 Y103.863 E192.90577
G0 F9000 X119.419 Y104.146
G1 F1500 X115.853 Y100.58 E192.98964
G0 F9000 X115.57 Y100.58
G1 F1500 X119.419 Y104.429 E193.08016
G0 F9000 X119.419 Y104.711
G1 F1500 X115.288 Y100.58 E193.17732
G0 F9000 X115.005 Y100.58
G1 F1500 X119.419 Y104.994 E193.28113
G0 F9000 X119.419 Y105.277
G1 F1500 X114.722 Y100.58 E193.39159
G0 F9000 X114.439 Y100.58
G1 F1500 X119.419 Y105.56 E193.50872
G0 F9000 X119.419 Y105.843
G1 F1500 X114.156 Y100.58 E193.63249
G0 F9000 X113.873 Y100.58
G1 F1500 X119.419 Y106.126 E193.76293
G0 F9000 X119.419 Y106.408
G1 F1500 X113.591 Y100.58 E193.89999
G0 F9000 X113.308 Y100.58
G1 F1500 X119.419 Y106.691 E194.04371
G0 F9000 X119.419 Y106.974
G1 F1500 X113.025 Y100.58 E194.19409
G0 F9000 X112.742 Y100.58
G1 F1500 X119.419 Y107.257 E194.35112
G0 F9000 X119.419 Y107.54
G1 F1500 X112.459 Y100.58 E194.51481
G0 F9000 X112.176 Y100.58
G1 F1500 X119.419 Y107.823 E194.68516
G0 F9000 X119.419 Y108.106
G1 F1500 X111.893 Y100.58 E194.86216
G0 F9000 X111.611 Y100.58
G1 F1500 X119.419 Y108.388 E195.04579
G0 F9000 X119.419 Y108.671
G1 F1500 X111.328 Y100.58 E195.23608
G0 F9000 X111.045 Y100.58
G1 F1500 X119.419 Y108.954 E195.43302
G0 F9000 X119.419 Y109.237
G1 F1500 X110.762 Y100.58 E195.63662
G0 F9000 X110.479 Y100.58
G1 F1500 X119.419 Y109.52 E195.84687
G0 F9000 X119.419 Y109.803
G1 F1500 X110.196 Y100.58 E196.06379
G0 F9000 X109.914 Y100.58
G1 F1500 X119.419 Y110.085 E196.28733
G0 F9000 X119.419 Y110.368
G1 F1500 X109.631 Y100.58 E196.51753
G0 F9000 X109.348 Y100.58
G1 F1500 X119.419 Y110.651 E196.75438
G0 F9000 X119.419 Y110.934
G1 F1500 X109.065 Y100.58 E196.99789
G0 F9000 X108.782 Y100.58
G1 F1500 X119.419 Y111.217 E197.24806
G0 F9000 X119.419 Y111.5
G1 F1500 X108.499 Y100.58 E197.50488
G0 F9000 X108.217 Y100.58
G1 F1500 X119.419 Y111.782 E197.76833
G0 F9000 X119.419 Y112.065
G1 F1500 X107.934 Y100.58 E198.03844
G0 F9000 X107.651 Y100.58
G1 F1500 X119.419 Y112.348 E198.31521
G0 F9000 X119.419 Y112.631
G1 F1500 X107.368 Y100.58 E198.59863
G0 F9000 X107.085 Y100.58
G1 F1500 X119.419 Y112.914 E198.88871
G0 F9000 X119.419 Y113.197
G1 F1500 X106.802 Y100.58 E199.18544
G0 F9000 X106.519 Y100.58
G1 F1500 X119.419 Y113.48 E199.48883
G0 F9000 X119.419 Y113.762
G1 F1500 X106.237 Y100.58 E199.79885
G0 F9000 X105.954 Y100.58
G1 F1500 X119.419 Y114.045 E200.11552
G0 F9000 X119.419 Y114.328
G1 F1500 X105.671 Y100.58 E200.43886
G0 F9000 X105.388 Y100.58
G1 F1500 X119.419 Y114.611 E200.76884
G0 F9000 X119.419 Y114.894
G1 F1500 X105.105 Y100.58 E201.10549
G0 F9000 X104.822 Y100.58
G1 F1500 X119.419 Y115.177 E201.44879
G0 F9000 X119.419 Y115.459
G1 F1500 X104.54 Y100.58 E201.79872
G0 F9000 X104.257 Y100.58
G1 F1500 X119.419 Y115.742 E202.1553
G0 F9000 X119.419 Y116.025
G1 F1500 X103.974 Y100.58 E202.51855
G0 F9000 X103.691 Y100.58
G1 F1500 X119.419 Y116.308 E202.88844
G0 F9000 X119.419 Y116.591
G1 F1500 X103.408 Y100.58 E203.265
G0 F9000 X103.125 Y100.58
G1 F1500 X119.419 Y116.874 E203.64821
G0 F9000 X119.419 Y117.156
G1 F1500 X102.843 Y100.58 E204.03805
G0 F9000 X102.56 Y100.58
G1 F1500 X119.419 Y117.439 E204.43455
G0 F9000 X119.419 Y117.722
G1 F1500 X102.277 Y100.58 E204.8377
G0 F9000 X101.994 Y100.58
G1 F1500 X119.419 Y118.005 E205.24751
G0 F9000 X119.419 Y118.288
G1 F1500 X101.711 Y100.58 E205.66398
G0 F9000 X101.428 Y100.58
G1 F1500 X119.419 Y118.571 E206.0871
G0 F9000 X119.419 Y118.854
G1 F1500 X101.145 Y100.58 E206.51687
G0 F9000 X100.863 Y100.58
G1 F1500 X119.419 Y119.136 E206.95328
G0 F9000 X119.419 Y119.419
G1 F1500 X100.579 Y100.579 E207.39637
G0 F9000 X100.579 Y100.862
G1 F1500 X119.136 Y119.419 E207.8328
G0 F9000 X118.853 Y119.419
G1 F1500 X100.579 Y101.145 E208.26258
G0 F9000 X100.579 Y101.428
G1 F1500 X118.57 Y119.419 E208.6857
G0 F9000 X118.287 Y119.419
G1 F1500 X100.579 Y101.71 E209.10218
G0 F9000 X100.579 Y101.993
G1 F1500 X118.004 Y119.419 E209.512
G0 F9000 X117.721 Y119.419
G1 F1500 X100.579 Y102.276 E209.91516
G0 F9000 X100.579 Y102.559
G1 F1500 X117.439 Y119.419 E210.31168
G0 F9000 X117.156 Y119.419
G1 F1500 X100.579 Y102.842 E210.70155
G0 F9000 X100.579 Y103.125
G1 F1500 X116.873 Y119.419 E211.08476
G0 F9000 X116.59 Y119.419
G1 F1500 X100.579 Y103.408 E211.46131
G0 F9000 X100.579 Y103.69
G1 F1500 X116.307 Y119.419 E211.83122
G0 F9000 X116.024 Y119.419
G1 F1500 X100.579 Y103.973 E212.19448
G0 F9000 X100.579 Y104.256
G1 F1500 X115.742 Y119.419 E212.55109
G0 F9000 X115.459 Y119.419
G1 F1500 X100.579 Y104.539 E212.90104
G0 F9000 X100.579 Y104.822
G1 F1500 X115.176 Y119.419 E213.24434
G0 F9000 X114.893 Y119.419
G1 F1500 X100.579 Y105.105 E213.58099
G0 F9000 X100.579 Y105.387
G1 F1500 X114.61 Y119.419 E213.91099
G0 F9000 X114.327 Y119.419
G1 F1500 X100.579 Y105.67 E214.23433
G0 F9000 X100.579 Y105.953
G1 F1500 X114.045 Y119.419 E214.55103
G0 F9000 X113.762 Y119.419
G1 F1500 X100.579 Y106.236 E214.86107
G0 F9000 X100.579 Y106.519
G1 F1500 X113.479 Y119.419 E215.16446
G0 F9000 X113.196 Y119.419
G1 F1500 X100.579 Y106.802 E215.46119
G0 F9000 X100.579 Y107.084
G1 F1500 X112.913 Y119.419 E215.75128
G0 F9000 X112.63 Y119.419
G1 F1500 X100.579 Y107.367 E216.03472
G0 F9000 X100.579 Y107.65
G1 F1500 X112.347 Y119.419 E216.31149
G0 F9000 X112.065 Y119.419
G1 F1500 X100.579 Y107.933 E216.58163
G0 F9000 X100.579 Y108.216
G1 F1500 X111.782 Y119.419 E216.8451
G0 F9000 X111.499 Y119.419
G1 F1500 X100.579 Y108.499 E217.10192
G0 F9000 X100.579 Y108.782
G1 F1500 X111.216 Y119.419 E217.35209
G0 F9000 X110.933 Y119.419
G1 F1500 X100.579 Y109.064 E217.59561
G0 F9000 X100.579 Y109.347
G1 F1500 X110.65 Y119.419 E217.83248
G0 F9000 X110.368 Y119.419
G1 F1500 X100.579 Y109.63 E218.0627
G0 F9000 X100.579 Y109.913
G1 F1500 X110.085 Y119.419 E218.28627
G0 F9000 X109.802 Y119.419
G1 F1500 X100.579 Y110.196 E218.50318
G0 F9000 X100.579 Y110.479
G1 F1500 X109.519 Y119.419 E218.71343
G0 F9000 X109.236 Y119.419
G1 F1500 X100.579 Y110.761 E218.91704
G0 F9000 X100.579 Y111.044
G1 F1500 X108.953 Y119.419 E219.114
G0 F9000 X108.67 Y119.419
G1 F1500 X100.579 Y111.327 E219.3043
G0 F9000 X100.579 Y111.61
G1 F1500 X108.388 Y119.419 E219.48796
G0 F9000 X108.105 Y119.419
G1 F1500 X100.579 Y111.893 E219.66496
G0 F9000 X100.579 Y112.176
G1 F1500 X107.822 Y119.419 E219.8353
G0 F9000 X107.539 Y119.419
G1 F1500 X100.579 Y112.458 E219.999
G0 F9000 X100.579 Y112.741
G1 F1500 X107.256 Y119.419 E220.15604
G0 F9000 X106.973 Y119.419
G1 F1500 X100.579 Y113.024 E220.30643
G0 F9000 X100.579 Y113.307
G1 F1500 X106.691 Y119.419 E220.45018
G0 F9000 X106.408 Y119.419
G1 F1500 X100.579 Y113.59 E220.58727
G0 F9000 X100.579 Y113.873
G1 F1500 X106.125 Y119.419 E220.7177
G0 F9000 X105.842 Y119.419
G1 F1500 X100.579 Y114.156 E220.84148
G0 F9000 X100.579 Y114.438
G1 F1500 X105.559 Y119.419 E220.95861
G0 F9000 X105.276 Y119.419
G1 F1500 X100.579 Y114.721 E221.06909
G0 F9000 X100.579 Y115.004
G1 F1500 X104.994 Y119.419 E221.17292
G0 F9000 X104.711 Y119.419
G1 F1500 X100.579 Y115.287 E221.2701
G0 F9000 X100.579 Y115.57
G1 F1500 X104.428 Y119.419 E221.36062
G0 F9000 X104.145 Y119.419
G1 F1500 X100.579 Y115.853 E221.44449
G0 F9000 X100.579 Y116.135
G1 F1500 X103.862 Y119.419 E221.52171
G0 F9000 X103.579 Y119.419
G1 F1500 X100.579 Y116.418 E221.59228
G0 F9000 X100.579 Y116.701
G1 F1500 X103.296 Y119.419 E221.65619
G0 F9000 X103.014 Y119.419
G1 F1500 X100.579 Y116.984 E221.71346
G0 F9000 X100.579 Y117.267
G1 F1500 X102.731 Y119.419 E221.76407
G0 F9000 X102.448 Y119.419
G1 F1500 X100.579 Y117.55 E221.80803
G0 F9000 X100.579 Y117.832
G1 F1500 X102.165 Y119.419 E221.84534
G0 F9000 X101.882 Y119.419
G1 F1500 X100.579 Y118.115 E221.876
G0 F9000 X100.579 Y118.398
G1 F1500 X101.599 Y119.419 E221.9
G0 F9000 X101.317 Y119.419
G1 F1500 X100.579 Y118.681 E221.91735
G0 F9000 X100.579 Y118.964
G1 F1500 X101.034 Y119.419 E221.92805
G0 F9000 X100.751 Y119.419
G1 F1500 X100.579 Y119.247 E221.9321
;MESH:NONMESH
G0 F300 X100.579 Y119.247 Z0.9
G0 F9000 X100.3 Y119.247
G0 X100.372 Y119.628
G0 X119.7 Y119.7
;TIME_ELAPSED:446.448878
;LAYER:3
;TYPE:WALL-INNER
;MESH:xyzCalibration_cube.stl
G1 F1500 X119.7 Y100.3 E222.25472
G1 X100.3 Y100.3 E222.57735
G1 X100.3 Y119.7 E222.89997
G1 X119.7 Y119.7 E223.22259
G0 F9000 X119.9 Y119.9
;TYPE:WALL-OUTER
G1 F1500 X119.9 Y100.1 E223.55187
G1 X100.1 Y100.1 E223.88114
G1 X100.1 Y119.9 E224.21042
G1 X119.9 Y119.9 E224.53969
G0 F9000 X119.9 Y119.7
G0 X119.52 Y119.52
;TYPE:SKIN
G1 F1500 X100.48 Y119.52 E224.85633
G1 X100.48 Y100.48 E225.17297
G1 X119.52 Y100.48 E225.4896
G1 X119.52 Y119.52 E225.80624
G0 F9000 X119.419 Y119.3
G1 F1500 X119.299 Y119.419 E225.80905
G0 F9000 X119.016 Y119.419
G1 F1500 X119.419 Y119.017 E225.81852
G0 F9000 X119.419 Y118.734
G1 F1500 X118.733 Y119.419 E225.83464
G0 F9000 X118.45 Y119.419
G1 F1500 X119.419 Y118.451 E225.85742
G0 F9000 X119.419 Y118.168
G1 F1500 X118.168 Y119.419 E225.88684
G0 F9000 X117.885 Y119.419
G1 F1500 X119.419 Y117.886 E225.9229
G0 F9000 X119.419 Y117.603
G1 F1500 X117.602 Y119.419 E225.96563
G0 F9000 X117.319 Y119.419
G1 F1500 X119.419 Y117.32 E226.015
G0 F9000 X119.419 Y117.037
G1 F1500 X117.036 Y119.419 E226.07104
G0 F9000 X116.753 Y119.419
G1 F1500 X119.419 Y116.754 E226.13372
G0 F9000 X119.419 Y116.471
G1 F1500 X116.471 Y119.419 E226.20306
G0 F9000 X116.188 Y119.419
G1 F1500 X119.419 Y116.188 E226.27904
G0 F9000 X119.419 Y115.906
G1 F1500 X115.905 Y119.419 E226.36168
G0 F9000 X115.622 Y119.419
G1 F1500 X119.419 Y115.623 E226.45096
G0 F9000 X119.419 Y115.34
G1 F1500 X115.339 Y119.419 E226.54691
G0 F9000 X115.056 Y119.419
G1 F1500 X119.419 Y115.057 E226.64951
G0 F9000 X119.419 Y114.774
G1 F1500 X114.774 Y119.419 E226.75875
G0 F9000 X114.491 Y119.419
G1 F1500 X119.419 Y114.491 E226.87465
G0 F9000 X119.419 Y114.209
G1 F1500 X114.208 Y119.419 E226.99719
G0 F9000 X113.925 Y119.419
G1 F1500 X119.419 Y113.926 E227.12639
G0 F9000 X119.419 Y113.643
G1 F1500 X113.642 Y119.419 E227.26225
G0 F9000 X113.359 Y119.419
G1 F1500 X119.419 Y113.36 E227.40476
G0 F9000 X119.419 Y113.077
G1 F1500 X113.076 Y119.419 E227.55392
G0 F9000 X112.794 Y119.419
G1 F1500 X119.419 Y112.794 E227.70973
G0 F9000 X119.419 Y112.512
G1 F1500 X112.511 Y119.419 E227.87219
G0 F9000 X112.228 Y119.419
G1 F1500 X119.419 Y112.229 E228.04129
G0 F9000 X119.419 Y111.946
G1 F1500 X111.945 Y119.419 E228.21706
G0 F9000 X111.662 Y119.419
G1 F1500 X119.419 Y111.663 E228.39948
G0 F9000 X119.419 Y111.38
G1 F1500 X111.379 Y119.419 E228.58856
G0 F9000 X111.097 Y119.419
G1 F1500 X119.419 Y111.097 E228.78428
G0 F9000 X119.419 Y110.814
G1 F1500 X110.814 Y119.419 E228.98665
G0 F9000 X110.531 Y119.419
G1 F1500 X119.419 Y110.532 E229.19568
G0 F9000 X119.419 Y110.249
G1 F1500 X110.248 Y119.419 E229.41135
G0 F9000 X109.965 Y119.419
G1 F1500 X119.419 Y109.966 E229.63368
G0 F9000 X119.419 Y109.683
G1 F1500 X109.682 Y119.419 E229.86267
G0 F9000 X109.4 Y119.419
G1 F1500 X119.419 Y109.4 E230.0983
G0 F9000 X119.419 Y109.117
G1 F1500 X109.117 Y119.419 E230.34059
G0 F9000 X108.834 Y119.419
G1 F1500 X119.419 Y108.835 E230.58952
G0 F9000 X119.419 Y108.552
G1 F1500 X108.551 Y119.419 E230.84511
G0 F9000 X108.268 Y119.419
G1 F1500 X119.419 Y108.269 E231.10735
G0 F9000 X119.419 Y107.986
G1 F1500 X107.985 Y119.419 E231.37625
G0 F9000 X107.702 Y119.419
G1 F1500 X119.419 Y107.703 E231.6518
G0 F9000 X119.419 Y107.42
G1 F1500 X107.42 Y119.419 E231.934
G0 F9000 X107.137 Y119.419
G1 F1500 X119.419 Y107.137 E232.22285
G0 F9000 X119.419 Y106.855
G1 F1500 X106.854 Y119.419 E232.51835
G0 F9000 X106.571 Y119.419
G1 F1500 X119.419 Y106.572 E232.82051
G0 F9000 X119.419 Y106.289
G1 F1500 X106.288 Y119.419 E233.12932
G0 F9000 X106.005 Y119.419
G1 F1500 X119.419 Y106.006 E233.44478
G0 F9000 X119.419 Y105.723
G1 F1500 X105.723 Y119.419 E233.76689
G0 F9000 X105.44 Y119.419
G1 F1500 X119.419 Y105.44 E234.09565
G0 F9000 X119.419 Y105.158
G1 F1500 X105.157 Y119.419 E234.43106
G0 F9000 X104.874 Y119.419
G1 F1500 X119.419 Y104.875 E234.77313
G0 F9000 X119.419 Y104.592
G1 F1500 X104.591 Y119.419 E235.12185
G0 F9000 X104.308 Y119.419
G1 F1500 X119.419 Y104.309 E235.47722
G0 F9000 X119.419 Y104.026
G1 F1500 X104.026 Y119.419 E235.83924
G0 F9000 X103.743 Y119.419
G1 F1500 X119.419 Y103.743 E236.20792
G0 F9000 X119.419 Y103.461
G1 F1500 X103.46 Y119.419 E236.58324
G0 F9000 X103.177 Y119.419
G1 F1500 X119.419 Y103.178 E236.96521
G0 F9000 X119.419 Y102.895
G1 F1500 X102.894 Y119.419 E237.35384
G0 F9000 X102.611 Y119.419
G1 F1500 X119.419 Y102.612 E237.74913
G0 F9000 X119.419 Y102.329
G1 F1500 X102.328 Y119.419 E238.15107
G0 F9000 X102.046 Y119.419
G1 F1500 X119.419 Y102.046 E238.55966
G0 F9000 X119.419 Y101.763
G1 F1500 X101.763 Y119.419 E238.9749
G0 F9000 X101.48 Y119.419
G1 F1500 X119.419 Y101.481 E239.39679
G0 F9000 X119.419 Y101.198
G1 F1500 X101.197 Y119.419 E239.82533
G0 F9000 X100.914 Y119.419
G1 F1500 X119.419 Y100.915 E240.26053
G0 F9000 X119.419 Y100.632
G1 F1500 X100.631 Y119.419 E240.70238
G0 F9000 X100.58 Y119.188
G1 F1500 X119.189 Y100.579 E241.14003
G0 F9000 X118.906 Y100.579
G1 F1500 X100.58 Y118.905 E241.57103
G0 F9000 X100.58 Y118.622
G1 F1500 X118.623 Y100.579 E241.99538
G0 F9000 X118.34 Y100.579
G1 F1500 X100.58 Y118.339 E242.41307
G0 F9000 X100.58 Y118.057
G1 F1500 X118.057 Y100.579 E242.82411
G0 F9000 X117.774 Y100.579
G1 F1500 X100.58 Y117.774 E243.2285
G0 F9000 X100.58 Y117.491
G1 F1500 X117.492 Y100.579 E243.62624
G0 F9000 X117.209 Y100.579
G1 F1500 X100.58 Y117.208 E244.01733
G0 F9000 X100.58 Y116.925
G1 F1500 X116.926 Y100.579 E244.40176
G0 F9000 X116.643 Y100.579
G1 F1500 X100.58 Y116.642 E244.77954
G0 F9000 X100.58 Y116.36
G1 F1500 X116.36 Y100.579 E245.15067
G0 F9000 X116.077 Y100.579
G1 F1500 X100.58 Y116.077 E245.51515
G0 F9000 X100.58 Y115.794
G1 F1500 X115.795 Y100.579 E245.87298
G0 F9000 X115.512 Y100.579
G1 F1500 X100.58 Y115.511 E246.22416
G0 F9000 X100.58 Y115.228
G1 F1500 X115.229 Y100.579 E246.56868
G0 F9000 X114.946 Y100.579
G1 F1500 X100.58 Y114.945 E246.90655
G0 F9000 X100.58 Y114.663
G1 F1500 X114.663 Y100.579 E247.23777
G0 F9000 X114.38 Y100.579
G1 F1500 X100.58 Y114.38 E247.56234
G0 F9000 X100.58 Y114.097
G1 F1500 X114.098 Y100.579 E247.88026
G0 F9000 X113.815 Y100.579
G1 F1500 X100.58 Y113.814 E248.19153
G0 F9000 X100.58 Y113.531
G1 F1500 X113.532 Y100.579 E248.49614
G0 F9000 X113.249 Y100.579
G1 F1500 X100.58 Y113.248 E248.7941
G0 F9000 X100.58 Y112.965
G1 F1500 X112.966 Y100.579 E249.0854
G0 F9000 X112.683 Y100.579
G1 F1500 X100.58 Y112.683 E249.37005
G0 F9000 X100.58 Y112.4
G1 F1500 X112.4 Y100.579 E249.64805
G0 F9000 X112.118 Y100.579
G1 F1500 X100.58 Y112.117 E249.91941
G0 F9000 X100.58 Y111.834
G1 F1500 X111.835 Y100.579 E250.18411
G0 F9000 X111.552 Y100.579
G1 F1500 X100.58 Y111.551 E250.44215
G0 F9000 X100.58 Y111.268
G1 F1500 X111.269 Y100.579 E250.69354
G0 F9000 X110.986 Y100.579
G1 F1500 X100.58 Y110.986 E250.93829
G0 F9000 X100.58 Y110.703
G1 F1500 X110.703 Y100.579 E251.17638
G0 F9000 X110.421 Y100.579
G1 F1500 X100.58 Y110.42 E251.40782
G0 F9000 X100.58 Y110.137
G1 F1500 X110.138 Y100.579 E251.63261
G0 F9000 X109.855 Y100.579
G1 F1500 X100.58 Y109.854 E251.85074
G0 F9000 X100.58 Y109.571
G1 F1500 X109.572 Y100.579 E252.06222
G0 F9000 X109.289 Y100.579
G1 F1500 X100.58 Y109.289 E252.26706
G0 F9000 X100.58 Y109.006
G1 F1500 X109.006 Y100.579 E252.46523
G0 F9000 X108.724 Y100.579
G1 F1500 X100.58 Y108.723 E252.65677
G0 F9000 X100.58 Y108.44
G1 F1500 X108.441 Y100.579 E252.84165
G0 F9000 X108.158 Y100.579
G1 F1500 X100.58 Y108.157 E253.01987
G0 F9000 X100.58 Y107.874
G1 F1500 X107.875 Y100.579 E253.19144
G0 F9000 X107.592 Y100.579
G1 F1500 X100.58 Y107.591 E253.35635
G0 F9000 X100.58 Y107.309
G1 F1500 X107.309 Y100.579 E253.51462
G0 F9000 X107.026 Y100.579
G1 F1500 X100.58 Y107.026 E253.66623
G0 F9000 X100.58 Y106.743
G1 F1500 X106.744 Y100.579 E253.8112
G0 F9000 X106.461 Y100.579
G1 F1500 X100.58 Y106.46 E253.94951
G0 F9000 X100.58 Y106.177
G1 F1500 X106.178 Y100.579 E254.08116
G0 F9000 X105.895 Y100.579
G1 F1500 X100.58 Y105.894 E254.20617
G0 F9000 X100.58 Y105.612
G1 F1500 X105.612 Y100.579 E254.32452
G0 F9000 X105.329 Y100.579
G1 F1500 X100.58 Y105.329 E254.43622
G0 F9000 X100.58 Y105.046
G1 F1500 X105.047 Y100.579 E254.54128
G0 F9000 X104.764 Y100.579
G1 F1500 X100.58 Y104.763 E254.63968
G0 F9000 X100.58 Y104.48
G1 F1500 X104.481 Y100.579 E254.73143
G0 F9000 X104.198 Y100.579
G1 F1500 X100.58 Y104.197 E254.81652
G0 F9000 X100.58 Y103.914
G1 F1500 X103.915 Y100.579 E254.89495
G0 F9000 X103.632 Y100.579
G1 F1500 X100.58 Y103.632 E254.96674
G0 F9000 X100.58 Y103.349
G1 F1500 X103.35 Y100.579 E255.03189
G0 F9000 X103.067 Y100.579
G1 F1500 X100.58 Y103.066 E255.09038
G0 F9000 X100.58 Y102.783
G1 F1500 X102.784 Y100.579 E255.14221
G0 F9000 X102.501 Y100.579
G1 F1500 X100.58 Y102.5 E255.18739
G0 F9000 X100.58 Y102.217
G1 F1500 X102.218 Y100.579 E255.22591
G0 F9000 X101.935 Y100.579
G1 F1500 X100.58 Y101.935 E255.25779
G0 F9000 X100.58 Y101.652
G1 F1500 X101.652 Y100.579 E255.28302
G0 F9000 X101.37 Y100.579
G1 F1500 X100.58 Y101.369 E255.3016
G0 F9000 X100.58 Y101.086
G1 F1500 X101.087 Y100.579 E255.31352
G0 F9000 X100.804 Y100.579
G1 F1500 X100.58 Y100.803 E255.31879
G1 F1500 E248.81879
;MESH:NONMESH
G0 F300 X100.58 Y100.803 Z1.1
G0 F9000 X100.3 Y100.803
G0 X100.372 Y119.628
G0 X119.7 Y119.7
;TIME_ELAPSED:536.618599
;LAYER:4
;TYPE:WALL-INNER
;MESH:xyzCalibration_cube.stl
G1 F1500 E255.31879
G1 X119.7 Y100.3 E255.64141
G1 X100.3 Y100.3 E255.96404
G1 X100.3 Y119.7 E256.28666
G1 X119.7 Y119.7 E256.60928
G0 F9000 X119.9 Y119.9
;TYPE:WALL-OUTER
G1 F1500 X119.9 Y100.1 E256.93856
G1 X100.1 Y100.1 E257.26783
G1 X100.1 Y119.9 E257.59711
G1 X119.9 Y119.9 E257.92638
G0 F9000 X119.9 Y119.7
G0 X119.52 Y119.52
;TYPE:SKIN
G1 F1500 X100.48 Y119.52 E258.24302
G1 X100.48 Y100.48 E258.55966
G1 X119.52 Y100.48 E258.87629
G1 X119.52 Y119.52 E259.19293
G0 F9000 X119.7 Y119.52
G0 X119.7 Y100.752
G0 X119.419 Y100.752
G1 F1500 X119.247 Y100.58 E259.19697
G0 F9000 X118.965 Y100.58
G1 F1500 X119.419 Y101.034 E259.20765
G0 F9000 X119.419 Y101.317
G1 F1500 X118.682 Y100.58 E259.22499
G0 F9000 X118.399 Y100.58
G1 F1500 X119.419 Y101.6 E259.24897
G0 F9000 X119.419 Y101.883
G1 F1500 X118.116 Y100.58 E259.27962
G0 F9000 X117.833 Y100.58
G1 F1500 X119.419 Y102.166 E259.31692
G0 F9000 X119.419 Y102.449
G1 F1500 X117.55 Y100.58 E259.36087
G0 F9000 X117.268 Y100.58
G1 F1500 X119.419 Y102.732 E259.41147
G0 F9000 X119.419 Y103.014
G1 F1500 X116.985 Y100.58 E259.46872
G0 F9000 X116.702 Y100.58
G1 F1500 X119.419 Y103.297 E259.53262
G0 F9000 X119.419 Y103.58
G1 F1500 X116.419 Y100.58 E259.60317
G0 F9000 X116.136 Y100.58
G1 F1500 X119.419 Y103.863 E259.68038
G0 F9000 X119.419 Y104.146
G1 F1500 X115.853 Y100.58 E259.76425
G0 F9000 X115.57 Y100.58
G1 F1500 X119.419 Y104.429 E259.85477
G0 F9000 X119.419 Y104.711
G1 F1500 X115.288 Y100.58 E259.95193
G0 F9000 X115.005 Y100.58
G1 F1500 X119.419 Y104.994 E260.05574
G0 F9000 X119.419 Y105.277
G1 F1500 X114.722 Y100.58 E260.16621
G0 F9000 X114.439 Y100.58
G1 F1500 X119.419 Y105.56 E260.28333
G0 F9000 X119.419 Y105.843
G1 F1500 X114.156 Y100.58 E260.40711
G0 F9000 X113.873 Y100.58
G1 F1500 X119.419 Y106.126 E260.53754
G0 F9000 X119.419 Y106.408
G1 F1500 X113.591 Y100.58 E260.6746
G0 F9000 X113.308 Y100.58
G1 F1500 X119.419 Y106.691 E260.81833
G0 F9000 X119.419 Y106.974
G1 F1500 X113.025 Y100.58 E260.9687
G0 F9000 X112.742 Y100.58
G1 F1500 X119.419 Y107.257 E261.12574
G0 F9000 X119.419 Y107.54
G1 F1500 X112.459 Y100.58 E261.28942
G0 F9000 X112.176 Y100.58
G1 F1500 X119.419 Y107.823 E261.45977
G0 F9000 X119.419 Y108.106
G1 F1500 X111.893 Y100.58 E261.63677
G0 F9000 X111.611 Y100.58
G1 F1500 X119.419 Y108.388 E261.8204
G0 F9000 X119.419 Y108.671
G1 F1500 X111.328 Y100.58 E262.01069
G0 F9000 X111.045 Y100.58
G1 F1500 X119.419 Y108.954 E262.20763
G0 F9000 X119.419 Y109.237
G1 F1500 X110.762 Y100.58 E262.41123
G0 F9000 X110.479 Y100.58
G1 F1500 X119.419 Y109.52 E262.62149
G0 F9000 X119.419 Y109.803
G1 F1500 X110.196 Y100.58 E262.8384
G0 F9000 X109.914 Y100.58
G1 F1500 X119.419 Y110.085 E263.06194
G0 F9000 X119.419 Y110.368
G1 F1500 X109.631 Y100.58 E263.29214
G0 F9000 X109.348 Y100.58
G1 F1500 X119.419 Y110.651 E263.52899
G0 F9000 X119.419 Y110.934
G1 F1500 X109.065 Y100.58 E263.7725
G0 F9000 X108.782 Y100.58
G1 F1500 X119.419 Y111.217 E264.02267
G0 F9000 X119.419 Y111.5
G1 F1500 X108.499 Y100.58 E264.27949
G0 F9000 X108.217 Y100.58
G1 F1500 X119.419 Y111.782 E264.54295
G0 F9000 X119.419 Y112.065
G1 F1500 X107.934 Y100.58 E264.81306
G0 F9000 X107.651 Y100.58
G1 F1500 X119.419 Y112.348 E265.08982
G0 F9000 X119.419 Y112.631
G1 F1500 X107.368 Y100.58 E265.37324
G0 F9000 X107.085 Y100.58
G1 F1500 X119.419 Y112.914 E265.66332
G0 F9000 X119.419 Y113.197
G1 F1500 X106.802 Y100.58 E265.96005
G0 F9000 X106.519 Y100.58
G1 F1500 X119.419 Y113.48 E266.26344
G0 F9000 X119.419 Y113.762
G1 F1500 X106.237 Y100.58 E266.57346
G0 F9000 X105.954 Y100.58
G1 F1500 X119.419 Y114.045 E266.89014
G0 F9000 X119.419 Y114.328
G1 F1500 X105.671 Y100.58 E267.21347
G0 F9000 X105.388 Y100.58
G1 F1500 X119.419 Y114.611 E267.54346
G0 F9000 X119.419 Y114.894
G1 F1500 X105.105 Y100.58 E267.8801
G0 F9000 X104.822 Y100.58
G1 F1500 X119.419 Y115.177 E268.2234
G0 F9000 X119.419 Y115.459
G1 F1500 X104.54 Y100.58 E268.57333
G0 F9000 X104.257 Y100.58
G1 F1500 X119.419 Y115.742 E268.92992
G0 F9000 X119.419 Y116.025
G1 F1500 X103.974 Y100.58 E269.29316
G0 F9000 X103.691 Y100.58
G1 F1500 X119.419 Y116.308 E269.66306
G0 F9000 X119.419 Y116.591
G1 F1500 X103.408 Y100.58 E270.03961
G0 F9000 X103.125 Y100.58
G1 F1500 X119.419 Y116.874 E270.42282
G0 F9000 X119.419 Y117.156
G1 F1500 X102.843 Y100.58 E270.81266
G0 F9000 X102.56 Y100.58
G1 F1500 X119.419 Y117.439 E271.20916
G0 F9000 X119.419 Y117.722
G1 F1500 X102.277 Y100.58 E271.61231
G0 F9000 X101.994 Y100.58
G1 F1500 X119.419 Y118.005 E272.02212
G0 F9000 X119.419 Y118.288
G1 F1500 X101.711 Y100.58 E272.43859
G0 F9000 X101.428 Y100.58
G1 F1500 X119.419 Y118.571 E272.86171
G0 F9000 X119.419 Y118.854
G1 F1500 X101.145 Y100.58 E273.29149
G0 F9000 X100.863 Y100.58
G1 F1500 X119.419 Y119.136 E273.72789
G0 F9000 X119.419 Y119.419
G1 F1500 X100.579 Y100.579 E274.17098
G0 F9000 X100.579 Y100.862
G1 F1500 X119.136 Y119.419 E274.60741
G0 F9000 X118.853 Y119.419
G1 F1500 X100.579 Y101.145 E275.03719
G0 F9000 X100.579 Y101.428
G1 F1500 X118.57 Y119.419 E275.46031
G0 F9000 X118.287 Y119.419
G1 F1500 X100.579 Y101.71 E275.87679
G0 F9000 X100.579 Y101.993
G1 F1500 X118.004 Y119.419 E276.28661
G0 F9000 X117.721 Y119.419
G1 F1500 X100.579 Y102.276 E276.68978
G0 F9000 X100.579 Y102.559
G1 F1500 X117.439 Y119.419 E277.0863
G0 F9000 X117.156 Y119.419
G1 F1500 X100.579 Y102.842 E277.47616
G0 F9000 X100.579 Y103.125
G1 F1500 X116.873 Y119.419 E277.85937
G0 F9000 X116.59 Y119.419
G1 F1500 X100.579 Y103.408 E278.23593
G0 F9000 X100.579 Y103.69
G1 F1500 X116.307 Y119.419 E278.60584
G0 F9000 X116.024 Y119.419
G1 F1500 X100.579 Y103.973 E278.96909
G0 F9000 X100.579 Y104.256
G1 F1500 X115.742 Y119.419 E279.3257
G0 F9000 X115.459 Y119.419
G1 F1500 X100.579 Y104.539 E279.67566
G0 F9000 X100.579 Y104.822
G1 F1500 X115.176 Y119.419 E280.01896
G0 F9000 X114.893 Y119.419
G1 F1500 X100.579 Y105.105 E280.3556
G0 F9000 X100.579 Y105.387
G1 F1500 X114.61 Y119.419 E280.6856
G0 F9000 X114.327 Y119.419
G1 F1500 X100.579 Y105.67 E281.00894
G0 F9000 X100.579 Y105.953
G1 F1500 X114.045 Y119.419 E281.32564
G0 F9000 X113.762 Y119.419
G1 F1500 X100.579 Y106.236 E281.63569
G0 F9000 X100.579 Y106.519
G1 F1500 X113.479 Y119.419 E281.93907
G0 F9000 X113.196 Y119.419
G1 F1500 X100.579 Y106.802 E282.23581
G0 F9000 X100.579 Y107.084
G1 F1500 X112.913 Y119.419 E282.52589
G0 F9000 X112.63 Y119.419
G1 F1500 X100.579 Y107.367 E282.80933
G0 F9000 X100.579 Y107.65
G1 F1500 X112.347 Y119.419 E283.0861
G0 F9000 X112.065 Y119.419
G1 F1500 X100.579 Y107.933 E283.35624
G0 F9000 X100.579 Y108.216
G1 F1500 X111.782 Y119.419 E283.61971
G0 F9000 X111.499 Y119.419
G1 F1500 X100.579 Y108.499 E283.87654
G0 F9000 X100.579 Y108.782
G1 F1500 X111.216 Y119.419 E284.1267
G0 F9000 X110.933 Y119.419
G1 F1500 X100.579 Y109.064 E284.37022
G0 F9000 X100.579 Y109.347
G1 F1500 X110.65 Y119.419 E284.60709
G0 F9000 X110.368 Y119.419
G1 F1500 X100.579 Y109.63 E284.83731
G0 F9000 X100.579 Y109.913
G1 F1500 X110.085 Y119.419 E285.06088
G0 F9000 X109.802 Y119.419
G1 F1500 X100.579 Y110.196 E285.27779
G0 F9000 X100.579 Y110.479
G1 F1500 X109.519 Y119.419 E285.48805
G0 F9000 X109.236 Y119.419
G1 F1500 X100.579 Y110.761 E285.69166
G0 F9000 X100.579 Y111.044
G1 F1500 X108.953 Y119.419 E285.88861
G0 F9000 X108.67 Y119.419
G1 F1500 X100.579 Y111.327 E286.07891
G0 F9000 X100.579 Y111.61
G1 F1500 X108.388 Y119.419 E286.26257
G0 F9000 X108.105 Y119.419
G1 F1500 X100.579 Y111.893 E286.43957
G0 F9000 X100.579 Y112.176
G1 F1500 X107.822 Y119.419 E286.60991
G0 F9000 X107.539 Y119.419
G1 F1500 X100.579 Y112.458 E286.77361
G0 F9000 X100.579 Y112.741
G1 F1500 X107.256 Y119.419 E286.93066
G0 F9000 X106.973 Y119.419
G1 F1500 X100.579 Y113.024 E287.08105
G0 F9000 X100.579 Y113.307
G1 F1500 X106.691 Y119.419 E287.22479
G0 F9000 X106.408 Y119.419
G1 F1500 X100.579 Y113.59 E287.36188
G0 F9000 X100.579 Y113.873
G1 F1500 X106.125 Y119.419 E287.49231
G0 F9000 X105.842 Y119.419
G1 F1500 X100.579 Y114.156 E287.61609
G0 F9000 X100.579 Y114.438
G1 F1500 X105.559 Y119.419 E287.73322
G0 F9000 X105.276 Y119.419
G1 F1500 X100.579 Y114.721 E287.8437
G0 F9000 X100.579 Y115.004
G1 F1500 X104.994 Y119.419 E287.94754
G0 F9000 X104.711 Y119.419
G1 F1500 X100.579 Y115.287 E288.04471
G0 F9000 X100.579 Y115.57
G1 F1500 X104.428 Y119.419 E288.13524
G0 F9000 X104.145 Y119.419
G1 F1500 X100.579 Y115.853 E288.2191
G0 F9000 X100.579 Y116.135
G1 F1500 X103.862 Y119.419 E288.29633
G0 F9000 X103.579 Y119.419
G1 F1500 X100.579 Y116.418 E288.36689
G0 F9000 X100.579 Y116.701
G1 F1500 X103.296 Y119.419 E288.43081
G0 F9000 X103.014 Y119.419
G1 F1500 X100.579 Y116.984 E288.48807
G0 F9000 X100.579 Y117.267
G1 F1500 X102.731 Y119.419 E288.53868
G0 F9000 X102.448 Y119.419
G1 F1500 X100.579 Y117.55 E288.58264
G0 F9000 X100.579 Y117.832
G1 F1500 X102.165 Y119.419 E288.61995
G0 F9000 X101.882 Y119.419
G1 F1500 X100.579 Y118.115 E288.65061
G0 F9000 X100.579 Y118.398
G1 F1500 X101.599 Y119.419 E288.67461
G0 F9000 X101.317 Y119.419
G1 F1500 X100.579 Y118.681 E288.69197
G0 F9000 X100.579 Y118.964
G1 F1500 X101.034 Y119.419 E288.70267
G0 F9000 X100.751 Y119.419
G1 F1500 X100.579 Y119.247 E288.70671
;MESH:NONMESH
G0 F300 X100.579 Y119.247 Z1.3
G0 F9000 X100.3 Y119.247
G0 X100.3 Y101.115
G0 X100.34 Y101.115
;TIME_ELAPSED:626.805792
;LAYER:5
;TYPE:FILL
;MESH:xyzCalibration_cube.stl
G1 F6000 X103.237 Y100.339 E288.75659
G0 F9000 X102.318 Y100.339
G1 F6000 X100.339 Y107.725 E288.88375
G0 F9000 X100.339 Y107.525
G1 F6000 X112.473 Y119.659 E289.16912
G0 F9000 X112.67 Y119.659
G1 F6000 X117.848 Y100.338 E289.50177
G0 F9000 X118.61 Y100.339
G1 F6000 X119.659 Y101.389 E289.52645
G0 F9000 X119.658 Y102.15
G1 F6000 X100.34 Y107.327 E289.85905
G0 F9000 X100.5 Y107.327
G0 X100.5 Y110.432
G0 X100.34 Y110.432
G1 F6000 X119.658 Y105.256 E290.19164
G1 X119.659 Y105.169
G1 X115.776 Y119.659 E290.44111
G0 F9000 X116.716 Y119.659
G1 F6000 X100.339 Y103.282 E290.82628
G0 F9000 X100.34 Y104.221
G1 F6000 X114.826 Y100.339 E291.07568
G1 X114.742 Y100.338
G1 X109.565 Y119.659 E291.40832
G0 F9000 X109.565 Y119.5
G0 X108.231 Y119.5
G0 X108.231 Y119.659
G1 F6000 X100.339 Y111.768 E291.59392
G0 F9000 X100.5 Y111.768
G0 X100.5 Y113.538
G0 X100.34 Y113.538
G1 F6000 X119.658 Y108.362 E291.92651
G0 F9000 X119.5 Y108.362
G0 X119.5 Y109.874
G0 X119.659 Y109.874
G1 F6000 X110.124 Y100.339 E292.15076
G0 F9000 X110.124 Y100.5
G0 X111.636 Y100.5
G0 X111.636 Y100.338
G1 F6000 X106.459 Y119.659 E292.4834
G0 F9000 X106.459 Y119.5
G0 X103.988 Y119.5
G0 X103.988 Y119.659
G1 F6000 X100.339 Y116.01 E292.56922
G0 F9000 X100.339 Y116.644
G1 F6000 X119.658 Y111.468 E292.90183
G0 F9000 X119.5 Y111.468
G0 X119.5 Y114.117
G0 X119.659 Y114.117
G1 F6000 X105.882 Y100.339 E293.22585
G0 F9000 X105.424 Y100.338
G1 F6000 X100.34 Y119.314 E293.55256
G0 F9000 X100.678 Y119.659
G1 F6000 X119.659 Y114.573 E293.87935
G0 F9000 X119.5 Y114.573
G0 X119.5 Y116.761
G0 X119.659 Y116.761
G1 F6000 X118.882 Y119.659 E293.92924
G0 F9000 X118.882 Y119.5
G0 X119.5 Y118.359
G0 X119.659 Y118.359
G1 F6000 X101.639 Y100.339 E294.35305
G0 F9000 X101.639 Y100.5
G0 X108.53 Y100.5
G0 X108.53 Y100.338
G1 F6000 X103.353 Y119.66 E294.68571
G0 F9000 X103.353 Y119.5
G0 X112.27 Y119.5
G0 X112.27 Y119.659
G1 F6000 X119.659 Y117.679 E294.81292
G0 F9000 X119.5 Y117.679
G0 X119.5 Y105.631
G0 X119.659 Y105.631
G1 F6000 X114.367 Y100.339 E294.93738
G0 F9000 X114.367 Y100.5
G0 X119.53 Y119.53
G0 X119.7 Y119.7
;TYPE:WALL-INNER
G1 F1500 X119.7 Y100.3 E295.26
G1 X100.3 Y100.3 E295.58263
G1 X100.3 Y119.7 E295.90525
G1 X119.7 Y119.7 E296.22787
G0 F9000 X119.9 Y119.9
;TYPE:WALL-OUTER
G1 F1500 X119.9 Y100.1 E296.55715
G1 X100.1 Y100.1 E296.88642
G1 X100.1 Y119.9 E297.2157
G1 X119.9 Y119.9 E297.54497
G0 F9000 X119.9 Y119.7
G0 X119.4 Y119.459
;MESH:NONMESH
G0 F300 X119.4 Y119.459 Z1.5
G0 F9000 X100.5 Y101.261
G0 X100.34 Y101.261
;TIME_ELAPSED:644.559967
;LAYER:6
;TYPE:FILL
;MESH:xyzCalibration_cube.stl
G1 F6000 X103.781 Y100.339 E297.60422
G0 F9000 X103.781 Y100.5
G0 X105.278 Y100.5
G0 X105.278 Y100.339
G1 F6000 X100.34 Y118.769 E297.92152
G0 F9000 X100.5 Y118.769
G0 X101.223 Y119.5
G0 X101.223 Y119.659
G1 F6000 X119.658 Y114.719 E298.23891
G0 F9000 X119.659 Y113.917
G1 F6000 X106.081 Y100.339 E298.55825
G0 F9000 X106.081 Y100.5
G0 X108.384 Y100.5
G0 X108.384 Y100.338
G1 F6000 X103.207 Y119.659 E298.89089
G0 F9000 X104.187 Y119.659
G1 F6000 X100.339 Y115.811 E298.98139
G0 F9000 X100.339 Y116.79
G1 F6000 X119.659 Y111.614 E299.31401
G0 F9000 X119.5 Y111.614
G0 X119.5 Y109.675
G0 X119.659 Y109.675
G1 F6000 X110.324 Y100.339 E299.53357
G0 F9000 X110.324 Y100.5
G0 X111.49 Y100.5
G0 X111.49 Y100.338
G1 F6000 X106.313 Y119.659 E299.86621
G0 F9000 X106.313 Y119.5
G0 X108.43 Y119.5
G0 X108.43 Y119.659
G1 F6000 X100.339 Y111.568 E300.0565
G0 F9000 X100.339 Y110.578
G1 F6000 X119.658 Y105.402 E300.38911
G1 X119.659 Y105.432
G1 X114.566 Y100.339 E300.50889
G1 X114.596 Y100.338
G1 X109.419 Y119.66 E300.84155
G0 F9000 X109.419 Y119.5
G0 X112.524 Y119.5
G0 X112.524 Y119.659
G1 F6000 X117.702 Y100.338 E301.1742
G0 F9000 X117.702 Y100.5
G0 X118.809 Y100.5
G0 X118.809 Y100.339
G1 F6000 X119.659 Y101.189 E301.19419
G0 F9000 X119.5 Y101.189
G0 X119.5 Y102.296
G0 X119.658 Y102.296
G1 F6000 X100.34 Y107.473 E301.52678
G0 F9000 X100.339 Y107.326
G1 F6000 X112.673 Y119.659 E301.81685
G0 F9000 X112.815 Y119.659
G1 F6000 X119.658 Y117.825 E301.93466
G0 F9000 X119.659 Y118.16
G1 F6000 X101.838 Y100.339 E302.35379
G0 F9000 X102.172 Y100.339
G1 F6000 X100.339 Y107.18 E302.47157
G0 F9000 X100.5 Y107.18
G0 X100.5 Y104.367
G0 X100.34 Y104.367
G1 F6000 X115.371 Y100.339 E302.73035
G0 F9000 X115.371 Y100.5
G0 X119.5 Y104.625
G0 X119.659 Y104.625
G1 F6000 X115.63 Y119.659 E302.98919
G0 F9000 X115.63 Y119.5
G0 X116.915 Y119.5
G0 X116.915 Y119.659
G1 F6000 X100.339 Y103.083 E303.37903
G0 F9000 X100.5 Y103.083
G0 X100.5 Y113.684
G0 X100.339 Y113.684
G1 F6000 X119.658 Y108.508 E303.71164
G0 F9000 X119.5 Y108.508
G0 X119.5 Y116.217
G0 X119.659 Y116.217
G1 F6000 X118.736 Y119.659 E303.7709
G0 F9000 X119.7 Y119.7
;TYPE:WALL-INNER
G1 F1500 X119.7 Y100.3 E304.09353
G1 X100.3 Y100.3 E304.41615
G1 X100.3 Y119.7 E304.73877
G1 X119.7 Y119.7 E305.0614
G0 F9000 X119.9 Y119.9
;TYPE:WALL-OUTER
G1 F1500 X119.9 Y100.1 E305.39067
G1 X100.1 Y100.1 E305.71995
G1 X100.1 Y119.9 E306.04922
G1 X119.9 Y119.9 E306.3785
G0 F9000 X119.9 Y119.7
G0 X119.4 Y119.459
;MESH:NONMESH
G0 F300 X119.4 Y119.459 Z1.7
G0 F9000 X100.5 Y101.408
G0 X100.34 Y101.408
;TIME_ELAPSED:661.978828
;LAYER:7
;TYPE:FILL
;MESH:xyzCalibration_cube.stl
G1 F6000 X104.33 Y100.339 E306.44719
G0 F9000 X105.131 Y100.339
G1 F6000 X100.34 Y118.221 E306.75506
G0 F9000 X100.5 Y118.221
G0 X100.5 Y116.937
G0 X100.339 Y116.937
G1 F6000 X119.659 Y111.761 E307.08768
G0 F9000 X119.5 Y111.761
G0 X119.5 Y113.716
G0 X119.659 Y113.716
G1 F6000 X106.282 Y100.339 E307.40229
G0 F9000 X106.282 Y100.5
G0 X108.237 Y100.5
G0 X108.237 Y100.338
G1 F6000 X103.06 Y119.659 E307.73493
G0 F9000 X103.06 Y119.5
G0 X101.772 Y119.5
G0 X101.772 Y119.659
G1 F6000 X119.659 Y114.866 E308.04289
G0 F9000 X119.659 Y115.668
G1 F6000 X118.589 Y119.659 E308.1116
G0 F9000 X118.589 Y119.5
G0 X117.116 Y119.5
G0 X117.116 Y119.659
G1 F6000 X100.339 Y102.882 E308.50617
G0 F9000 X100.5 Y102.882
G0 X100.5 Y104.514
G0 X100.34 Y104.514
G1 F6000 X115.919 Y100.339 E308.77439
G0 F9000 X115.919 Y100.5
G0 X114.767 Y100.5
G0 X114.767 Y100.339
G1 F6000 X119.659 Y105.231 E308.88945
G0 F9000 X119.658 Y105.549
G1 F6000 X100.339 Y110.725 E309.22205
G0 F9000 X100.339 Y111.367
G1 F6000 X108.631 Y119.659 E309.41707
G0 F9000 X109.272 Y119.66
G1 F6000 X114.449 Y100.338 E309.74973
G0 F9000 X114.449 Y100.5
G0 X117.555 Y100.5
G0 X117.555 Y100.338
G1 F6000 X112.377 Y119.659 E310.08238
G0 F9000 X112.874 Y119.659
G1 F6000 X100.339 Y107.125 E310.37717
G0 F9000 X100.339 Y106.632
G1 F6000 X102.025 Y100.339 E310.48551
G1 X102.039 Y100.339
G1 X119.659 Y117.959 E310.89991
G1 X119.658 Y117.972
G1 X113.363 Y119.659 E311.00829
G0 F9000 X113.363 Y119.5
G0 X115.483 Y119.5
G0 X115.483 Y119.659
G1 F6000 X119.659 Y104.076 E311.27658
G0 F9000 X119.5 Y104.076
G0 X119.5 Y102.443
G0 X119.658 Y102.443
G1 F6000 X100.34 Y107.62 E311.60918
G0 F9000 X100.5 Y107.62
G0 X100.5 Y113.831
G0 X100.339 Y113.831
G1 F6000 X119.658 Y108.655 E311.94178
G0 F9000 X119.659 Y109.474
G1 F6000 X110.525 Y100.339 E312.15661
G0 F9000 X111.343 Y100.338
G1 F6000 X106.166 Y119.66 E312.48927
G0 F9000 X106.166 Y119.5
G0 X104.388 Y119.5
G0 X104.388 Y119.659
G1 F6000 X100.339 Y115.61 E312.5845
G0 F9000 X100.5 Y115.61
G0 X119.01 Y100.5
G0 X119.01 Y100.339
G1 F6000 X119.659 Y100.988 E312.59976
G0 F9000 X119.5 Y100.988
G0 X119.53 Y119.53
G0 X119.7 Y119.7
;TYPE:WALL-INNER
G1 F1500 X119.7 Y100.3 E312.92239
G1 X100.3 Y100.3 E313.24501
G1 X100.3 Y119.7 E313.56763
G1 X119.7 Y119.7 E313.89026
G0 F9000 X119.9 Y119.9
;TYPE:WALL-OUTER
G1 F1500 X119.9 Y100.1 E314.21953
G1 X100.1 Y100.1 E314.54881
G1 X100.1 Y119.9 E314.87808
G1 X119.9 Y119.9 E315.20736
G0 F9000 X119.9 Y119.7
G0 X119.4 Y119.459
;MESH:NONMESH
G0 F300 X119.4 Y119.459 Z1.9
G0 F9000 X100.5 Y101.554
G0 X100.34 Y101.554
;TIME_ELAPSED:679.609067
;LAYER:8
;TYPE:FILL
;MESH:xyzCalibration_cube.stl
G1 F6000 X104.875 Y100.339 E315.28543
G0 F9000 X104.985 Y100.339
G1 F6000 X100.34 Y117.676 E315.58392
G0 F9000 X100.339 Y117.083
G1 F6000 X119.658 Y111.907 E315.91653
G0 F9000 X119.5 Y111.907
G0 X119.5 Y113.517
G0 X119.659 Y113.517
G1 F6000 X106.481 Y100.339 E316.22645
G0 F9000 X106.481 Y100.5
G0 X108.091 Y100.5
G0 X108.091 Y100.339
G1 F6000 X102.914 Y119.659 E316.55908
G0 F9000 X102.316 Y119.659
G1 F6000 X119.658 Y115.012 E316.85765
G0 F9000 X119.659 Y115.123
G1 F6000 X118.443 Y119.659 E316.93575
G0 F9000 X118.443 Y119.5
G0 X117.316 Y119.5
G0 X117.316 Y119.659
G1 F6000 X100.339 Y102.683 E317.33501
G0 F9000 X100.5 Y102.683
G0 X100.5 Y104.66
G0 X100.34 Y104.66
G1 F6000 X116.465 Y100.339 E317.61263
G0 F9000 X117.409 Y100.338
G1 F6000 X112.231 Y119.66 E317.9453
G0 F9000 X113.073 Y119.659
G1 F6000 X100.339 Y106.925 E318.24478
G0 F9000 X100.339 Y106.087
G1 F6000 X101.879 Y100.339 E318.34374
G0 F9000 X102.239 Y100.339
G1 F6000 X119.659 Y117.76 E318.75345
G0 F9000 X119.658 Y118.118
G1 F6000 X113.909 Y119.659 E318.85243
G0 F9000 X113.909 Y119.5
G0 X115.337 Y119.5
G0 X115.337 Y119.659
G1 F6000 X119.659 Y103.53 E319.13012
G0 F9000 X119.658 Y102.589
G1 F6000 X100.339 Y107.766 E319.46273
G0 F9000 X100.5 Y107.766
G0 X100.5 Y110.872
G0 X100.339 Y110.872
G1 F6000 X119.658 Y105.695 E319.79534
G0 F9000 X119.659 Y105.032
G1 F6000 X114.967 Y100.339 E319.9057
G0 F9000 X114.303 Y100.338
G1 F6000 X109.126 Y119.66 E320.23836
G0 F9000 X108.83 Y119.659
G1 F6000 X100.339 Y111.168 E320.43806
G0 F9000 X100.5 Y111.168
G0 X100.5 Y113.977
G0 X100.339 Y113.977
G1 F6000 X119.659 Y108.801 E320.77068
G0 F9000 X119.659 Y109.274
G1 F6000 X110.724 Y100.339 E320.98082
G0 F9000 X111.197 Y100.338
G1 F6000 X106.02 Y119.659 E321.31346
G0 F9000 X106.02 Y119.5
G0 X104.588 Y119.5
G0 X104.588 Y119.659
G1 F6000 X100.339 Y115.411 E321.41338
G0 F9000 X100.5 Y115.411
G0 X119.209 Y100.5
G0 X119.209 Y100.339
G1 F6000 X119.659 Y100.789 E321.42396
G0 F9000 X119.5 Y100.789
G0 X119.53 Y119.53
G0 X119.7 Y119.7
;TYPE:WALL-INNER
G1 F1500 X119.7 Y100.3 E321.74659
G1 X100.3 Y100.3 E322.06921
G1 X100.3 Y119.7 E322.39183
G1 X119.7 Y119.7 E322.71446
G0 F9000 X119.9 Y119.9
;TYPE:WALL-OUTER
G1 F1500 X119.9 Y100.1 E323.04373
G1 X100.1 Y100.1 E323.37301
G1 X100.1 Y119.9 E323.70228
G1 X119.9 Y119.9 E324.03156
G0 F9000 X119.9 Y119.7
G0 X119.4 Y119.459
;MESH:NONMESH
G0 F300 X119.4 Y119.459 Z2.1
G0 F9000 X100.5 Y101.7
G0 X100.34 Y101.7
;TIME_ELAPSED:696.764561
;LAYER:9
;TYPE:FILL
;MESH:xyzCalibration_cube.stl
G1 F6000 X105.419 Y100.339 E324.119
G0 F9000 X104.839 Y100.339
G1 F6000 X100.339 Y117.132 E324.40812
G1 X100.339 Y117.229
G1 X119.658 Y112.053 E324.74073
G0 F9000 X119.5 Y112.053
G0 X119.5 Y113.318
G0 X119.659 Y113.318
G1 F6000 X106.681 Y100.339 E325.04596
G0 F9000 X106.681 Y100.5
G0 X107.945 Y100.5
G0 X107.945 Y100.339
G1 F6000 X102.768 Y119.659 E325.37859
G1 X102.862 Y119.659
G1 X119.658 Y115.159 E325.66776
G0 F9000 X119.659 Y114.578
G1 F6000 X118.297 Y119.659 E325.75524
G0 F9000 X117.515 Y119.659
G1 F6000 X100.339 Y102.483 E326.1592
G0 F9000 X100.5 Y102.483
G0 X100.5 Y104.806
G0 X100.339 Y104.806
G1 F6000 X117.009 Y100.339 E326.4462
G0 F9000 X117.263 Y100.338
G1 F6000 X112.086 Y119.659 E326.77884
G0 F9000 X112.086 Y119.5
G0 X113.272 Y119.5
G0 X113.272 Y119.659
G1 F6000 X100.339 Y106.726 E327.08301
G0 F9000 X100.5 Y106.726
G0 X100.5 Y105.543
G0 X100.339 Y105.543
G1 F6000 X101.733 Y100.339 E327.1726
G0 F9000 X102.438 Y100.339
G1 F6000 X119.659 Y117.56 E327.57761
G0 F9000 X119.658 Y118.264
G1 F6000 X114.454 Y119.659 E327.66721
G0 F9000 X115.191 Y119.66
G1 F6000 X119.659 Y102.986 E327.95428
G0 F9000 X119.658 Y102.735
G1 F6000 X100.339 Y107.912 E328.2869
G0 F9000 X100.5 Y107.912
G0 X100.5 Y110.969
G0 X100.339 Y110.969
G1 F6000 X109.03 Y119.659 E328.49128
G1 X108.98 Y119.659
G1 X114.157 Y100.339 E328.82391
G0 F9000 X114.157 Y100.5
G0 X115.166 Y100.5
G0 X115.166 Y100.339
G1 F6000 X119.659 Y104.832 E328.92958
G0 F9000 X119.5 Y104.832
G0 X119.5 Y105.841
G0 X119.659 Y105.841
G1 F6000 X100.339 Y111.018 E329.26221
G0 F9000 X100.5 Y111.018
G0 X100.5 Y114.123
G0 X100.339 Y114.123
G1 F6000 X119.658 Y108.947 E329.59481
G0 F9000 X119.659 Y109.075
G1 F6000 X110.923 Y100.339 E329.80027
G0 F9000 X111.051 Y100.339
G1 F6000 X105.874 Y119.659 E330.1329
G0 F9000 X105.874 Y119.5
G0 X104.787 Y119.5
G0 X104.787 Y119.659
G1 F6000 X100.339 Y115.211 E330.23751
G0 F9000 X100.5 Y115.211
G0 X100.5 Y119.454
G0 X100.339 Y119.454
G1 F6000 X100.544 Y119.659 E330.24233
G0 F9000 X100.544 Y119.5
G0 X119.5 Y100.59
G0 X119.659 Y100.59
G1 F6000 X119.409 Y100.339 E330.24822
G0 F9000 X119.409 Y100.5
G0 X119.53 Y119.53
G0 X119.7 Y119.7
;TYPE:WALL-INNER
G1 F1500 X119.7 Y100.3 E330.57085
G1 X100.3 Y100.3 E330.89347
G1 X100.3 Y119.7 E331.21609
G1 X119.7 Y119.7 E331.53872
G0 F9000 X119.9 Y119.9
;TYPE:WALL-OUTER
G1 F1500 X119.9 Y100.1 E331.86799
G1 X100.1 Y100.1 E332.19727
G1 X100.1 Y119.9 E332.52654
G1 X119.9 Y119.9 E332.85582
G0 F9000 X119.9 Y119.7
G0 X119.4 Y119.459
;MESH:NONMESH
G0 F300 X119.4 Y119.459 Z2.3
G0 F9000 X101.586 Y100.5
G0 X101.586 Y100.339
;TIME_ELAPSED:714.233553
;LAYER:10
;TYPE:FILL
;MESH:xyzCalibration_cube.stl
G1 F6000 X100.339 Y104.994 E332.93596
G1 X100.339 Y104.953
G1 X117.558 Y100.339 E333.23242
G0 F9000 X117.116 Y100.338
G1 F6000 X111.938 Y119.66 E333.56508
G0 F9000 X111.938 Y119.5
G0 X113.473 Y119.5
G0 X113.473 Y119.659
G1 F6000 X100.339 Y106.525 E333.87397
G0 F9000 X100.5 Y106.525
G0 X100.5 Y108.059
G0 X100.339 Y108.059
G1 F6000 X119.658 Y102.882 E334.20658
G0 F9000 X119.659 Y102.437
G1 F6000 X115.044 Y119.66 E334.50311
G1 X115.002 Y119.659
G1 X119.658 Y118.411 E334.58327
G0 F9000 X119.5 Y118.411
G0 X119.5 Y117.359
G0 X119.659 Y117.359
G1 F6000 X102.639 Y100.339 E334.98355
G0 F9000 X102.639 Y100.5
G0 X104.692 Y100.5
G0 X104.692 Y100.339
G1 F6000 X100.34 Y116.583 E335.26322
G0 F9000 X100.339 Y117.376
G1 F6000 X119.658 Y112.2 E335.59583
G0 F9000 X119.659 Y113.117
G1 F6000 X106.882 Y100.339 E335.89633
G0 F9000 X105.968 Y100.339
G1 F6000 X100.34 Y101.847 E335.99323
G0 F9000 X100.339 Y102.282
G1 F6000 X117.716 Y119.659 E336.40191
G0 F9000 X118.15 Y119.659
G1 F6000 X119.659 Y114.029 E336.49884
G0 F9000 X119.5 Y114.029
G0 X119.5 Y115.306
G0 X119.658 Y115.306
G1 F6000 X103.41 Y119.659 E336.77858
G0 F9000 X102.621 Y119.659
G1 F6000 X107.798 Y100.339 E337.1112
G0 F9000 X107.798 Y100.5
G0 X110.904 Y100.5
G0 X110.904 Y100.339
G1 F6000 X105.727 Y119.659 E337.44383
G0 F9000 X104.988 Y119.659
G1 F6000 X100.339 Y115.01 E337.55317
G0 F9000 X100.339 Y114.27
G1 F6000 X119.658 Y109.094 E337.88578
G0 F9000 X119.659 Y108.874
G1 F6000 X111.124 Y100.339 E338.08651
G0 F9000 X111.124 Y100.5
G0 X114.01 Y100.5
G0 X114.01 Y100.338
G1 F6000 X108.833 Y119.659 E338.41915
G0 F9000 X109.231 Y119.659
G1 F6000 X100.339 Y110.768 E338.62827
G0 F9000 X100.339 Y111.165
G1 F6000 X119.659 Y105.988 E338.96089
G0 F9000 X119.5 Y105.988
G0 X119.5 Y104.632
G0 X119.659 Y104.632
G1 F6000 X115.367 Y100.339 E339.06185
G0 F9000 X115.367 Y100.5
G0 X119.53 Y100.47
G0 X119.609 Y100.339
G1 F6000 X119.659 Y100.389 E339.06302
G0 F9000 X119.53 Y100.47
G0 X100.745 Y119.5
G0 X100.745 Y119.659
G1 F6000 X100.339 Y119.253 E339.07257
G0 F9000 X100.5 Y119.253
G0 X119.53 Y119.53
G0 X119.7 Y119.7
;TYPE:WALL-INNER
G1 F1500 X119.7 Y100.3 E339.39519
G1 X100.3 Y100.3 E339.71782
G1 X100.3 Y119.7 E340.04044
G1 X119.7 Y119.7 E340.36306
G0 F9000 X119.9 Y119.9
;TYPE:WALL-OUTER
G1 F1500 X119.9 Y100.1 E340.69234
G1 X100.1 Y100.1 E341.02162
G1 X100.1 Y119.9 E341.35089
G1 X119.9 Y119.9 E341.68017
G0 F9000 X119.9 Y119.7
G0 X119.4 Y119.459
;MESH:NONMESH
G0 F300 X119.4 Y119.459 Z2.5
G0 F9000 X101.44 Y100.5
G0 X101.44 Y100.338
;TIME_ELAPSED:731.563301
;LAYER:11
;TYPE:FILL
;MESH:xyzCalibration_cube.stl
G1 F6000 X100.339 Y104.449 E341.75094
G0 F9000 X100.339 Y105.099
G1 F6000 X118.103 Y100.339 E342.05678
G0 F9000 X118.103 Y100.5
G0 X116.97 Y100.5
G0 X116.97 Y100.339
G1 F6000 X111.793 Y119.659 E342.38941
G0 F9000 X111.793 Y119.5
G0 X113.673 Y119.5
G0 X113.673 Y119.659
G1 F6000 X100.339 Y106.326 E342.70299
G0 F9000 X100.5 Y106.326
G0 X100.5 Y108.205
G0 X100.339 Y108.205
G1 F6000 X119.659 Y103.028 E343.03562
G0 F9000 X119.5 Y103.028
G0 X119.5 Y101.893
G0 X119.659 Y101.893
G1 F6000 X114.898 Y119.659 E343.34149
G0 F9000 X115.547 Y119.659
G1 F6000 X119.659 Y118.557 E343.41229
G0 F9000 X119.5 Y118.557
G0 X119.5 Y117.16
G0 X119.659 Y117.16
G1 F6000 X102.838 Y100.339 E343.80789
G0 F9000 X102.838 Y100.5
G0 X104.546 Y100.5
G0 X104.546 Y100.338
G1 F6000 X100.339 Y116.038 E344.0782
G0 F9000 X100.5 Y116.038
G0 X100.5 Y114.811
G0 X100.339 Y114.811
G1 F6000 X105.187 Y119.659 E344.19221
G0 F9000 X105.581 Y119.659
G1 F6000 X110.758 Y100.339 E344.52484
G0 F9000 X111.324 Y100.339
G1 F6000 X119.659 Y108.675 E344.72088
G0 F9000 X119.658 Y109.24
G1 F6000 X100.34 Y114.416 E345.05347
G0 F9000 X100.5 Y114.416
G0 X100.5 Y111.311
G0 X100.339 Y111.311
G1 F6000 X119.658 Y106.134 E345.38608
G0 F9000 X119.5 Y106.134
G0 X119.5 Y104.432
G0 X119.659 Y104.432
G1 F6000 X115.566 Y100.339 E345.48234
G0 F9000 X115.566 Y100.5
G0 X113.864 Y100.5
G0 X113.864 Y100.339
G1 F6000 X108.687 Y119.659 E345.81497
G0 F9000 X109.43 Y119.659
G1 F6000 X100.339 Y110.568 E346.02878
G0 F9000 X100.5 Y110.568
G0 X100.5 Y117.522
G0 X100.34 Y117.522
G1 F6000 X119.658 Y112.346 E346.36137
G0 F9000 X119.659 Y112.917
G1 F6000 X107.081 Y100.339 E346.65719
G0 F9000 X106.513 Y100.339
G1 F6000 X100.339 Y101.993 E346.76348
G1 X100.339 Y102.083
G1 X117.915 Y119.659 E347.17684
G1 X118.004 Y119.66
G1 X119.659 Y113.484 E347.28317
G0 F9000 X119.5 Y113.484
G0 X119.5 Y115.452
G0 X119.658 Y115.452
G1 F6000 X103.955 Y119.659 E347.55352
G0 F9000 X103.955 Y119.5
G0 X102.475 Y119.5
G0 X102.475 Y119.659
G1 F6000 X107.652 Y100.339 E347.88615
G0 F9000 X107.652 Y100.5
G0 X100.5 Y119.054
G0 X100.339 Y119.054
G1 F6000 X100.945 Y119.659 E347.90039
G0 F9000 X100.945 Y119.5
G0 X119.53 Y119.53
G0 X119.7 Y119.7
;TYPE:WALL-INNER
G1 F1500 X119.7 Y100.3 E348.22302
G1 X100.3 Y100.3 E348.54564
G1 X100.3 Y119.7 E348.86826
G1 X119.7 Y119.7 E349.19088
G0 F9000 X119.9 Y119.9
;TYPE:WALL-OUTER
G1 F1500 X119.9 Y100.1 E349.52016
G1 X100.1 Y100.1 E349.84944
G1 X100.1 Y119.9 E350.17871
G1 X119.9 Y119.9 E350.50799
G0 F9000 X119.9 Y119.7
G0 X119.4 Y119.459
;MESH:NONMESH
G0 F300 X119.4 Y119.459 Z2.7
G0 F9000 X101.293 Y100.5
G0 X101.293 Y100.338
;TIME_ELAPSED:749.210795
;LAYER:12
;TYPE:FILL
;MESH:xyzCalibration_cube.stl
G1 F6000 X100.339 Y103.901 E350.56933
G0 F9000 X100.5 Y103.901
G0 X100.5 Y105.246
G0 X100.339 Y105.246
G1 F6000 X118.651 Y100.339 E350.8846
G0 F9000 X118.651 Y100.5
G0 X119.5 Y101.344
G0 X119.659 Y101.344
G1 F6000 X114.751 Y119.66 E351.19994
G0 F9000 X113.873 Y119.659
G1 F6000 X100.339 Y106.125 E351.51824
G0 F9000 X100.5 Y106.125
G0 X100.5 Y108.352
G0 X100.339 Y108.352
G1 F6000 X119.659 Y103.175 E351.85087
G0 F9000 X119.5 Y103.175
G0 X119.5 Y104.231
G0 X119.659 Y104.231
G1 F6000 X115.767 Y100.339 E351.9424
G0 F9000 X115.767 Y100.5
G0 X116.823 Y100.5
G0 X116.823 Y100.338
G1 F6000 X111.646 Y119.659 E352.27505
G0 F9000 X111.646 Y119.5
G0 X109.631 Y119.5
G0 X109.631 Y119.659
G1 F6000 X100.339 Y110.368 E352.49357
G0 F9000 X100.5 Y110.368
G0 X100.5 Y111.458
G0 X100.339 Y111.458
G1 F6000 X119.658 Y106.281 E352.82618
G0 F9000 X119.5 Y106.281
G0 X119.5 Y108.474
G0 X119.659 Y108.474
G1 F6000 X111.524 Y100.339 E353.0175
G0 F9000 X110.611 Y100.339
G1 F6000 X105.434 Y119.659 E353.35013
G1 X105.388 Y119.659
G1 X100.339 Y114.61 E353.46888
G1 X100.339 Y114.563
G1 X119.658 Y109.387 E353.80148
G0 F9000 X119.5 Y109.387
G0 X119.5 Y112.493
G0 X119.658 Y112.493
G1 F6000 X100.34 Y117.669 E354.13407
G0 F9000 X100.5 Y117.669
G0 X100.5 Y118.853
G0 X100.339 Y118.853
G1 F6000 X101.145 Y119.659 E354.15303
G0 F9000 X101.145 Y119.5
G0 X102.328 Y119.5
G0 X102.328 Y119.659
G1 F6000 X107.505 Y100.339 E354.48566
G0 F9000 X107.282 Y100.339
G1 F6000 X119.659 Y112.717 E354.77676
G0 F9000 X119.659 Y112.936
G1 F6000 X117.857 Y119.66 E354.89253
G0 F9000 X118.116 Y119.659
G1 F6000 X100.339 Y101.882 E355.31061
G0 F9000 X100.339 Y102.14
G1 F6000 X107.061 Y100.339 E355.42634
G0 F9000 X107.061 Y100.5
G0 X104.399 Y100.5
G0 X104.399 Y100.338
G1 F6000 X100.339 Y115.49 E355.68721
G0 F9000 X100.5 Y115.49
G0 X104.504 Y119.5
G0 X104.504 Y119.659
G1 F6000 X119.658 Y115.599 E355.94811
G0 F9000 X119.5 Y115.599
G0 X119.5 Y116.959
G0 X119.659 Y116.959
G1 F6000 X103.039 Y100.339 E356.33899
G0 F9000 X103.039 Y100.5
G0 X113.717 Y100.5
G0 X113.717 Y100.339
G1 F6000 X108.54 Y119.659 E356.67162
G0 F9000 X108.54 Y119.5
G0 X116.096 Y119.5
G0 X116.096 Y119.659
G1 F6000 X119.659 Y118.704 E356.73296
G0 F9000 X119.7 Y119.7
;TYPE:WALL-INNER
G1 F1500 X119.7 Y100.3 E357.05558
G1 X100.3 Y100.3 E357.37821
G1 X100.3 Y119.7 E357.70083
G1 X119.7 Y119.7 E358.02345
G0 F9000 X119.9 Y119.9
;TYPE:WALL-OUTER
G1 F1500 X119.9 Y100.1 E358.35273
G1 X100.1 Y100.1 E358.682
G1 X100.1 Y119.9 E359.01128
G1 X119.9 Y119.9 E359.34055
G0 F9000 X119.9 Y119.7
G0 X119.4 Y119.459
;MESH:NONMESH
G0 F300 X119.4 Y119.459 Z2.9
G0 F9000 X101.147 Y100.5
G0 X101.147 Y100.338
;TIME_ELAPSED:766.688183
;LAYER:13
;TYPE:FILL
;MESH:xyzCalibration_cube.stl
G1 F6000 X100.339 Y103.356 E359.39251
G0 F9000 X100.5 Y103.356
G0 X100.5 Y102.286
G0 X100.339 Y102.286
G1 F6000 X104.766 Y101.1 E359.46873
G0 F9000 X104.767 Y101.868
G1 F6000 X103.239 Y100.339 E359.50468
G0 F9000 X103.239 Y100.5
G0 X104.253 Y100.5
G0 X104.253 Y100.338
G1 F6000 X100.339 Y114.945 E359.75616
G0 F9000 X100.34 Y114.709
G1 F6000 X117.714 Y110.054 E360.05528
G0 F9000 X117.714 Y110.572
G1 F6000 X107.482 Y100.34 E360.29592
G0 F9000 X107.359 Y100.339
G1 F6000 X107.063 Y101.444 E360.31495
G0 F9000 X106.852 Y102.229
G1 F6000 X102.182 Y119.66 E360.61505
G0 F9000 X101.345 Y119.659
G1 F6000 X100.339 Y118.653 E360.63871
G0 F9000 X100.339 Y117.815
G1 F6000 X119.658 Y112.639 E360.97132
G0 F9000 X119.659 Y112.517
G1 F6000 X117.99 Y110.848 E361.01057
G0 F9000 X117.989 Y110.948
G0 X119.5 Y112.39
G0 X119.659 Y112.39
G1 F6000 X117.711 Y119.659 E361.13572
G0 F9000 X118.315 Y119.659
G1 F6000 X100.339 Y101.683 E361.55849
G0 F9000 X100.5 Y101.683
G0 X100.5 Y105.392
G0 X100.34 Y105.392
G1 F6000 X112.135 Y102.231 E361.76156
G0 F9000 X113.064 Y102.23
G1 F6000 X108.394 Y119.659 E362.06163
G0 F9000 X108.394 Y119.5
G0 X109.83 Y119.5
G0 X109.83 Y119.659
G1 F6000 X100.339 Y110.168 E362.28484
G0 F9000 X100.5 Y110.168
G0 X100.5 Y111.603
G0 X100.34 Y111.603
G1 F6000 X119.658 Y106.427 E362.61744
G0 F9000 X119.5 Y106.427
G0 X119.5 Y108.275
G0 X119.659 Y108.275
G1 F6000 X113.616 Y102.232 E362.75956
G0 F9000 X113.616 Y102.332
G0 X114.607 Y102.26
G0 X114.68 Y101.577
G0 X114.58 Y101.576
G1 F6000 X119.196 Y100.339 E362.83903
G0 F9000 X119.659 Y100.799
G1 F6000 X114.605 Y119.659 E363.16374
G0 F9000 X114.073 Y119.659
G1 F6000 X100.339 Y105.926 E363.48673
G0 F9000 X100.5 Y105.926
G0 X100.5 Y108.497
G0 X100.34 Y108.497
G1 F6000 X119.658 Y103.321 E363.81932
G0 F9000 X119.659 Y104.032
G1 F6000 X115.966 Y100.339 E363.90618
G0 F9000 X116.677 Y100.338
G1 F6000 X111.5 Y119.659 E364.23882
G0 F9000 X111.5 Y119.5
G0 X116.64 Y119.5
G0 X116.64 Y119.659
G1 F6000 X119.659 Y118.85 E364.2908
G0 F9000 X119.5 Y118.85
G0 X119.5 Y116.76
G0 X119.659 Y116.76
G1 F6000 X105.131 Y102.232 E364.63247
G0 F9000 X105.13 Y102.332
G0 X107.092 Y102.259
G0 X107.164 Y100.484
G0 X107.063 Y100.484
G1 F6000 X107.607 Y100.339 E364.64184
G0 F9000 X107.607 Y100.5
G0 X110.465 Y100.5
G0 X110.465 Y100.338
G1 F6000 X105.288 Y119.659 E364.97448
G0 F9000 X105.048 Y119.659
G1 F6000 X119.659 Y115.744 E365.22603
G0 F9000 X119.5 Y115.744
G0 X105.588 Y119.5
G0 X105.588 Y119.659
G1 F6000 X100.339 Y114.411 E365.34947
G0 F9000 X100.5 Y114.411
G0 X112.022 Y100.737
G0 X112.121 Y100.737
G1 F6000 X111.724 Y100.34 E365.35881
G0 F9000 X111.724 Y100.5
G0 X112.056 Y102.084
G0 X119.53 Y119.53
G0 X119.7 Y119.7
;TYPE:WALL-INNER
G1 F1500 X119.7 Y100.3 E365.68143
G1 X100.3 Y100.3 E366.00405
G1 X100.3 Y119.7 E366.32668
G1 X119.7 Y119.7 E366.6493
G0 F9000 X119.9 Y119.9
;TYPE:WALL-OUTER
G1 F1500 X119.9 Y100.1 E366.97858
G1 X100.1 Y100.1 E367.30785
G1 X100.1 Y119.9 E367.63713
G1 X119.9 Y119.9 E367.9664
G0 F9000 X119.9 Y119.7
G0 X119.53 Y119.53
G0 X117.735 Y110.948
G0 X117.736 Y110.828
;TYPE:SKIN
G1 F1500 X117.736 Y108.509 E368.00497
G1 X119.52 Y108.509 E368.03463
G1 X119.52 Y110.828 E368.0732
G1 X117.736 Y110.828 E368.10287
G0 F9000 X117.735 Y110.948
G0 X119.418 Y110.948
G0 X119.419 Y110.532
G1 F1500 X119.223 Y110.727 E368.10747
G0 F9000 X118.94 Y110.727
G1 F1500 X119.419 Y110.249 E368.11872
G0 F9000 X119.419 Y109.966
G1 F1500 X118.657 Y110.727 E368.13663
G0 F9000 X118.374 Y110.727
G1 F1500 X119.419 Y109.683 E368.16119
G0 F9000 X119.419 Y109.4
G1 F1500 X118.091 Y110.727 E368.19241
G0 F9000 X117.835 Y110.701
G1 F1500 X119.419 Y109.117 E368.22967
G0 F9000 X119.419 Y108.835
G1 F1500 X117.835 Y110.418 E368.26691
G0 F9000 X117.835 Y110.135
G1 F1500 X119.362 Y108.608 E368.30282
G0 F9000 X119.079 Y108.608
G1 F1500 X117.835 Y109.852 E368.33208
G0 F9000 X117.835 Y109.569
G1 F1500 X118.796 Y108.608 E368.35468
G0 F9000 X118.513 Y108.608
G1 F1500 X117.835 Y109.286 E368.37063
G0 F9000 X117.835 Y109.004
G1 F1500 X118.231 Y108.608 E368.37994
G0 F9000 X117.948 Y108.608
G1 F1500 X117.835 Y108.721 E368.3826
G0 F9000 X117.615 Y108.721
G0 X112.142 Y102.332
G0 X112.142 Y102.212
G1 F1500 X112.142 Y100.48 E368.4114
G1 X114.561 Y100.48 E368.45163
G1 X114.559 Y102.212 E368.48043
G1 X112.142 Y102.212 E368.52063
G0 F9000 X112.142 Y102.332
G0 X112.022 Y100.578
G0 X112.4 Y100.579
G1 F1500 X112.241 Y100.739 E368.52438
G0 F9000 X112.241 Y101.022
G1 F1500 X112.683 Y100.579 E368.53478
G0 F9000 X112.966 Y100.579
G1 F1500 X112.241 Y101.305 E368.55185
G0 F9000 X112.241 Y101.587
G1 F1500 X113.249 Y100.579 E368.57555
G0 F9000 X113.532 Y100.579
G1 F1500 X112.241 Y101.87 E368.60592
G0 F9000 X112.282 Y102.112
G1 F1500 X113.815 Y100.579 E368.64197
G0 F9000 X114.098 Y100.579
G1 F1500 X112.565 Y102.112 E368.67802
G0 F9000 X112.847 Y102.112
G1 F1500 X114.38 Y100.579 E368.71408
G0 F9000 X114.459 Y100.783
G1 F1500 X113.13 Y102.112 E368.74533
G0 F9000 X113.413 Y102.112
G1 F1500 X114.459 Y101.066 E368.76993
G0 F9000 X114.458 Y101.35
G1 F1500 X113.696 Y102.112 E368.78785
G0 F9000 X113.979 Y102.112
G1 F1500 X114.457 Y101.633 E368.79911
G0 F9000 X114.457 Y101.916
G1 F1500 X114.262 Y102.112 E368.80371
G0 F9000 X114.262 Y102.332
G0 X107.164 Y102.211
G0 X107.044 Y102.211
G1 F1500 X104.789 Y102.212 E368.84121
G1 X104.787 Y100.48 E368.87001
G1 X107.043 Y100.48 E368.90753
G1 X107.044 Y102.211 E368.93631
G0 F9000 X106.942 Y102.077
G1 F1500 X106.908 Y102.111 E368.93711
G0 F9000 X106.626 Y102.111
G1 F1500 X106.942 Y101.795 E368.94455
G0 F9000 X106.942 Y101.512
G1 F1500 X106.343 Y102.111 E368.95863
G0 F9000 X106.06 Y102.111
G1 F1500 X106.942 Y101.23 E368.97936
G0 F9000 X106.942 Y100.947
G1 F1500 X105.777 Y102.111 E369.00675
G0 F9000 X105.494 Y102.111
G1 F1500 X106.942 Y100.664 E369.0408
G0 F9000 X106.744 Y100.579
G1 F1500 X105.211 Y102.111 E369.07684
G0 F9000 X104.928 Y102.111
G1 F1500 X106.461 Y100.579 E369.11288
G0 F9000 X106.178 Y100.579
G1 F1500 X104.887 Y101.87 E369.14324
G0 F9000 X104.887 Y101.587
G1 F1500 X105.895 Y100.579 E369.16695
G0 F9000 X105.612 Y100.579
G1 F1500 X104.887 Y101.305 E369.18401
G0 F9000 X104.887 Y101.022
G1 F1500 X105.329 Y100.579 E369.19442
G0 F9000 X105.047 Y100.579
G1 F1500 X104.887 Y100.739 E369.19818
G0 F9000 X104.566 Y100.739
;MESH:NONMESH
G0 F300 X104.566 Y100.739 Z3.1
G0 F9000 X101 Y100.5
G0 X101 Y100.338
;TIME_ELAPSED:791.667818
;LAYER:14
;TYPE:FILL
;MESH:xyzCalibration_cube.stl
G1 F6000 X100.339 Y102.807 E369.24069
G0 F9000 X100.339 Y102.433
G1 F6000 X104.766 Y101.247 E369.3169
G0 F9000 X104.767 Y101.667
G1 F6000 X103.439 Y100.339 E369.34814
G0 F9000 X104.106 Y100.338
G1 F6000 X100.339 Y114.396 E369.59017
G0 F9000 X100.339 Y114.21
G1 F6000 X105.788 Y119.659 E369.71832
G0 F9000 X105.597 Y119.659
G1 F6000 X119.658 Y115.892 E369.9604
G0 F9000 X119.659 Y116.559
G1 F6000 X105.332 Y102.232 E370.29735
G0 F9000 X105.331 Y102.332
G0 X106.705 Y102.332
G0 X106.705 Y102.229
G1 F6000 X102.035 Y119.66 E370.59745
G0 F9000 X101.546 Y119.659
G1 F6000 X100.339 Y118.453 E370.62583
G0 F9000 X100.339 Y117.962
G1 F6000 X119.658 Y112.786 E370.95844
G0 F9000 X119.659 Y112.316
G1 F6000 X118.191 Y110.848 E370.99296
G0 F9000 X117.714 Y110.371
G1 F6000 X107.683 Y100.34 E371.22888
G0 F9000 X107.212 Y100.338
G1 F6000 X107.181 Y100.454 E371.23087
G0 F9000 X107.181 Y100.6
G1 F6000 X108.155 Y100.339 E371.24764
G0 F9000 X108.155 Y100.5
G0 X110.318 Y100.5
G0 X110.318 Y100.339
G1 F6000 X105.141 Y119.659 E371.58027
G0 F9000 X105.141 Y119.5
G0 X108.247 Y119.5
G0 X108.247 Y119.659
G1 F6000 X112.917 Y102.231 E371.88032
G0 F9000 X112.684 Y102.231
G1 F6000 X100.339 Y105.539 E372.09286
G0 F9000 X100.339 Y105.725
G1 F6000 X114.274 Y119.659 E372.42058
G0 F9000 X114.458 Y119.659
G1 F6000 X119.635 Y100.339 E372.75321
G1 X119.659 Y100.362
G1 X114.58 Y101.723 E372.84065
G0 F9000 X113.817 Y102.232
G1 F6000 X119.659 Y108.074 E372.97805
G0 F9000 X119.5 Y108.074
G0 X119.5 Y106.574
G0 X119.658 Y106.574
G1 F6000 X100.34 Y111.75 E373.31064
G0 F9000 X100.5 Y111.75
G0 X100.5 Y109.967
G0 X100.339 Y109.967
G1 F6000 X110.031 Y119.659 E373.53858
G0 F9000 X110.031 Y119.5
G0 X111.353 Y119.5
G0 X111.353 Y119.659
G1 F6000 X116.53 Y100.338 E373.87123
G0 F9000 X116.167 Y100.339
G1 F6000 X119.659 Y103.831 E373.95335
G0 F9000 X119.658 Y103.468
G1 F6000 X100.34 Y108.644 E374.28594
G0 F9000 X100.5 Y108.644
G0 X100.5 Y114.856
G0 X100.34 Y114.856
G1 F6000 X117.714 Y110.201 E374.58506
G0 F9000 X117.615 Y110.201
G0 X117.687 Y110.876
G0 X119.5 Y111.842
G0 X119.659 Y111.842
G1 F6000 X117.564 Y119.66 E374.71967
G0 F9000 X117.189 Y119.659
G1 F6000 X119.659 Y118.997 E374.76219
G0 F9000 X119.5 Y118.997
G0 X118.516 Y119.5
G0 X118.516 Y119.659
G1 F6000 X100.339 Y101.482 E375.18969
G0 F9000 X100.5 Y101.482
G0 X104.741 Y102.26
G0 X107.211 Y102.259
G0 X111.925 Y100.5
G0 X111.925 Y100.34
G1 F6000 X111.999 Y100.414 E375.19143
G0 F9000 X111.9 Y100.414
G0 X111.971 Y102.26
G0 X119.53 Y119.53
G0 X119.7 Y119.7
;TYPE:WALL-INNER
G1 F1500 X119.7 Y100.3 E375.51405
G1 X100.3 Y100.3 E375.83667
G1 X100.3 Y119.7 E376.1593
G1 X119.7 Y119.7 E376.48192
G0 F9000 X119.9 Y119.9
;TYPE:WALL-OUTER
G1 F1500 X119.9 Y100.1 E376.8112
G1 X100.1 Y100.1 E377.14047
G1 X100.1 Y119.9 E377.46975
G1 X119.9 Y119.9 E377.79902
G0 F9000 X119.9 Y119.7
G0 X119.53 Y119.53
G0 X117.735 Y110.948
G0 X117.736 Y110.828
;TYPE:SKIN
G1 F1500 X117.736 Y108.507 E377.83762
G1 X119.52 Y108.507 E377.86729
G1 X119.52 Y110.828 E377.90589
G1 X117.736 Y110.828 E377.93555
G0 F9000 X118.081 Y110.727
G1 F1500 X117.835 Y110.481 E377.94134
G0 F9000 X117.835 Y110.198
G1 F1500 X118.364 Y110.727 E377.95378
G0 F9000 X118.647 Y110.727
G1 F1500 X117.835 Y109.915 E377.97288
G0 F9000 X117.835 Y109.632
G1 F1500 X118.93 Y110.727 E377.99863
G0 F9000 X119.213 Y110.727
G1 F1500 X117.835 Y109.349 E378.03104
G0 F9000 X117.835 Y109.066
G1 F1500 X119.419 Y110.651 E378.0683
G0 F9000 X119.419 Y110.368
G1 F1500 X117.835 Y108.784 E378.10556
G0 F9000 X117.941 Y108.607
G1 F1500 X119.419 Y110.085 E378.14032
G0 F9000 X119.419 Y109.803
G1 F1500 X118.224 Y108.607 E378.16843
G0 F9000 X118.506 Y108.607
G1 F1500 X119.419 Y109.52 E378.18991
G0 F9000 X119.419 Y109.237
G1 F1500 X118.789 Y108.607 E378.20472
G0 F9000 X119.072 Y108.607
G1 F1500 X119.419 Y108.954 E378.21288
G0 F9000 X119.419 Y108.671
G1 F1500 X119.355 Y108.607 E378.21439
G0 F9000 X119.355 Y108.386
G0 X112.02 Y102.332
G0 X112.02 Y102.212
G1 F1500 X112.02 Y100.48 E378.24319
G1 X114.561 Y100.48 E378.28545
G1 X114.559 Y102.212 E378.31425
G1 X112.02 Y102.212 E378.35648
G0 F9000 X112.118 Y101.936
G1 F1500 X112.294 Y102.111 E378.3606
G0 F9000 X112.577 Y102.111
G1 F1500 X112.118 Y101.653 E378.37139
G0 F9000 X112.118 Y101.37
G1 F1500 X112.859 Y102.111 E378.38881
G0 F9000 X113.142 Y102.111
G1 F1500 X112.118 Y101.087 E378.4129
G0 F9000 X112.118 Y100.805
G1 F1500 X113.425 Y102.111 E378.44362
G0 F9000 X113.708 Y102.111
G1 F1500 X112.176 Y100.579 E378.47966
G0 F9000 X112.458 Y100.579
G1 F1500 X113.991 Y102.111 E378.5157
G0 F9000 X114.274 Y102.111
G1 F1500 X112.741 Y100.579 E378.55174
G0 F9000 X113.024 Y100.579
G1 F1500 X114.458 Y102.013 E378.58546
G0 F9000 X114.458 Y101.73
G1 F1500 X113.307 Y100.579 E378.61253
G0 F9000 X113.59 Y100.579
G1 F1500 X114.459 Y101.448 E378.63297
G0 F9000 X114.459 Y101.165
G1 F1500 X113.873 Y100.579 E378.64675
G0 F9000 X114.156 Y100.579
G1 F1500 X114.46 Y100.883 E378.6539
G0 F9000 X114.681 Y100.884
G0 X114.607 Y102.26
G0 X107.283 Y102.211
G0 X107.163 Y102.211
G1 F1500 X104.789 Y102.212 E378.69338
G1 X104.787 Y100.48 E378.72219
G1 X107.162 Y100.48 E378.76168
G1 X107.163 Y102.211 E378.79047
G0 F9000 X107.283 Y102.211
G0 X107.283 Y100.839
G0 X107.062 Y100.839
G1 F1500 X106.802 Y100.58 E378.79657
G0 F9000 X106.519 Y100.58
G1 F1500 X107.062 Y101.122 E378.80933
G0 F9000 X107.062 Y101.405
G1 F1500 X106.237 Y100.58 E378.82873
G0 F9000 X105.954 Y100.58
G1 F1500 X107.062 Y101.688 E378.85479
G0 F9000 X107.062 Y101.971
G1 F1500 X105.671 Y100.58 E378.88751
G0 F9000 X105.388 Y100.58
G1 F1500 X106.919 Y102.111 E378.92351
G0 F9000 X106.636 Y102.111
G1 F1500 X105.105 Y100.58 E378.95952
G0 F9000 X104.886 Y100.643
G1 F1500 X106.353 Y102.111 E378.99403
G0 F9000 X106.07 Y102.111
G1 F1500 X104.886 Y100.926 E379.02189
G0 F9000 X104.886 Y101.209
G1 F1500 X105.788 Y102.111 E379.0431
G0 F9000 X105.505 Y102.111
G1 F1500 X104.887 Y101.493 E379.05764
G0 F9000 X104.887 Y101.776
G1 F1500 X105.222 Y102.111 E379.06552
G0 F9000 X104.939 Y102.111
G1 F1500 X104.887 Y102.058 E379.06675
G0 F9000 X104.568 Y102.058
;MESH:NONMESH
G0 F300 X104.568 Y102.058 Z3.3
G0 F9000 X100.854 Y100.5
G0 X100.854 Y100.339
;TIME_ELAPSED:815.665258
;LAYER:15
;TYPE:FILL
;MESH:xyzCalibration_cube.stl
G1 F6000 X100.339 Y102.263 E379.09988
G0 F9000 X100.34 Y102.579
G1 F6000 X104.766 Y101.393 E379.17608
G1 X104.767 Y101.467
G1 X103.639 Y100.339 E379.20261
G0 F9000 X103.96 Y100.338
G1 F6000 X100.339 Y113.852 E379.43527
G0 F9000 X100.339 Y114.011
G1 F6000 X105.988 Y119.659 E379.56812
G0 F9000 X106.142 Y119.659
G1 F6000 X119.659 Y116.037 E379.80083
G0 F9000 X119.659 Y116.36
G1 F6000 X105.531 Y102.232 E380.1331
G0 F9000 X105.53 Y102.332
G0 X106.559 Y102.332
G0 X106.559 Y102.231
G1 F6000 X101.889 Y119.659 E380.43316
G0 F9000 X101.745 Y119.659
G1 F6000 X100.339 Y118.253 E380.46622
G0 F9000 X100.339 Y118.108
G1 F6000 X119.658 Y112.932 E380.79883
G0 F9000 X119.659 Y112.117
G1 F6000 X118.39 Y110.848 E380.82868
G0 F9000 X117.714 Y110.347
G1 F6000 X100.339 Y115.002 E381.12781
G0 F9000 X100.5 Y115.002
G0 X100.5 Y111.896
G0 X100.34 Y111.896
G1 F6000 X119.658 Y106.72 E381.46041
G0 F9000 X119.5 Y106.72
G0 X119.5 Y107.874
G0 X119.659 Y107.874
G1 F6000 X114.016 Y102.232 E381.59311
G0 F9000 X114.58 Y101.869
G1 F6000 X119.658 Y100.508 E381.68054
G0 F9000 X119.49 Y100.338
G1 F6000 X114.312 Y119.659 E382.01319
G0 F9000 X114.473 Y119.659
G1 F6000 X100.339 Y105.525 E382.3456
G0 F9000 X100.34 Y105.685
G1 F6000 X113.229 Y102.231 E382.5675
G0 F9000 X112.771 Y102.23
G1 F6000 X108.101 Y119.659 E382.86757
G0 F9000 X108.101 Y119.5
G0 X110.23 Y119.5
G0 X110.23 Y119.659
G1 F6000 X100.339 Y109.768 E383.10019
G0 F9000 X100.34 Y108.791
G1 F6000 X119.658 Y103.614 E383.43279
G1 X119.659 Y103.632
G1 X116.367 Y100.339 E383.51022
G1 X116.384 Y100.338
G1 X111.207 Y119.659 E383.84287
G0 F9000 X111.207 Y119.5
G0 X117.418 Y119.5
G0 X117.418 Y119.659
G1 F6000 X119.659 Y111.297 E383.98684
G0 F9000 X119.5 Y111.297
G0 X117.687 Y110.876
G0 X117.615 Y110.172
G0 X117.714 Y110.172
G1 F6000 X107.881 Y100.339 E384.21809
G0 F9000 X107.299 Y100.714
G1 F6000 X108.697 Y100.339 E384.24216
G0 F9000 X108.697 Y100.5
G0 X110.172 Y100.5
G0 X110.172 Y100.338
G1 F6000 X104.995 Y119.66 E384.57482
G0 F9000 X104.995 Y119.5
G0 X117.734 Y119.5
G0 X117.734 Y119.659
G1 F6000 X119.658 Y119.143 E384.60795
G0 F9000 X119.5 Y119.143
G0 X118.716 Y119.5
G0 X118.716 Y119.659
G1 F6000 X100.339 Y101.283 E385.04014
G0 F9000 X100.5 Y101.283
G0 X119.53 Y119.53
G0 X119.7 Y119.7
;TYPE:WALL-INNER
G1 F1500 X119.7 Y100.3 E385.36276
G1 X100.3 Y100.3 E385.68538
G1 X100.3 Y119.7 E386.00801
G1 X119.7 Y119.7 E386.33063
G0 F9000 X119.9 Y119.9
;TYPE:WALL-OUTER
G1 F1500 X119.9 Y100.1 E386.65991
G1 X100.1 Y100.1 E386.98918
G1 X100.1 Y119.9 E387.31846
G1 X119.9 Y119.9 E387.64773
G0 F9000 X119.9 Y119.7
G0 X119.53 Y119.53
G0 X117.735 Y110.948
G0 X117.736 Y110.828
;TYPE:SKIN
G1 F1500 X117.736 Y108.505 E387.68636
G1 X119.52 Y108.505 E387.71603
G1 X119.52 Y110.828 E387.75466
G1 X117.736 Y110.828 E387.78433
G0 F9000 X117.735 Y110.948
G0 X119.222 Y110.948
G0 X119.223 Y110.727
G1 F1500 X119.419 Y110.531 E387.78894
G0 F9000 X119.419 Y110.248
G1 F1500 X118.94 Y110.727 E387.80021
G0 F9000 X118.657 Y110.727
G1 F1500 X119.419 Y109.965 E387.81813
G0 F9000 X119.419 Y109.682
G1 F1500 X118.374 Y110.727 E387.8427
G0 F9000 X118.091 Y110.727
G1 F1500 X119.419 Y109.4 E387.87393
G0 F9000 X119.419 Y109.117
G1 F1500 X117.835 Y110.701 E387.91118
G0 F9000 X117.835 Y110.418
G1 F1500 X119.419 Y108.834 E387.94843
G0 F9000 X119.366 Y108.604
G1 F1500 X117.835 Y110.135 E387.98444
G0 F9000 X117.835 Y109.852
G1 F1500 X119.083 Y108.604 E388.01379
G0 F9000 X118.801 Y108.604
G1 F1500 X117.835 Y109.569 E388.0365
G0 F9000 X117.835 Y109.286
G1 F1500 X118.518 Y108.604 E388.05255
G0 F9000 X118.235 Y108.604
G1 F1500 X117.835 Y109.004 E388.06196
G0 F9000 X117.835 Y108.721
G1 F1500 X117.952 Y108.604 E388.06471
G0 F9000 X117.952 Y108.384
G0 X111.898 Y102.332
G0 X111.898 Y102.212
G1 F1500 X111.898 Y100.48 E388.09351
G1 X114.561 Y100.48 E388.1378
G1 X114.559 Y102.212 E388.1666
G1 X111.898 Y102.212 E388.21085
G0 F9000 X111.898 Y102.332
G0 X111.778 Y100.699
G0 X111.997 Y100.7
G1 F1500 X112.118 Y100.579 E388.2137
G0 F9000 X112.4 Y100.579
G1 F1500 X111.997 Y100.983 E388.22319
G0 F9000 X111.997 Y101.266
G1 F1500 X112.683 Y100.579 E388.23933
G0 F9000 X112.966 Y100.579
G1 F1500 X111.997 Y101.549 E388.26213
G0 F9000 X111.997 Y101.831
G1 F1500 X113.249 Y100.579 E388.29158
G0 F9000 X113.532 Y100.579
G1 F1500 X112 Y102.111 E388.32761
G0 F9000 X112.282 Y102.111
G1 F1500 X113.815 Y100.579 E388.36365
G0 F9000 X114.098 Y100.579
G1 F1500 X112.565 Y102.111 E388.39969
G0 F9000 X112.848 Y102.111
G1 F1500 X114.38 Y100.579 E388.43572
G0 F9000 X114.459 Y100.783
G1 F1500 X113.131 Y102.111 E388.46696
G0 F9000 X113.414 Y102.111
G1 F1500 X114.459 Y101.066 E388.49153
G0 F9000 X114.458 Y101.35
G1 F1500 X113.697 Y102.111 E388.50943
G0 F9000 X113.979 Y102.111
G1 F1500 X114.457 Y101.633 E388.52067
G0 F9000 X114.457 Y101.916
G1 F1500 X114.262 Y102.111 E388.52526
G0 F9000 X114.262 Y102.332
G0 X107.401 Y102.211
G0 X107.281 Y102.211
G1 F1500 X104.789 Y102.212 E388.5667
G1 X104.787 Y100.48 E388.5955
G1 X107.28 Y100.48 E388.63696
G1 X107.281 Y102.211 E388.66575
G0 F9000 X107.179 Y101.841
G1 F1500 X106.909 Y102.111 E388.6721
G0 F9000 X106.626 Y102.111
G1 F1500 X107.179 Y101.558 E388.68511
G0 F9000 X107.179 Y101.276
G1 F1500 X106.343 Y102.111 E388.70476
G0 F9000 X106.061 Y102.111
G1 F1500 X107.179 Y100.993 E388.73105
G0 F9000 X107.179 Y100.71
G1 F1500 X105.777 Y102.111 E388.76401
G0 F9000 X105.494 Y102.111
G1 F1500 X107.026 Y100.58 E388.80003
G0 F9000 X106.743 Y100.58
G1 F1500 X105.211 Y102.111 E388.83605
G0 F9000 X104.928 Y102.111
G1 F1500 X106.46 Y100.58 E388.87207
G0 F9000 X106.177 Y100.58
G1 F1500 X104.887 Y101.87 E388.9024
G0 F9000 X104.887 Y101.587
G1 F1500 X105.894 Y100.58 E388.92609
G0 F9000 X105.612 Y100.58
G1 F1500 X104.887 Y101.305 E388.94314
G0 F9000 X104.887 Y101.022
G1 F1500 X105.329 Y100.58 E388.95353
G0 F9000 X105.046 Y100.58
G1 F1500 X104.887 Y100.739 E388.95727
G0 F9000 X104.566 Y100.739
;MESH:NONMESH
G0 F300 X104.566 Y100.739 Z3.5
G0 F9000 X100.708 Y100.5
G0 X100.708 Y100.339
;TIME_ELAPSED:839.502202
;LAYER:16
;TYPE:FILL
;MESH:xyzCalibration_cube.stl
G1 F6000 X100.339 Y101.718 E388.98101
G0 F9000 X100.339 Y101.083
G1 F6000 X118.915 Y119.659 E389.41789
G0 F9000 X118.279 Y119.659
G1 F6000 X119.658 Y119.289 E389.44164
G0 F9000 X119.5 Y119.289
G0 X117.272 Y119.5
G0 X117.272 Y119.659
G1 F6000 X119.633 Y110.847 E389.59335
G0 F9000 X119.53 Y110.919
G0 X118.589 Y110.948
G0 X118.59 Y110.848
G1 F6000 X119.659 Y111.918 E389.6185
G0 F9000 X119.5 Y111.918
G0 X119.5 Y113.078
G0 X119.659 Y113.078
G1 F6000 X100.339 Y118.254 E389.95113
G0 F9000 X100.339 Y118.054
G1 F6000 X101.944 Y119.659 E389.98887
G0 F9000 X101.743 Y119.659
G1 F6000 X106.413 Y102.23 E390.28894
G0 F9000 X105.73 Y102.231
G1 F6000 X119.659 Y116.16 E390.61653
G1 X119.658 Y116.183
G1 X106.687 Y119.659 E390.83985
G0 F9000 X106.187 Y119.659
G1 F6000 X100.339 Y113.811 E390.97739
G0 F9000 X100.339 Y113.307
G1 F6000 X103.814 Y100.339 E391.20065
G1 X103.838 Y100.339
G1 X104.766 Y101.267 E391.22248
G0 F9000 X104.767 Y101.539
G1 F6000 X100.34 Y102.725 E391.2987
G0 F9000 X100.5 Y102.725
G0 X100.5 Y105.326
G0 X100.339 Y105.326
G1 F6000 X114.672 Y119.659 E391.63579
G0 F9000 X114.166 Y119.659
G1 F6000 X119.344 Y100.338 E391.96844
G0 F9000 X119.658 Y100.654
G1 F6000 X114.579 Y102.015 E392.05588
G0 F9000 X114.216 Y102.232
G1 F6000 X119.659 Y107.675 E392.18389
G0 F9000 X119.658 Y106.866
G1 F6000 X100.339 Y112.042 E392.5165
G0 F9000 X100.5 Y112.042
G0 X100.5 Y109.569
G0 X100.339 Y109.569
G1 F6000 X110.43 Y119.659 E392.75381
G0 F9000 X111.061 Y119.66
G1 F6000 X116.238 Y100.338 E393.08647
G0 F9000 X116.566 Y100.339
G1 F6000 X119.659 Y103.432 E393.15921
G0 F9000 X119.658 Y103.76
G1 F6000 X100.339 Y108.937 E393.49183
G0 F9000 X100.5 Y108.937
G0 X100.5 Y105.831
G0 X100.34 Y105.831
G1 F6000 X113.775 Y102.231 E393.72313
G0 F9000 X113.775 Y102.332
G0 X112.625 Y102.332
G0 X112.625 Y102.231
G1 F6000 X107.955 Y119.66 E394.0232
G0 F9000 X107.955 Y119.5
G0 X104.849 Y119.5
G0 X104.849 Y119.659
G1 F6000 X110.026 Y100.338 E394.35585
G0 F9000 X109.243 Y100.339
G1 F6000 X107.418 Y100.828 E394.38727
G0 F9000 X108.081 Y100.339
G1 F6000 X117.714 Y109.972 E394.61382
G0 F9000 X117.713 Y110.493
G1 F6000 X100.339 Y115.148 E394.91294
G0 F9000 X100.5 Y115.148
G0 X119.53 Y119.53
G0 X119.7 Y119.7
;TYPE:WALL-INNER
G1 F1500 X119.7 Y100.3 E395.23556
G1 X100.3 Y100.3 E395.55819
G1 X100.3 Y119.7 E395.88081
G1 X119.7 Y119.7 E396.20343
G0 F9000 X119.9 Y119.9
;TYPE:WALL-OUTER
G1 F1500 X119.9 Y100.1 E396.53271
G1 X100.1 Y100.1 E396.86199
G1 X100.1 Y119.9 E397.19126
G1 X119.9 Y119.9 E397.52054
G0 F9000 X119.9 Y119.7
G0 X119.53 Y119.53
G0 X117.735 Y110.948
G0 X117.736 Y110.828
;TYPE:SKIN
G1 F1500 X117.736 Y108.502 E397.55922
G1 X119.52 Y108.502 E397.58889
G1 X119.52 Y110.828 E397.62757
G1 X117.736 Y110.828 E397.65723
G0 F9000 X118.081 Y110.727
G1 F1500 X117.835 Y110.481 E397.66302
G0 F9000 X117.835 Y110.198
G1 F1500 X118.364 Y110.727 E397.67546
G0 F9000 X118.647 Y110.727
G1 F1500 X117.835 Y109.915 E397.69456
G0 F9000 X117.835 Y109.632
G1 F1500 X118.93 Y110.727 E397.72031
G0 F9000 X119.213 Y110.727
G1 F1500 X117.835 Y109.349 E397.75272
G0 F9000 X117.835 Y109.066
G1 F1500 X119.419 Y110.651 E397.78998
G0 F9000 X119.419 Y110.368
G1 F1500 X117.835 Y108.784 E397.82724
G0 F9000 X117.935 Y108.601
G1 F1500 X119.419 Y110.085 E397.86214
G0 F9000 X119.419 Y109.803
G1 F1500 X118.218 Y108.601 E397.8904
G0 F9000 X118.501 Y108.601
G1 F1500 X119.419 Y109.52 E397.912
G0 F9000 X119.419 Y109.237
G1 F1500 X118.784 Y108.601 E397.92694
G0 F9000 X119.066 Y108.601
G1 F1500 X119.419 Y108.954 E397.93525
G0 F9000 X119.419 Y108.671
G1 F1500 X119.349 Y108.601 E397.93689
G0 F9000 X119.349 Y108.382
G0 X111.776 Y102.332
G0 X111.776 Y102.212
G1 F1500 X111.776 Y100.48 E397.9657
G1 X114.561 Y100.48 E398.01201
G1 X114.559 Y102.212 E398.04081
G1 X111.776 Y102.212 E398.0871
G0 F9000 X111.875 Y101.976
G1 F1500 X112.011 Y102.111 E398.09028
G0 F9000 X112.294 Y102.111
G1 F1500 X111.875 Y101.693 E398.10013
G0 F9000 X111.875 Y101.41
G1 F1500 X112.577 Y102.111 E398.11662
G0 F9000 X112.859 Y102.111
G1 F1500 X111.875 Y101.127 E398.13977
G0 F9000 X111.875 Y100.844
G1 F1500 X113.142 Y102.111 E398.16956
G0 F9000 X113.425 Y102.111
G1 F1500 X111.893 Y100.58 E398.20558
G0 F9000 X112.176 Y100.58
G1 F1500 X113.708 Y102.111 E398.2416
G0 F9000 X113.991 Y102.111
G1 F1500 X112.459 Y100.58 E398.27762
G0 F9000 X112.742 Y100.58
G1 F1500 X114.274 Y102.111 E398.31364
G0 F9000 X114.458 Y102.013
G1 F1500 X113.025 Y100.58 E398.34734
G0 F9000 X113.308 Y100.58
G1 F1500 X114.458 Y101.73 E398.37439
G0 F9000 X114.459 Y101.448
G1 F1500 X113.591 Y100.58 E398.3948
G0 F9000 X113.873 Y100.58
G1 F1500 X114.459 Y101.165 E398.40857
G0 F9000 X114.46 Y100.883
G1 F1500 X114.156 Y100.58 E398.41571
G0 F9000 X114.156 Y100.3
G0 X111.728 Y100.372
G0 X107.52 Y102.211
G0 X107.4 Y102.211
G1 F1500 X104.789 Y102.212 E398.45913
G1 X104.787 Y100.48 E398.48793
G1 X107.399 Y100.48 E398.53137
G1 X107.4 Y102.211 E398.56016
G0 F9000 X107.52 Y102.211
G0 X107.52 Y100.793
G0 X107.299 Y100.793
G1 F1500 X107.085 Y100.58 E398.56518
G0 F9000 X106.802 Y100.58
G1 F1500 X107.299 Y101.076 E398.57685
G0 F9000 X107.299 Y101.359
G1 F1500 X106.519 Y100.58 E398.59519
G0 F9000 X106.237 Y100.58
G1 F1500 X107.299 Y101.642 E398.62016
G0 F9000 X107.299 Y101.925
G1 F1500 X105.954 Y100.58 E398.6518
G0 F9000 X105.671 Y100.58
G1 F1500 X107.201 Y102.11 E398.68778
G0 F9000 X106.918 Y102.11
G1 F1500 X105.388 Y100.58 E398.72376
G0 F9000 X105.105 Y100.58
G1 F1500 X106.635 Y102.11 E398.75975
G0 F9000 X106.353 Y102.11
G1 F1500 X104.886 Y100.643 E398.79425
G0 F9000 X104.886 Y100.926
G1 F1500 X106.07 Y102.111 E398.82211
G0 F9000 X105.788 Y102.111
G1 F1500 X104.886 Y101.209 E398.84332
G0 F9000 X104.887 Y101.493
G1 F1500 X105.505 Y102.111 E398.85785
G0 F9000 X105.222 Y102.111
G1 F1500 X104.887 Y101.776 E398.86573
G0 F9000 X104.887 Y102.058
G1 F1500 X104.939 Y102.111 E398.86697
G0 F9000 X104.939 Y102.432
;MESH:NONMESH
G0 F300 X104.939 Y102.432 Z3.7
G0 F9000 X100.561 Y100.5
G0 X100.561 Y100.339
;TIME_ELAPSED:863.141598
;LAYER:17
;TYPE:FILL
;MESH:xyzCalibration_cube.stl
G1 F6000 X100.339 Y101.169 E398.88125
G0 F9000 X100.339 Y100.882
G1 F6000 X119.116 Y119.659 E399.32286
G0 F9000 X118.828 Y119.659
G1 F6000 X119.658 Y119.436 E399.33715
G0 F9000 X119.5 Y119.436
G0 X117.125 Y119.5
G0 X117.125 Y119.659
G1 F6000 X119.486 Y110.847 E399.48887
G0 F9000 X118.791 Y110.848
G1 F6000 X119.659 Y111.717 E399.50929
G0 F9000 X119.5 Y111.717
G0 X119.5 Y113.225
G0 X119.659 Y113.225
G1 F6000 X100.339 Y118.401 E399.84192
G0 F9000 X100.339 Y117.853
G1 F6000 X102.145 Y119.659 E399.88439
G0 F9000 X101.596 Y119.659
G1 F6000 X106.266 Y102.231 E400.18444
G0 F9000 X105.932 Y102.232
G1 F6000 X119.659 Y115.959 E400.50728
G0 F9000 X119.658 Y116.33
G1 F6000 X107.236 Y119.659 E400.72115
G0 F9000 X107.808 Y119.66
G1 F6000 X112.478 Y102.231 E401.02122
G0 F9000 X112.478 Y102.333
G0 X114.322 Y102.332
G0 X114.322 Y102.231
G1 F6000 X100.34 Y105.978 E401.26195
G0 F9000 X100.339 Y105.125
G1 F6000 X114.873 Y119.659 E401.60376
G0 F9000 X114.019 Y119.659
G1 F6000 X119.197 Y100.338 E401.93641
G0 F9000 X119.658 Y100.801
G1 F6000 X114.578 Y102.162 E402.02387
G0 F9000 X114.416 Y102.232
G1 F6000 X119.659 Y107.474 E402.14717
G0 F9000 X119.659 Y107.013
G1 F6000 X100.339 Y112.189 E402.47979
G0 F9000 X100.339 Y112.759
G1 F6000 X103.667 Y100.339 E402.69362
G0 F9000 X104.039 Y100.339
G1 F6000 X104.766 Y101.066 E402.71072
G0 F9000 X104.767 Y101.686
G1 F6000 X100.34 Y102.872 E402.78694
G0 F9000 X100.5 Y102.872
G0 X100.5 Y109.084
G0 X100.34 Y109.084
G1 F6000 X119.658 Y103.907 E403.11953
G0 F9000 X119.659 Y103.231
G1 F6000 X116.767 Y100.339 E403.18755
G0 F9000 X116.091 Y100.338
G1 F6000 X110.914 Y119.659 E403.52019
G0 F9000 X110.631 Y119.659
G1 F6000 X100.339 Y109.368 E403.76223
G0 F9000 X100.5 Y109.368
G0 X100.5 Y113.61
G0 X100.339 Y113.61
G1 F6000 X106.388 Y119.659 E403.9045
G0 F9000 X106.388 Y119.5
G0 X104.702 Y119.5
G0 X104.702 Y119.659
G1 F6000 X109.879 Y100.338 E404.23714
G1 X109.791 Y100.339
G1 X107.537 Y100.943 E404.27595
G0 F9000 X108.282 Y100.339
G1 F6000 X117.714 Y109.771 E404.49777
G0 F9000 X117.713 Y110.64
G1 F6000 X100.339 Y115.295 E404.7969
G0 F9000 X100.5 Y115.295
G0 X119.53 Y119.53
G0 X119.7 Y119.7
;TYPE:WALL-INNER
G1 F1500 X119.7 Y100.3 E405.11952
G1 X100.3 Y100.3 E405.44214
G1 X100.3 Y119.7 E405.76477
G1 X119.7 Y119.7 E406.08739
G0 F9000 X119.9 Y119.9
;TYPE:WALL-OUTER
G1 F1500 X119.9 Y100.1 E406.41666
G1 X100.1 Y100.1 E406.74594
G1 X100.1 Y119.9 E407.07521
G1 X119.9 Y119.9 E407.40449
G0 F9000 X119.9 Y119.7
G0 X119.53 Y119.53
G0 X117.735 Y110.948
G0 X117.736 Y110.828
;TYPE:SKIN
G1 F1500 X117.736 Y108.499 E407.44322
G1 X119.52 Y108.499 E407.47289
G1 X119.52 Y110.828 E407.51162
G1 X117.736 Y110.828 E407.54129
G0 F9000 X117.735 Y110.948
G0 X119.418 Y110.948
G0 X119.419 Y110.532
G1 F1500 X119.223 Y110.727 E407.54589
G0 F9000 X118.94 Y110.727
G1 F1500 X119.419 Y110.249 E407.55714
G0 F9000 X119.419 Y109.966
G1 F1500 X118.657 Y110.727 E407.57505
G0 F9000 X118.374 Y110.727
G1 F1500 X119.419 Y109.683 E407.59961
G0 F9000 X119.419 Y109.4
G1 F1500 X118.091 Y110.727 E407.63084
G0 F9000 X117.835 Y110.701
G1 F1500 X119.419 Y109.117 E407.66809
G0 F9000 X119.419 Y108.835
G1 F1500 X117.835 Y110.418 E407.70533
G0 F9000 X117.835 Y110.135
G1 F1500 X119.372 Y108.598 E407.74148
G0 F9000 X119.089 Y108.598
G1 F1500 X117.835 Y109.852 E407.77097
G0 F9000 X117.835 Y109.569
G1 F1500 X118.806 Y108.598 E407.79381
G0 F9000 X118.523 Y108.598
G1 F1500 X117.835 Y109.286 E407.80999
G0 F9000 X117.835 Y109.004
G1 F1500 X118.24 Y108.598 E407.81952
G0 F9000 X117.958 Y108.598
G1 F1500 X117.835 Y108.721 E407.82242
G0 F9000 X117.615 Y108.721
G0 X111.534 Y102.211
G0 X111.654 Y102.212
G1 F1500 X111.654 Y100.48 E407.85122
G1 X114.561 Y100.48 E407.89956
G1 X114.559 Y102.212 E407.92837
G1 X111.654 Y102.212 E407.97668
G0 F9000 X111.534 Y102.211
G0 X111.534 Y100.66
G0 X111.753 Y100.661
G1 F1500 X111.835 Y100.579 E407.97861
G0 F9000 X112.118 Y100.579
G1 F1500 X111.753 Y100.944 E407.98719
G0 F9000 X111.753 Y101.227
G1 F1500 X112.4 Y100.579 E408.00242
G0 F9000 X112.683 Y100.579
G1 F1500 X111.753 Y101.51 E408.0243
G0 F9000 X111.753 Y101.792
G1 F1500 X112.966 Y100.579 E408.05283
G0 F9000 X113.249 Y100.579
G1 F1500 X111.753 Y102.075 E408.08801
G0 F9000 X111.999 Y102.112
G1 F1500 X113.532 Y100.579 E408.12407
G0 F9000 X113.815 Y100.579
G1 F1500 X112.282 Y102.112 E408.16012
G0 F9000 X112.565 Y102.112
G1 F1500 X114.098 Y100.579 E408.19618
G0 F9000 X114.38 Y100.579
G1 F1500 X112.847 Y102.112 E408.23223
G0 F9000 X113.13 Y102.112
G1 F1500 X114.459 Y100.783 E408.26349
G0 F9000 X114.459 Y101.066
G1 F1500 X113.413 Y102.112 E408.28809
G0 F9000 X113.696 Y102.112
G1 F1500 X114.458 Y101.35 E408.30601
G0 F9000 X114.457 Y101.633
G1 F1500 X113.979 Y102.112 E408.31726
G0 F9000 X114.262 Y102.112
G1 F1500 X114.457 Y101.916 E408.32186
G0 F9000 X114.679 Y101.917
G0 X114.607 Y102.26
G0 X107.638 Y102.212
G0 X107.518 Y102.212
G1 F1500 X104.789 Y102.212 E408.36724
G1 X104.787 Y100.48 E408.39604
G1 X107.517 Y100.48 E408.44144
G1 X107.518 Y102.212 E408.47025
G0 F9000 X107.416 Y101.887
G1 F1500 X107.191 Y102.112 E408.47554
G0 F9000 X106.908 Y102.112
G1 F1500 X107.416 Y101.604 E408.48749
G0 F9000 X107.416 Y101.321
G1 F1500 X106.625 Y102.112 E408.50609
G0 F9000 X106.342 Y102.112
G1 F1500 X107.416 Y101.038 E408.53135
G0 F9000 X107.416 Y100.755
G1 F1500 X106.059 Y102.112 E408.56326
G0 F9000 X105.776 Y102.112
G1 F1500 X107.309 Y100.58 E408.59931
G0 F9000 X107.026 Y100.58
G1 F1500 X105.493 Y102.112 E408.63535
G0 F9000 X105.211 Y102.112
G1 F1500 X106.743 Y100.58 E408.67138
G0 F9000 X106.46 Y100.58
G1 F1500 X104.928 Y102.112 E408.70741
G0 F9000 X104.887 Y101.87
G1 F1500 X106.177 Y100.58 E408.73775
G0 F9000 X105.894 Y100.58
G1 F1500 X104.887 Y101.587 E408.76143
G0 F9000 X104.887 Y101.305
G1 F1500 X105.612 Y100.58 E408.77848
G0 F9000 X105.329 Y100.58
G1 F1500 X104.887 Y101.022 E408.78888
G0 F9000 X104.887 Y100.739
G1 F1500 X105.046 Y100.58 E408.79262
G0 F9000 X104.566 Y100.6
;MESH:NONMESH
G0 F300 X104.566 Y100.6 Z3.9
G0 F9000 X100.415 Y100.5
G0 X100.415 Y100.339
;TIME_ELAPSED:887.167225
;LAYER:18
;TYPE:FILL
;MESH:xyzCalibration_cube.stl
G1 F6000 X100.341 Y100.617 E408.7974
G1 X100.339 Y100.683
G1 X119.315 Y119.659 E409.24369
G1 X119.372 Y119.659
G1 X119.658 Y119.582 E409.24861
G0 F9000 X119.5 Y119.582
G0 X116.979 Y119.5
G0 X116.979 Y119.659
G1 F6000 X119.34 Y110.847 E409.40032
G0 F9000 X118.99 Y110.848
G1 F6000 X119.659 Y111.517 E409.41606
G0 F9000 X119.5 Y111.517
G0 X119.5 Y113.371
G0 X119.658 Y113.371
G1 F6000 X100.339 Y118.547 E409.74867
G0 F9000 X100.339 Y117.654
G1 F6000 X102.345 Y119.659 E409.79583
G0 F9000 X101.45 Y119.659
G1 F6000 X106.121 Y102.227 E410.09595
G1 X106.128 Y102.229
G1 X119.659 Y115.76 E410.41418
G0 F9000 X119.658 Y116.476
G1 F6000 X107.78 Y119.659 E410.61868
G0 F9000 X107.662 Y119.659
G1 F6000 X112.331 Y102.232 E410.91872
G0 F9000 X112.331 Y102.392
G0 X114.668 Y102.32
G0 X114.494 Y102.109
G1 F6000 X119.659 Y107.275 E411.0402
G0 F9000 X119.658 Y107.159
G1 F6000 X100.339 Y112.335 E411.37281
G0 F9000 X100.34 Y112.211
G1 F6000 X103.521 Y100.339 E411.57721
G0 F9000 X104.239 Y100.34
G1 F6000 X104.766 Y100.867 E411.5896
G0 F9000 X104.765 Y101.832
G1 F6000 X100.34 Y103.018 E411.66579
G0 F9000 X100.5 Y103.018
G0 X100.5 Y104.926
G0 X100.339 Y104.926
G1 F6000 X115.073 Y119.659 E412.0123
G0 F9000 X115.073 Y119.5
G0 X113.873 Y119.5
G0 X113.873 Y119.66
G1 F6000 X119.051 Y100.338 E412.34496
G0 F9000 X119.658 Y100.947
G1 F6000 X100.339 Y106.124 E412.67757
G0 F9000 X100.5 Y106.124
G0 X100.5 Y109.168
G0 X100.339 Y109.168
G1 F6000 X110.83 Y119.659 E412.9243
G1 X110.767 Y119.66
G1 X115.945 Y100.338 E413.25697
G0 F9000 X115.945 Y100.5
G0 X116.966 Y100.5
G0 X116.966 Y100.339
G1 F6000 X119.659 Y103.032 E413.3203
G0 F9000 X119.5 Y103.032
G0 X119.5 Y104.053
G0 X119.658 Y104.053
G1 F6000 X100.339 Y109.23 E413.65291
G0 F9000 X100.5 Y109.23
G0 X100.5 Y113.411
G0 X100.339 Y113.411
G1 F6000 X106.587 Y119.659 E413.79986
G0 F9000 X106.587 Y119.5
G0 X104.556 Y119.5
G0 X104.556 Y119.659
G1 F6000 X109.733 Y100.339 E414.13249
G0 F9000 X110.338 Y100.339
G1 F6000 X107.656 Y101.058 E414.17866
G0 F9000 X107.757 Y101.058
G0 X108.481 Y100.5
G0 X108.481 Y100.339
G1 F6000 X117.715 Y109.573 E414.39583
G0 F9000 X117.555 Y109.573
G0 X117.627 Y110.936
G0 X117.83 Y110.755
G1 F6000 X100.339 Y115.441 E414.69697
G0 F9000 X100.5 Y115.441
G0 X119.53 Y119.53
G0 X119.7 Y119.7
;TYPE:WALL-INNER
G1 F1500 X119.7 Y110.809 E414.84482
G1 X117.988 Y110.808 E414.8733
G1 X117.863 Y110.74 E414.87566
G1 X117.755 Y110.563 E414.87911
G1 X117.756 Y108.799 E414.90845
G1 X117.842 Y108.615 E414.91182
G1 X117.985 Y108.528 E414.91461
G1 X119.7 Y108.528 E414.94313
G1 X119.7 Y100.3 E415.07996
G1 X114.542 Y100.3 E415.16574
G1 X114.54 Y101.974 E415.19358
G1 X114.432 Y102.124 E415.19665
G1 X114.272 Y102.191 E415.19953
G1 X112.416 Y102.193 E415.2304
G1 X112.278 Y102.131 E415.23292
G1 X112.161 Y101.98 E415.23609
G1 X112.161 Y100.3 E415.26403
G1 X107.024 Y100.3 E415.34946
G1 X107.024 Y101.979 E415.37738
G1 X106.907 Y102.13 E415.38056
G1 X106.785 Y102.19 E415.38282
G1 X105.052 Y102.187 E415.41164
G1 X104.921 Y102.128 E415.41403
G1 X104.808 Y101.952 E415.41751
G1 X104.806 Y100.3 E415.44498
G1 X100.301 Y100.301 E415.5199
G1 X100.3 Y119.7 E415.84251
G1 X119.7 Y119.7 E416.16513
G0 F9000 X119.9 Y119.9
;TYPE:WALL-OUTER
G1 F1500 X119.9 Y110.609 E416.31964
G1 X118.024 Y110.604 E416.35084
G1 X117.957 Y110.533 E416.35246
G1 X117.955 Y108.818 E416.38098
G1 X118.024 Y108.732 E416.38281
G1 X119.9 Y108.728 E416.41401
G1 X119.9 Y100.1 E416.5575
G1 X114.342 Y100.1 E416.64993
G1 X114.334 Y101.929 E416.68034
G1 X114.251 Y101.992 E416.68208
G1 X112.427 Y101.987 E416.71241
G1 X112.361 Y101.891 E416.71435
G1 X112.361 Y100.1 E416.74413
G1 X106.824 Y100.1 E416.83621
G1 X106.824 Y101.919 E416.86646
G1 X106.742 Y101.99 E416.86827
G1 X105.089 Y101.991 E416.89576
G1 X105.011 Y101.92 E416.89751
G1 X105.006 Y100.1 E416.92778
G1 X100.101 Y100.101 E417.00935
G1 X100.1 Y119.9 E417.33861
G1 X119.9 Y119.9 E417.66788
G0 F9000 X119.9 Y119.7
G0 X119.53 Y119.53
G0 X111.762 Y102.333
G0 X111.762 Y101.982
;TYPE:SKIN
G1 F1171.9 X111.757 Y100.704 E417.69508
G0 F9000 X111.413 Y100.703
G0 X111.482 Y102.261
G0 X111.991 Y102.303
G0 X112.125 Y102.212
G1 F1500 X112.014 Y102.065 E417.69815
G1 X111.982 Y101.903 E417.70089
G1 X111.981 Y100.48 E417.72456
G1 X111.533 Y100.48 E417.73201
G1 X111.531 Y102.212 E417.76081
G1 X112.125 Y102.212 E417.77069
G0 F9000 X111.991 Y102.303
G0 X107.757 Y101.988
G0 X107.413 Y101.988
G1 F1250 X107.421 Y101.938 E417.7717
G1 F1287.6 X107.42 Y100.696 E417.79576
G0 F9000 X107.757 Y100.696
G0 X107.685 Y102.26
G0 X107.194 Y102.302
G0 X107.052 Y102.211
G1 F1500 X107.637 Y102.212 E417.80549
G1 X107.636 Y100.48 E417.8343
G1 X107.204 Y100.48 E417.84148
G1 X107.202 Y101.905 E417.86518
G1 X107.171 Y102.064 E417.86787
G1 X107.052 Y102.211 E417.87102
G0 F9000 X107.265 Y102.432
;MESH:NONMESH
G0 F300 X107.265 Y102.432 Z4.1
G0 F9000 X104.68 Y102.32
G0 X100.5 Y100.482
G0 X100.339 Y100.482
;TIME_ELAPSED:907.018823
;LAYER:19
;TYPE:FILL
;MESH:xyzCalibration_cube.stl
G1 F6000 X119.516 Y119.659 E418.32203
G0 F9000 X119.516 Y119.5
G0 X116.832 Y119.5
G0 X116.832 Y119.659
G1 F6000 X119.194 Y110.845 E418.47378
G1 X119.189 Y110.847
G1 X119.659 Y111.316 E418.48482
G0 F9000 X119.5 Y111.316
G0 X118.041 Y111.006
G0 X118.042 Y110.845
G1 F6000 X100.339 Y115.588 E418.78961
G0 F9000 X100.5 Y115.588
G0 X100.5 Y117.453
G0 X100.339 Y117.453
G1 F6000 X102.546 Y119.659 E418.8415
G0 F9000 X102.546 Y119.5
G0 X101.303 Y119.5
G0 X101.303 Y119.659
G1 F6000 X105.974 Y102.228 E419.14161
G0 F9000 X106.33 Y102.23
G1 F6000 X119.659 Y115.559 E419.45508
G0 F9000 X119.5 Y115.559
G0 X119.5 Y116.623
G0 X119.658 Y116.623
G1 F6000 X108.329 Y119.659 E419.65013
G0 F9000 X107.515 Y119.659
G1 F6000 X112.184 Y102.232 E419.95017
G0 F9000 X112.184 Y102.392
G0 X111.362 Y102.261
G0 X110.885 Y100.5
G0 X110.885 Y100.339
G1 F6000 X107.773 Y101.173 E420.00375
G0 F9000 X107.875 Y101.173
G0 X108.682 Y100.5
G0 X108.682 Y100.339
G1 F6000 X117.715 Y109.373 E420.2162
G0 F9000 X117.555 Y109.373
G0 X117.627 Y108.398
G0 X119.5 Y107.306
G0 X119.659 Y107.306
G1 F6000 X100.339 Y112.482 E420.54882
G0 F9000 X100.339 Y113.21
G1 F6000 X106.788 Y119.659 E420.70049
G0 F9000 X106.788 Y119.5
G0 X104.409 Y119.5
G0 X104.409 Y119.659
G1 F6000 X109.586 Y100.339 E421.03312
G0 F9000 X109.586 Y100.5
G0 X107.803 Y102.26
G0 X107.271 Y102.319
G0 X104.791 Y102.32
G0 X104.717 Y100.777
G0 X104.877 Y100.777
G1 F6000 X104.439 Y100.339 E421.04342
G0 F9000 X104.439 Y100.5
G0 X103.374 Y100.5
G0 X103.374 Y100.338
G1 F6000 X100.339 Y111.665 E421.23844
G0 F9000 X100.5 Y111.665
G0 X100.5 Y109.377
G0 X100.339 Y109.377
G1 F6000 X119.658 Y104.2 E421.57105
G0 F9000 X119.5 Y104.2
G0 X119.5 Y102.831
G0 X119.659 Y102.831
G1 F6000 X117.167 Y100.339 E421.62966
G0 F9000 X117.167 Y100.5
G0 X115.798 Y100.5
G0 X115.798 Y100.338
G1 F6000 X110.62 Y119.66 E421.96232
G0 F9000 X111.031 Y119.659
G1 F6000 X100.339 Y108.967 E422.21378
G0 F9000 X100.5 Y108.967
G0 X100.5 Y106.271
G0 X100.34 Y106.271
G1 F6000 X119.658 Y101.094 E422.54638
G0 F9000 X119.5 Y101.094
G0 X118.904 Y100.5
G0 X118.904 Y100.338
G1 F6000 X113.726 Y119.659 E422.87902
G0 F9000 X113.726 Y119.5
G0 X115.273 Y119.5
G0 X115.273 Y119.659
G1 F6000 X100.339 Y104.725 E423.23025
G0 F9000 X100.5 Y104.725
G0 X100.5 Y103.165
G0 X100.34 Y103.165
G1 F6000 X104.878 Y101.949 E423.30838
G0 F9000 X104.718 Y101.949
G0 X104.791 Y102.32
G0 X114.54 Y102.32
G0 X114.612 Y101.868
G0 X114.452 Y101.867
G1 F6000 X119.659 Y107.074 E423.43084
G0 F9000 X119.5 Y107.074
G0 X117.627 Y108.398
G0 X117.627 Y110.934
G0 X119.5 Y113.518
G0 X119.658 Y113.518
G1 F6000 X100.339 Y118.694 E423.76345
G0 F9000 X100.5 Y118.694
G0 X119.53 Y119.53
G0 X119.7 Y119.7
;TYPE:WALL-INNER
G1 F1500 X119.7 Y110.807 E423.91134
G1 X117.984 Y110.806 E423.93988
G1 X117.832 Y110.708 E423.94288
G1 X117.755 Y110.522 E423.94623
G1 X117.756 Y108.799 E423.97488
G1 X117.815 Y108.645 E423.97763
G1 X117.989 Y108.526 E423.98113
G1 X119.7 Y108.526 E424.00959
G1 X119.7 Y100.3 E424.14639
G1 X114.416 Y100.3 E424.23426
G1 X114.413 Y101.977 E424.26215
G1 X114.308 Y102.121 E424.26511
G1 X114.113 Y102.193 E424.26857
G1 X112.252 Y102.191 E424.29952
G1 X112.114 Y102.092 E424.30234
G1 X112.039 Y101.969 E424.30474
G1 X112.039 Y100.3 E424.33249
G1 X107.143 Y100.3 E424.41391
G1 X107.143 Y101.968 E424.44165
G1 X107.068 Y102.091 E424.44405
G1 X106.883 Y102.189 E424.44753
G1 X105.173 Y102.189 E424.47597
G1 X105.067 Y102.152 E424.47783
G1 X104.919 Y101.954 E424.48195
G1 X104.917 Y100.3 E424.50945
G1 X100.3 Y100.3 E424.58623
G1 X100.3 Y119.7 E424.90886
G1 X119.7 Y119.7 E425.23148
G0 F9000 X119.9 Y119.9
;TYPE:WALL-OUTER
G1 F1500 X119.9 Y110.607 E425.38602
G1 X118.024 Y110.602 E425.41722
G1 X117.957 Y110.531 E425.41884
G1 X117.956 Y108.806 E425.44753
G1 X118.023 Y108.73 E425.44922
G1 X119.9 Y108.726 E425.48043
G1 X119.9 Y100.1 E425.62388
G1 X114.216 Y100.1 E425.71841
G1 X114.213 Y101.922 E425.74871
G1 X114.113 Y101.993 E425.75075
G1 X112.319 Y101.991 E425.78058
G1 X112.245 Y101.928 E425.7822
G1 X112.239 Y100.1 E425.8126
G1 X106.943 Y100.1 E425.90067
G1 X106.943 Y101.89 E425.93044
G1 X106.898 Y101.991 E425.93228
G1 X105.177 Y101.991 E425.9609
G1 X105.123 Y101.922 E425.96235
G1 X105.117 Y100.1 E425.99265
G1 X100.1 Y100.1 E426.07609
G1 X100.1 Y119.9 E426.40536
G1 X119.9 Y119.9 E426.73464
G0 F9000 X119.9 Y119.7
G0 X119.53 Y119.53
G0 X111.635 Y102.333
G0 X111.635 Y101.989
;TYPE:SKIN
G1 F1209.7 X111.635 Y100.704 E426.76114
G0 F9000 X111.291 Y100.703
G0 X111.362 Y102.261
G0 X111.869 Y102.303
G0 X111.984 Y102.211
G1 F1500 X111.859 Y101.988 E426.76539
G1 X111.859 Y100.48 E426.79047
G1 X111.411 Y100.48 E426.79792
G1 X111.411 Y102.213 E426.82674
G1 X111.984 Y102.211 E426.83626
G0 F9000 X111.869 Y102.303
G0 X107.875 Y101.996
G0 X107.539 Y101.996
G1 F1293.1 X107.539 Y100.696 E426.86134
G0 F9000 X107.875 Y100.696
G0 X107.803 Y102.26
G0 X107.313 Y102.302
G0 X107.197 Y102.211
G1 F1500 X107.755 Y102.212 E426.87062
G1 X107.754 Y100.48 E426.89943
G1 X107.323 Y100.48 E426.90659
G1 X107.323 Y102.018 E426.93217
G1 X107.197 Y102.211 E426.936
G0 F9000 X107.384 Y102.432
;MESH:NONMESH
G0 F300 X107.384 Y102.432 Z4.3
G0 F9000 X104.791 Y102.32
G0 X100.47 Y100.47
G0 X100.396 Y100.339
;TIME_ELAPSED:928.166017
;LAYER:20
;TYPE:FILL
;MESH:xyzCalibration_cube.stl
G1 F6000 X119.659 Y119.602 E427.38904
G0 F9000 X119.53 Y119.53
G0 X119.5 Y116.769
G0 X119.658 Y116.769
G1 F6000 X108.873 Y119.659 E427.57472
G0 F9000 X108.873 Y119.5
G0 X107.369 Y119.5
G0 X107.369 Y119.659
G1 F6000 X112.038 Y102.232 E427.87476
G0 F9000 X112.038 Y102.392
G0 X111.24 Y102.261
G0 X111.267 Y100.5
G0 X111.267 Y100.383
G1 F6000 X107.893 Y101.287 E427.93284
G0 F9000 X107.994 Y101.287
G0 X108.882 Y100.5
G0 X108.882 Y100.34
G1 F6000 X117.718 Y109.176 E428.14065
G0 F9000 X117.555 Y109.176
G0 X117.627 Y110.932
G0 X118.592 Y111.004
G0 X118.593 Y110.843
G1 F6000 X100.339 Y115.734 E428.45493
G0 F9000 X100.5 Y115.734
G0 X100.5 Y117.253
G0 X100.339 Y117.253
G1 F6000 X102.745 Y119.659 E428.51151
G0 F9000 X102.745 Y119.5
G0 X104.263 Y119.5
G0 X104.263 Y119.659
G1 F6000 X109.44 Y100.339 E428.84414
G0 F9000 X109.44 Y100.5
G0 X107.922 Y102.26
G0 X106.528 Y102.392
G0 X106.528 Y102.229
G1 F6000 X119.659 Y115.36 E429.15296
G0 F9000 X119.5 Y115.36
G0 X119.5 Y113.664
G0 X119.658 Y113.664
G1 F6000 X100.339 Y118.84 E429.48557
G0 F9000 X100.5 Y118.84
G0 X101.157 Y119.5
G0 X101.157 Y119.659
G1 F6000 X105.828 Y102.226 E429.78571
G0 F9000 X105.039 Y102.052
G1 F6000 X100.339 Y103.311 E429.86662
G0 F9000 X100.5 Y103.311
G0 X100.5 Y104.525
G0 X100.339 Y104.525
G1 F6000 X115.473 Y119.659 E430.22255
G0 F9000 X115.473 Y119.5
G0 X116.686 Y119.5
G0 X116.686 Y119.66
G1 F6000 X119.049 Y110.843 E430.37435
G0 F9000 X119.386 Y110.844
G1 F6000 X119.659 Y111.117 E430.38077
G0 F9000 X119.5 Y111.117
G0 X117.627 Y110.932
G0 X117.627 Y108.396
G0 X119.5 Y107.452
G0 X119.658 Y107.452
G1 F6000 X100.339 Y112.628 E430.71338
G0 F9000 X100.339 Y113.011
G1 F6000 X106.988 Y119.659 E430.86974
G0 F9000 X106.988 Y119.5
G0 X110.475 Y119.5
G0 X110.475 Y119.659
G1 F6000 X115.652 Y100.338 E431.20239
G0 F9000 X115.652 Y100.5
G0 X117.366 Y100.5
G0 X117.366 Y100.339
G1 F6000 X119.659 Y102.632 E431.25632
G0 F9000 X119.5 Y102.632
G0 X119.5 Y101.24
G0 X119.658 Y101.24
G1 F6000 X100.339 Y106.417 E431.58893
G0 F9000 X100.5 Y106.417
G0 X100.5 Y108.768
G0 X100.339 Y108.768
G1 F6000 X111.23 Y119.659 E431.84507
G0 F9000 X111.23 Y119.5
G0 X113.58 Y119.5
G0 X113.58 Y119.66
G1 F6000 X118.757 Y100.338 E432.17773
G0 F9000 X118.757 Y100.5
G0 X119.5 Y104.346
G0 X119.658 Y104.346
G1 F6000 X100.339 Y109.523 E432.51034
G0 F9000 X100.5 Y109.523
G0 X100.5 Y111.121
G0 X100.339 Y111.121
G1 F6000 X103.228 Y100.339 E432.69597
G0 F9000 X103.228 Y100.5
G0 X104.639 Y100.5
G0 X104.639 Y100.339
G1 F6000 X104.987 Y100.688 E432.70417
G0 F9000 X104.828 Y100.688
G0 X104.902 Y102.32
G0 X114.415 Y102.32
G0 X114.487 Y101.542
G0 X114.326 Y101.541
G1 F6000 X119.659 Y106.874 E432.82959
G0 F9000 X119.5 Y106.874
G0 X117.627 Y108.396
G0 X117.627 Y110.932
G0 X119.53 Y119.53
G0 X119.7 Y119.7
;TYPE:WALL-INNER
G1 F1500 X119.7 Y110.805 E432.97751
G1 X117.984 Y110.804 E433.00605
G1 X117.832 Y110.706 E433.00906
G1 X117.755 Y110.52 E433.01241
G1 X117.755 Y108.8 E433.04101
G1 X117.811 Y108.648 E433.04371
G1 X117.9 Y108.566 E433.04572
G1 X118.055 Y108.524 E433.04839
G1 X119.7 Y108.524 E433.07574
G1 X119.7 Y100.3 E433.21251
G1 X114.289 Y100.3 E433.3025
G1 X114.287 Y101.893 E433.32899
G1 X114.228 Y102.072 E433.33212
G1 X114.036 Y102.193 E433.3359
G1 X112.165 Y102.188 E433.36701
G1 X111.991 Y102.091 E433.37032
G1 X111.917 Y101.962 E433.3728
G1 X111.917 Y100.3 E433.40044
G1 X107.261 Y100.3 E433.47787
G1 X107.261 Y101.961 E433.50549
G1 X107.187 Y102.09 E433.50796
G1 X107.014 Y102.191 E433.51129
G1 X105.285 Y102.189 E433.54005
G1 X105.18 Y102.153 E433.54189
G1 X105.078 Y102.057 E433.54422
G1 X105.03 Y101.893 E433.54706
G1 X105.028 Y100.3 E433.57356
G1 X100.3 Y100.3 E433.65218
G1 X100.3 Y119.7 E433.97481
G1 X119.7 Y119.7 E434.29743
G0 F9000 X119.9 Y119.9
;TYPE:WALL-OUTER
G1 F1500 X119.9 Y110.605 E434.45201
G1 X118.024 Y110.6 E434.4832
G1 X117.957 Y110.529 E434.48483
G1 X117.96 Y108.791 E434.51373
G1 X118.023 Y108.729 E434.5152
G1 X119.9 Y108.724 E434.54641
G1 X119.9 Y100.1 E434.68983
G1 X114.089 Y100.1 E434.78647
G1 X114.087 Y101.921 E434.81675
G1 X114.011 Y101.99 E434.81846
G1 X112.199 Y101.991 E434.84859
G1 X112.122 Y101.924 E434.85029
G1 X112.117 Y100.1 E434.88062
G1 X107.061 Y100.1 E434.96471
G1 X107.056 Y101.923 E434.99502
G1 X106.974 Y101.991 E434.99679
G1 X105.29 Y101.991 E435.0248
G1 X105.234 Y101.923 E435.02626
G1 X105.228 Y100.1 E435.05658
G1 X100.1 Y100.1 E435.14186
G1 X100.1 Y119.9 E435.47114
G1 X119.9 Y119.9 E435.80041
G0 F9000 X119.9 Y119.7
G0 X119.53 Y119.53
G0 X111.513 Y102.333
G0 X111.513 Y101.989
;TYPE:SKIN
G1 F1209.7 X111.513 Y100.704 E435.82691
G0 F9000 X111.169 Y100.703
G0 X111.24 Y102.261
G0 X111.747 Y102.303
G0 X111.868 Y102.212
G1 F1500 X111.737 Y101.983 E435.8313
G1 X111.737 Y100.48 E435.85629
G1 X111.289 Y100.48 E435.86374
G1 X111.289 Y102.213 E435.89256
G1 X111.868 Y102.212 E435.90219
G0 F9000 X111.747 Y102.303
G0 X107.994 Y101.995
G0 X107.657 Y101.995
G1 F1282.1 X107.657 Y100.696 E435.92747
G0 F9000 X107.994 Y100.696
G0 X107.922 Y102.26
G0 X107.431 Y102.302
G0 X107.308 Y102.211
G1 F1500 X107.874 Y102.212 E435.93688
G1 X107.873 Y100.48 E435.96568
G1 X107.441 Y100.48 E435.97287
G1 X107.441 Y101.987 E435.99793
G1 X107.308 Y102.211 E436.00226
G0 F9000 X107.502 Y102.432
;MESH:NONMESH
G0 F300 X107.502 Y102.432 Z4.5
G0 F9000 X104.902 Y102.32
G0 X100.47 Y100.47
G0 X100.34 Y100.351
;TIME_ELAPSED:949.539423
;LAYER:21
;TYPE:FILL
;MESH:xyzCalibration_cube.stl
G1 F6000 X100.379 Y100.34 E436.00293
G0 F9000 X100.596 Y100.34
G1 F6000 X119.659 Y119.403 E436.45127
G0 F9000 X119.658 Y119.613
G1 F6000 X119.646 Y119.66 E436.45207
G0 F9000 X119.53 Y119.53
G0 X119.5 Y116.915
G0 X119.659 Y116.915
G1 F6000 X109.421 Y119.658 E436.62834
G0 F9000 X110.329 Y119.659
G1 F6000 X115.506 Y100.339 E436.96096
G0 F9000 X115.506 Y100.5
G0 X114.36 Y101.217
G0 X114.2 Y101.216
G1 F6000 X119.659 Y106.675 E437.08935
G0 F9000 X119.658 Y107.598
G1 F6000 X100.34 Y112.774 E437.42194
G1 X100.34 Y112.812
G1 X107.186 Y119.658 E437.58295
G1 X107.223 Y119.658
G1 X111.893 Y102.231 E437.88299
G0 F9000 X111.893 Y102.392
G0 X111.118 Y102.261
G0 X111.047 Y100.561
G0 X111.145 Y100.561
G1 F6000 X108.011 Y101.401 E437.93695
G0 F9000 X108.112 Y101.401
G0 X109.081 Y100.5
G0 X109.081 Y100.339
G1 F6000 X117.716 Y108.975 E438.14004
G0 F9000 X117.556 Y108.975
G0 X117.628 Y108.394
G0 X119.535 Y108.322
G0 X119.535 Y108.481
G1 F6000 X119.659 Y108.021 E438.14796
G0 F9000 X119.5 Y108.021
G0 X117.628 Y108.394
G0 X117.628 Y110.93
G0 X119.583 Y111.002
G0 X119.584 Y110.843
G1 F6000 X119.659 Y110.918 E438.14973
G0 F9000 X119.143 Y110.842
G1 F6000 X100.34 Y115.88 E438.47345
G0 F9000 X100.5 Y115.88
G0 X100.5 Y117.055
G0 X100.34 Y117.055
G1 F6000 X102.943 Y119.658 E438.53467
G0 F9000 X102.943 Y119.5
G0 X104.117 Y119.5
G0 X104.117 Y119.658
G1 F6000 X109.294 Y100.338 E438.8673
G0 F9000 X109.294 Y100.5
G0 X108.04 Y102.26
G0 X106.727 Y102.392
G0 X106.727 Y102.229
G1 F6000 X119.659 Y115.16 E439.17143
G0 F9000 X119.5 Y115.16
G0 X119.5 Y113.809
G0 X119.659 Y113.809
G1 F6000 X100.339 Y118.986 E439.50405
G0 F9000 X101.011 Y119.659
G1 F6000 X105.682 Y102.227 E439.80418
G0 F9000 X105.23 Y102.146
G1 F6000 X100.34 Y103.457 E439.88837
G0 F9000 X100.34 Y104.327
G1 F6000 X115.672 Y119.658 E440.24894
G0 F9000 X116.54 Y119.659
G1 F6000 X118.903 Y110.841 E440.40076
G0 F9000 X118.902 Y111.002
G0 X117.628 Y110.93
G0 X117.628 Y108.394
G0 X119.5 Y104.492
G0 X119.658 Y104.492
G1 F6000 X100.34 Y109.668 E440.73335
G0 F9000 X100.34 Y110.572
G1 F6000 X103.082 Y100.339 E440.90953
G0 F9000 X103.082 Y100.5
G0 X104.839 Y100.5
G0 X104.839 Y100.34
G1 F6000 X105.099 Y100.6 E440.91565
G0 F9000 X104.939 Y100.6
G0 X100.5 Y106.562
G0 X100.34 Y106.562
G1 F6000 X119.659 Y101.386 E441.24825
G0 F9000 X119.5 Y101.386
G0 X119.5 Y102.432
G0 X119.659 Y102.432
G1 F6000 X117.566 Y100.339 E441.29748
G0 F9000 X117.566 Y100.5
G0 X118.611 Y100.5
G0 X118.611 Y100.339
G1 F6000 X113.435 Y119.659 E441.6301
G0 F9000 X113.435 Y119.5
G0 X111.429 Y119.5
G0 X111.429 Y119.658
G1 F6000 X100.34 Y108.569 E441.8909
G0 F9000 X100.5 Y108.569
G0 X119.53 Y119.53
G0 X119.7 Y119.7
;TYPE:WALL-INNER
G1 F1500 X119.7 Y110.803 E442.03886
G1 X117.985 Y110.802 E442.06738
G1 X117.833 Y110.704 E442.07038
G1 X117.756 Y110.518 E442.07373
G1 X117.756 Y108.801 E442.10228
G1 X117.808 Y108.652 E442.10491
G1 X117.987 Y108.522 E442.10859
G1 X119.7 Y108.522 E442.13708
G1 X119.7 Y100.3 E442.27381
G1 X114.163 Y100.3 E442.36589
G1 X114.16 Y101.981 E442.39384
G1 X114.06 Y102.117 E442.39665
G1 X113.896 Y102.19 E442.39964
G1 X112.016 Y102.192 E442.4309
G1 X111.868 Y102.09 E442.43389
G1 X111.795 Y101.955 E442.43644
G1 X111.795 Y100.3 E442.46397
G1 X107.38 Y100.3 E442.53739
G1 X107.38 Y101.954 E442.56489
G1 X107.306 Y102.089 E442.56745
G1 X107.115 Y102.19 E442.57105
G1 X105.396 Y102.189 E442.59963
G1 X105.192 Y102.06 E442.60365
G1 X105.141 Y101.893 E442.60655
G1 X105.139 Y100.3 E442.63304
G1 X100.301 Y100.301 E442.7135
G1 X100.301 Y119.699 E443.03609
G1 X119.7 Y119.7 E443.3587
G0 F9000 X119.9 Y119.9
;TYPE:WALL-OUTER
G1 F1500 X119.9 Y110.603 E443.51331
G1 X118.025 Y110.598 E443.54449
G1 X117.958 Y110.527 E443.54611
G1 X117.96 Y108.791 E443.57498
G1 X118.014 Y108.722 E443.57644
G1 X119.9 Y108.722 E443.6078
G1 X119.9 Y100.1 E443.75119
G1 X113.963 Y100.1 E443.84992
G1 X113.96 Y101.924 E443.88025
G1 X113.872 Y101.992 E443.8821
G1 X112.051 Y101.993 E443.91239
G1 X111.998 Y101.92 E443.91389
G1 X111.995 Y100.1 E443.94415
G1 X107.18 Y100.1 E444.02423
G1 X107.177 Y101.919 E444.05448
G1 X107.111 Y101.991 E444.0561
G1 X105.426 Y101.991 E444.08412
G1 X105.346 Y101.925 E444.08585
G1 X105.339 Y100.1 E444.1162
G1 X100.101 Y100.101 E444.20331
G1 X100.101 Y119.899 E444.53255
G1 X119.9 Y119.9 E444.86181
G0 F9000 X119.9 Y119.7
G0 X119.53 Y119.53
G0 X111.118 Y102.261
G0 X111.047 Y101.987
G0 X111.391 Y101.988
;TYPE:SKIN
G1 F1209.7 X111.391 Y100.704 E444.88828
G0 F9000 X111.047 Y100.703
G0 X111.118 Y102.261
G0 X111.625 Y102.303
G0 X111.742 Y102.212
G1 F1500 X111.615 Y101.975 E444.89276
G1 X111.615 Y100.48 E444.91762
G1 X111.167 Y100.48 E444.92507
G1 X111.167 Y102.212 E444.95387
G1 X111.742 Y102.212 E444.96343
G0 F9000 X111.625 Y102.303
G0 X108.112 Y101.995
G0 X107.775 Y101.995
G1 F1282.1 X107.775 Y100.696 E444.98871
G0 F9000 X108.112 Y100.696
G0 X108.04 Y102.26
G0 X107.55 Y102.302
G0 X107.41 Y102.211
G1 F1500 X107.992 Y102.212 E444.99839
G1 X107.991 Y100.48 E445.02719
G1 X107.56 Y100.48 E445.03436
G1 X107.56 Y101.976 E445.05924
G1 X107.41 Y102.211 E445.06387
G0 F9000 X107.621 Y102.432
;MESH:NONMESH
G0 F300 X107.621 Y102.432 Z4.7
G0 F9000 X105.013 Y102.32
G0 X100.5 Y100.498
G0 X100.339 Y100.498
;TIME_ELAPSED:970.362798
;LAYER:22
;TYPE:FILL
;MESH:xyzCalibration_cube.stl
G1 F6000 X100.934 Y100.339 E445.07411
G0 F9000 X100.796 Y100.339
G1 F6000 X119.659 Y119.202 E445.51774
G0 F9000 X119.658 Y119.065
G1 F6000 X119.499 Y119.66 E445.52799
G0 F9000 X119.499 Y119.5
G0 X119.5 Y117.062
G0 X119.658 Y117.062
G1 F6000 X109.968 Y119.659 E445.69482
G0 F9000 X110.182 Y119.659
G1 F6000 X115.359 Y100.338 E446.02746
G0 F9000 X115.359 Y100.5
G0 X114.68 Y101.395
G0 X114.578 Y101.394
G1 F6000 X119.659 Y106.474 E446.14695
G0 F9000 X119.659 Y107.471
G1 F6000 X119.389 Y108.478 E446.16429
G0 F9000 X119.658 Y107.745
G1 F6000 X100.339 Y112.921 E446.49689
G0 F9000 X100.339 Y112.61
G1 F6000 X107.388 Y119.659 E446.66267
G0 F9000 X107.076 Y119.659
G1 F6000 X111.746 Y102.231 E446.96273
G0 F9000 X111.174 Y102.232
G1 F6000 X117.722 Y108.78 E447.11673
G0 F9000 X117.556 Y108.78
G0 X117.628 Y110.928
G0 X118.756 Y111
G0 X118.757 Y110.839
G1 F6000 X116.393 Y119.66 E447.2686
G0 F9000 X115.873 Y119.659
G1 F6000 X100.339 Y104.125 E447.63393
G0 F9000 X100.339 Y103.604
G1 F6000 X105.462 Y102.231 E447.72214
G1 X105.535 Y102.228
G1 X100.864 Y119.659 E448.02224
G0 F9000 X100.34 Y119.133
G1 F6000 X119.658 Y113.957 E448.35483
G0 F9000 X119.5 Y113.957
G0 X119.5 Y114.96
G0 X119.659 Y114.96
G1 F6000 X106.929 Y102.229 E448.65424
G0 F9000 X106.929 Y102.393
G0 X108.159 Y102.26
G0 X108.231 Y101.517
G0 X108.129 Y101.517
G1 F6000 X111.023 Y100.741 E448.70406
G0 F9000 X110.925 Y100.741
G0 X110.925 Y102.082
G0 X111.024 Y102.082
G1 F6000 X109.281 Y100.339 E448.74506
G0 F9000 X109.147 Y100.338
G1 F6000 X103.97 Y119.659 E449.0777
G0 F9000 X103.145 Y119.659
G1 F6000 X100.339 Y116.853 E449.14369
G0 F9000 X100.34 Y116.027
G1 F6000 X119.658 Y110.851 E449.47628
G0 F9000 X119.53 Y110.971
G0 X117.628 Y110.928
G0 X117.628 Y108.391
G0 X119.5 Y104.639
G0 X119.658 Y104.639
G1 F6000 X100.339 Y109.816 E449.8089
G0 F9000 X100.339 Y110.027
G1 F6000 X102.935 Y100.338 E449.97571
G0 F9000 X102.935 Y100.5
G0 X100.5 Y106.71
G0 X100.339 Y106.71
G1 F6000 X119.659 Y101.533 E450.30834
G0 F9000 X119.659 Y102.232
G1 F6000 X117.767 Y100.339 E450.35284
G0 F9000 X118.464 Y100.338
G1 F6000 X113.288 Y119.659 E450.68548
G0 F9000 X113.288 Y119.5
G0 X111.63 Y119.5
G0 X111.63 Y119.659
G1 F6000 X100.339 Y108.368 E450.95103
G0 F9000 X100.5 Y108.368
G0 X119.53 Y119.53
G0 X119.7 Y119.7
;TYPE:WALL-INNER
G1 F1500 X119.7 Y110.801 E451.09902
G1 X117.985 Y110.8 E451.12754
G1 X117.833 Y110.702 E451.13055
G1 X117.756 Y110.552 E451.13335
G1 X117.758 Y108.78 E451.16282
G1 X117.804 Y108.655 E451.16504
G1 X117.985 Y108.519 E451.1688
G1 X119.7 Y108.519 E451.19732
G1 X119.7 Y100.3 E451.33401
G1 X114.036 Y100.3 E451.4282
G1 X114.034 Y101.994 E451.45637
G1 X113.828 Y102.194 E451.46114
G1 X111.952 Y102.193 E451.49234
G1 X111.806 Y102.143 E451.49491
G1 X111.673 Y101.944 E451.49889
G1 X111.673 Y100.3 E451.52623
G1 X107.498 Y100.3 E451.59566
G1 X107.498 Y101.943 E451.62298
G1 X107.425 Y102.089 E451.6257
G1 X107.267 Y102.185 E451.62877
G1 X105.508 Y102.19 E451.65802
G1 X105.305 Y102.064 E451.662
G1 X105.252 Y101.894 E451.66496
G1 X105.25 Y100.3 E451.69147
G1 X100.3 Y100.3 E451.77379
G1 X100.3 Y119.7 E452.09641
G1 X119.7 Y119.7 E452.41903
G0 F9000 X119.9 Y119.9
;TYPE:WALL-OUTER
G1 F1500 X119.9 Y110.601 E452.57368
G1 X118.025 Y110.596 E452.60486
G1 X117.958 Y110.525 E452.60648
G1 X117.959 Y108.791 E452.63532
G1 X118.023 Y108.724 E452.63686
G1 X119.9 Y108.719 E452.66807
G1 X119.9 Y100.1 E452.81141
G1 X113.836 Y100.1 E452.91225
G1 X113.834 Y101.927 E452.94264
G1 X113.77 Y101.993 E452.94416
G1 X111.96 Y101.993 E452.97426
G1 X111.875 Y101.916 E452.97617
G1 X111.873 Y100.1 E453.00637
G1 X107.298 Y100.1 E453.08245
G1 X107.296 Y101.915 E453.11264
G1 X107.243 Y101.992 E453.11419
G1 X105.52 Y101.989 E453.14285
G1 X105.457 Y101.927 E453.14432
G1 X105.45 Y100.1 E453.1747
G1 X100.1 Y100.1 E453.26367
G1 X100.1 Y119.9 E453.59295
G1 X119.9 Y119.9 E453.92222
G0 F9000 X119.9 Y119.7
G0 X119.53 Y119.53
G0 X114.171 Y102.332
G0 X114.171 Y102.169
;TYPE:SKIN
G1 F1075.3 X114.249 Y101.921 E453.92825
G1 F1098.9 X114.253 Y100.517 E453.96012
G1 F1102.9 X114.525 Y100.517 E453.96628
G1 F1079.1 X114.517 Y102.17 E454.00449
G1 F1056.3 X114.171 Y102.169 E454.01266
G0 F9000 X114.171 Y102.332
G0 X111.545 Y102.321
G0 X110.996 Y102.261
G0 X110.925 Y101.987
G0 X111.269 Y101.988
G1 F1209.7 X111.269 Y100.704 E454.03913
G0 F9000 X110.925 Y100.703
G0 X110.996 Y102.261
G0 X111.503 Y102.303
G0 X111.628 Y102.212
G1 F1500 X111.493 Y101.965 E454.04382
G1 X111.493 Y100.48 E454.06851
G1 X111.045 Y100.48 E454.07596
G1 X111.044 Y102.213 E454.10478
G1 X111.628 Y102.212 E454.11449
G0 F9000 X111.503 Y102.303
G0 X108.231 Y101.994
G0 X107.894 Y101.994
G1 F1282.1 X107.894 Y100.696 E454.13975
G0 F9000 X108.231 Y100.696
G0 X108.159 Y102.26
G0 X107.668 Y102.302
G0 X107.554 Y102.212
G1 F1500 X108.111 Y102.212 E454.14901
G1 X108.11 Y100.48 E454.17781
G1 X107.678 Y100.48 E454.185
G1 X107.678 Y101.967 E454.20973
G1 X107.554 Y102.212 E454.21429
G0 F9000 X107.668 Y102.302
G0 X105.135 Y102.332
G0 X105.135 Y102.181
G1 F1171.9 X104.811 Y102.182 E454.22119
G1 F1214.6 X104.807 Y100.501 E454.25572
G1 F1234.6 X105.049 Y100.501 E454.26061
G1 X105.051 Y101.912 E454.28912
G1 F1190.5 X105.135 Y102.181 E454.29502
G0 F9000 X105.011 Y102.434
;MESH:NONMESH
G0 F300 X105.011 Y102.434 Z4.9
G0 F9000 X100.5 Y100.644
G0 X100.34 Y100.644
;TIME_ELAPSED:991.215597
;LAYER:23
;TYPE:FILL
;MESH:xyzCalibration_cube.stl
G1 F6000 X101.473 Y100.34 E454.31453
G0 F9000 X100.996 Y100.34
G1 F6000 X119.659 Y119.003 E454.75345
G0 F9000 X119.659 Y118.519
G1 F6000 X119.353 Y119.66 E454.7731
G0 F9000 X119.353 Y119.5
G0 X119.5 Y117.208
G0 X119.659 Y117.208
G1 F6000 X110.512 Y119.659 E454.93058
G0 F9000 X110.036 Y119.659
G1 F6000 X115.213 Y100.338 E455.26323
G0 F9000 X115.213 Y100.5
G0 X114.68 Y101.196
G0 X114.579 Y101.195
G1 F6000 X119.659 Y106.275 E455.3827
G0 F9000 X119.659 Y106.927
G1 F6000 X119.244 Y108.476 E455.40937
G0 F9000 X119.658 Y107.891
G1 F6000 X100.34 Y113.067 E455.74196
G0 F9000 X100.339 Y112.411
G1 F6000 X107.587 Y119.659 E455.91242
G0 F9000 X106.93 Y119.659
G1 F6000 X111.6 Y102.231 E456.21247
G0 F9000 X111.374 Y102.233
G1 F6000 X117.772 Y108.631 E456.36295
G0 F9000 X117.556 Y108.631
G0 X117.628 Y110.925
G0 X118.611 Y110.997
G0 X118.612 Y110.835
G1 F6000 X116.247 Y119.659 E456.51487
G0 F9000 X116.072 Y119.659
G1 F6000 X100.339 Y103.926 E456.88488
G0 F9000 X100.34 Y103.75
G1 F6000 X106.019 Y102.228 E456.98266
G0 F9000 X105.388 Y102.231
G1 F6000 X100.718 Y119.659 E457.28271
G0 F9000 X100.339 Y119.279
G1 F6000 X119.658 Y114.103 E457.61532
G0 F9000 X119.659 Y114.76
G1 F6000 X107.128 Y102.229 E457.91003
G0 F9000 X107.128 Y102.393
G0 X108.277 Y102.26
G0 X108.349 Y101.631
G0 X108.248 Y101.631
G1 F6000 X110.901 Y100.92 E457.95571
G0 F9000 X110.901 Y101.76
G1 F6000 X109.481 Y100.339 E457.98912
G0 F9000 X109.001 Y100.338
G1 F6000 X103.824 Y119.66 E458.32178
G0 F9000 X103.345 Y119.659
G1 F6000 X100.339 Y116.654 E458.39246
G0 F9000 X100.339 Y116.173
G1 F6000 X119.658 Y110.997 E458.72507
G0 F9000 X119.5 Y110.997
G0 X117.628 Y110.925
G0 X117.628 Y108.389
G0 X119.5 Y104.785
G0 X119.658 Y104.785
G1 F6000 X100.34 Y109.961 E459.05766
G0 F9000 X100.34 Y109.479
G1 F6000 X102.789 Y100.338 E459.21504
G0 F9000 X102.789 Y100.5
G0 X100.5 Y106.856
G0 X100.34 Y106.856
G1 F6000 X119.658 Y101.679 E459.54763
G0 F9000 X119.659 Y102.032
G1 F6000 X117.966 Y100.339 E459.58745
G0 F9000 X118.319 Y100.338
G1 F6000 X113.142 Y119.659 E459.92009
G0 F9000 X113.142 Y119.5
G0 X111.83 Y119.5
G0 X111.83 Y119.659
G1 F6000 X100.339 Y108.168 E460.19034
G0 F9000 X100.5 Y108.168
G0 X119.53 Y119.53
G0 X119.7 Y119.7
;TYPE:WALL-INNER
G1 F1500 X119.7 Y110.798 E460.33838
G1 X117.985 Y110.797 E460.3669
G1 X117.833 Y110.699 E460.36991
G1 X117.756 Y110.549 E460.37272
G1 X117.757 Y108.784 E460.40207
G1 X117.8 Y108.659 E460.40427
G1 X117.897 Y108.562 E460.40655
G1 X118.056 Y108.517 E460.4093
G1 X119.7 Y108.517 E460.43663
G1 X119.7 Y100.3 E460.57328
G1 X113.91 Y100.3 E460.66957
G1 X113.907 Y101.894 E460.69608
G1 X113.877 Y102.025 E460.69832
G1 X113.706 Y102.191 E460.70228
G1 X111.818 Y102.192 E460.73368
G1 X111.624 Y102.09 E460.73732
G1 X111.555 Y101.947 E460.73996
G1 X111.552 Y100.3 E460.76735
G1 X107.617 Y100.3 E460.83279
G1 X107.613 Y101.946 E460.86016
G1 X107.509 Y102.124 E460.86359
G1 X107.348 Y102.191 E460.86649
G1 X105.619 Y102.19 E460.89525
G1 X105.418 Y102.067 E460.89916
G1 X105.363 Y101.894 E460.90218
G1 X105.361 Y100.3 E460.92869
G1 X100.301 Y100.301 E461.01284
G1 X100.3 Y119.7 E461.33545
G1 X119.7 Y119.7 E461.65807
G0 F9000 X119.9 Y119.9
;TYPE:WALL-OUTER
G1 F1500 X119.9 Y110.598 E461.81276
G1 X118.025 Y110.593 E461.84394
G1 X117.958 Y110.522 E461.84557
G1 X117.956 Y108.775 E461.87462
G1 X118.023 Y108.722 E461.87604
G1 X119.9 Y108.717 E461.90726
G1 X119.9 Y100.1 E462.05056
G1 X113.71 Y100.1 E462.1535
G1 X113.707 Y101.947 E462.18421
G1 X113.62 Y101.993 E462.18585
G1 X111.805 Y101.992 E462.21603
G1 X111.752 Y101.911 E462.21764
G1 X111.752 Y100.1 E462.24776
G1 X107.417 Y100.1 E462.31985
G1 X107.416 Y101.91 E462.34995
G1 X107.336 Y101.991 E462.35185
G1 X105.632 Y101.989 E462.38018
G1 X105.569 Y101.929 E462.38163
G1 X105.561 Y100.1 E462.41205
G1 X100.101 Y100.101 E462.50285
G1 X100.1 Y119.9 E462.83211
G1 X119.9 Y119.9 E463.16138
G0 F9000 X119.9 Y119.7
G0 X119.53 Y119.53
G0 X114.679 Y101.97
G0 X114.32 Y101.969
;TYPE:SKIN
G1 F1098.9 X114.326 Y100.715 E463.18985
G0 F9000 X114.681 Y100.716
G0 X114.607 Y102.26
G0 X114.076 Y102.302
G0 X113.949 Y102.212
G1 F1500 X114.559 Y102.211 E463.19999
G1 X114.561 Y100.48 E463.22878
G1 X114.09 Y100.48 E463.23661
G1 X114.087 Y101.911 E463.26041
G1 X114.024 Y102.128 E463.26417
G1 X113.949 Y102.212 E463.26604
G0 F9000 X114.076 Y102.302
G0 X111.423 Y102.321
G0 X110.874 Y102.261
G0 X110.803 Y101.984
G0 X111.15 Y101.985
G1 F1190.5 X111.147 Y100.704 E463.29288
G0 F9000 X110.803 Y100.703
G0 X110.874 Y102.261
G0 X111.381 Y102.303
G0 X111.507 Y102.212
G1 F1500 X111.377 Y101.968 E463.29748
G1 X111.371 Y100.48 E463.32222
G1 X110.923 Y100.48 E463.32967
G1 X110.923 Y102.212 E463.35848
G1 X111.507 Y102.212 E463.36819
G0 F9000 X111.381 Y102.303
G0 X108.349 Y101.992
G0 X108.009 Y101.992
G1 F1271.2 X108.013 Y100.695 E463.39364
G0 F9000 X108.349 Y100.695
G0 X108.277 Y102.26
G0 X107.787 Y102.302
G0 X107.66 Y102.211
G1 F1500 X108.229 Y102.212 E463.4031
G1 X108.228 Y100.48 E463.43191
G1 X107.798 Y100.48 E463.43906
G1 X107.791 Y101.97 E463.46384
G1 X107.66 Y102.211 E463.4684
G0 F9000 X107.787 Y102.302
G0 X105.235 Y102.321
G0 X104.741 Y102.26
G0 X104.668 Y102.003
G0 X104.996 Y102.003
G1 F1442.3 X104.986 Y101.941 E463.46949
G1 F1515.2 X104.983 Y100.677 E463.4903
G0 F9000 X104.666 Y100.677
G0 X104.741 Y102.26
G0 X105.193 Y102.302
G0 X105.312 Y102.211
G1 F1500 X105.184 Y101.907 E463.49578
G1 X105.181 Y100.48 E463.51951
G1 X104.786 Y100.48 E463.52608
G1 X104.789 Y102.212 E463.55488
G1 X105.312 Y102.211 E463.56358
G0 F9000 X105.122 Y102.432
;MESH:NONMESH
G0 F300 X105.122 Y102.432 Z5.1
G0 F9000 X100.5 Y100.791
G0 X100.339 Y100.791
;TIME_ELAPSED:1012.575121
;LAYER:24
;TYPE:FILL
;MESH:xyzCalibration_cube.stl
G1 F6000 X102.027 Y100.339 E463.59264
G0 F9000 X102.642 Y100.338
G1 F6000 X100.339 Y108.934 E463.74064
G0 F9000 X100.339 Y107.968
G1 F6000 X112.03 Y119.658 E464.01558
G0 F9000 X112.995 Y119.659
G1 F6000 X118.172 Y100.338 E464.34822
G1 X118.168 Y100.34
G1 X119.659 Y101.831 E464.38329
G1 X119.658 Y101.826
G1 X100.34 Y107.003 E464.71588
G0 F9000 X100.5 Y107.003
G0 X100.5 Y110.108
G0 X100.34 Y110.108
G1 F6000 X119.658 Y104.932 E465.04848
G0 F9000 X119.5 Y104.932
G0 X119.5 Y106.074
G0 X119.659 Y106.074
G1 F6000 X114.453 Y100.868 E465.17091
G0 F9000 X115.066 Y100.338
G1 F6000 X109.889 Y119.659 E465.50356
G0 F9000 X109.889 Y119.5
G0 X111.063 Y119.5
G0 X111.063 Y119.658
G1 F6000 X119.659 Y117.355 E465.65155
G0 F9000 X119.659 Y117.97
G1 F6000 X119.206 Y119.66 E465.68065
G0 F9000 X119.659 Y118.802
G1 F6000 X101.196 Y100.339 E466.11487
G0 F9000 X101.196 Y100.5
G0 X100.5 Y103.725
G0 X100.339 Y103.725
G1 F6000 X116.273 Y119.658 E466.4896
G0 F9000 X116.1 Y119.659
G1 F6000 X118.465 Y110.833 E466.64156
G0 F9000 X118.464 Y110.995
G0 X119.5 Y111.143
G0 X119.659 Y111.143
G1 F6000 X100.339 Y116.32 E466.97418
G0 F9000 X100.34 Y116.454
G1 F6000 X103.544 Y119.658 E467.04954
G0 F9000 X103.677 Y119.659
G1 F6000 X108.347 Y102.231 E467.34959
G1 X108.368 Y102.154
G1 X108.854 Y100.338 E467.38085
G0 F9000 X109.682 Y100.34
G1 F6000 X110.781 Y101.438 E467.40669
G0 F9000 X110.78 Y101.099
G1 F6000 X108.367 Y101.746 E467.44823
G0 F9000 X108.468 Y101.746
G0 X108.396 Y102.261
G0 X107.33 Y102.393
G0 X107.33 Y102.23
G1 F6000 X119.659 Y114.559 E467.73819
G0 F9000 X119.659 Y114.249
G1 F6000 X100.34 Y119.426 E468.0708
G0 F9000 X100.572 Y119.658
G1 F6000 X105.241 Y102.23 E468.37085
G0 F9000 X105.241 Y102.332
G0 X106.564 Y102.393
G0 X106.564 Y102.229
G1 F6000 X100.34 Y103.897 E468.47801
G0 F9000 X100.5 Y103.897
G0 X100.5 Y112.211
G0 X100.34 Y112.211
G1 F6000 X107.787 Y119.658 E468.65315
G0 F9000 X107.787 Y119.5
G0 X106.783 Y119.5
G0 X106.783 Y119.658
G1 F6000 X111.452 Y102.232 E468.95317
G0 F9000 X111.576 Y102.234
G1 F6000 X117.873 Y108.531 E469.10127
G1 X117.93 Y108.501
G1 X100.34 Y113.214 E469.40411
G0 F9000 X100.5 Y113.214
G0 X115.916 Y108.87
G0 X118.029 Y108.315
G0 X118.029 Y108.475
G1 F6000 X119.659 Y108.038 E469.43217
G0 F9000 X119.097 Y108.474
G1 F6000 X119.659 Y106.376 E469.46829
G0 F9000 X119.5 Y106.376
G0 X117.629 Y108.387
G0 X117.629 Y110.923
G0 X119.53 Y119.53
G0 X119.7 Y119.7
;TYPE:WALL-INNER
G1 F1500 X119.7 Y110.796 E469.61637
G1 X117.99 Y110.795 E469.6448
G1 X117.789 Y110.632 E469.64911
G1 X117.757 Y110.505 E469.65129
G1 X117.758 Y108.788 E469.67984
G1 X117.823 Y108.626 E469.68274
G1 X117.981 Y108.515 E469.68595
G1 X119.7 Y108.515 E469.71454
G1 X119.7 Y100.3 E469.85116
G1 X113.783 Y100.3 E469.94956
G1 X113.781 Y101.894 E469.97607
G1 X113.749 Y102.029 E469.97837
G1 X113.653 Y102.14 E469.98081
G1 X113.537 Y102.194 E469.98294
G1 X111.677 Y102.189 E470.01387
G1 X111.541 Y102.127 E470.01636
G1 X111.432 Y101.931 E470.02009
G1 X111.43 Y100.3 E470.04721
G1 X107.735 Y100.3 E470.10866
G1 X107.733 Y101.93 E470.13577
G1 X107.662 Y102.089 E470.13866
G1 X107.463 Y102.191 E470.14238
G1 X105.73 Y102.19 E470.1712
G1 X105.531 Y102.07 E470.17507
G1 X105.474 Y101.894 E470.17814
G1 X105.472 Y100.3 E470.20465
G1 X100.3 Y100.3 E470.29066
G1 X100.301 Y119.699 E470.61327
G1 X119.7 Y119.7 E470.93587
G0 F9000 X119.9 Y119.9
;TYPE:WALL-OUTER
G1 F1500 X119.9 Y110.596 E471.0906
G1 X118.026 Y110.591 E471.12177
G1 X117.959 Y110.52 E471.12339
G1 X117.957 Y108.784 E471.15226
G1 X118.024 Y108.72 E471.1538
G1 X119.9 Y108.715 E471.185
G1 X119.9 Y100.1 E471.32827
G1 X113.583 Y100.1 E471.43332
G1 X113.581 Y101.931 E471.46377
G1 X113.509 Y101.99 E471.46532
G1 X111.695 Y101.994 E471.49548
G1 X111.63 Y101.928 E471.49702
G1 X111.63 Y100.1 E471.52742
G1 X107.535 Y100.1 E471.59552
G1 X107.535 Y101.905 E471.62554
G1 X107.453 Y101.991 E471.62752
G1 X105.743 Y101.989 E471.65595
G1 X105.68 Y101.93 E471.65739
G1 X105.672 Y100.1 E471.68782
G1 X100.1 Y100.1 E471.78049
G1 X100.101 Y119.899 E472.10974
G1 X119.9 Y119.9 E472.439
G0 F9000 X119.9 Y119.7
G0 X119.53 Y119.53
G0 X114.552 Y101.973
G0 X114.193 Y101.972
;TYPE:SKIN
G1 F1098.9 X114.199 Y100.716 E472.46751
G0 F9000 X114.554 Y100.717
G0 X114.48 Y102.26
G0 X113.951 Y102.302
G0 X113.824 Y102.211
G1 F1500 X114.432 Y102.212 E472.47763
G1 X114.434 Y100.481 E472.50641
G1 X113.964 Y100.481 E472.51423
G1 X113.961 Y101.91 E472.53799
G1 X113.918 Y102.087 E472.54102
G1 X113.824 Y102.211 E472.54361
G0 F9000 X113.951 Y102.302
G0 X111.302 Y102.321
G0 X110.753 Y102.262
G0 X110.682 Y101.985
G0 X111.029 Y101.986
G1 F1195.2 X111.026 Y100.704 E472.57037
G0 F9000 X110.682 Y100.703
G0 X110.753 Y102.262
G0 X111.26 Y102.304
G0 X111.393 Y102.214
G1 F1500 X111.315 Y102.128 E472.5723
G1 X111.253 Y101.955 E472.57535
G1 X111.25 Y100.48 E472.59988
G1 X110.802 Y100.48 E472.60733
G1 X110.802 Y102.213 E472.63615
G1 X111.393 Y102.214 E472.64598
G0 F9000 X111.26 Y102.304
G0 X108.468 Y101.993
G0 X108.128 Y101.993
G1 F1265.8 X108.131 Y100.696 E472.67154
G0 F9000 X108.468 Y100.696
G0 X108.396 Y102.261
G0 X107.905 Y102.303
G0 X107.772 Y102.213
G1 F1500 X108.348 Y102.213 E472.68112
G1 X108.347 Y100.48 E472.70994
G1 X107.915 Y100.48 E472.71712
G1 X107.911 Y101.957 E472.74169
G1 X107.85 Y102.127 E472.74469
G1 X107.772 Y102.213 E472.74662
G0 F9000 X107.905 Y102.303
G0 X105.108 Y102.332
G0 X105.108 Y102.004
G1 F1456.3 X105.098 Y101.943 E472.74768
G1 F1522.8 X105.095 Y100.678 E472.7684
G0 F9000 X104.777 Y100.678
G0 X104.852 Y102.26
G0 X105.304 Y102.302
G0 X105.391 Y102.212
G1 F1500 X105.295 Y101.911 E472.77366
G1 X105.292 Y100.48 E472.79745
G1 X104.897 Y100.48 E472.80402
G1 X104.9 Y102.212 E472.83283
G1 X105.391 Y102.212 E472.84099
G0 F9000 X105.233 Y102.432
;MESH:NONMESH
G0 F300 X105.233 Y102.432 Z5.3
G0 F9000 X100.5 Y100.937
G0 X100.34 Y100.937
;TIME_ELAPSED:1034.215339
;LAYER:25
;TYPE:FILL
;MESH:xyzCalibration_cube.stl
G1 F6000 X102.568 Y100.34 E472.87935
G1 X102.496 Y100.339
G1 X100.34 Y108.385 E473.01788
G0 F9000 X100.34 Y107.769
G1 F6000 X112.229 Y119.658 E473.29749
G0 F9000 X112.849 Y119.659
G1 F6000 X118.026 Y100.338 E473.63013
G0 F9000 X118.366 Y100.339
G1 F6000 X119.659 Y101.632 E473.66054
G0 F9000 X119.658 Y101.972
G1 F6000 X100.34 Y107.149 E473.99314
G0 F9000 X100.5 Y107.149
G0 X100.5 Y110.254
G0 X100.34 Y110.254
G1 F6000 X119.658 Y105.078 E474.32573
G0 F9000 X119.659 Y105.833
G1 F6000 X118.952 Y108.472 E474.37116
G0 F9000 X118.58 Y108.473
G1 F6000 X119.658 Y108.184 E474.38972
G0 F9000 X119.5 Y108.184
G0 X118.014 Y108.313
G0 X118.014 Y108.473
G1 F6000 X111.774 Y102.232 E474.53649
G0 F9000 X111.306 Y102.232
G1 F6000 X106.637 Y119.659 E474.83652
G0 F9000 X106.637 Y119.5
G0 X107.986 Y119.5
G0 X107.986 Y119.658
G1 F6000 X100.34 Y112.012 E475.01634
G0 F9000 X100.5 Y112.012
G0 X100.5 Y113.36
G0 X100.34 Y113.36
G1 F6000 X117.755 Y108.694 E475.31617
G0 F9000 X117.557 Y108.694
G0 X117.629 Y110.921
G0 X118.319 Y110.993
G0 X118.32 Y110.832
G1 F6000 X115.954 Y119.659 E475.46815
G0 F9000 X116.472 Y119.658
G1 F6000 X100.34 Y103.526 E475.84755
G0 F9000 X100.34 Y104.043
G1 F6000 X107.107 Y102.229 E475.96406
G0 F9000 X107.53 Y102.231
G1 F6000 X119.659 Y114.36 E476.24931
G1 X119.659 Y114.395
G1 X100.34 Y119.572 E476.58192
G0 F9000 X100.426 Y119.658
G1 F6000 X105.095 Y102.23 E476.88197
G0 F9000 X105.095 Y102.332
G0 X108.201 Y102.333
G0 X108.201 Y102.232
G1 F6000 X103.531 Y119.659 E477.18201
G0 F9000 X103.743 Y119.658
G1 F6000 X100.34 Y116.254 E477.26206
G0 F9000 X100.34 Y116.466
G1 F6000 X119.658 Y111.29 E477.59465
G0 F9000 X119.5 Y111.29
G0 X117.629 Y110.921
G0 X117.629 Y108.385
G0 X119.5 Y105.875
G0 X119.659 Y105.875
G1 F6000 X114.327 Y100.542 E477.72006
G0 F9000 X114.92 Y100.338
G1 F6000 X109.743 Y119.658 E478.05269
G0 F9000 X109.743 Y119.5
G0 X111.607 Y119.5
G0 X111.607 Y119.659
G1 F6000 X119.658 Y117.501 E478.1913
G1 X119.659 Y117.426
G1 X119.06 Y119.659 E478.22975
G0 F9000 X119.06 Y119.5
G0 X119.5 Y118.603
G0 X119.659 Y118.603
G1 F6000 X101.396 Y100.34 E478.65927
G0 F9000 X101.396 Y100.5
G0 X104.963 Y102.26
G0 X105.457 Y102.321
G0 X107.982 Y102.32
G0 X108.514 Y102.261
G0 X108.586 Y101.172
G0 X108.485 Y101.172
G1 F6000 X108.708 Y100.339 E478.67361
G0 F9000 X108.708 Y100.5
G0 X109.881 Y100.5
G0 X109.881 Y100.339
G1 F6000 X110.659 Y101.117 E478.69191
G0 F9000 X110.658 Y101.278
G1 F6000 X108.485 Y101.86 E478.72932
G0 F9000 X108.586 Y101.86
G0 X119.53 Y119.53
G0 X119.7 Y119.7
;TYPE:WALL-INNER
G1 F1500 X119.7 Y110.794 E478.87742
G1 X117.989 Y110.793 E478.90588
G1 X117.789 Y110.63 E478.91017
G1 X117.757 Y110.504 E478.91233
G1 X117.763 Y108.749 E478.94152
G1 X117.854 Y108.591 E478.94455
G1 X117.984 Y108.513 E478.94707
G1 X119.7 Y108.513 E478.97561
G1 X119.7 Y100.3 E479.11219
G1 X113.657 Y100.3 E479.21268
G1 X113.654 Y101.956 E479.24022
G1 X113.531 Y102.136 E479.24385
G1 X113.394 Y102.191 E479.2463
G1 X111.56 Y102.19 E479.2768
G1 X111.453 Y102.151 E479.2787
G1 X111.336 Y102.021 E479.28161
G1 X111.308 Y101.914 E479.28345
G1 X111.308 Y100.3 E479.31029
G1 X107.854 Y100.3 E479.36773
G1 X107.853 Y101.99 E479.39583
G1 X107.709 Y102.15 E479.39941
G1 X107.614 Y102.187 E479.40111
G1 X105.842 Y102.19 E479.43058
G1 X105.644 Y102.073 E479.4344
G1 X105.585 Y101.894 E479.43753
G1 X105.583 Y100.3 E479.46404
G1 X100.301 Y100.301 E479.55188
G1 X100.301 Y119.699 E479.87447
G1 X119.7 Y119.7 E480.19708
G0 F9000 X119.9 Y119.9
;TYPE:WALL-OUTER
G1 F1500 X119.9 Y110.594 E480.35184
G1 X118.026 Y110.589 E480.383
G1 X117.959 Y110.518 E480.38463
G1 X117.959 Y108.791 E480.41335
G1 X118.023 Y108.718 E480.41496
G1 X119.9 Y108.713 E480.44618
G1 X119.9 Y100.1 E480.58941
G1 X113.457 Y100.1 E480.69656
G1 X113.451 Y101.921 E480.72684
G1 X113.368 Y101.993 E480.72867
G1 X111.575 Y101.988 E480.75849
G1 X111.508 Y101.928 E480.75998
G1 X111.508 Y100.1 E480.79038
G1 X107.654 Y100.1 E480.85448
G1 X107.654 Y101.901 E480.88443
G1 X107.571 Y101.991 E480.88646
G1 X105.846 Y101.992 E480.91515
G1 X105.785 Y101.924 E480.91667
G1 X105.783 Y100.1 E480.947
G1 X100.101 Y100.101 E481.04149
G1 X100.101 Y119.899 E481.37074
G1 X119.9 Y119.9 E481.69999
G0 F9000 X119.9 Y119.7
G0 X119.53 Y119.53
G0 X114.426 Y101.976
G0 X114.07 Y101.975
;TYPE:SKIN
G1 F1107 X114.072 Y100.716 E481.72836
G0 F9000 X114.428 Y100.717
G0 X114.354 Y102.26
G0 X113.823 Y102.302
G0 X113.708 Y102.211
G1 F1500 X114.306 Y102.212 E481.73831
G1 X114.308 Y100.48 E481.76711
G1 X113.837 Y100.48 E481.77495
G1 X113.834 Y101.973 E481.79977
G1 X113.708 Y102.211 E481.80425
G0 F9000 X113.823 Y102.302
G0 X110.909 Y102.334
G0 X110.909 Y101.987
G1 F1200 X110.904 Y100.704 E481.83092
G0 F9000 X110.56 Y100.703
G0 X110.631 Y102.262
G0 X111.138 Y102.304
G0 X111.273 Y102.213
G1 F1500 X111.167 Y102.08 E481.83375
G1 X111.129 Y101.937 E481.83621
G1 X111.128 Y100.48 E481.86044
G1 X110.68 Y100.48 E481.86789
G1 X110.68 Y102.213 E481.89671
G1 X111.273 Y102.213 E481.90657
G0 F9000 X111.138 Y102.304
G0 X108.586 Y101.993
G0 X108.247 Y101.993
G1 F1271.2 X108.249 Y100.696 E481.93203
G0 F9000 X108.586 Y100.696
G0 X108.514 Y102.261
G0 X108.024 Y102.303
G0 X107.9 Y102.213
G1 F1500 X108.466 Y102.213 E481.94144
G1 X108.465 Y100.48 E481.97026
G1 X108.034 Y100.48 E481.97743
G1 X108.031 Y101.949 E482.00186
G1 X107.978 Y102.116 E482.00477
G1 X107.9 Y102.213 E482.00684
G0 F9000 X108.024 Y102.303
G0 X105.219 Y102.332
G0 X105.219 Y102.004
G1 F1449.3 X105.209 Y101.944 E482.00789
G1 F1522.8 X105.206 Y100.678 E482.02862
G0 F9000 X104.888 Y100.678
G0 X104.963 Y102.26
G0 X105.415 Y102.302
G0 X105.504 Y102.211
G1 F1500 X105.406 Y101.909 E482.0339
G1 X105.403 Y100.48 E482.05767
G1 X105.008 Y100.48 E482.06424
G1 X105.011 Y102.212 E482.09304
G1 X105.504 Y102.211 E482.10124
G0 F9000 X105.344 Y102.432
;MESH:NONMESH
G0 F300 X105.344 Y102.432 Z5.5
G0 F9000 X100.5 Y101.084
G0 X100.34 Y101.084
;TIME_ELAPSED:1055.983703
;LAYER:26
;TYPE:FILL
;MESH:xyzCalibration_cube.stl
G1 F6000 X103.12 Y100.339 E482.1491
G0 F9000 X102.349 Y100.339
G1 F6000 X100.339 Y107.841 E482.27826
G0 F9000 X100.339 Y107.567
G1 F6000 X112.43 Y119.658 E482.56262
G0 F9000 X112.702 Y119.659
G1 F6000 X117.879 Y100.338 E482.89527
G0 F9000 X118.568 Y100.34
G1 F6000 X119.659 Y101.431 E482.92093
G0 F9000 X119.658 Y102.119
G1 F6000 X100.34 Y107.296 E483.25352
G0 F9000 X100.5 Y107.296
G0 X100.5 Y110.401
G0 X100.34 Y110.401
G1 F6000 X119.658 Y105.225 E483.58611
G1 X119.659 Y105.283
G1 X118.805 Y108.471 E483.641
G0 F9000 X119.137 Y108.47
G1 F6000 X119.659 Y108.331 E483.64998
G0 F9000 X119.5 Y108.331
G0 X118.213 Y108.311
G0 X118.213 Y108.47
G1 F6000 X111.975 Y102.232 E483.79669
G0 F9000 X111.159 Y102.232
G1 F6000 X106.49 Y119.659 E484.09672
G0 F9000 X106.49 Y119.5
G0 X108.187 Y119.5
G0 X108.187 Y119.658
G1 F6000 X100.34 Y111.811 E484.28127
G0 F9000 X100.5 Y111.811
G0 X100.5 Y113.507
G0 X100.339 Y113.507
G1 F6000 X117.716 Y108.851 E484.58045
G0 F9000 X117.557 Y108.851
G0 X117.629 Y110.919
G0 X118.172 Y110.991
G0 X118.173 Y110.83
G1 F6000 X115.807 Y119.659 E484.73245
G0 F9000 X116.673 Y119.658
G1 F6000 X100.339 Y103.325 E485.11659
G0 F9000 X100.34 Y104.19
G1 F6000 X107.655 Y102.23 E485.24253
G1 X107.73 Y102.23
G1 X119.659 Y114.159 E485.52309
G0 F9000 X119.659 Y114.542
G1 F6000 X100.567 Y119.658 E485.85179
G0 F9000 X100.34 Y119.429
G1 F6000 X105.1 Y101.664 E486.15764
G0 F9000 X105.001 Y101.663
G0 X105.074 Y102.26
G0 X105.354 Y102.295
G0 X108.142 Y102.303
G0 X108.054 Y102.231
G1 F6000 X103.384 Y119.659 E486.4577
G0 F9000 X103.944 Y119.658
G1 F6000 X100.34 Y116.053 E486.54247
G0 F9000 X100.34 Y116.613
G1 F6000 X119.659 Y111.437 E486.87508
G0 F9000 X119.5 Y111.437
G0 X119.5 Y116.876
G0 X119.659 Y116.876
G1 F6000 X118.913 Y119.659 E486.92299
G0 F9000 X118.913 Y119.5
G0 X119.5 Y118.402
G0 X119.659 Y118.402
G1 F6000 X101.597 Y100.339 E487.34779
G0 F9000 X101.597 Y100.5
G0 X105.074 Y102.26
G0 X105.568 Y102.321
G0 X108.1 Y102.32
G0 X108.632 Y102.261
G0 X108.704 Y101.975
G0 X108.603 Y101.975
G1 F6000 X110.536 Y101.458 E487.38107
G0 F9000 X110.537 Y100.795
G1 F6000 X110.082 Y100.339 E487.39178
G0 F9000 X110.082 Y100.5
G0 X110.509 Y102.262
G0 X111.058 Y102.321
G0 X113.656 Y102.321
G0 X114.227 Y102.26
G0 X114.301 Y100.477
G0 X114.201 Y100.476
G1 F6000 X114.711 Y100.339 E487.40056
G1 X114.773 Y100.339
G1 X109.596 Y119.658 E487.73318
G0 F9000 X109.596 Y119.5
G0 X112.156 Y119.5
G0 X112.156 Y119.658
G1 F6000 X119.659 Y117.648 E487.86235
G0 F9000 X119.5 Y117.648
G0 X117.629 Y110.919
G0 X117.629 Y108.383
G0 X119.5 Y105.674
G0 X119.659 Y105.674
G1 F6000 X114.325 Y100.34 E487.9878
G0 F9000 X114.325 Y100.5
G0 X119.53 Y119.53
G0 X119.7 Y119.7
;TYPE:WALL-INNER
G1 F1500 X119.7 Y110.792 E488.13594
G1 X117.989 Y110.791 E488.16439
G1 X117.865 Y110.722 E488.16675
G1 X117.757 Y110.542 E488.17024
G1 X117.762 Y108.753 E488.2
G1 X117.864 Y108.58 E488.20334
G1 X117.986 Y108.511 E488.20567
G1 X119.7 Y108.511 E488.23417
G1 X119.7 Y100.3 E488.37072
G1 X113.53 Y100.3 E488.47333
G1 X113.528 Y101.894 E488.49984
G1 X113.493 Y102.036 E488.50227
G1 X113.41 Y102.133 E488.50439
G1 X113.269 Y102.191 E488.50693
G1 X111.486 Y102.194 E488.53658
G1 X111.259 Y102.091 E488.54072
G1 X111.187 Y101.919 E488.54382
G1 X111.186 Y100.3 E488.57075
G1 X107.972 Y100.3 E488.6242
G1 X107.971 Y101.919 E488.65112
G1 X107.899 Y102.09 E488.65421
G1 X107.696 Y102.192 E488.65798
G1 X105.953 Y102.191 E488.68697
G1 X105.757 Y102.075 E488.69076
G1 X105.696 Y101.894 E488.69394
G1 X105.694 Y100.3 E488.72044
G1 X100.3 Y100.3 E488.81015
G1 X100.301 Y119.699 E489.13275
G1 X119.7 Y119.7 E489.45536
G0 F9000 X119.9 Y119.9
;TYPE:WALL-OUTER
G1 F1500 X119.9 Y110.592 E489.61015
G1 X118.026 Y110.587 E489.64132
G1 X117.959 Y110.516 E489.64294
G1 X117.958 Y108.791 E489.67163
G1 X118.023 Y108.716 E489.67328
G1 X119.9 Y108.711 E489.70449
G1 X119.9 Y100.1 E489.84769
G1 X113.33 Y100.1 E489.95695
G1 X113.328 Y101.933 E489.98744
G1 X113.242 Y101.993 E489.98918
G1 X111.458 Y101.99 E490.01885
G1 X111.386 Y101.902 E490.02074
G1 X111.386 Y100.1 E490.05071
G1 X107.772 Y100.1 E490.11081
G1 X107.772 Y101.923 E490.14112
G1 X107.7 Y101.989 E490.14275
G1 X105.981 Y101.993 E490.17134
G1 X105.896 Y101.942 E490.17298
G1 X105.894 Y100.1 E490.20362
G1 X100.1 Y100.1 E490.29997
G1 X100.101 Y119.899 E490.62923
G1 X119.9 Y119.9 E490.95849
G0 F9000 X119.9 Y119.7
G0 X119.53 Y119.53
G0 X114.299 Y101.978
G0 X113.944 Y101.977
;TYPE:SKIN
G1 F1115.2 X113.946 Y100.716 E490.98669
G0 F9000 X114.301 Y100.717
G0 X114.227 Y102.26
G0 X113.698 Y102.303
G0 X113.58 Y102.212
G1 F1500 X114.179 Y102.212 E490.99666
G1 X114.181 Y100.481 E491.02544
G1 X113.711 Y100.481 E491.03326
G1 X113.709 Y101.975 E491.0581
G1 X113.58 Y102.212 E491.06259
G0 F9000 X113.698 Y102.303
G0 X110.785 Y102.334
G0 X110.785 Y101.987
G1 F1190.5 X110.782 Y100.704 E491.08948
G0 F9000 X110.438 Y100.703
G0 X110.509 Y102.262
G0 X111.016 Y102.304
G0 X111.142 Y102.214
G1 F1500 X111.041 Y102.071 E491.09239
G1 X111.008 Y101.946 E491.09454
G1 X111.006 Y100.48 E491.11892
G1 X110.558 Y100.48 E491.12637
G1 X110.558 Y102.213 E491.15519
G1 X111.142 Y102.214 E491.1649
G0 F9000 X111.016 Y102.304
G0 X108.704 Y101.993
G0 X108.364 Y101.993
G1 F1271.2 X108.368 Y100.696 E491.19035
G0 F9000 X108.704 Y100.696
G0 X108.632 Y102.261
G0 X108.142 Y102.303
G0 X108.039 Y102.213
G1 F1500 X108.584 Y102.213 E491.19941
G1 X108.584 Y100.48 E491.22823
G1 X108.152 Y100.48 E491.23542
G1 X108.151 Y101.942 E491.25973
G1 X108.039 Y102.213 E491.26461
G0 F9000 X108.142 Y102.303
G0 X105.568 Y102.321
G0 X105.074 Y102.26
G0 X105.001 Y102.004
G0 X105.33 Y102.004
G1 F1449.3 X105.32 Y101.942 E491.26569
G1 F1522.8 X105.317 Y100.678 E491.28639
G0 F9000 X104.999 Y100.678
G0 X105.074 Y102.26
G0 X105.526 Y102.303
G0 X105.616 Y102.212
G1 F1500 X105.517 Y101.908 E491.29171
G1 X105.514 Y100.48 E491.31546
G1 X105.119 Y100.48 E491.32203
G1 X105.123 Y102.211 E491.35081
G1 X105.616 Y102.212 E491.35901
G0 F9000 X105.455 Y102.433
;MESH:NONMESH
G0 F300 X105.455 Y102.433 Z5.7
G0 F9000 X100.5 Y101.23
G0 X100.34 Y101.23
;TIME_ELAPSED:1078.346010
;LAYER:27
;TYPE:FILL
;MESH:xyzCalibration_cube.stl
G1 F6000 X103.665 Y100.339 E491.41626
G0 F9000 X103.665 Y100.5
G0 X102.203 Y100.5
G0 X102.203 Y100.339
G1 F6000 X100.339 Y107.295 E491.53602
G1 X100.339 Y107.368
G1 X112.63 Y119.658 E491.82507
G1 X112.701 Y119.659
G1 X119.658 Y117.794 E491.94485
G0 F9000 X119.659 Y118.202
G1 F6000 X101.796 Y100.339 E492.36496
G0 F9000 X101.796 Y100.5
G0 X100.5 Y103.125
G0 X100.339 Y103.125
G1 F6000 X116.872 Y119.658 E492.75379
G0 F9000 X116.872 Y119.5
G0 X115.661 Y119.5
G0 X115.661 Y119.659
G1 F6000 X118.03 Y110.819 E492.90599
G0 F9000 X118.029 Y110.989
G0 X119.5 Y111.583
G0 X119.658 Y111.583
G1 F6000 X100.34 Y116.759 E493.23858
G0 F9000 X100.34 Y115.854
G1 F6000 X104.144 Y119.658 E493.32805
G0 F9000 X103.238 Y119.658
G1 F6000 X107.908 Y102.231 E493.62808
G1 X107.932 Y102.233
G1 X119.659 Y113.96 E493.90389
G0 F9000 X119.658 Y114.688
G1 F6000 X101.112 Y119.658 E494.22319
G0 F9000 X101.112 Y119.5
G0 X100.5 Y118.884
G0 X100.34 Y118.884
G1 F6000 X105.209 Y100.711 E494.53607
G0 F9000 X105.11 Y100.71
G0 X105.185 Y102.261
G0 X105.465 Y102.296
G0 X108.192 Y102.333
G0 X108.192 Y102.232
G1 F6000 X100.34 Y104.336 E494.67125
G0 F9000 X100.5 Y104.336
G0 X100.5 Y107.442
G0 X100.34 Y107.442
G1 F6000 X119.658 Y102.265 E495.00385
G0 F9000 X119.5 Y102.265
G0 X119.5 Y101.232
G0 X119.659 Y101.232
G1 F6000 X118.767 Y100.34 E495.02483
G0 F9000 X118.767 Y100.5
G0 X117.733 Y100.5
G0 X117.733 Y100.338
G1 F6000 X112.556 Y119.658 E495.35745
G0 F9000 X112.556 Y119.5
G0 X109.45 Y119.5
G0 X109.45 Y119.659
G1 F6000 X114.627 Y100.338 E495.6901
G0 F9000 X114.525 Y100.34
G1 F6000 X119.659 Y105.474 E495.81084
G0 F9000 X119.658 Y105.371
G1 F6000 X100.339 Y110.547 E496.14345
G0 F9000 X100.5 Y110.547
G0 X100.5 Y111.611
G0 X100.34 Y111.611
G1 F6000 X108.386 Y119.658 E496.33269
G0 F9000 X108.386 Y119.5
G0 X106.344 Y119.5
G0 X106.344 Y119.659
G1 F6000 X111.013 Y102.233 E496.63271
G0 F9000 X110.413 Y101.636
G1 F6000 X108.722 Y102.09 E496.66183
G0 F9000 X108.823 Y102.09
G0 X110.316 Y100.473
G0 X110.415 Y100.473
G1 F6000 X110.282 Y100.34 E496.66495
G0 F9000 X110.282 Y100.5
G0 X110.387 Y102.262
G0 X112.172 Y102.393
G0 X112.173 Y102.231
G1 F6000 X118.41 Y108.468 E496.81164
G0 F9000 X118.66 Y108.468
G1 F6000 X119.659 Y104.74 E496.87582
G0 F9000 X119.5 Y104.74
G0 X117.63 Y108.381
G0 X117.558 Y108.995
G0 X117.721 Y108.996
G1 F6000 X100.34 Y113.653 E497.17506
G0 F9000 X100.5 Y113.653
G0 X114.101 Y102.261
G0 X114.175 Y100.656
G0 X114.075 Y100.655
G1 F6000 X115.255 Y100.339 E497.19538
G0 F9000 X115.255 Y100.5
G0 X117.629 Y110.917
G0 X119.5 Y116.333
G0 X119.659 Y116.333
G1 F6000 X118.767 Y119.659 E497.25265
G0 F9000 X119.7 Y119.7
;TYPE:WALL-INNER
G1 F1500 X119.7 Y110.79 E497.40082
G1 X117.989 Y110.789 E497.42927
G1 X117.865 Y110.72 E497.43163
G1 X117.757 Y110.54 E497.43512
G1 X117.762 Y108.758 E497.46476
G1 X117.814 Y108.633 E497.46701
G1 X117.979 Y108.509 E497.47044
G1 X119.7 Y108.509 E497.49906
G1 X119.7 Y100.3 E497.63558
G1 X113.404 Y100.3 E497.74028
G1 X113.401 Y101.895 E497.76681
G1 X113.364 Y102.04 E497.7693
G1 X113.287 Y102.13 E497.77127
G1 X113.143 Y102.192 E497.77387
G1 X111.285 Y102.191 E497.80477
G1 X111.144 Y102.098 E497.80758
G1 X111.065 Y101.919 E497.81084
G1 X111.064 Y100.301 E497.83774
G1 X108.091 Y100.301 E497.88718
G1 X108.09 Y101.991 E497.91529
G1 X107.934 Y102.157 E497.91908
G1 X107.833 Y102.19 E497.92084
G1 X106.065 Y102.192 E497.95025
G1 X105.968 Y102.161 E497.95194
G1 X105.807 Y101.989 E497.95586
G1 X105.805 Y100.3 E497.98395
G1 X100.3 Y100.3 E498.07549
G1 X100.301 Y119.699 E498.3981
G1 X119.7 Y119.7 E498.72071
G0 F9000 X119.9 Y119.9
;TYPE:WALL-OUTER
G1 F1500 X119.9 Y110.59 E498.87553
G1 X118.026 Y110.585 E498.9067
G1 X117.959 Y110.514 E498.90832
G1 X117.959 Y108.792 E498.93696
G1 X118.024 Y108.714 E498.93865
G1 X119.9 Y108.709 E498.96985
G1 X119.9 Y100.1 E499.11301
G1 X113.204 Y100.1 E499.22437
G1 X113.197 Y101.924 E499.2547
G1 X113.115 Y101.994 E499.25649
G1 X111.326 Y101.993 E499.28625
G1 X111.264 Y101.926 E499.28776
G1 X111.264 Y100.101 E499.31811
G1 X107.891 Y100.101 E499.37421
G1 X107.891 Y101.901 E499.40414
G1 X107.805 Y101.992 E499.40622
G1 X106.07 Y101.994 E499.43508
G1 X106.007 Y101.927 E499.43661
G1 X106.005 Y100.1 E499.46699
G1 X100.1 Y100.1 E499.56519
G1 X100.101 Y119.899 E499.89445
G1 X119.9 Y119.9 E500.22371
G0 F9000 X119.9 Y119.7
G0 X119.53 Y119.53
G0 X114.173 Y101.977
G0 X113.817 Y101.976
;TYPE:SKIN
G1 F1107 X113.819 Y100.716 E500.2521
G0 F9000 X114.175 Y100.717
G0 X114.101 Y102.261
G0 X113.57 Y102.303
G0 X113.456 Y102.212
G1 F1500 X114.053 Y102.213 E500.26203
G1 X114.055 Y100.48 E500.29085
G1 X113.584 Y100.48 E500.29868
G1 X113.581 Y102.003 E500.32401
G1 X113.456 Y102.212 E500.32806
G0 F9000 X113.57 Y102.303
G0 X110.936 Y102.321
G0 X110.387 Y102.262
G0 X110.316 Y101.985
G0 X110.663 Y101.986
G1 F1195.2 X110.66 Y100.705 E500.35479
G0 F9000 X110.316 Y100.704
G0 X110.387 Y102.262
G0 X110.894 Y102.304
G0 X111.033 Y102.213
G1 F1500 X110.92 Y102.077 E500.35773
G1 X110.886 Y101.945 E500.36
G1 X110.884 Y100.481 E500.38435
G1 X110.436 Y100.481 E500.3918
G1 X110.436 Y102.213 E500.4206
G1 X111.033 Y102.213 E500.43053
G0 F9000 X110.894 Y102.304
G0 X108.823 Y101.993
G0 X108.484 Y101.993
G1 F1271.2 X108.486 Y100.697 E500.45596
G0 F9000 X108.823 Y100.697
G0 X108.751 Y102.261
G0 X108.261 Y102.303
G0 X108.153 Y102.212
G1 F1500 X108.703 Y102.213 E500.46511
G1 X108.702 Y100.481 E500.49391
G1 X108.271 Y100.481 E500.50108
G1 X108.27 Y101.942 E500.52538
G1 X108.153 Y102.212 E500.53027
G0 F9000 X108.261 Y102.303
G0 X105.44 Y102.333
G0 X105.44 Y102.006
G1 F1456.3 X105.432 Y101.947 E500.53129
G1 F1522.8 X105.427 Y100.677 E500.55209
G0 F9000 X105.11 Y100.677
G0 X105.185 Y102.261
G0 X105.637 Y102.303
G0 X105.777 Y102.212
G1 F1500 X105.661 Y102.067 E500.55518
G1 X105.628 Y101.906 E500.55791
G1 X105.625 Y100.48 E500.58163
G1 X105.23 Y100.48 E500.5882
G1 X105.233 Y102.213 E500.61702
G1 X105.777 Y102.212 E500.62606
G0 F9000 X105.566 Y102.433
;MESH:NONMESH
G0 F300 X105.566 Y102.433 Z5.9
G0 F9000 X100.5 Y101.376
G0 X100.34 Y101.376
;TIME_ELAPSED:1100.616398
;LAYER:28
;TYPE:FILL
;MESH:xyzCalibration_cube.stl
G1 F6000 X104.207 Y100.34 E500.69264
G0 F9000 X105.163 Y100.338
G1 F6000 X100.34 Y118.341 E501.00259
G0 F9000 X100.5 Y118.341
G0 X100.5 Y116.905
G0 X100.339 Y116.905
G1 F6000 X119.658 Y111.729 E501.3352
G0 F9000 X119.5 Y111.729
G0 X117.894 Y110.987
G0 X117.895 Y110.78
G1 F6000 X115.515 Y119.66 E501.48808
G0 F9000 X115.515 Y119.5
G0 X117.072 Y119.5
G0 X117.072 Y119.659
G1 F6000 X100.339 Y102.926 E501.88162
G0 F9000 X100.5 Y102.926
G0 X100.5 Y104.482
G0 X100.339 Y104.482
G1 F6000 X108.736 Y102.232 E502.02619
G0 F9000 X108.841 Y102.204
G1 F6000 X110.291 Y101.815 E502.05115
G0 F9000 X110.867 Y102.233
G1 F6000 X106.198 Y119.659 E502.35117
G0 F9000 X106.198 Y119.5
G0 X104.344 Y119.5
G0 X104.344 Y119.659
G1 F6000 X100.339 Y115.654 E502.44536
G0 F9000 X100.5 Y115.654
G0 X100.5 Y113.799
G0 X100.339 Y113.799
G1 F6000 X117.72 Y109.142 E502.7446
G0 F9000 X117.558 Y109.142
G0 X117.63 Y108.378
G0 X118.515 Y108.306
G0 X118.515 Y108.465
G1 F6000 X119.659 Y104.195 E502.81812
G0 F9000 X119.5 Y104.195
G0 X119.5 Y105.275
G0 X119.659 Y105.275
G1 F6000 X114.723 Y100.339 E502.93421
G0 F9000 X114.481 Y100.338
G1 F6000 X109.304 Y119.659 E503.26685
G0 F9000 X108.587 Y119.659
G1 F6000 X100.339 Y111.411 E503.46083
G0 F9000 X100.339 Y110.693
G1 F6000 X119.659 Y105.517 E503.79345
G0 F9000 X119.5 Y105.517
G0 X119.5 Y102.411
G0 X119.658 Y102.411
G1 F6000 X100.339 Y107.588 E504.12607
G0 F9000 X100.339 Y107.169
G1 F6000 X112.83 Y119.659 E504.41982
G0 F9000 X113.244 Y119.659
G1 F6000 X119.658 Y117.94 E504.53025
G1 X119.659 Y118.003
G1 X101.996 Y100.34 E504.94566
G1 X102.057 Y100.339
G1 X100.34 Y106.747 E505.05598
G0 F9000 X100.5 Y106.747
G0 X107.762 Y102.393
G0 X107.762 Y102.231
G1 F6000 X103.092 Y119.659 E505.35604
G0 F9000 X103.092 Y119.5
G0 X101.652 Y119.5
G0 X101.652 Y119.659
G1 F6000 X119.658 Y114.834 E505.66604
G0 F9000 X119.659 Y115.787
G1 F6000 X118.621 Y119.659 E505.73271
G0 F9000 X118.621 Y119.5
G0 X119.5 Y113.76
G0 X119.659 Y113.76
G1 F6000 X108.131 Y102.232 E506.00383
G0 F9000 X108.131 Y102.393
G0 X112.37 Y102.393
G0 X112.371 Y102.23
G1 F6000 X118.607 Y108.465 E506.15048
G0 F9000 X118.607 Y108.306
G0 X119.5 Y101.032
G0 X119.659 Y101.032
G1 F6000 X118.966 Y100.339 E506.16678
G0 F9000 X118.966 Y100.5
G0 X117.587 Y100.5
G0 X117.587 Y100.338
G1 F6000 X112.409 Y119.66 E506.49944
G0 F9000 X112.409 Y119.5
G0 X113.974 Y102.261
G0 X114.048 Y100.837
G0 X113.947 Y100.836
G1 F6000 X115.799 Y100.339 E506.53133
G0 F9000 X115.799 Y100.5
G0 X117.63 Y110.915
G0 X119.53 Y119.53
G0 X119.7 Y119.7
;TYPE:WALL-INNER
G1 F1500 X119.7 Y110.788 E506.67954
G1 X117.99 Y110.787 E506.70797
G1 X117.866 Y110.718 E506.71033
G1 X117.758 Y110.538 E506.71382
G1 X117.761 Y108.761 E506.74338
G1 X117.859 Y108.58 E506.7468
G1 X117.984 Y108.506 E506.74922
G1 X119.7 Y108.506 E506.77775
G1 X119.7 Y100.3 E506.91422
G1 X113.277 Y100.3 E507.02103
G1 X113.275 Y101.961 E507.04866
G1 X113.204 Y102.089 E507.05109
G1 X113.017 Y102.191 E507.05463
G1 X111.208 Y102.192 E507.08472
G1 X111.075 Y102.143 E507.08707
G1 X110.973 Y102.027 E507.08964
G1 X110.943 Y101.919 E507.09151
G1 X110.942 Y100.301 E507.11841
G1 X108.209 Y100.301 E507.16386
G1 X108.208 Y101.919 E507.19077
G1 X108.178 Y102.027 E507.19264
G1 X108.044 Y102.161 E507.19579
G1 X107.947 Y102.19 E507.19747
G1 X106.176 Y102.192 E507.22692
G1 X106.08 Y102.161 E507.2286
G1 X105.918 Y101.992 E507.23249
G1 X105.916 Y100.3 E507.26063
G1 X100.301 Y100.301 E507.35401
G1 X100.3 Y119.7 E507.67662
G1 X119.7 Y119.7 E507.99924
G0 F9000 X119.9 Y119.9
;TYPE:WALL-OUTER
G1 F1500 X119.9 Y110.588 E508.1541
G1 X118.027 Y110.583 E508.18525
G1 X117.96 Y110.512 E508.18687
G1 X117.962 Y108.776 E508.21574
G1 X118.023 Y108.711 E508.21722
G1 X119.9 Y108.706 E508.24844
G1 X119.9 Y100.1 E508.39156
G1 X113.077 Y100.1 E508.50502
G1 X113.071 Y101.924 E508.53536
G1 X113.006 Y101.99 E508.5369
G1 X111.214 Y101.99 E508.5667
G1 X111.142 Y101.93 E508.56826
G1 X111.142 Y100.101 E508.59867
G1 X108.009 Y100.101 E508.65077
G1 X108.009 Y101.929 E508.68117
G1 X107.934 Y101.99 E508.68278
G1 X106.204 Y101.994 E508.71155
G1 X106.118 Y101.924 E508.7134
G1 X106.116 Y100.1 E508.74373
G1 X100.101 Y100.101 E508.84376
G1 X100.1 Y119.9 E509.17302
G1 X119.9 Y119.9 E509.50229
G0 F9000 X119.9 Y119.7
G0 X119.53 Y119.53
G0 X114.046 Y101.974
G0 X113.687 Y101.973
;TYPE:SKIN
G1 F1098.9 X113.693 Y100.716 E509.53083
G0 F9000 X114.048 Y100.717
G0 X113.974 Y102.261
G0 X113.445 Y102.303
G0 X113.327 Y102.212
G1 F1500 X113.926 Y102.213 E509.54079
G1 X113.928 Y100.481 E509.56959
G1 X113.458 Y100.481 E509.57741
G1 X113.455 Y101.913 E509.60122
G1 X113.402 Y102.109 E509.6046
G1 X113.327 Y102.212 E509.60672
G0 F9000 X113.445 Y102.303
G0 X110.814 Y102.321
G0 X110.265 Y102.262
G0 X110.194 Y101.985
G0 X110.541 Y101.986
G1 F1195.2 X110.538 Y100.705 E509.63345
G0 F9000 X110.194 Y100.704
G0 X110.265 Y102.262
G0 X110.772 Y102.304
G0 X110.911 Y102.214
G1 F1500 X110.804 Y102.089 E509.63619
G1 X110.764 Y101.946 E509.63866
G1 X110.762 Y100.481 E509.66302
G1 X110.314 Y100.481 E509.67047
G1 X110.314 Y102.213 E509.69928
G1 X110.911 Y102.214 E509.7092
G0 F9000 X110.772 Y102.304
G0 X110.485 Y102.28
G0 X108.941 Y101.994
G0 X108.602 Y101.994
G1 F1276.6 X108.605 Y100.697 E509.73455
G0 F9000 X108.941 Y100.697
G0 X108.869 Y102.261
G0 X108.379 Y102.303
G0 X108.252 Y102.212
G1 F1500 X108.821 Y102.213 E509.74401
G1 X108.821 Y100.481 E509.77281
G1 X108.389 Y100.481 E509.78
G1 X108.386 Y101.947 E509.80438
G1 X108.326 Y102.128 E509.80755
G1 X108.252 Y102.212 E509.80941
G0 F9000 X108.379 Y102.303
G0 X105.79 Y102.322
G0 X105.296 Y102.261
G0 X105.223 Y102.006
G0 X105.55 Y102.006
G1 F1470.6 X105.542 Y101.946 E509.81044
G1 F1522.8 X105.539 Y100.678 E509.83121
G0 F9000 X105.221 Y100.678
G0 X105.296 Y102.261
G0 X105.748 Y102.303
G0 X105.886 Y102.212
G1 F1500 X105.774 Y102.074 E509.83416
G1 X105.739 Y101.911 E509.83694
G1 X105.736 Y100.48 E509.86073
G1 X105.341 Y100.48 E509.8673
G1 X105.345 Y102.212 E509.89611
G1 X105.886 Y102.212 E509.9051
G0 F9000 X105.677 Y102.433
;MESH:NONMESH
G0 F300 X105.677 Y102.433 Z6.1
G0 F9000 X100.5 Y101.523
G0 X100.34 Y101.523
;TIME_ELAPSED:1122.955965
;LAYER:29
;TYPE:FILL
;MESH:xyzCalibration_cube.stl
G1 F6000 X104.758 Y100.339 E509.98117
G0 F9000 X105.016 Y100.339
G1 F6000 X100.34 Y117.791 E510.28163
G0 F9000 X100.339 Y117.052
G1 F6000 X119.658 Y111.876 E510.61424
G0 F9000 X119.5 Y111.876
G0 X119.5 Y113.559
G0 X119.659 Y113.559
G1 F6000 X108.333 Y102.233 E510.88061
G0 F9000 X107.615 Y102.229
G1 F6000 X102.945 Y119.659 E511.1807
G0 F9000 X102.201 Y119.659
G1 F6000 X119.658 Y114.981 E511.48125
G0 F9000 X119.659 Y115.238
G1 F6000 X118.474 Y119.659 E511.55737
G0 F9000 X118.474 Y119.5
G0 X117.273 Y119.5
G0 X117.273 Y119.659
G1 F6000 X100.339 Y102.725 E511.95563
G0 F9000 X100.5 Y102.725
G0 X100.5 Y104.629
G0 X100.34 Y104.629
G1 F6000 X110.17 Y101.995 E512.12487
G0 F9000 X110.72 Y102.233
G1 F6000 X106.051 Y119.659 E512.42489
G0 F9000 X106.051 Y119.5
G0 X104.545 Y119.5
G0 X104.545 Y119.659
G1 F6000 X100.339 Y115.453 E512.5238
G0 F9000 X100.5 Y115.453
G0 X100.5 Y113.946
G0 X100.339 Y113.946
G1 F6000 X117.72 Y109.289 E512.82305
G0 F9000 X117.558 Y109.289
G0 X117.63 Y108.376
G0 X118.368 Y108.304
G0 X118.368 Y108.463
G1 F6000 X119.659 Y103.646 E512.90598
G0 F9000 X119.5 Y103.646
G0 X119.5 Y102.558
G0 X119.658 Y102.558
G1 F6000 X100.339 Y107.735 E513.23859
G0 F9000 X100.339 Y106.968
G1 F6000 X113.031 Y119.659 E513.53708
G0 F9000 X113.793 Y119.659
G1 F6000 X119.658 Y118.087 E513.63806
G0 F9000 X119.659 Y117.802
G1 F6000 X102.197 Y100.34 E514.04874
G0 F9000 X101.91 Y100.339
G1 F6000 X100.34 Y106.198 E514.14961
G0 F9000 X100.5 Y106.198
G0 X100.5 Y110.84
G0 X100.339 Y110.84
G1 F6000 X119.659 Y105.664 E514.48223
G0 F9000 X119.659 Y105.074
G1 F6000 X114.925 Y100.34 E514.59357
G0 F9000 X114.334 Y100.338
G1 F6000 X109.157 Y119.659 E514.92621
G0 F9000 X108.788 Y119.659
G1 F6000 X100.339 Y111.21 E515.12492
G0 F9000 X100.5 Y111.21
G0 X112.262 Y119.5
G0 X112.262 Y119.66
G1 F6000 X117.44 Y100.338 E515.45758
G0 F9000 X117.44 Y100.5
G0 X116.349 Y100.5
G0 X116.349 Y100.339
G1 F6000 X113.821 Y101.016 E515.50111
G0 F9000 X113.921 Y101.017
G0 X113.848 Y102.261
G0 X112.573 Y102.394
G0 X112.573 Y102.231
G1 F6000 X118.806 Y108.464 E515.6477
G0 F9000 X118.806 Y108.304
G0 X117.63 Y108.376
G0 X117.558 Y110.657
G0 X117.781 Y110.657
G1 F6000 X115.368 Y119.659 E515.80269
G0 F9000 X115.368 Y119.5
G0 X117.63 Y108.376
G0 X119.5 Y100.832
G0 X119.659 Y100.832
G1 F6000 X119.167 Y100.34 E515.81426
G0 F9000 X119.167 Y100.5
G0 X117.63 Y108.376
G0 X117.63 Y110.912
G0 X119.53 Y119.53
G0 X119.7 Y119.7
;TYPE:WALL-INNER
G1 F1500 X119.7 Y110.785 E515.96251
G1 X117.99 Y110.784 E515.99095
G1 X117.866 Y110.715 E515.99331
G1 X117.758 Y110.536 E515.99679
G1 X117.76 Y108.764 E516.02626
G1 X117.845 Y108.592 E516.02945
G1 X117.982 Y108.504 E516.03215
G1 X119.7 Y108.504 E516.06073
G1 X119.7 Y100.3 E516.19716
G1 X113.151 Y100.3 E516.30607
G1 X113.148 Y101.895 E516.33259
G1 X113.107 Y102.047 E516.33521
G1 X112.994 Y102.157 E516.33783
G1 X112.891 Y102.192 E516.33964
G1 X111.063 Y102.193 E516.37004
G1 X110.917 Y102.115 E516.3728
G1 X110.821 Y101.92 E516.37641
G1 X110.821 Y100.301 E516.40333
G1 X108.328 Y100.301 E516.44479
G1 X108.327 Y101.92 E516.47172
G1 X108.293 Y102.036 E516.47373
G1 X108.127 Y102.192 E516.47752
G1 X106.287 Y102.192 E516.50812
G1 X106.193 Y102.162 E516.50976
G1 X106.058 Y102.024 E516.51297
G1 X106.029 Y101.895 E516.51517
G1 X106.027 Y100.3 E516.54169
G1 X100.301 Y100.301 E516.63691
G1 X100.3 Y119.7 E516.95952
G1 X119.7 Y119.7 E517.28214
G0 F9000 X119.9 Y119.9
;TYPE:WALL-OUTER
G1 F1500 X119.9 Y110.585 E517.43705
G1 X118.027 Y110.58 E517.4682
G1 X117.96 Y110.509 E517.46982
G1 X117.961 Y108.776 E517.49864
G1 X118.014 Y108.704 E517.50013
G1 X119.9 Y108.704 E517.5315
G1 X119.9 Y100.1 E517.67458
G1 X112.951 Y100.1 E517.79014
G1 X112.944 Y101.925 E517.82049
G1 X112.863 Y101.994 E517.82226
G1 X111.091 Y101.99 E517.85173
G1 X111.021 Y101.933 E517.85323
G1 X111.021 Y100.101 E517.8837
G1 X108.128 Y100.101 E517.93181
G1 X108.128 Y101.933 E517.96228
G1 X108.047 Y101.992 E517.96394
G1 X106.293 Y101.994 E517.99311
G1 X106.229 Y101.929 E517.99463
G1 X106.227 Y100.1 E518.02505
G1 X100.101 Y100.101 E518.12692
G1 X100.1 Y119.9 E518.45618
G1 X119.9 Y119.9 E518.78546
G0 F9000 X119.9 Y119.7
G0 X119.53 Y119.53
G0 X113.92 Y101.973
G0 X113.561 Y101.972
;TYPE:SKIN
G1 F1094.9 X113.566 Y100.716 E518.81407
G0 F9000 X113.922 Y100.717
G0 X113.848 Y102.261
G0 X113.317 Y102.303
G0 X113.189 Y102.213
G1 F1500 X113.8 Y102.212 E518.82423
G1 X113.802 Y100.48 E518.85304
G1 X113.331 Y100.48 E518.86087
G1 X113.328 Y101.915 E518.88473
G1 X113.273 Y102.113 E518.88815
G1 X113.189 Y102.213 E518.89032
G0 F9000 X113.317 Y102.303
G0 X110.693 Y102.322
G0 X110.144 Y102.262
G0 X110.072 Y101.986
G0 X110.42 Y101.986
G1 F1190.5 X110.417 Y100.706 E518.91714
G0 F9000 X110.072 Y100.706
G0 X110.144 Y102.262
G0 X110.651 Y102.304
G0 X110.768 Y102.214
G1 F1500 X110.643 Y101.946 E518.92206
G1 X110.641 Y100.481 E518.94642
G1 X110.192 Y100.481 E518.95389
G1 X110.193 Y102.213 E518.98269
G1 X110.768 Y102.214 E518.99226
G0 F9000 X110.651 Y102.304
G0 X110.364 Y102.28
G0 X109.06 Y101.993
G0 X108.721 Y101.993
G1 F1271.2 X108.723 Y100.697 E519.01769
G0 F9000 X109.06 Y100.697
G0 X108.988 Y102.261
G0 X108.498 Y102.303
G0 X108.381 Y102.212
G1 F1500 X108.94 Y102.213 E519.02698
G1 X108.939 Y100.481 E519.05579
G1 X108.508 Y100.481 E519.06296
G1 X108.507 Y101.943 E519.08727
G1 X108.381 Y102.212 E519.09221
G0 F9000 X108.498 Y102.303
G0 X105.661 Y102.333
G0 X105.661 Y102.007
G1 F1463.4 X105.654 Y101.949 E519.0932
G1 F1522.8 X105.649 Y100.677 E519.11404
G0 F9000 X105.332 Y100.677
G0 X105.407 Y102.261
G0 X105.859 Y102.303
G0 X105.995 Y102.212
G1 F1500 X105.887 Y102.081 E519.11686
G1 X105.85 Y101.91 E519.11977
G1 X105.847 Y100.48 E519.14355
G1 X105.452 Y100.48 E519.15012
G1 X105.455 Y102.213 E519.17894
G1 X105.995 Y102.212 E519.18792
G0 F9000 X105.788 Y102.433
;MESH:NONMESH
G0 F300 X105.788 Y102.433 Z6.3
G0 F9000 X100.5 Y101.669
G0 X100.34 Y101.669
;TIME_ELAPSED:1145.011188
;LAYER:30
;TYPE:FILL
;MESH:xyzCalibration_cube.stl
G1 F6000 X105.302 Y100.339 E519.27335
G0 F9000 X104.87 Y100.339
G1 F6000 X100.34 Y117.247 E519.56445
G1 X100.34 Y117.198
G1 X119.658 Y112.022 E519.89704
G0 F9000 X119.5 Y112.022
G0 X119.5 Y113.36
G0 X119.659 Y113.36
G1 F6000 X108.533 Y102.234 E520.15871
G0 F9000 X108.616 Y102.304
G0 X107.469 Y102.394
G0 X107.469 Y102.23
G1 F6000 X102.799 Y119.659 E520.45878
G1 X102.746 Y119.659
G1 X119.658 Y115.127 E520.74995
G0 F9000 X119.659 Y114.694
G1 F6000 X118.328 Y119.66 E520.83545
G0 F9000 X117.473 Y119.659
G1 F6000 X100.339 Y102.526 E521.2384
G0 F9000 X100.5 Y102.526
G0 X100.5 Y104.775
G0 X100.34 Y104.775
G1 F6000 X110.048 Y102.173 E521.40555
G0 F9000 X110.574 Y102.234
G1 F6000 X105.905 Y119.659 E521.70555
G0 F9000 X105.905 Y119.5
G0 X104.745 Y119.5
G0 X104.745 Y119.659
G1 F6000 X100.339 Y115.254 E521.80916
G0 F9000 X100.5 Y115.254
G0 X100.5 Y114.092
G0 X100.34 Y114.092
G1 F6000 X117.72 Y109.435 E522.10839
G0 F9000 X117.721 Y110.336
G1 F6000 X115.222 Y119.66 E522.26892
G0 F9000 X114.338 Y119.659
G1 F6000 X119.658 Y118.233 E522.36051
G0 F9000 X119.659 Y117.603
G1 F6000 X102.396 Y100.34 E522.76651
G0 F9000 X101.764 Y100.339
G1 F6000 X100.34 Y105.653 E522.858
G0 F9000 X100.5 Y105.653
G0 X100.5 Y106.768
G0 X100.339 Y106.768
G1 F6000 X113.23 Y119.659 E523.16118
G0 F9000 X113.23 Y119.5
G0 X112.117 Y119.5
G0 X112.117 Y119.659
G1 F6000 X117.294 Y100.338 E523.49382
G0 F9000 X116.893 Y100.339
G1 F6000 X113.694 Y101.196 E523.5489
G0 F9000 X114.188 Y100.339
G1 F6000 X113.692 Y102.188 E523.58073
G1 X113.681 Y102.231
G1 X109.011 Y119.659 E523.88079
G1 X108.987 Y119.659
G1 X100.339 Y111.011 E524.08418
G1 X100.34 Y110.986
G1 X119.659 Y105.81 E524.41678
G0 F9000 X119.659 Y104.875
G1 F6000 X115.124 Y100.339 E524.52345
G0 F9000 X115.124 Y100.5
G0 X113.721 Y102.261
G0 X112.774 Y102.394
G0 X112.774 Y102.232
G1 F6000 X119.003 Y108.461 E524.66995
G0 F9000 X118.223 Y108.462
G1 F6000 X119.659 Y103.102 E524.76223
G0 F9000 X119.659 Y102.704
G1 F6000 X100.34 Y107.88 E525.09484
G0 F9000 X100.5 Y107.88
G0 X100.5 Y119.496
G0 X100.339 Y119.496
G1 F6000 X100.502 Y119.659 E525.09867
G0 F9000 X100.502 Y119.5
G0 X119.5 Y100.632
G0 X119.659 Y100.632
G1 F6000 X119.366 Y100.339 E525.10556
G0 F9000 X119.366 Y100.5
G0 X117.63 Y108.374
G0 X117.63 Y110.91
G0 X119.53 Y119.53
G0 X119.7 Y119.7
;TYPE:WALL-INNER
G1 F1500 X119.7 Y110.783 E525.25385
G1 X117.99 Y110.782 E525.28229
G1 X117.866 Y110.713 E525.28465
G1 X117.758 Y110.534 E525.28812
G1 X117.76 Y108.765 E525.31754
G1 X117.829 Y108.607 E525.32041
G1 X117.979 Y108.502 E525.32346
G1 X119.7 Y108.502 E525.35208
G1 X119.7 Y100.3 E525.48848
G1 X113.024 Y100.3 E525.5995
G1 X113.022 Y101.966 E525.6272
G1 X112.922 Y102.119 E525.63024
G1 X112.782 Y102.189 E525.63285
G1 X110.972 Y102.193 E525.66295
G1 X110.85 Y102.155 E525.66507
G1 X110.74 Y102.046 E525.66765
G1 X110.7 Y101.92 E525.66985
G1 X110.699 Y100.301 E525.69677
G1 X108.446 Y100.301 E525.73424
G1 X108.445 Y101.919 E525.76114
G1 X108.406 Y102.045 E525.76334
G1 X108.239 Y102.192 E525.76704
G1 X106.399 Y102.192 E525.79764
G1 X106.305 Y102.163 E525.79927
G1 X106.17 Y102.027 E525.80246
G1 X106.14 Y101.895 E525.80471
G1 X106.138 Y100.3 E525.83124
G1 X100.301 Y100.301 E525.92831
G1 X100.3 Y119.7 E526.25091
G1 X119.7 Y119.7 E526.57354
G0 F9000 X119.9 Y119.9
;TYPE:WALL-OUTER
G1 F1500 X119.9 Y110.583 E526.72848
G1 X118.027 Y110.578 E526.75963
G1 X117.96 Y110.507 E526.76125
G1 X117.958 Y108.789 E526.78982
G1 X118.023 Y108.708 E526.79155
G1 X119.9 Y108.702 E526.82276
G1 X119.9 Y100.1 E526.96581
G1 X112.824 Y100.1 E527.08349
G1 X112.817 Y101.926 E527.11385
G1 X112.742 Y101.993 E527.11553
G1 X110.946 Y101.994 E527.14539
G1 X110.899 Y101.903 E527.1471
G1 X110.899 Y100.101 E527.17707
G1 X108.246 Y100.101 E527.22119
G1 X108.246 Y101.934 E527.25167
G1 X108.17 Y101.991 E527.25325
G1 X106.405 Y101.994 E527.2826
G1 X106.34 Y101.929 E527.28413
G1 X106.338 Y100.1 E527.31455
G1 X100.101 Y100.101 E527.41827
G1 X100.1 Y119.9 E527.74753
G1 X119.9 Y119.9 E528.0768
G0 F9000 X119.9 Y119.7
G0 X119.53 Y119.53
G0 X113.793 Y101.978
G0 X113.438 Y101.977
;TYPE:SKIN
G1 F1115.2 X113.44 Y100.716 E528.10501
G0 F9000 X113.795 Y100.717
G0 X113.721 Y102.261
G0 X113.192 Y102.303
G0 X113.072 Y102.212
G1 F1500 X113.673 Y102.212 E528.115
G1 X113.675 Y100.481 E528.14379
G1 X113.205 Y100.481 E528.1516
G1 X113.203 Y101.986 E528.17663
G1 X113.072 Y102.212 E528.18098
G0 F9000 X113.192 Y102.303
G0 X110.571 Y102.322
G0 X110.022 Y102.263
G0 X109.95 Y101.987
G0 X110.298 Y101.987
G1 F1181.1 X110.296 Y101.981 E528.18111
G1 F1190.5 X110.295 Y100.706 E528.20783
G0 F9000 X109.95 Y100.706
G0 X109.95 Y101.981
G0 X110.296 Y101.981
G1 F1181.1 X110.298 Y101.987 E528.20796
G0 F9000 X110.644 Y102.214
G1 F1500 X110.521 Y101.942 E528.21292
G1 X110.519 Y100.481 E528.23722
G1 X110.07 Y100.481 E528.24469
G1 X110.07 Y102.215 E528.27352
G1 X110.644 Y102.214 E528.28307
G0 F9000 X110.529 Y102.305
G0 X110.119 Y102.271
G0 X109.178 Y101.994
G0 X108.838 Y101.994
G1 F1271.2 X108.842 Y100.697 E528.30852
G0 F9000 X109.178 Y100.697
G0 X109.106 Y102.262
G0 X108.616 Y102.304
G0 X108.5 Y102.213
G1 F1500 X109.058 Y102.214 E528.3178
G1 X109.058 Y100.481 E528.34662
G1 X108.626 Y100.481 E528.35381
G1 X108.625 Y101.941 E528.37808
G1 X108.5 Y102.213 E528.38306
G0 F9000 X108.616 Y102.304
G0 X105.772 Y102.333
G0 X105.772 Y102.007
G1 F1470.6 X105.765 Y101.955 E528.38395
G1 F1522.8 X105.761 Y100.678 E528.40487
G0 F9000 X105.443 Y100.678
G0 X105.518 Y102.261
G0 X105.97 Y102.303
G0 X106.108 Y102.213
G1 F1500 X106 Y102.083 E528.40768
G1 X105.961 Y101.912 E528.4106
G1 X105.958 Y100.48 E528.43441
G1 X105.563 Y100.48 E528.44098
G1 X105.566 Y102.213 E528.4698
G1 X106.108 Y102.213 E528.47882
G0 F9000 X105.899 Y102.433
;MESH:NONMESH
G0 F300 X105.899 Y102.433 Z6.5
G0 F9000 X101.617 Y100.5
G0 X101.617 Y100.339
;TIME_ELAPSED:1166.691947
;LAYER:31
;TYPE:FILL
;MESH:xyzCalibration_cube.stl
G1 F6000 X100.34 Y105.104 E528.56085
G0 F9000 X100.34 Y104.922
G1 F6000 X110.371 Y102.234 E528.73356
G1 X110.427 Y102.233
G1 X105.758 Y119.658 E529.03356
G0 F9000 X104.944 Y119.658
G1 F6000 X100.34 Y115.054 E529.14184
G0 F9000 X100.34 Y114.239
G1 F6000 X117.721 Y109.582 E529.44108
G0 F9000 X117.721 Y109.784
G1 F6000 X115.076 Y119.659 E529.61109
G0 F9000 X114.887 Y119.659
G1 F6000 X119.658 Y118.38 E529.69323
G0 F9000 X119.659 Y117.402
G1 F6000 X102.597 Y100.34 E530.0945
G0 F9000 X102.597 Y100.5
G0 X104.723 Y100.5
G0 X104.723 Y100.338
G1 F6000 X100.34 Y116.697 E530.37615
G0 F9000 X100.34 Y117.345
G1 F6000 X119.659 Y112.168 E530.70876
G0 F9000 X119.659 Y113.159
G1 F6000 X108.733 Y102.234 E530.96571
G0 F9000 X108.733 Y102.334
G0 X107.322 Y102.394
G0 X107.322 Y102.23
G1 F6000 X102.652 Y119.658 E531.26577
G0 F9000 X103.298 Y119.658
G1 F6000 X119.659 Y115.274 E531.54745
G0 F9000 X119.5 Y115.274
G0 X119.5 Y114.144
G0 X119.659 Y114.144
G1 F6000 X118.181 Y119.659 E531.6424
G0 F9000 X117.673 Y119.658
G1 F6000 X100.34 Y102.326 E532.05004
G0 F9000 X100.34 Y101.816
G1 F6000 X105.653 Y100.392 E532.14151
G0 F9000 X105.653 Y100.5
G0 X105.629 Y102.261
G0 X105.909 Y102.296
G0 X113.066 Y102.304
G0 X112.976 Y102.234
G1 F6000 X119.202 Y108.46 E532.28794
G0 F9000 X119.202 Y108.3
G0 X118.077 Y108.3
G0 X118.077 Y108.459
G1 F6000 X119.659 Y102.553 E532.38962
G0 F9000 X119.659 Y102.851
G1 F6000 X100.34 Y108.027 E532.72222
G0 F9000 X100.5 Y108.027
G0 X100.5 Y106.568
G0 X100.34 Y106.568
G1 F6000 X113.43 Y119.658 E533.03008
G0 F9000 X113.43 Y119.5
G0 X111.97 Y119.5
G0 X111.97 Y119.659
G1 F6000 X117.147 Y100.338 E533.36272
G0 F9000 X117.441 Y100.339
G1 F6000 X113.568 Y101.377 E533.42941
G0 F9000 X113.567 Y102.107
G1 F6000 X114.041 Y100.339 E533.45985
G0 F9000 X114.041 Y100.5
G0 X115.324 Y100.5
G0 X115.324 Y100.339
G1 F6000 X119.659 Y104.674 E533.5618
G0 F9000 X119.5 Y104.674
G0 X119.5 Y105.957
G0 X119.659 Y105.957
G1 F6000 X100.34 Y111.133 E533.89441
G0 F9000 X100.34 Y110.811
G1 F6000 X109.187 Y119.658 E534.10247
G0 F9000 X108.864 Y119.659
G1 F6000 X113.533 Y102.232 E534.40251
G0 F9000 X113.533 Y102.333
G0 X119.567 Y100.5
G0 X119.567 Y100.339
G1 F6000 X119.659 Y100.431 E534.40467
G0 F9000 X119.5 Y100.431
G0 X100.701 Y119.5
G0 X100.701 Y119.658
G1 F6000 X100.34 Y119.296 E534.41317
G0 F9000 X100.5 Y119.296
G0 X119.53 Y119.53
G0 X119.7 Y119.7
;TYPE:WALL-INNER
G1 F1500 X119.7 Y110.781 E534.5615
G1 X117.991 Y110.78 E534.58992
G1 X117.867 Y110.711 E534.59228
G1 X117.759 Y110.532 E534.59575
G1 X117.76 Y108.766 E534.62512
G1 X117.827 Y108.608 E534.62798
G1 X117.978 Y108.5 E534.63106
G1 X119.7 Y108.5 E534.6597
G1 X119.7 Y100.3 E534.79607
G1 X112.898 Y100.3 E534.90918
G1 X112.896 Y101.895 E534.93571
G1 X112.852 Y102.053 E534.93844
G1 X112.729 Y102.164 E534.94119
G1 X112.625 Y102.193 E534.94299
G1 X110.852 Y102.194 E534.97247
G1 X110.738 Y102.161 E534.97445
G1 X110.624 Y102.057 E534.97701
G1 X110.577 Y101.92 E534.97942
G1 X110.577 Y100.301 E535.00635
G1 X108.565 Y100.301 E535.03981
G1 X108.563 Y101.92 E535.06673
G1 X108.449 Y102.13 E535.0707
G1 X108.297 Y102.192 E535.07343
G1 X106.51 Y102.192 E535.10315
G1 X106.417 Y102.163 E535.10477
G1 X106.283 Y102.031 E535.1079
G1 X106.251 Y101.895 E535.11022
G1 X106.25 Y100.3 E535.13675
G1 X100.301 Y100.301 E535.23568
G1 X100.301 Y119.699 E535.55827
G1 X119.7 Y119.7 E535.88088
G0 F9000 X119.9 Y119.9
;TYPE:WALL-OUTER
G1 F1500 X119.9 Y110.581 E536.03585
G1 X118.028 Y110.576 E536.06698
G1 X117.961 Y110.505 E536.06861
G1 X117.959 Y108.788 E536.09716
G1 X118.023 Y108.706 E536.09889
G1 X119.9 Y108.7 E536.13011
G1 X119.9 Y100.1 E536.27312
G1 X112.698 Y100.1 E536.39289
G1 X112.696 Y101.934 E536.42339
G1 X112.629 Y101.995 E536.4249
G1 X110.847 Y101.99 E536.45454
G1 X110.777 Y101.938 E536.45599
G1 X110.777 Y100.101 E536.48653
G1 X108.365 Y100.101 E536.52665
G1 X108.364 Y101.936 E536.55716
G1 X108.301 Y101.987 E536.55851
G1 X106.537 Y101.994 E536.58785
G1 X106.451 Y101.928 E536.58965
G1 X106.45 Y100.1 E536.62005
G1 X100.101 Y100.101 E536.72563
G1 X100.101 Y119.899 E537.05488
G1 X119.9 Y119.9 E537.38413
G0 F9000 X119.9 Y119.7
G0 X119.53 Y119.53
G0 X113.667 Y101.974
G0 X113.308 Y101.973
;TYPE:SKIN
G1 F1098.9 X113.314 Y100.716 E537.41267
G0 F9000 X113.669 Y100.717
G0 X113.595 Y102.261
G0 X113.066 Y102.304
G0 X112.944 Y102.213
G1 F1500 X113.547 Y102.213 E537.4227
G1 X113.549 Y100.481 E537.4515
G1 X113.079 Y100.481 E537.45932
G1 X113.076 Y101.912 E537.48311
G1 X113.016 Y102.123 E537.48676
G1 X112.944 Y102.213 E537.48868
G0 F9000 X113.066 Y102.304
G0 X110.449 Y102.322
G0 X109.9 Y102.263
G0 X109.829 Y101.986
G0 X110.176 Y101.987
G1 F1181.1 X110.174 Y101.981 E537.48881
G1 F1190.5 X110.173 Y100.705 E537.51555
G0 F9000 X109.829 Y100.704
G0 X109.829 Y101.98
G0 X110.174 Y101.981
G1 F1181.1 X110.176 Y101.987 E537.51568
G0 F9000 X110.527 Y102.215
G1 F1500 X110.399 Y101.944 E537.52067
G1 X110.397 Y100.481 E537.545
G1 X109.949 Y100.481 E537.55245
G1 X109.949 Y102.214 E537.58127
G1 X110.527 Y102.215 E537.59088
G0 F9000 X110.407 Y102.305
G0 X109.997 Y102.271
G0 X109.297 Y101.993
G0 X108.957 Y101.993
G1 F1265.8 X108.96 Y100.697 E537.61642
G0 F9000 X109.297 Y100.697
G0 X109.225 Y102.262
G0 X108.734 Y102.304
G0 X108.608 Y102.213
G1 F1500 X109.177 Y102.214 E537.62588
G1 X109.176 Y100.481 E537.6547
G1 X108.745 Y100.481 E537.66187
G1 X108.743 Y101.941 E537.68615
G1 X108.68 Y102.132 E537.68949
G1 X108.608 Y102.213 E537.6913
G0 F9000 X108.734 Y102.304
G0 X106.123 Y102.322
G0 X105.629 Y102.261
G0 X105.556 Y102.007
G0 X105.883 Y102.007
G1 F1470.6 X105.876 Y101.948 E537.6923
G1 F1515.2 X105.872 Y100.678 E537.71321
G0 F9000 X105.554 Y100.678
G0 X105.629 Y102.261
G0 X106.081 Y102.304
G0 X106.216 Y102.213
G1 F1500 X106.114 Y102.089 E537.71588
G1 X106.072 Y101.91 E537.71894
G1 X106.07 Y100.48 E537.74272
G1 X105.674 Y100.48 E537.74931
G1 X105.677 Y102.213 E537.77813
G1 X106.216 Y102.213 E537.78709
G0 F9000 X106.01 Y102.434
;MESH:NONMESH
G0 F300 X106.01 Y102.434 Z6.7
G0 F9000 X101.471 Y100.5
G0 X101.471 Y100.338
;TIME_ELAPSED:1188.660180
;LAYER:32
;TYPE:FILL
;MESH:xyzCalibration_cube.stl
G1 F6000 X100.339 Y104.565 E537.85986
G0 F9000 X100.339 Y105.068
G1 F6000 X110.939 Y102.228 E538.04236
G0 F9000 X110.281 Y102.233
G1 F6000 X105.612 Y119.659 E538.34238
G0 F9000 X105.145 Y119.659
G1 F6000 X100.339 Y114.853 E538.45541
G0 F9000 X100.34 Y114.385
G1 F6000 X117.72 Y109.728 E538.75463
G0 F9000 X117.72 Y109.244
G1 F6000 X114.93 Y119.659 E538.93394
G0 F9000 X115.431 Y119.659
G1 F6000 X119.659 Y118.526 E539.00673
G0 F9000 X119.5 Y118.526
G0 X119.5 Y117.202
G0 X119.659 Y117.202
G1 F6000 X102.796 Y100.339 E539.40333
G0 F9000 X102.796 Y100.5
G0 X104.577 Y100.5
G0 X104.577 Y100.339
G1 F6000 X100.339 Y116.154 E539.67561
G0 F9000 X100.5 Y116.154
G0 X100.5 Y117.491
G0 X100.34 Y117.491
G1 F6000 X119.658 Y112.315 E540.0082
G0 F9000 X119.659 Y112.96
G1 F6000 X108.932 Y102.233 E540.26048
G0 F9000 X108.932 Y102.334
G0 X107.176 Y102.394
G0 X107.176 Y102.229
G1 F6000 X102.506 Y119.659 E540.56057
G0 F9000 X102.506 Y119.5
G0 X103.839 Y119.5
G0 X103.839 Y119.659
G1 F6000 X119.658 Y115.42 E540.83292
G0 F9000 X119.5 Y115.42
G0 X119.5 Y113.6
G0 X119.659 Y113.6
G1 F6000 X118.035 Y119.66 E540.93726
G0 F9000 X117.873 Y119.659
G1 F6000 X100.339 Y102.126 E541.34962
G0 F9000 X100.339 Y101.962
G1 F6000 X105.764 Y100.508 E541.44302
G0 F9000 X105.665 Y100.507
G0 X105.74 Y102.262
G0 X106.02 Y102.296
G0 X113.175 Y102.334
G0 X113.175 Y102.234
G1 F6000 X119.399 Y108.457 E541.58939
G0 F9000 X119.399 Y108.298
G0 X117.92 Y108.298
G0 X117.92 Y108.497
G1 F6000 X119.659 Y102.009 E541.70109
G0 F9000 X119.659 Y102.997
G1 F6000 X100.339 Y108.174 E542.03372
G0 F9000 X100.5 Y108.174
G0 X100.5 Y106.368
G0 X100.339 Y106.368
G1 F6000 X113.63 Y119.659 E542.3463
G0 F9000 X113.63 Y119.5
G0 X111.824 Y119.5
G0 X111.824 Y119.659
G1 F6000 X117.001 Y100.339 E542.67893
G0 F9000 X117.986 Y100.339
G1 F6000 X113.44 Y101.557 E542.7572
G0 F9000 X113.439 Y102.039
G1 F6000 X113.895 Y100.338 E542.78648
G0 F9000 X113.895 Y100.5
G0 X115.524 Y100.5
G0 X115.524 Y100.339
G1 F6000 X119.659 Y104.475 E542.88375
G0 F9000 X119.5 Y104.475
G0 X119.5 Y106.103
G0 X119.658 Y106.103
G1 F6000 X100.34 Y111.279 E543.21634
G0 F9000 X100.339 Y110.611
G1 F6000 X109.388 Y119.659 E543.42914
G0 F9000 X108.718 Y119.659
G1 F6000 X113.387 Y102.233 E543.72916
G0 F9000 X113.387 Y102.334
G0 X100.5 Y119.096
G0 X100.339 Y119.096
G1 F6000 X100.902 Y119.659 E543.7424
G0 F9000 X100.902 Y119.5
G0 X119.53 Y119.53
G0 X119.7 Y119.7
;TYPE:WALL-INNER
G1 F1500 X119.7 Y110.779 E543.89076
G1 X117.991 Y110.778 E543.91918
G1 X117.81 Y110.647 E543.92289
G1 X117.762 Y110.522 E543.92512
G1 X117.76 Y108.768 E543.95429
G1 X117.801 Y108.643 E543.95648
G1 X117.975 Y108.498 E543.96025
G1 X119.7 Y108.498 E543.98893
G1 X119.7 Y100.3 E544.12527
G1 X112.771 Y100.3 E544.24049
G1 X112.769 Y101.97 E544.26827
G1 X112.677 Y102.113 E544.27109
G1 X112.511 Y102.196 E544.27418
G1 X110.692 Y102.188 E544.30443
G1 X110.56 Y102.124 E544.30687
G1 X110.456 Y101.92 E544.31068
G1 X110.455 Y100.3 E544.33762
G1 X108.683 Y100.3 E544.36709
G1 X108.682 Y101.919 E544.39401
G1 X108.578 Y102.123 E544.39782
G1 X108.405 Y102.193 E544.40092
G1 X106.622 Y102.192 E544.43058
G1 X106.434 Y102.09 E544.43413
G1 X106.362 Y101.957 E544.43665
G1 X106.361 Y100.3 E544.4642
G1 X100.3 Y100.3 E544.565
G1 X100.3 Y119.7 E544.88762
G1 X119.7 Y119.7 E545.21025
G0 F9000 X119.9 Y119.9
;TYPE:WALL-OUTER
G1 F1500 X119.9 Y110.579 E545.36525
G1 X118.028 Y110.574 E545.39639
G1 X117.96 Y110.493 E545.39814
G1 X117.959 Y108.788 E545.4265
G1 X118.023 Y108.704 E545.42825
G1 X119.9 Y108.698 E545.45947
G1 X119.9 Y100.1 E545.60245
G1 X112.571 Y100.1 E545.72434
G1 X112.564 Y101.929 E545.75475
G1 X112.505 Y101.996 E545.75624
G1 X110.727 Y101.991 E545.78581
G1 X110.655 Y101.935 E545.78732
G1 X110.655 Y100.1 E545.81784
G1 X108.483 Y100.1 E545.85396
G1 X108.483 Y101.934 E545.88446
G1 X108.407 Y101.991 E545.88604
G1 X106.648 Y101.994 E545.91529
G1 X106.565 Y101.922 E545.91712
G1 X106.561 Y100.1 E545.94742
G1 X100.1 Y100.1 E546.05487
G1 X100.1 Y119.9 E546.38414
G1 X119.9 Y119.9 E546.71342
G0 F9000 X119.9 Y119.7
G0 X119.53 Y119.53
G0 X113.54 Y101.978
G0 X113.185 Y101.977
;TYPE:SKIN
G1 F1115.2 X113.187 Y100.716 E546.74162
G0 F9000 X113.542 Y100.717
G0 X113.468 Y102.262
G0 X112.939 Y102.304
G0 X112.8 Y102.214
G1 F1500 X113.42 Y102.213 E546.75193
G1 X113.422 Y100.481 E546.78074
G1 X112.952 Y100.481 E546.78855
G1 X112.95 Y101.988 E546.81361
G1 X112.8 Y102.214 E546.81812
G0 F9000 X112.939 Y102.304
G0 X110.327 Y102.322
G0 X109.778 Y102.263
G0 X109.707 Y101.986
G0 X110.054 Y101.987
G1 F1190.5 X110.051 Y100.704 E546.84501
G0 F9000 X109.707 Y100.703
G0 X109.778 Y102.263
G0 X110.285 Y102.305
G0 X110.403 Y102.214
G1 F1500 X110.277 Y101.947 E546.84992
G1 X110.275 Y100.48 E546.87431
G1 X109.827 Y100.48 E546.88176
G1 X109.827 Y102.214 E546.9106
G1 X110.403 Y102.214 E546.92018
G0 F9000 X110.285 Y102.305
G0 X109.415 Y101.995
G0 X109.076 Y101.995
G1 F1276.6 X109.079 Y100.696 E546.94556
G0 F9000 X109.415 Y100.696
G0 X109.343 Y102.262
G0 X108.853 Y102.304
G0 X108.734 Y102.214
G1 F1500 X109.295 Y102.214 E546.95489
G1 X109.295 Y100.48 E546.98373
G1 X108.863 Y100.48 E546.99091
G1 X108.858 Y101.959 E547.01551
G1 X108.734 Y102.214 E547.02022
G0 F9000 X108.853 Y102.304
G0 X106.234 Y102.322
G0 X105.74 Y102.262
G0 X105.667 Y102.015
G0 X105.986 Y102.015
G1 F1522.8 X105.983 Y100.678 E547.04213
G0 F9000 X105.665 Y100.678
G0 X105.74 Y102.262
G0 X106.192 Y102.304
G0 X106.305 Y102.213
G1 F1500 X106.183 Y101.986 E547.04641
G1 X106.181 Y100.48 E547.07146
G1 X105.785 Y100.48 E547.07804
G1 X105.788 Y102.214 E547.10688
G1 X106.305 Y102.213 E547.11548
G0 F9000 X106.121 Y102.434
;MESH:NONMESH
G0 F300 X106.121 Y102.434 Z6.9
G0 F9000 X101.324 Y100.5
G0 X101.324 Y100.338
;TIME_ELAPSED:1210.830181
;LAYER:33
;TYPE:FILL
;MESH:xyzCalibration_cube.stl
G1 F6000 X100.339 Y104.017 E547.17881
G0 F9000 X100.5 Y104.017
G0 X100.5 Y105.215
G0 X100.339 Y105.215
G1 F6000 X111.477 Y102.23 E547.37058
G0 F9000 X111.476 Y102.394
G0 X110.134 Y102.335
G0 X110.134 Y102.233
G1 F6000 X105.465 Y119.659 E547.67059
G0 F9000 X105.346 Y119.659
G1 F6000 X100.339 Y114.653 E547.78834
G0 F9000 X100.34 Y114.532
G1 F6000 X117.722 Y109.875 E548.0876
G0 F9000 X117.559 Y109.875
G0 X117.631 Y108.368
G0 X119.597 Y108.296
G0 X119.597 Y108.455
G1 F6000 X113.313 Y102.17 E548.2354
G1 X113.24 Y102.232
G1 X108.571 Y119.659 E548.53543
G0 F9000 X108.571 Y119.5
G0 X109.588 Y119.5
G0 X109.588 Y119.659
G1 F6000 X100.339 Y110.41 E548.75295
G0 F9000 X100.5 Y110.41
G0 X100.5 Y111.427
G0 X100.339 Y111.427
G1 F6000 X119.658 Y106.25 E549.08557
G0 F9000 X119.5 Y106.25
G0 X119.5 Y104.274
G0 X119.659 Y104.274
G1 F6000 X115.725 Y100.339 E549.1781
G0 F9000 X115.725 Y100.5
G0 X116.854 Y100.5
G0 X116.854 Y100.339
G1 F6000 X111.677 Y119.659 E549.51073
G0 F9000 X111.677 Y119.5
G0 X113.831 Y119.5
G0 X113.831 Y119.659
G1 F6000 X100.339 Y106.167 E549.82804
G0 F9000 X100.5 Y106.167
G0 X100.5 Y108.321
G0 X100.339 Y108.321
G1 F6000 X119.659 Y103.144 E550.16067
G0 F9000 X119.5 Y103.144
G0 X119.5 Y101.46
G0 X119.659 Y101.46
G1 F6000 X114.783 Y119.659 E550.47399
G0 F9000 X114.783 Y119.5
G0 X115.98 Y119.5
G0 X115.98 Y119.659
G1 F6000 X119.659 Y118.673 E550.53733
G0 F9000 X119.5 Y118.673
G0 X119.5 Y117.002
G0 X119.659 Y117.002
G1 F6000 X102.997 Y100.339 E550.92921
G0 F9000 X102.997 Y100.5
G0 X104.43 Y100.5
G0 X104.43 Y100.339
G1 F6000 X100.339 Y115.606 E551.19206
G0 F9000 X100.5 Y115.606
G0 X100.5 Y117.638
G0 X100.34 Y117.638
G1 F6000 X119.659 Y112.461 E551.52467
G0 F9000 X119.659 Y112.759
G1 F6000 X109.133 Y102.233 E551.77222
G0 F9000 X109.133 Y102.334
G0 X107.029 Y102.395
G0 X107.029 Y102.229
G1 F6000 X102.359 Y119.659 E552.07231
G0 F9000 X102.359 Y119.5
G0 X101.103 Y119.5
G0 X101.103 Y119.659
G1 F6000 X100.339 Y118.895 E552.09028
G0 F9000 X100.5 Y118.895
G0 X104.388 Y119.5
G0 X104.388 Y119.659
G1 F6000 X119.659 Y115.567 E552.3532
G0 F9000 X119.5 Y115.567
G0 X119.5 Y113.05
G0 X119.659 Y113.05
G1 F6000 X117.888 Y119.66 E552.467
G0 F9000 X118.074 Y119.659
G1 F6000 X100.339 Y101.925 E552.88409
G0 F9000 X100.339 Y102.109
G1 F6000 X105.875 Y100.626 E552.9794
G0 F9000 X105.776 Y100.625
G0 X105.851 Y102.262
G0 X106.345 Y102.323
G0 X112.771 Y102.323
G0 X113.342 Y102.262
G0 X113.414 Y101.739
G0 X113.314 Y101.738
G1 F6000 X118.535 Y100.339 E553.06928
G0 F9000 X118.535 Y100.5
G0 X113.748 Y100.5
G0 X113.748 Y100.339
G1 F6000 X113.314 Y101.957 E553.09714
G0 F9000 X113.414 Y101.958
G0 X119.53 Y119.53
G0 X119.7 Y119.7
;TYPE:WALL-INNER
G1 F1500 X119.7 Y110.777 E553.24553
G1 X117.991 Y110.776 E553.27395
G1 X117.81 Y110.645 E553.27767
G1 X117.762 Y110.52 E553.2799
G1 X117.764 Y108.74 E553.3095
G1 X117.822 Y108.611 E553.31185
G1 X117.977 Y108.496 E553.31506
G1 X119.7 Y108.496 E553.34371
G1 X119.7 Y100.3 E553.48001
G1 X112.645 Y100.3 E553.59734
G1 X112.643 Y101.896 E553.62388
G1 X112.595 Y102.059 E553.62671
G1 X112.514 Y102.142 E553.62863
G1 X112.342 Y102.196 E553.63163
G1 X110.568 Y102.194 E553.66113
G1 X110.382 Y102.059 E553.66496
G1 X110.333 Y101.92 E553.66741
G1 X110.333 Y100.3 E553.69435
G1 X108.801 Y100.3 E553.71983
G1 X108.801 Y101.92 E553.74677
G1 X108.683 Y102.133 E553.75082
G1 X108.526 Y102.193 E553.75361
G1 X106.733 Y102.193 E553.78343
G1 X106.547 Y102.093 E553.78694
G1 X106.473 Y101.958 E553.7895
G1 X106.472 Y100.3 E553.81707
G1 X100.3 Y100.3 E553.91971
G1 X100.3 Y119.7 E554.24234
G1 X119.7 Y119.7 E554.56496
G0 F9000 X119.9 Y119.9
;TYPE:WALL-OUTER
G1 F1500 X119.9 Y110.577 E554.72
G1 X118.028 Y110.572 E554.75113
G1 X117.96 Y110.491 E554.75289
G1 X117.96 Y108.777 E554.7814
G1 X118.013 Y108.696 E554.78301
G1 X119.9 Y108.696 E554.81439
G1 X119.9 Y100.1 E554.95734
G1 X112.445 Y100.1 E555.08132
G1 X112.438 Y101.929 E555.11173
G1 X112.367 Y101.996 E555.11336
G1 X110.603 Y101.99 E555.14269
G1 X110.533 Y101.937 E555.14415
G1 X110.533 Y100.1 E555.1747
G1 X108.601 Y100.1 E555.20683
G1 X108.601 Y101.902 E555.2368
G1 X108.536 Y101.993 E555.23866
G1 X106.745 Y101.992 E555.26844
G1 X106.673 Y101.934 E555.26998
G1 X106.672 Y100.1 E555.30048
G1 X100.1 Y100.1 E555.40977
G1 X100.1 Y119.9 E555.73905
G1 X119.9 Y119.9 E556.06832
G0 F9000 X119.9 Y119.7
G0 X119.53 Y119.53
G0 X113.059 Y102.334
G0 X113.059 Y101.979
;TYPE:SKIN
G1 F1115.2 X113.061 Y100.716 E556.09657
G0 F9000 X113.416 Y100.717
G0 X113.342 Y102.262
G0 X112.813 Y102.304
G0 X112.668 Y102.214
G1 F1500 X113.294 Y102.213 E556.10698
G1 X113.296 Y100.481 E556.13579
G1 X112.826 Y100.481 E556.1436
G1 X112.824 Y101.988 E556.16866
G1 X112.668 Y102.214 E556.17323
G0 F9000 X112.813 Y102.304
G0 X110.205 Y102.322
G0 X109.656 Y102.263
G0 X109.585 Y101.986
G0 X109.932 Y101.987
G1 F1181.1 X109.93 Y101.981 E556.17337
G1 F1190.5 X109.929 Y100.704 E556.20012
G0 F9000 X109.585 Y100.703
G0 X109.585 Y101.98
G0 X109.93 Y101.981
G1 F1181.1 X109.932 Y101.987 E556.20026
G0 F9000 X110.282 Y102.214
G1 F1500 X110.155 Y101.943 E556.20523
G1 X110.153 Y100.48 E556.22956
G1 X109.705 Y100.48 E556.23701
G1 X109.705 Y102.214 E556.26585
G1 X110.282 Y102.214 E556.27545
G0 F9000 X110.163 Y102.305
G0 X109.534 Y101.994
G0 X109.194 Y101.994
G1 F1265.8 X109.197 Y100.696 E556.30103
G0 F9000 X109.534 Y100.696
G0 X109.462 Y102.262
G0 X108.971 Y102.304
G0 X108.853 Y102.214
G1 F1500 X109.414 Y102.214 E556.31035
G1 X109.413 Y100.48 E556.33919
G1 X108.981 Y100.48 E556.34638
G1 X108.98 Y101.942 E556.37069
G1 X108.853 Y102.214 E556.37568
G0 F9000 X108.971 Y102.304
G0 X106.345 Y102.323
G0 X105.851 Y102.262
G0 X105.778 Y102.015
G0 X106.097 Y102.015
G1 F1530.6 X106.094 Y100.678 E556.39747
G0 F9000 X105.776 Y100.678
G0 X105.851 Y102.262
G0 X106.303 Y102.304
G0 X106.421 Y102.214
G1 F1500 X106.293 Y101.988 E556.40179
G1 X106.292 Y100.48 E556.42687
G1 X105.896 Y100.48 E556.43345
G1 X105.899 Y102.213 E556.46227
G1 X106.421 Y102.214 E556.47095
G0 F9000 X106.232 Y102.434
;MESH:NONMESH
G0 F300 X106.232 Y102.434 Z7.1
G0 F9000 X101.178 Y100.5
G0 X101.178 Y100.339
;TIME_ELAPSED:1233.326884
;LAYER:34
;TYPE:FILL
;MESH:xyzCalibration_cube.stl
G1 F6000 X100.341 Y103.465 E556.52477
G0 F9000 X100.5 Y103.465
G0 X100.5 Y102.255
G0 X100.34 Y102.255
G1 F6000 X105.986 Y100.742 E556.62198
G0 F9000 X105.887 Y100.741
G0 X105.962 Y102.262
G0 X106.883 Y102.395
G0 X106.883 Y102.23
G1 F6000 X102.213 Y119.659 E556.92205
G0 F9000 X101.301 Y119.658
G1 F6000 X100.34 Y118.697 E556.94465
G0 F9000 X100.34 Y117.784
G1 F6000 X119.658 Y112.608 E557.27724
G1 X119.659 Y112.56
G1 X109.333 Y102.234 E557.52009
G0 F9000 X109.988 Y102.233
G1 F6000 X105.319 Y119.659 E557.82011
G0 F9000 X105.544 Y119.658
G1 F6000 X100.34 Y114.454 E557.9425
G0 F9000 X100.34 Y114.678
G1 F6000 X117.722 Y110.02 E558.24176
G0 F9000 X117.56 Y110.02
G0 X117.632 Y108.365
G0 X119.5 Y108.317
G0 X119.659 Y108.317
G1 F6000 X113.186 Y101.844 E558.394
G1 X113.187 Y101.886
G1 X113.602 Y100.339 E558.42063
G0 F9000 X113.602 Y100.5
G0 X113.287 Y101.919
G0 X113.187 Y101.918
G1 F6000 X119.08 Y100.339 E558.52209
G0 F9000 X119.659 Y100.915
G1 F6000 X114.636 Y119.659 E558.8448
G0 F9000 X114.03 Y119.658
G1 F6000 X100.34 Y105.969 E559.16676
G0 F9000 X100.34 Y105.361
G1 F6000 X112.014 Y102.232 E559.36775
G0 F9000 X112.013 Y102.394
G0 X113.094 Y102.334
G0 X113.094 Y102.232
G1 F6000 X108.425 Y119.658 E559.66777
G0 F9000 X108.425 Y119.5
G0 X109.786 Y119.5
G0 X109.786 Y119.658
G1 F6000 X100.34 Y110.211 E559.88994
G0 F9000 X100.5 Y110.211
G0 X100.5 Y111.572
G0 X100.34 Y111.572
G1 F6000 X119.658 Y106.396 E560.22253
G0 F9000 X119.5 Y106.396
G0 X119.5 Y104.074
G0 X119.659 Y104.074
G1 F6000 X115.924 Y100.339 E560.31037
G0 F9000 X116.708 Y100.339
G1 F6000 X111.531 Y119.659 E560.643
G0 F9000 X111.531 Y119.5
G0 X116.525 Y119.5
G0 X116.525 Y119.659
G1 F6000 X119.659 Y118.819 E560.69696
G0 F9000 X119.5 Y118.819
G0 X118.272 Y119.5
G0 X118.272 Y119.658
G1 F6000 X100.34 Y101.726 E561.11869
G0 F9000 X100.5 Y101.726
G0 X103.197 Y100.5
G0 X103.197 Y100.34
G1 F6000 X119.659 Y116.802 E561.50585
G0 F9000 X119.5 Y116.802
G0 X119.5 Y115.713
G0 X119.659 Y115.713
G1 F6000 X104.936 Y119.658 E561.75933
G0 F9000 X104.936 Y119.5
G0 X100.5 Y115.059
G0 X100.34 Y115.059
G1 F6000 X104.284 Y100.338 E562.01278
G0 F9000 X104.284 Y100.5
G0 X100.5 Y108.466
G0 X100.34 Y108.466
G1 F6000 X119.658 Y103.29 E562.34537
G0 F9000 X119.5 Y103.29
G0 X117.632 Y108.365
G0 X117.632 Y110.902
G0 X119.5 Y112.506
G0 X119.659 Y112.506
G1 F6000 X117.742 Y119.659 E562.46852
G0 F9000 X117.742 Y119.5
G0 X119.53 Y119.53
G0 X119.7 Y119.7
;TYPE:WALL-INNER
G1 F1500 X119.7 Y110.775 E562.61694
G1 X118.059 Y110.774 E562.64423
G1 X117.906 Y110.733 E562.64687
G1 X117.792 Y110.611 E562.64964
G1 X117.763 Y110.518 E562.65126
G1 X117.76 Y108.739 E562.68085
G1 X117.851 Y108.576 E562.68395
G1 X117.983 Y108.493 E562.68655
G1 X119.7 Y108.493 E562.7151
G1 X119.7 Y100.3 E562.85135
G1 X112.518 Y100.3 E562.97079
G1 X112.516 Y101.971 E562.99858
G1 X112.43 Y102.107 E563.00125
G1 X112.246 Y102.194 E563.00464
G1 X110.455 Y102.189 E563.03442
G1 X110.271 Y102.074 E563.03803
G1 X110.212 Y101.92 E563.04077
G1 X110.212 Y100.3 E563.06771
G1 X108.92 Y100.3 E563.0892
G1 X108.92 Y101.919 E563.11612
G1 X108.861 Y102.073 E563.11887
G1 X108.654 Y102.192 E563.12284
G1 X106.845 Y102.193 E563.15292
G1 X106.661 Y102.095 E563.15639
G1 X106.585 Y101.961 E563.15895
G1 X106.583 Y100.3 E563.18657
G1 X100.301 Y100.301 E563.29104
G1 X100.301 Y119.699 E563.61363
G1 X119.7 Y119.7 E563.93624
G0 F9000 X119.9 Y119.9
;TYPE:WALL-OUTER
G1 F1500 X119.9 Y110.575 E564.09131
G1 X118.028 Y110.57 E564.12245
G1 X117.961 Y110.489 E564.12419
G1 X117.963 Y108.766 E564.15285
G1 X118.023 Y108.699 E564.15434
G1 X119.9 Y108.693 E564.18556
G1 X119.9 Y100.1 E564.32846
G1 X112.318 Y100.1 E564.45455
G1 X112.31 Y101.93 E564.48498
G1 X112.25 Y101.99 E564.48639
G1 X110.486 Y101.991 E564.51573
G1 X110.412 Y101.903 E564.51764
G1 X110.412 Y100.1 E564.54763
G1 X108.72 Y100.1 E564.57576
G1 X108.72 Y101.902 E564.60573
G1 X108.651 Y101.993 E564.60763
G1 X106.871 Y101.995 E564.63723
G1 X106.789 Y101.924 E564.63904
G1 X106.783 Y100.1 E564.66937
G1 X100.101 Y100.101 E564.78049
G1 X100.101 Y119.899 E565.10973
G1 X119.9 Y119.9 E565.43899
G0 F9000 X119.9 Y119.7
G0 X119.53 Y119.53
G0 X113.287 Y101.974
G0 X112.927 Y101.973
;TYPE:SKIN
G1 F1094.9 X112.934 Y100.716 E565.46763
G0 F9000 X113.289 Y100.717
G0 X113.215 Y102.262
G0 X112.686 Y102.304
G0 X112.569 Y102.214
G1 F1500 X113.167 Y102.214 E565.47758
G1 X113.169 Y100.481 E565.5064
G1 X112.699 Y100.481 E565.51421
G1 X112.696 Y101.912 E565.53801
G1 X112.569 Y102.214 E565.54346
G0 F9000 X112.686 Y102.304
G0 X110.042 Y102.305
G0 X110.159 Y102.215
G1 F1500 X108.998 Y102.213 E565.56277
G1 X109.1 Y101.923 E565.56788
G1 X109.1 Y100.48 E565.59188
G1 X110.032 Y100.48 E565.60737
G1 X110.039 Y101.963 E565.63204
G1 X110.159 Y102.215 E565.63668
G0 F9000 X110.042 Y102.305
G0 X109.15 Y102.334
G0 X109.15 Y102.079
G1 F1500 X109.185 Y102.113 E565.63749
G0 F9000 X109.199 Y101.845
G1 F1500 X109.467 Y102.113 E565.64379
G0 F9000 X109.75 Y102.113
G1 F1500 X109.199 Y101.562 E565.65675
G0 F9000 X109.199 Y101.279
G1 F1500 X109.931 Y102.012 E565.67398
G1 X109.97 Y102.051 E565.6749
G0 F9000 X109.931 Y101.729
G1 F1500 X109.199 Y100.996 E565.69212
G0 F9000 X109.199 Y100.713
G1 F1500 X109.931 Y101.446 E565.70935
G0 F9000 X109.931 Y101.163
G1 F1500 X109.348 Y100.58 E565.72306
G0 F9000 X109.631 Y100.58
G1 F1500 X109.931 Y100.88 E565.73012
G0 F9000 X110.213 Y100.88
G0 X110.14 Y100.372
G0 X108.992 Y100.372
G0 X108.848 Y102.121
G0 X106.657 Y102.123
G0 X106.511 Y100.372
G0 X105.959 Y100.372
G0 X105.887 Y100.678
G0 X106.205 Y100.678
G1 F1530.6 X106.209 Y102.015 E565.75191
G0 F9000 X106.53 Y102.213
G1 F1500 X106.405 Y101.99 E565.75616
G1 X106.403 Y100.48 E565.78127
G1 X106.007 Y100.48 E565.78786
G1 X106.011 Y102.213 E565.81668
G1 X106.53 Y102.213 E565.82531
G0 F9000 X106.344 Y102.434
;MESH:NONMESH
G0 F300 X106.344 Y102.434 Z7.3
G0 F9000 X101.032 Y100.5
G0 X101.032 Y100.339
;TIME_ELAPSED:1255.446973
;LAYER:35
;TYPE:FILL
;MESH:xyzCalibration_cube.stl
G1 F6000 X100.341 Y102.921 E565.86976
G0 F9000 X100.34 Y102.401
G1 F6000 X106.097 Y100.858 E565.96888
G0 F9000 X105.998 Y100.857
G0 X106.073 Y102.262
G0 X106.737 Y102.395
G0 X106.737 Y102.233
G1 F6000 X102.068 Y119.658 E566.26888
G0 F9000 X101.5 Y119.658
G1 F6000 X100.34 Y118.497 E566.29617
G0 F9000 X100.34 Y117.93
G1 F6000 X119.659 Y112.753 E566.62878
G0 F9000 X119.659 Y112.36
G1 F6000 X118.11 Y110.811 E566.66521
G0 F9000 X117.723 Y110.424
G1 F6000 X109.533 Y102.234 E566.85783
G0 F9000 X109.842 Y102.233
G1 F6000 X105.173 Y119.659 E567.15784
G0 F9000 X105.481 Y119.658
G1 F6000 X119.659 Y115.859 E567.40194
G0 F9000 X119.659 Y116.603
G1 F6000 X103.396 Y100.34 E567.78442
G0 F9000 X104.138 Y100.339
G1 F6000 X100.34 Y114.514 E568.02847
G0 F9000 X100.34 Y114.255
G1 F6000 X105.743 Y119.658 E568.15554
G0 F9000 X105.743 Y119.5
G0 X108.279 Y119.5
G0 X108.279 Y119.659
G1 F6000 X112.948 Y102.232 E568.45557
G0 F9000 X113.061 Y102.098
G1 F6000 X119.624 Y100.339 E568.56857
G1 X119.659 Y100.37
G1 X114.49 Y119.659 E568.90066
G0 F9000 X114.229 Y119.658
G1 F6000 X100.34 Y105.769 E569.22731
G0 F9000 X100.34 Y105.507
G1 F6000 X112.559 Y102.233 E569.43768
G0 F9000 X113.061 Y101.812
G1 F6000 X113.456 Y100.338 E569.46306
G0 F9000 X113.456 Y100.5
G0 X113.162 Y101.52
G0 X113.06 Y101.519
G1 F6000 X119.659 Y108.118 E569.61826
G0 F9000 X119.5 Y108.118
G0 X119.5 Y106.542
G0 X119.658 Y106.542
G1 F6000 X100.34 Y111.718 E569.95085
G0 F9000 X100.5 Y111.718
G0 X100.5 Y110.012
G0 X100.34 Y110.012
G1 F6000 X109.986 Y119.658 E570.17771
G0 F9000 X109.986 Y119.5
G0 X111.385 Y119.5
G0 X111.385 Y119.658
G1 F6000 X116.562 Y100.338 E570.51034
G0 F9000 X116.123 Y100.339
G1 F6000 X119.659 Y103.875 E570.5935
G0 F9000 X119.658 Y103.436
G1 F6000 X100.34 Y108.612 E570.92609
G0 F9000 X100.5 Y108.612
G0 X100.5 Y114.824
G0 X100.34 Y114.824
G1 F6000 X117.722 Y110.166 E571.22535
G0 F9000 X117.56 Y110.166
G0 X117.632 Y110.899
G0 X119.5 Y111.963
G0 X119.659 Y111.963
G1 F6000 X117.596 Y119.659 E571.35786
G0 F9000 X117.07 Y119.659
G1 F6000 X119.658 Y118.965 E571.40242
G0 F9000 X119.5 Y118.965
G0 X118.472 Y119.5
G0 X118.472 Y119.658
G1 F6000 X100.34 Y101.527 E571.82884
G0 F9000 X100.5 Y101.527
G0 X119.53 Y119.53
G0 X119.7 Y119.7
;TYPE:WALL-INNER
G1 F1500 X119.7 Y110.772 E571.97731
G1 X118.059 Y110.771 E572.0046
G1 X117.906 Y110.73 E572.00724
G1 X117.792 Y110.608 E572.01002
G1 X117.763 Y110.515 E572.01164
G1 X117.76 Y108.739 E572.04117
G1 X117.886 Y108.545 E572.04502
G1 X118.06 Y108.491 E572.04805
G1 X119.7 Y108.491 E572.07532
G1 X119.7 Y100.3 E572.21154
G1 X112.392 Y100.3 E572.33307
G1 X112.39 Y101.971 E572.36086
G1 X112.306 Y102.104 E572.36347
G1 X112.155 Y102.189 E572.36636
G1 X110.339 Y102.195 E572.39656
G1 X110.161 Y102.09 E572.39999
G1 X110.091 Y101.921 E572.40304
G1 X110.09 Y100.3 E572.42999
G1 X109.038 Y100.3 E572.44749
G1 X109.037 Y101.921 E572.47445
G1 X108.967 Y102.09 E572.47749
G1 X108.756 Y102.194 E572.4814
G1 X106.957 Y102.193 E572.51132
G1 X106.773 Y102.097 E572.51477
G1 X106.696 Y101.962 E572.51735
G1 X106.694 Y100.3 E572.54499
G1 X100.301 Y100.301 E572.65131
G1 X100.301 Y119.699 E572.9739
G1 X119.7 Y119.7 E573.2965
G0 F9000 X119.9 Y119.9
;TYPE:WALL-OUTER
G1 F1500 X119.9 Y110.572 E573.45163
G1 X118.028 Y110.567 E573.48276
G1 X117.961 Y110.486 E573.48451
G1 X117.962 Y108.766 E573.51311
G1 X118.023 Y108.697 E573.51465
G1 X119.9 Y108.691 E573.54586
G1 X119.9 Y100.1 E573.68873
G1 X112.192 Y100.1 E573.81691
G1 X112.19 Y101.942 E573.84755
G1 X112.1 Y101.995 E573.84928
G1 X110.367 Y101.993 E573.8781
G1 X110.29 Y101.904 E573.88006
G1 X110.29 Y100.1 E573.91006
G1 X108.838 Y100.1 E573.93421
G1 X108.838 Y101.903 E573.96419
G1 X108.767 Y101.991 E573.96607
G1 X106.983 Y101.995 E573.99574
G1 X106.9 Y101.925 E573.99755
G1 X106.894 Y100.1 E574.0279
G1 X100.101 Y100.101 E574.14086
G1 X100.101 Y119.899 E574.47011
G1 X119.9 Y119.9 E574.79936
G0 F9000 X119.9 Y119.7
G0 X119.53 Y119.53
G0 X113.161 Y101.979
G0 X112.806 Y101.978
;TYPE:SKIN
G1 F1115.2 X112.808 Y100.716 E574.82759
G0 F9000 X113.163 Y100.717
G0 X113.089 Y102.262
G0 X112.56 Y102.304
G0 X112.432 Y102.214
G1 F1500 X113.041 Y102.213 E574.83772
G1 X113.043 Y100.481 E574.86652
G1 X112.573 Y100.481 E574.87434
G1 X112.571 Y101.996 E574.89953
G1 X112.432 Y102.214 E574.90383
G0 F9000 X112.56 Y102.304
G0 X109.92 Y102.305
G0 X110.023 Y102.215
G1 F1500 X109.107 Y102.214 E574.91907
G1 X109.218 Y101.926 E574.9242
G1 X109.218 Y100.48 E574.94825
G1 X109.91 Y100.48 E574.95975
G1 X109.911 Y101.951 E574.98422
G1 X110.023 Y102.215 E574.98899
G0 F9000 X109.809 Y102.039
G1 F1500 X109.735 Y102.113 E574.99073
G0 F9000 X109.455 Y102.111
G1 F1500 X109.809 Y101.756 E574.99906
G0 F9000 X109.809 Y101.474
G1 F1500 X109.317 Y101.966 E575.01064
G0 F9000 X109.317 Y101.683
G1 F1500 X109.809 Y101.191 E575.02221
G0 F9000 X109.809 Y100.908
G1 F1500 X109.317 Y101.4 E575.03378
G0 F9000 X109.317 Y101.117
G1 F1500 X109.809 Y100.625 E575.04535
G0 F9000 X109.571 Y100.58
G1 F1500 X109.317 Y100.834 E575.05132
G0 F9000 X109.038 Y100.833
G0 X108.966 Y102.122
G0 X106.768 Y102.123
G0 X106.622 Y100.372
G0 X106.07 Y100.372
G0 X105.998 Y100.678
G0 X106.316 Y100.678
G1 F1522.8 X106.319 Y102.016 E575.07324
G0 F9000 X106.64 Y102.213
G1 F1500 X106.516 Y101.992 E575.07745
G1 X106.514 Y100.48 E575.1026
G1 X106.118 Y100.48 E575.10918
G1 X106.121 Y102.214 E575.13802
G1 X106.64 Y102.213 E575.14665
G0 F9000 X106.455 Y102.434
;MESH:NONMESH
G0 F300 X106.455 Y102.434 Z7.5
G0 F9000 X100.885 Y100.5
G0 X100.885 Y100.339
;TIME_ELAPSED:1276.436864
;LAYER:36
;TYPE:FILL
;MESH:xyzCalibration_cube.stl
G1 F6000 X100.339 Y102.379 E575.18177
G0 F9000 X100.34 Y102.548
G1 F6000 X106.209 Y100.975 E575.28282
G0 F9000 X106.11 Y100.974
G0 X106.183 Y102.262
G0 X106.59 Y102.334
G0 X106.59 Y102.233
G1 F6000 X101.921 Y119.658 E575.58282
G0 F9000 X101.701 Y119.658
G1 F6000 X100.34 Y118.296 E575.61484
G0 F9000 X100.34 Y118.077
G1 F6000 X119.658 Y112.901 E575.94743
G0 F9000 X119.659 Y112.159
G1 F6000 X118.308 Y110.809 E575.97919
G0 F9000 X117.722 Y110.313
G1 F6000 X100.339 Y114.971 E576.27847
G0 F9000 X100.34 Y114.054
G1 F6000 X105.944 Y119.658 E576.41027
G1 X106.029 Y119.658
G1 X119.659 Y116.006 E576.64493
G0 F9000 X119.659 Y116.402
G1 F6000 X103.596 Y100.339 E577.02271
G0 F9000 X103.991 Y100.339
G1 F6000 X100.34 Y113.967 E577.25734
G0 F9000 X100.5 Y113.967
G0 X100.5 Y111.865
G0 X100.34 Y111.865
G1 F6000 X119.659 Y106.689 E577.58994
G0 F9000 X119.5 Y106.689
G0 X119.5 Y107.917
G0 X119.659 Y107.917
G1 F6000 X112.935 Y101.193 E577.74808
G0 F9000 X112.935 Y101.735
G1 F6000 X113.309 Y100.338 E577.77213
G0 F9000 X113.309 Y100.5
G0 X112.963 Y102.262
G0 X112.801 Y102.233
G1 F6000 X108.132 Y119.659 E578.07215
G0 F9000 X108.132 Y119.5
G0 X110.187 Y119.5
G0 X110.187 Y119.658
G1 F6000 X100.339 Y109.81 E578.30376
G0 F9000 X100.5 Y109.81
G0 X100.5 Y108.759
G0 X100.34 Y108.759
G1 F6000 X119.658 Y103.583 E578.63635
G1 X119.659 Y103.674
G1 X116.324 Y100.339 E578.71478
G1 X116.415 Y100.338
G1 X111.238 Y119.658 E579.04741
G0 F9000 X111.238 Y119.5
G0 X114.343 Y119.5
G0 X114.343 Y119.659
G1 F6000 X119.521 Y100.338 E579.38006
G0 F9000 X119.658 Y100.477
G1 F6000 X100.34 Y105.654 E579.71266
G1 X100.339 Y105.568
G1 X114.43 Y119.658 E580.04404
G0 F9000 X114.43 Y119.5
G0 X117.449 Y119.5
G0 X117.449 Y119.659
G1 F6000 X119.659 Y111.412 E580.18603
G0 F9000 X119.5 Y111.412
G0 X117.632 Y110.897
G0 X117.56 Y110.223
G0 X117.723 Y110.223
G1 F6000 X109.734 Y102.234 E580.37392
G1 X109.695 Y102.233
G1 X105.026 Y119.659 E580.67394
G0 F9000 X105.026 Y119.5
G0 X117.618 Y119.5
G0 X117.618 Y119.659
G1 F6000 X119.658 Y119.112 E580.70906
G0 F9000 X119.5 Y119.112
G0 X118.673 Y119.5
G0 X118.673 Y119.658
G1 F6000 X100.339 Y101.325 E581.14024
G0 F9000 X100.5 Y101.325
G0 X119.53 Y119.53
G0 X119.7 Y119.7
;TYPE:WALL-INNER
G1 F1500 X119.7 Y110.77 E581.28874
G1 X117.991 Y110.769 E581.31716
G1 X117.811 Y110.638 E581.32087
G1 X117.763 Y110.513 E581.32309
G1 X117.762 Y108.752 E581.35238
G1 X117.816 Y108.613 E581.35486
G1 X117.976 Y108.489 E581.35822
G1 X119.7 Y108.489 E581.38689
G1 X119.7 Y100.3 E581.52308
G1 X112.265 Y100.3 E581.64672
G1 X112.263 Y101.978 E581.67463
G1 X112.142 Y102.137 E581.67795
G1 X111.994 Y102.194 E581.68059
G1 X110.209 Y102.19 E581.71027
G1 X110.055 Y102.108 E581.71317
G1 X109.968 Y101.921 E581.7166
G1 X109.968 Y100.301 E581.74355
G1 X109.157 Y100.301 E581.75703
G1 X109.156 Y101.92 E581.78396
G1 X109.069 Y102.107 E581.78739
G1 X108.9 Y102.192 E581.79053
G1 X107.068 Y102.193 E581.821
G1 X106.886 Y102.099 E581.8244
G1 X106.807 Y101.963 E581.82702
G1 X106.805 Y100.3 E581.85468
G1 X100.3 Y100.3 E581.96285
G1 X100.301 Y119.699 E582.28546
G1 X119.7 Y119.7 E582.60807
G0 F9000 X119.9 Y119.9
;TYPE:WALL-OUTER
G1 F1500 X119.9 Y110.57 E582.76323
G1 X118.028 Y110.565 E582.79436
G1 X117.961 Y110.507 E582.79583
G1 X117.96 Y108.776 E582.82462
G1 X118.032 Y108.689 E582.8265
G1 X119.9 Y108.689 E582.85756
G1 X119.9 Y100.1 E583.0004
G1 X112.065 Y100.1 E583.13069
G1 X112.063 Y101.943 E583.16134
G1 X111.974 Y101.995 E583.16306
G1 X110.243 Y101.993 E583.19184
G1 X110.168 Y101.904 E583.19378
G1 X110.168 Y100.101 E583.22376
G1 X108.957 Y100.101 E583.2439
G1 X108.957 Y101.903 E583.27387
G1 X108.928 Y101.965 E583.27501
G1 X108.858 Y101.994 E583.27627
G1 X107.094 Y101.995 E583.3056
G1 X107.007 Y101.937 E583.30734
G1 X107.005 Y100.1 E583.33789
G1 X100.1 Y100.1 E583.45272
G1 X100.101 Y119.899 E583.78198
G1 X119.9 Y119.9 E584.11124
G0 F9000 X119.9 Y119.7
G0 X119.53 Y119.53
G0 X113.035 Y101.979
G0 X112.68 Y101.978
;TYPE:SKIN
G1 F1111.1 X112.681 Y100.716 E584.13957
G0 F9000 X113.037 Y100.717
G0 X112.963 Y102.262
G0 X112.433 Y102.305
G0 X112.305 Y102.214
G1 F1500 X112.915 Y102.214 E584.14972
G1 X112.917 Y100.48 E584.17855
G1 X112.445 Y100.48 E584.1864
G1 X112.444 Y101.998 E584.21165
G1 X112.305 Y102.214 E584.21592
G0 F9000 X112.433 Y102.305
G0 X109.562 Y102.335
G0 X109.562 Y101.984
G1 F1171.9 X109.563 Y100.706 E584.24312
G0 F9000 X109.563 Y100.301
G0 X109.896 Y100.373
G0 X110.014 Y102.151
G0 X109.798 Y102.335
G0 X109.917 Y102.215
G1 F1500 X109.79 Y101.944 E584.2481
G1 X109.788 Y100.481 E584.27243
G1 X109.338 Y100.481 E584.27991
G1 X109.335 Y101.943 E584.30423
G1 X109.208 Y102.214 E584.3092
G1 X109.917 Y102.215 E584.32099
G0 F9000 X109.798 Y102.305
G0 X106.43 Y102.334
G0 X106.43 Y102.015
G1 F1538.5 X106.428 Y100.678 E584.34267
G0 F9000 X106.11 Y100.678
G0 X106.183 Y102.262
G0 X106.637 Y102.304
G0 X106.754 Y102.213
G1 F1500 X106.627 Y101.993 E584.3469
G1 X106.625 Y100.48 E584.37206
G1 X106.23 Y100.48 E584.37863
G1 X106.232 Y102.213 E584.40745
G1 X106.754 Y102.213 E584.41613
G0 F9000 X106.566 Y102.434
;MESH:NONMESH
G0 F300 X106.566 Y102.434 Z7.7
G0 F9000 X100.739 Y100.5
G0 X100.739 Y100.339
;TIME_ELAPSED:1297.206351
;LAYER:37
;TYPE:FILL
;MESH:xyzCalibration_cube.stl
G1 F6000 X100.341 Y101.827 E584.44174
G0 F9000 X100.34 Y101.126
G1 F6000 X118.872 Y119.658 E584.87759
G0 F9000 X118.163 Y119.659
G1 F6000 X119.658 Y119.258 E584.90333
G0 F9000 X119.5 Y119.258
G0 X117.303 Y119.5
G0 X117.303 Y119.659
G1 F6000 X119.659 Y110.869 E585.05467
G0 F9000 X119.5 Y110.869
G0 X119.5 Y111.96
G0 X119.659 Y111.96
G1 F6000 X118.506 Y110.807 E585.08178
G0 F9000 X117.722 Y110.46
G1 F6000 X100.34 Y115.117 E585.38104
G0 F9000 X100.5 Y115.117
G0 X100.5 Y113.854
G0 X100.34 Y113.854
G1 F6000 X106.143 Y119.658 E585.51753
G0 F9000 X106.574 Y119.658
G1 F6000 X119.658 Y116.152 E585.7428
G1 X119.659 Y116.203
G1 X103.796 Y100.34 E586.11587
G1 X103.845 Y100.339
G1 X100.34 Y113.42 E586.34108
G0 F9000 X100.5 Y113.42
G0 X100.5 Y112.011
G0 X100.34 Y112.011
G1 F6000 X119.659 Y106.835 E586.67369
G0 F9000 X119.659 Y107.717
G1 F6000 X112.808 Y100.867 E586.8348
G0 F9000 X113.163 Y100.338
G1 F6000 X112.808 Y101.663 E586.85761
G0 F9000 X112.655 Y102.233
G1 F6000 X107.986 Y119.659 E587.15763
G0 F9000 X107.986 Y119.5
G0 X110.387 Y119.5
G0 X110.387 Y119.658
G1 F6000 X100.34 Y109.612 E587.39391
G0 F9000 X100.34 Y108.905
G1 F6000 X119.658 Y103.729 E587.7265
G0 F9000 X119.659 Y103.475
G1 F6000 X116.524 Y100.339 E587.80024
G0 F9000 X116.269 Y100.338
G1 F6000 X111.092 Y119.659 E588.13289
G0 F9000 X111.092 Y119.5
G0 X114.197 Y119.5
G0 X114.197 Y119.659
G1 F6000 X119.375 Y100.338 E588.46554
G0 F9000 X119.658 Y100.623
G1 F6000 X100.341 Y105.799 E588.79811
G0 F9000 X100.34 Y105.369
G1 F6000 X114.629 Y119.658 E589.13417
G0 F9000 X114.629 Y119.5
G0 X119.5 Y113.046
G0 X119.658 Y113.046
G1 F6000 X100.34 Y118.223 E589.46676
G0 F9000 X100.34 Y118.097
G1 F6000 X101.901 Y119.658 E589.50347
G0 F9000 X101.774 Y119.658
G1 F6000 X106.443 Y102.234 E589.80346
G0 F9000 X106.443 Y102.335
G0 X106.221 Y101.09
G0 X106.32 Y101.091
G1 F6000 X100.34 Y102.694 E589.90642
G0 F9000 X100.5 Y102.694
G0 X109.549 Y102.336
G0 X109.549 Y102.235
G1 F6000 X104.88 Y119.659 E590.2064
G0 F9000 X104.88 Y119.5
G0 X117.56 Y110.024
G0 X117.723 Y110.024
G1 F6000 X109.935 Y102.236 E590.38956
G0 F9000 X109.935 Y102.395
G0 X119.53 Y119.53
G0 X119.7 Y119.7
;TYPE:WALL-INNER
G1 F1500 X119.7 Y110.768 E590.5381
G1 X117.987 Y110.767 E590.56659
G1 X117.836 Y110.668 E590.56959
G1 X117.763 Y110.511 E590.57247
G1 X117.761 Y108.756 E590.60166
G1 X117.814 Y108.614 E590.60418
G1 X117.975 Y108.487 E590.60759
G1 X119.7 Y108.487 E590.63628
G1 X119.7 Y100.3 E590.77243
G1 X112.139 Y100.3 E590.89817
G1 X112.137 Y101.979 E590.92609
G1 X112.018 Y102.135 E590.92935
G1 X111.868 Y102.194 E590.93203
G1 X110.123 Y102.195 E590.96105
G1 X109.954 Y102.127 E590.96408
G1 X109.847 Y101.921 E590.96794
G1 X109.846 Y100.301 E590.99488
G1 X109.276 Y100.301 E591.00436
G1 X109.274 Y101.921 E591.0313
G1 X109.167 Y102.126 E591.03515
G1 X109.016 Y102.192 E591.03789
G1 X107.185 Y102.194 E591.06834
G1 X107.031 Y102.13 E591.07111
G1 X106.918 Y101.969 E591.07438
G1 X106.916 Y100.3 E591.10214
G1 X100.301 Y100.301 E591.21215
G1 X100.301 Y119.699 E591.53474
G1 X119.7 Y119.7 E591.85734
G0 F9000 X119.9 Y119.9
;TYPE:WALL-OUTER
G1 F1500 X119.9 Y110.568 E592.01254
G1 X118.028 Y110.563 E592.04367
G1 X117.961 Y110.505 E592.04514
G1 X117.96 Y108.776 E592.07389
G1 X118.011 Y108.687 E592.0756
G1 X119.9 Y108.687 E592.10701
G1 X119.9 Y100.1 E592.24982
G1 X111.939 Y100.1 E592.38221
G1 X111.931 Y101.932 E592.41267
G1 X111.875 Y101.995 E592.41408
G1 X110.119 Y101.992 E592.44328
G1 X110.046 Y101.904 E592.44518
G1 X110.046 Y100.101 E592.47516
G1 X109.076 Y100.101 E592.4913
G1 X109.075 Y101.903 E592.52126
G1 X109.028 Y101.994 E592.52297
G1 X107.207 Y101.995 E592.55325
G1 X107.122 Y101.927 E592.55506
G1 X107.116 Y100.1 E592.58544
G1 X100.101 Y100.101 E592.7021
G1 X100.101 Y119.899 E593.03135
G1 X119.9 Y119.9 E593.3606
G0 F9000 X119.9 Y119.7
G0 X119.53 Y119.53
G0 X112.553 Y102.335
G0 X112.553 Y101.98
;TYPE:SKIN
G1 F1115.2 X112.555 Y100.716 E593.38888
G0 F9000 X112.91 Y100.717
G0 X112.836 Y102.263
G0 X112.307 Y102.305
G0 X112.18 Y102.215
G1 F1500 X112.788 Y102.214 E593.39899
G1 X112.79 Y100.481 E593.42781
G1 X112.32 Y100.481 E593.43562
G1 X112.318 Y102 E593.46088
G1 X112.18 Y102.215 E593.46513
G0 F9000 X112.307 Y102.305
G0 X109.676 Y102.306
G0 X109.766 Y102.192
G1 F1204.8 X109.354 Y102.192 E593.47366
G1 F1260.5 X109.457 Y101.996 E593.47805
G1 F1388.9 X109.459 Y100.484 E593.5052
G1 F1456.3 X109.663 Y100.484 E593.5087
G1 F1369.9 X109.663 Y101.979 E593.53592
G1 F1244.8 X109.766 Y102.192 E593.54066
G0 F9000 X109.676 Y102.306
G0 X106.79 Y102.323
G0 X106.294 Y102.262
G0 X106.221 Y102.006
G0 X106.549 Y102.006
G1 F1449.3 X106.541 Y101.947 E593.54169
G1 F1515.2 X106.539 Y100.678 E593.56258
G0 F9000 X106.221 Y100.678
G0 X106.294 Y102.262
G0 X106.748 Y102.305
G0 X106.867 Y102.214
G1 F1500 X106.795 Y102.118 E593.56457
G1 X106.739 Y101.913 E593.56811
G1 X106.736 Y100.48 E593.59194
G1 X106.341 Y100.48 E593.59851
G1 X106.342 Y102.214 E593.62734
G1 X106.867 Y102.214 E593.63608
G0 F9000 X106.677 Y102.435
;MESH:NONMESH
G0 F300 X106.677 Y102.435 Z7.9
G0 F9000 X100.592 Y100.5
G0 X100.592 Y100.339
;TIME_ELAPSED:1317.715289
;LAYER:38
;TYPE:FILL
;MESH:xyzCalibration_cube.stl
G1 F6000 X100.339 Y101.285 E593.65236
G0 F9000 X100.339 Y100.925
G1 F6000 X119.073 Y119.659 E594.09296
G0 F9000 X118.712 Y119.659
G1 F6000 X119.658 Y119.405 E594.10924
G0 F9000 X119.5 Y119.405
G0 X117.156 Y119.5
G0 X117.156 Y119.659
G1 F6000 X119.529 Y110.805 E594.26168
G0 F9000 X118.705 Y110.805
G1 F6000 X119.659 Y111.759 E594.28412
G0 F9000 X119.5 Y111.759
G0 X119.5 Y113.194
G0 X119.658 Y113.194
G1 F6000 X100.339 Y118.37 E594.61673
G0 F9000 X100.339 Y117.895
G1 F6000 X102.103 Y119.659 E594.65821
G0 F9000 X101.627 Y119.659
G1 F6000 X106.432 Y101.729 E594.96691
G0 F9000 X106.431 Y101.209
G1 F6000 X100.34 Y102.841 E595.07178
G0 F9000 X100.5 Y102.841
G0 X100.5 Y105.167
G0 X100.339 Y105.167
G1 F6000 X114.831 Y119.659 E595.41261
G0 F9000 X114.05 Y119.659
G1 F6000 X119.228 Y100.338 E595.74526
G0 F9000 X119.658 Y100.77
G1 F6000 X100.34 Y105.947 E596.07785
G0 F9000 X100.5 Y105.947
G0 X100.5 Y109.052
G0 X100.339 Y109.052
G1 F6000 X119.659 Y103.876 E596.41048
G0 F9000 X119.659 Y103.274
G1 F6000 X116.724 Y100.339 E596.4795
G0 F9000 X116.122 Y100.338
G1 F6000 X110.945 Y119.66 E596.81216
G0 F9000 X110.588 Y119.659
G1 F6000 X100.339 Y109.41 E597.0532
G0 F9000 X100.5 Y109.41
G0 X100.5 Y112.158
G0 X100.339 Y112.158
G1 F6000 X119.659 Y106.982 E597.38583
G0 F9000 X119.659 Y107.517
G1 F6000 X112.683 Y100.541 E597.54989
G0 F9000 X113.016 Y100.338
G1 F6000 X112.682 Y101.583 E597.57133
G0 F9000 X112.508 Y102.233
G1 F6000 X107.839 Y119.66 E597.87136
G0 F9000 X107.12 Y119.659
G1 F6000 X119.658 Y116.299 E598.08723
G0 F9000 X119.659 Y116.002
G1 F6000 X103.997 Y100.339 E598.45559
G0 F9000 X103.698 Y100.339
G1 F6000 X100.339 Y112.874 E598.6714
G0 F9000 X100.339 Y113.653
G1 F6000 X106.346 Y119.659 E598.81266
G0 F9000 X106.346 Y119.5
G0 X104.733 Y119.5
G0 X104.733 Y119.659
G1 F6000 X109.484 Y101.926 E599.11796
G0 F9000 X110.132 Y102.232
G1 F6000 X117.723 Y109.823 E599.29649
G0 F9000 X117.758 Y110.597
G1 F6000 X100.339 Y115.264 E599.59639
G0 F9000 X100.5 Y115.264
G0 X119.53 Y119.53
G0 X119.7 Y119.7
;TYPE:WALL-INNER
G1 F1500 X119.7 Y110.766 E599.74496
G1 X117.992 Y110.765 E599.77337
G1 X117.812 Y110.634 E599.77707
G1 X117.764 Y110.509 E599.77929
G1 X117.761 Y108.76 E599.80838
G1 X117.813 Y108.615 E599.81094
G1 X117.974 Y108.485 E599.81438
G1 X119.7 Y108.485 E599.84309
G1 X119.7 Y100.3 E599.9792
G1 X112.012 Y100.3 E600.10706
G1 X112.01 Y101.98 E600.13499
G1 X111.894 Y102.134 E600.1382
G1 X111.741 Y102.195 E600.14094
G1 X109.975 Y102.192 E600.17031
G1 X109.859 Y102.146 E600.17238
G1 F1287.6 X109.691 Y101.923 E600.17779
G1 F1132.1 X109.692 Y100.333 E600.21283
G1 X109.426 Y100.333 E600.21869
G1 X109.427 Y101.923 E600.25373
G1 F1287.6 X109.259 Y102.146 E600.25913
G1 F1500 X109.095 Y102.195 E600.26198
G1 X107.296 Y102.195 E600.2919
G1 X107.143 Y102.133 E600.29464
G1 X107.072 Y102.053 E600.29642
G1 X107.029 Y101.897 E600.29911
G1 X107.027 Y100.3 E600.32567
G1 X100.3 Y100.3 E600.43754
G1 X100.3 Y119.7 E600.76017
G1 X119.7 Y119.7 E601.08279
G0 F9000 X119.9 Y119.9
;TYPE:WALL-OUTER
G1 F1500 X119.9 Y110.566 E601.23801
G1 X118.029 Y110.561 E601.26913
G1 X117.962 Y110.503 E601.2706
G1 X117.961 Y108.742 E601.29989
G1 X118.032 Y108.685 E601.3014
G1 X119.9 Y108.685 E601.33247
G1 X119.9 Y100.1 E601.47524
G1 X111.812 Y100.1 E601.60974
G1 X111.81 Y101.925 E601.64009
G1 X111.721 Y101.996 E601.64198
G1 X109.992 Y101.991 E601.67074
G1 X109.924 Y101.904 E601.67257
G1 X109.924 Y100.101 E601.70256
G1 X109.194 Y100.101 E601.7147
G1 X109.194 Y101.903 E601.74466
G1 X109.139 Y101.995 E601.74645
G1 X107.318 Y101.996 E601.77673
G1 X107.229 Y101.94 E601.77848
G1 X107.227 Y100.1 E601.80908
G1 X100.1 Y100.1 E601.9276
G1 X100.1 Y119.9 E602.25688
G1 X119.9 Y119.9 E602.58615
G0 F9000 X119.9 Y119.7
G0 X119.53 Y119.53
G0 X112.782 Y101.98
G0 X112.427 Y101.979
;TYPE:SKIN
G1 F1111.1 X112.428 Y100.716 E602.61451
G0 F9000 X112.784 Y100.717
G0 X112.71 Y102.263
G0 X112.18 Y102.305
G0 X112.055 Y102.215
G1 F1500 X112.662 Y102.215 E602.6246
G1 X112.664 Y100.48 E602.65345
G1 X112.192 Y100.48 E602.6613
G1 X112.191 Y102.001 E602.6866
G1 X112.055 Y102.215 E602.69082
G0 F9000 X112.18 Y102.305
G0 X106.661 Y102.335
G0 X106.661 Y102.007
G1 F1449.3 X106.652 Y101.947 E602.69186
G1 F1515.2 X106.65 Y100.678 E602.71275
G0 F9000 X106.332 Y100.678
G0 X106.405 Y102.263
G0 X106.859 Y102.305
G0 X106.975 Y102.214
G1 F1500 X106.909 Y102.125 E602.71459
G1 X106.852 Y101.924 E602.71807
G1 X106.847 Y100.48 E602.74208
G1 X106.452 Y100.48 E602.74865
G1 X106.454 Y102.214 E602.77749
G1 X106.975 Y102.214 E602.78615
G0 F9000 X106.788 Y102.435
;MESH:NONMESH
G0 F300 X106.788 Y102.435 Z8.1
G0 F9000 X100.446 Y100.5
G0 X100.446 Y100.339
;TIME_ELAPSED:1337.158731
;LAYER:39
;TYPE:FILL
;MESH:xyzCalibration_cube.stl
G1 F6000 X100.339 Y100.741 E602.79307
G1 X100.339 Y100.725
G1 X119.273 Y119.659 E603.23837
G1 X119.256 Y119.659
G1 X119.658 Y119.551 E603.24529
G0 F9000 X119.5 Y119.551
G0 X117.01 Y119.5
G0 X117.01 Y119.659
G1 F6000 X119.383 Y110.803 E603.39776
G0 F9000 X118.902 Y110.803
G1 F6000 X119.659 Y111.56 E603.41557
G0 F9000 X119.5 Y111.56
G0 X119.5 Y113.339
G0 X119.658 Y113.339
G1 F6000 X100.339 Y118.516 E603.74818
G0 F9000 X100.339 Y117.696
G1 F6000 X102.302 Y119.659 E603.79435
G0 F9000 X101.481 Y119.659
G1 F6000 X106.543 Y100.77 E604.11955
G0 F9000 X106.543 Y101.325
G1 F6000 X100.34 Y102.987 E604.22635
G0 F9000 X100.5 Y102.987
G0 X100.5 Y104.968
G0 X100.339 Y104.968
G1 F6000 X115.03 Y119.659 E604.57186
G0 F9000 X115.03 Y119.5
G0 X113.904 Y119.5
G0 X113.904 Y119.66
G1 F6000 X119.082 Y100.338 E604.90452
G0 F9000 X119.658 Y100.916
G1 F6000 X100.339 Y106.093 E605.23714
G0 F9000 X100.5 Y106.093
G0 X100.5 Y109.199
G0 X100.339 Y109.199
G1 F6000 X119.658 Y104.022 E605.56975
G0 F9000 X119.659 Y103.074
G1 F6000 X116.924 Y100.339 E605.63407
G0 F9000 X115.976 Y100.338
G1 F6000 X110.799 Y119.66 E605.96673
G1 X110.788 Y119.659
G1 X100.339 Y109.211 E606.21246
G0 F9000 X100.5 Y109.211
G0 X100.5 Y112.304
G0 X100.339 Y112.304
G1 F6000 X119.659 Y107.128 E606.54509
G0 F9000 X119.659 Y107.317
G1 F6000 X112.681 Y100.339 E606.7092
G0 F9000 X112.87 Y100.338
G1 F6000 X112.556 Y101.511 E606.72939
G0 F9000 X112.362 Y102.234
G1 F6000 X107.693 Y119.659 E607.02939
G1 X107.664 Y119.659
G1 X119.658 Y116.445 E607.23589
G0 F9000 X119.659 Y115.802
G1 F6000 X104.196 Y100.339 E607.59956
G0 F9000 X103.552 Y100.339
G1 F6000 X100.339 Y112.33 E607.806
G0 F9000 X100.5 Y112.33
G0 X100.5 Y113.453
G0 X100.339 Y113.453
G1 F6000 X106.545 Y119.659 E607.95196
G0 F9000 X106.545 Y119.5
G0 X104.587 Y119.5
G0 X104.587 Y119.659
G1 F6000 X109.258 Y102.227 E608.25208
G0 F9000 X109.258 Y102.395
G0 X110.332 Y102.395
G0 X110.333 Y102.234
G1 F6000 X117.722 Y109.623 E608.42586
G0 F9000 X117.561 Y109.623
G0 X117.633 Y110.891
G0 X117.868 Y110.713
G1 F6000 X100.339 Y115.41 E608.72765
G0 F9000 X100.5 Y115.41
G0 X109.556 Y102.395
G0 X109.557 Y101.924
;TYPE:WALL-INNER
G1 F1030.9 X109.557 Y100.345 E608.76586
G0 F9000 X109.674 Y102.123
G0 X119.53 Y119.53
G0 X119.7 Y119.7
G1 F1500 X119.7 Y110.764 E608.91446
G1 X117.992 Y110.763 E608.94287
G1 X117.812 Y110.632 E608.94657
G1 X117.764 Y110.507 E608.9488
G1 X117.764 Y108.733 E608.9783
G1 X117.843 Y108.575 E608.98124
G1 X117.979 Y108.482 E608.98398
G1 X119.7 Y108.482 E609.0126
G1 X119.7 Y100.3 E609.14866
G1 X111.886 Y100.3 E609.27861
G1 X111.884 Y101.98 E609.30655
G1 X111.778 Y102.126 E609.30955
G1 X111.583 Y102.197 E609.313
G1 X109.794 Y102.192 E609.34275
G1 F1219.5 X109.557 Y101.924 E609.35007
G1 X109.32 Y102.191 E609.35737
G1 F1500 X107.408 Y102.195 E609.38917
G1 X107.256 Y102.134 E609.39189
G1 X107.14 Y101.972 E609.39521
G1 X107.138 Y100.3 E609.42301
G1 X100.3 Y100.3 E609.53673
G1 X100.3 Y119.7 E609.85935
G1 X119.7 Y119.7 E610.18198
G0 F9000 X119.9 Y119.9
;TYPE:WALL-OUTER
G1 F1500 X119.9 Y110.564 E610.33723
G1 X118.029 Y110.559 E610.36835
G1 X117.962 Y110.501 E610.36982
G1 X117.961 Y108.75 E610.39894
G1 X118.061 Y108.682 E610.40095
G1 X119.9 Y108.682 E610.43154
G1 X119.9 Y100.1 E610.57426
G1 X111.686 Y100.1 E610.71085
G1 X111.684 Y101.923 E610.74117
G1 X111.61 Y101.997 E610.74291
G1 X109.864 Y101.993 E610.77195
G1 X109.802 Y101.904 E610.77375
G1 X109.802 Y100.1 E610.80375
G1 X109.312 Y100.1 E610.8119
G1 X109.312 Y101.903 E610.84189
G1 X109.251 Y101.992 E610.84368
G1 X107.429 Y101.996 E610.87398
G1 X107.345 Y101.929 E610.87577
G1 X107.338 Y100.1 E610.90618
G1 X100.1 Y100.1 E611.02655
G1 X100.1 Y119.9 E611.35583
G1 X119.9 Y119.9 E611.6851
G0 F9000 X119.9 Y119.7
G0 X119.53 Y119.53
G0 X112.655 Y101.976
G0 X112.296 Y101.975
;TYPE:SKIN
G1 F1098.9 X112.302 Y100.716 E611.71368
G0 F9000 X112.657 Y100.717
G0 X112.583 Y102.263
G0 X112.054 Y102.305
G0 X111.964 Y102.215
G1 F1500 X112.535 Y102.214 E611.72318
G1 X112.537 Y100.481 E611.752
G1 X112.067 Y100.481 E611.75981
G1 X112.064 Y101.912 E611.78361
G1 X111.964 Y102.215 E611.78892
G0 F9000 X112.054 Y102.305
G0 X107.012 Y102.324
G0 X106.518 Y102.263
G0 X106.445 Y102.016
G0 X106.763 Y102.016
G1 F1538.5 X106.761 Y100.677 E611.81063
G0 F9000 X106.443 Y100.677
G0 X106.518 Y102.263
G0 X106.97 Y102.305
G0 X107.096 Y102.214
G1 F1500 X106.96 Y102.001 E611.81483
G1 X106.958 Y100.48 E611.84013
G1 X106.563 Y100.48 E611.84669
G1 X106.566 Y102.215 E611.87555
G1 X107.096 Y102.214 E611.88436
G0 F9000 X106.899 Y102.435
;MESH:NONMESH
G0 F300 X106.899 Y102.435 Z8.3
G0 F9000 X100.5 Y100.526
G0 X100.339 Y100.526
;TIME_ELAPSED:1357.224404
;LAYER:40
;TYPE:FILL
;MESH:xyzCalibration_cube.stl
G1 F6000 X119.472 Y119.659 E612.33434
G0 F9000 X119.472 Y119.5
G0 X116.864 Y119.5
G0 X116.864 Y119.66
G1 F6000 X119.238 Y110.799 E612.4869
G0 F9000 X119.099 Y110.8
G1 F6000 X119.659 Y111.36 E612.50007
G0 F9000 X119.5 Y111.36
G0 X118.092 Y110.96
G0 X118.093 Y110.799
G1 F6000 X100.34 Y115.556 E612.80572
G0 F9000 X100.5 Y115.556
G0 X100.5 Y117.497
G0 X100.339 Y117.497
G1 F6000 X102.502 Y119.659 E612.85657
G0 F9000 X102.502 Y119.5
G0 X101.335 Y119.5
G0 X101.335 Y119.659
G1 F6000 X106.512 Y100.338 E613.18922
G0 F9000 X106.512 Y100.5
G0 X106.555 Y101.44
G0 X106.655 Y101.441
G1 F6000 X100.34 Y103.133 E613.29794
G0 F9000 X100.5 Y103.133
G0 X100.5 Y104.769
G0 X100.339 Y104.769
G1 F6000 X115.23 Y119.659 E613.64814
G0 F9000 X115.23 Y119.5
G0 X113.759 Y119.5
G0 X113.759 Y119.659
G1 F6000 X118.936 Y100.338 E613.98079
G0 F9000 X118.936 Y100.5
G0 X119.5 Y101.062
G0 X119.659 Y101.062
G1 F6000 X100.34 Y106.238 E614.31339
G0 F9000 X100.5 Y106.238
G0 X100.5 Y109.011
G0 X100.339 Y109.011
G1 F6000 X110.987 Y119.659 E614.56382
G0 F9000 X110.653 Y119.659
G1 F6000 X115.83 Y100.339 E614.89645
G0 F9000 X115.83 Y100.5
G0 X117.123 Y100.5
G0 X117.123 Y100.339
G1 F6000 X119.659 Y102.875 E614.95609
G0 F9000 X119.5 Y102.875
G0 X119.5 Y104.168
G0 X119.659 Y104.168
G1 F6000 X100.34 Y109.344 E615.2887
G0 F9000 X100.5 Y109.344
G0 X100.5 Y111.782
G0 X100.34 Y111.782
G1 F6000 X103.406 Y100.338 E615.48572
G0 F9000 X104.396 Y100.34
G1 F6000 X119.659 Y115.603 E615.84469
G0 F9000 X119.658 Y116.591
G1 F6000 X108.209 Y119.659 E616.0418
G0 F9000 X107.547 Y119.659
G1 F6000 X112.216 Y102.233 E616.34182
G0 F9000 X112.43 Y101.437
G1 F6000 X112.724 Y100.339 E616.36072
G0 F9000 X112.881 Y100.339
G1 F6000 X119.659 Y107.118 E616.52014
G0 F9000 X119.658 Y107.274
G1 F6000 X100.34 Y112.45 E616.85273
G0 F9000 X100.339 Y113.254
G1 F6000 X106.744 Y119.659 E617.00337
G0 F9000 X106.744 Y119.5
G0 X104.441 Y119.5
G0 X104.441 Y119.659
G1 F6000 X109.11 Y102.233 E617.30339
G0 F9000 X109.11 Y102.395
G0 X110.531 Y102.395
G0 X110.532 Y102.234
G1 F6000 X117.72 Y109.421 E617.47242
G0 F9000 X117.561 Y109.421
G0 X117.633 Y110.888
G0 X119.5 Y113.486
G0 X119.658 Y113.486
G1 F6000 X100.34 Y118.662 E617.80502
G0 F9000 X100.5 Y118.662
G0 X119.53 Y119.53
G0 X119.7 Y119.7
;TYPE:WALL-INNER
G1 F1500 X119.7 Y110.761 E617.95367
G1 X117.992 Y110.76 E617.98208
G1 X117.812 Y110.629 E617.98578
G1 X117.764 Y110.505 E617.98799
G1 X117.761 Y108.722 E618.01764
G1 X117.809 Y108.616 E618.01958
G1 X117.972 Y108.48 E618.02311
G1 X119.7 Y108.48 E618.05184
G1 X119.7 Y100.3 E618.18788
G1 X111.759 Y100.3 E618.31994
G1 X111.757 Y101.981 E618.34789
G1 X111.646 Y102.13 E618.35098
G1 X111.488 Y102.195 E618.35382
G1 X109.698 Y102.192 E618.38359
G1 X109.555 Y102.013 E618.3874
G1 X109.411 Y102.195 E618.39126
G1 X107.519 Y102.195 E618.42272
G1 X107.368 Y102.135 E618.42543
G1 X107.297 Y102.058 E618.42717
G1 X107.251 Y101.897 E618.42995
G1 X107.249 Y100.3 E618.45651
G1 X100.301 Y100.301 E618.57206
G1 X100.3 Y119.7 E618.89466
G1 X119.7 Y119.7 E619.21729
G0 F9000 X119.9 Y119.9
;TYPE:WALL-OUTER
G1 F1500 X119.9 Y110.561 E619.3726
G1 X118.029 Y110.556 E619.40371
G1 X117.962 Y110.498 E619.40518
G1 X117.964 Y108.753 E619.4342
G1 X118.032 Y108.68 E619.43586
G1 X119.9 Y108.68 E619.46693
G1 X119.9 Y100.1 E619.60961
G1 X111.559 Y100.1 E619.74832
G1 X111.557 Y101.924 E619.77866
G1 X111.494 Y101.99 E619.78018
G1 X109.75 Y101.991 E619.80918
G1 F1415.1 X109.669 Y101.904 E619.81127
G1 F1333.3 X109.669 Y100.112 E619.8448
G1 X109.443 Y100.112 E619.84903
G1 X109.443 Y101.904 E619.88255
G1 F1415.1 X109.362 Y101.99 E619.88464
G1 F1500 X107.528 Y101.994 E619.91514
G1 X107.456 Y101.93 E619.91674
G1 X107.449 Y100.1 E619.94717
G1 X100.101 Y100.101 E620.06937
G1 X100.1 Y119.9 E620.39863
G1 X119.9 Y119.9 E620.7279
G0 F9000 X119.9 Y119.7
G0 X119.53 Y119.53
G0 X112.529 Y101.975
G0 X112.169 Y101.974
;TYPE:SKIN
G1 F1090.9 X112.175 Y100.716 E620.75667
G0 F9000 X112.531 Y100.717
G0 X112.457 Y102.263
G0 X111.927 Y102.305
G0 X111.791 Y102.215
G1 F1500 X112.409 Y102.214 E620.76695
G1 X112.411 Y100.48 E620.79578
G1 X111.939 Y100.48 E620.80363
G1 X111.936 Y101.913 E620.82746
G1 X111.906 Y102.062 E620.82999
G1 X111.791 Y102.215 E620.83317
G0 F9000 X111.927 Y102.305
G0 X107.123 Y102.324
G0 X106.629 Y102.263
G0 X106.556 Y102.016
G0 X106.874 Y102.016
G1 F1538.5 X106.872 Y100.677 E620.85489
G0 F9000 X106.554 Y100.677
G0 X106.629 Y102.263
G0 X107.081 Y102.305
G0 X107.209 Y102.215
G1 F1500 X107.071 Y102.002 E620.85911
G1 X107.069 Y100.48 E620.88442
G1 X106.674 Y100.48 E620.89099
G1 X106.677 Y102.214 E620.91982
G1 X107.209 Y102.215 E620.92867
G0 F9000 X107.01 Y102.435
;MESH:NONMESH
G0 F300 X107.01 Y102.435 Z8.5
G0 F9000 X100.47 Y100.47
G0 X100.354 Y100.34
;TIME_ELAPSED:1377.003703
;LAYER:41
;TYPE:FILL
;MESH:xyzCalibration_cube.stl
G1 F6000 X119.659 Y119.645 E621.38269
G0 F9000 X119.53 Y119.53
G0 X119.5 Y116.738
G0 X119.658 Y116.738
G1 F6000 X108.758 Y119.659 E621.57036
G0 F9000 X108.758 Y119.5
G0 X107.4 Y119.5
G0 X107.4 Y119.659
G1 F6000 X112.069 Y102.234 E621.87036
G0 F9000 X112.303 Y101.362
G1 F6000 X112.577 Y100.339 E621.88797
G0 F9000 X113.081 Y100.339
G1 F6000 X119.659 Y106.917 E622.04268
G0 F9000 X119.658 Y107.421
G1 F6000 X100.34 Y112.597 E622.37527
G0 F9000 X100.339 Y113.053
G1 F6000 X106.945 Y119.659 E622.53063
G0 F9000 X106.945 Y119.5
G0 X104.294 Y119.5
G0 X104.294 Y119.659
G1 F6000 X108.964 Y102.231 E622.83068
G0 F9000 X108.964 Y102.396
G0 X110.734 Y102.395
G0 X110.735 Y102.235
G1 F6000 X117.721 Y109.222 E622.995
G0 F9000 X117.562 Y109.222
G0 X117.634 Y110.886
G0 X118.647 Y110.958
G0 X118.648 Y110.797
G1 F6000 X100.34 Y115.703 E623.3102
G0 F9000 X100.5 Y115.703
G0 X100.5 Y117.296
G0 X100.339 Y117.296
G1 F6000 X102.703 Y119.659 E623.36579
G0 F9000 X102.703 Y119.5
G0 X101.188 Y119.5
G0 X101.188 Y119.659
G1 F6000 X106.365 Y100.339 E623.69841
G0 F9000 X106.365 Y100.5
G0 X106.666 Y101.557
G0 X106.766 Y101.558
G1 F6000 X100.34 Y103.28 E623.80905
G0 F9000 X100.5 Y103.28
G0 X100.5 Y104.568
G0 X100.339 Y104.568
G1 F6000 X115.43 Y119.659 E624.16397
G0 F9000 X115.43 Y119.5
G0 X116.717 Y119.5
G0 X116.717 Y119.66
G1 F6000 X119.092 Y110.797 E624.31656
G0 F9000 X119.298 Y110.799
G1 F6000 X119.659 Y111.16 E624.32505
G0 F9000 X119.5 Y111.16
G0 X119.5 Y113.633
G0 X119.658 Y113.633
G1 F6000 X100.34 Y118.809 E624.65764
G0 F9000 X100.5 Y118.809
G0 X100.5 Y111.234
G0 X100.34 Y111.234
G1 F6000 X103.259 Y100.339 E624.84522
G0 F9000 X103.259 Y100.5
G0 X104.597 Y100.5
G0 X104.597 Y100.34
G1 F6000 X119.659 Y115.402 E625.19945
G0 F9000 X119.5 Y115.402
G0 X113.611 Y119.5
G0 X113.611 Y119.66
G1 F6000 X118.789 Y100.338 E625.53211
G0 F9000 X118.789 Y100.5
G0 X119.5 Y101.209
G0 X119.658 Y101.209
G1 F6000 X100.34 Y106.385 E625.86471
G0 F9000 X100.5 Y106.385
G0 X100.5 Y108.811
G0 X100.339 Y108.811
G1 F6000 X111.188 Y119.659 E626.11985
G0 F9000 X110.506 Y119.659
G1 F6000 X115.683 Y100.338 E626.45249
G0 F9000 X115.683 Y100.5
G0 X117.324 Y100.5
G0 X117.324 Y100.339
G1 F6000 X119.659 Y102.674 E626.50741
G0 F9000 X119.5 Y102.674
G0 X119.5 Y104.315
G0 X119.659 Y104.315
G1 F6000 X100.34 Y109.491 E626.84001
G0 F9000 X100.5 Y109.491
G0 X119.53 Y119.53
G0 X119.7 Y119.7
;TYPE:WALL-INNER
G1 F1500 X119.7 Y110.759 E626.9887
G1 X117.993 Y110.758 E627.01709
G1 X117.813 Y110.627 E627.02079
G1 X117.765 Y110.503 E627.023
G1 X117.763 Y108.748 E627.05219
G1 X117.881 Y108.538 E627.0562
G1 X118.062 Y108.478 E627.05937
G1 X119.7 Y108.478 E627.08661
G1 X119.7 Y100.3 E627.22261
G1 X111.633 Y100.3 E627.35676
G1 X111.631 Y101.985 E627.38478
G1 X111.508 Y102.139 E627.38806
G1 X111.38 Y102.193 E627.39037
G1 X109.614 Y102.193 E627.41974
G1 X109.554 Y102.128 E627.42121
G1 X109.494 Y102.193 E627.42268
G1 X107.63 Y102.195 E627.45368
G1 X107.481 Y102.136 E627.45635
G1 X107.362 Y101.975 E627.45968
G1 X107.36 Y100.3 E627.48753
G1 X100.301 Y100.301 E627.60492
G1 X100.3 Y119.7 E627.92753
G1 X119.7 Y119.7 E628.25015
G0 F9000 X119.9 Y119.9
;TYPE:WALL-OUTER
G1 F1500 X119.9 Y110.559 E628.40549
G1 X118.03 Y110.554 E628.43659
G1 X117.963 Y110.496 E628.43807
G1 X117.965 Y108.75 E628.4671
G1 X118.015 Y108.678 E628.46856
G1 X119.9 Y108.678 E628.49991
G1 X119.9 Y100.1 E628.64256
G1 X111.433 Y100.1 E628.78337
G1 X111.431 Y101.926 E628.81373
G1 X111.357 Y101.997 E628.81544
G1 X109.644 Y101.995 E628.84393
G1 F1463.4 X109.554 Y101.904 E628.84611
G1 X109.464 Y101.995 E628.84829
G1 F1500 X107.639 Y101.994 E628.87864
G1 X107.567 Y101.93 E628.88024
G1 X107.56 Y100.1 E628.91067
G1 X100.101 Y100.101 E629.03472
G1 X100.1 Y119.9 E629.36398
G1 X119.9 Y119.9 E629.69325
G0 F9000 X119.9 Y119.7
G1 F1500 E623.19325
G0 F9000 X119.53 Y119.53
G0 X109.553 Y102.395
G0 X109.554 Y101.904
G1 F1500 E629.69325
G1 F1428.6 X109.554 Y100.105 E629.72467
G1 F1500 E623.22467
G0 F9000 X111.547 Y100.214
G0 X112.404 Y100.717
G0 X112.049 Y100.716
;TYPE:SKIN
G1 F1500 E629.72467
G1 F1098.9 X112.043 Y101.974 E629.75322
G0 F9000 X111.675 Y102.214
G1 F1500 X112.282 Y102.214 E629.76332
G1 X112.284 Y100.481 E629.79214
G1 X111.814 Y100.481 E629.79995
G1 X111.81 Y101.913 E629.82377
G1 X111.76 Y102.109 E629.82713
G1 X111.675 Y102.214 E629.82938
G0 F9000 X111.801 Y102.305
G0 X107.234 Y102.324
G0 X106.74 Y102.263
G0 X106.667 Y102.007
G0 X106.995 Y102.007
G1 F1456.3 X106.986 Y101.942 E629.8305
G1 F1522.8 X106.982 Y100.677 E629.85122
G0 F9000 X106.665 Y100.677
G0 X106.74 Y102.263
G0 X107.192 Y102.305
G0 X107.308 Y102.214
G1 F1500 X107.185 Y101.92 E629.85652
G1 X107.18 Y100.48 E629.88047
G1 X106.785 Y100.48 E629.88704
G1 X106.788 Y102.215 E629.91589
G1 X107.308 Y102.214 E629.92454
G0 F9000 X107.121 Y102.435
;MESH:NONMESH
G0 F300 X107.121 Y102.435 Z8.7
G0 F9000 X100.554 Y100.5
G0 X100.554 Y100.34
;TIME_ELAPSED:1398.387618
;LAYER:42
;TYPE:FILL
;MESH:xyzCalibration_cube.stl
G1 F6000 X119.659 Y119.445 E630.37386
G0 F9000 X119.5 Y119.445
G0 X119.5 Y116.884
G0 X119.659 Y116.884
G1 F6000 X109.303 Y119.659 E630.55216
G0 F9000 X109.303 Y119.5
G0 X110.36 Y119.5
G0 X110.36 Y119.659
G1 F6000 X115.537 Y100.338 E630.8848
G0 F9000 X115.537 Y100.5
G0 X117.523 Y100.5
G0 X117.523 Y100.339
G1 F6000 X119.659 Y102.475 E630.93504
G0 F9000 X119.5 Y102.475
G0 X119.5 Y101.355
G0 X119.659 Y101.355
G1 F6000 X100.34 Y106.531 E631.26764
G0 F9000 X100.5 Y106.531
G0 X100.5 Y108.611
G0 X100.339 Y108.611
G1 F6000 X111.387 Y119.659 E631.52748
G0 F9000 X111.387 Y119.5
G0 X113.466 Y119.5
G0 X113.466 Y119.659
G1 F6000 X118.643 Y100.339 E631.8601
G0 F9000 X118.643 Y100.5
G0 X119.5 Y104.461
G0 X119.658 Y104.461
G1 F6000 X100.34 Y109.637 E632.1927
G0 F9000 X100.5 Y109.637
G0 X100.5 Y110.688
G0 X100.34 Y110.688
G1 F6000 X103.113 Y100.339 E632.37087
G0 F9000 X103.113 Y100.5
G0 X104.796 Y100.5
G0 X104.796 Y100.34
G1 F6000 X119.659 Y115.203 E632.72043
G0 F9000 X119.5 Y115.203
G0 X119.5 Y113.778
G0 X119.659 Y113.778
G1 F6000 X100.339 Y118.955 E633.05305
G0 F9000 X101.042 Y119.66
G1 F6000 X106.219 Y100.338 E633.38571
G0 F9000 X106.219 Y100.5
G0 X106.778 Y101.673
G0 X106.877 Y101.674
G1 F6000 X100.34 Y103.426 E633.49826
G0 F9000 X100.339 Y104.368
G1 F6000 X115.63 Y119.659 E633.85788
G0 F9000 X116.571 Y119.659
G1 F6000 X118.946 Y110.796 E634.01048
G0 F9000 X119.2 Y110.795
G1 F6000 X100.34 Y115.849 E634.33518
G0 F9000 X100.5 Y115.849
G0 X100.5 Y117.096
G0 X100.339 Y117.096
G1 F6000 X102.902 Y119.659 E634.39546
G0 F9000 X102.902 Y119.5
G0 X104.148 Y119.5
G0 X104.148 Y119.659
G1 F6000 X108.817 Y102.233 E634.69548
G0 F9000 X108.817 Y102.396
G0 X110.933 Y102.396
G0 X110.933 Y102.234
G1 F6000 X117.722 Y109.023 E634.85515
G0 F9000 X117.562 Y109.023
G0 X117.634 Y108.348
G0 X119.579 Y108.276
G0 X119.579 Y108.435
G1 F6000 X119.659 Y108.137 E634.86028
G0 F9000 X119.658 Y107.567
G1 F6000 X100.34 Y112.743 E635.19287
G0 F9000 X100.339 Y112.854
G1 F6000 X107.145 Y119.659 E635.35292
G0 F9000 X107.254 Y119.659
G1 F6000 X111.923 Y102.234 E635.65293
G0 F9000 X112.177 Y101.286
G1 F6000 X112.431 Y100.338 E635.66925
G0 F9000 X113.281 Y100.339
G1 F6000 X119.659 Y106.717 E635.81925
G0 F9000 X119.5 Y106.717
G0 X117.634 Y108.348
G0 X117.634 Y110.884
G0 X119.494 Y110.956
G0 X119.495 Y110.796
G1 F6000 X119.659 Y110.96 E635.8231
G0 F9000 X119.5 Y110.96
G0 X119.53 Y119.53
G0 X119.7 Y119.7
;TYPE:WALL-INNER
G1 F1500 X119.7 Y110.757 E635.97183
G1 X117.993 Y110.756 E636.00021
G1 X117.869 Y110.687 E636.00257
G1 X117.762 Y110.536 E636.00565
G1 X117.762 Y108.752 E636.03532
G1 X117.798 Y108.631 E636.03742
G1 X117.971 Y108.476 E636.04128
G1 X119.7 Y108.476 E636.07004
G1 X119.7 Y100.3 E636.206
G1 X111.507 Y100.3 E636.34225
G1 X111.504 Y101.985 E636.37028
G1 X111.382 Y102.139 E636.37354
G1 X111.227 Y102.196 E636.37629
G1 X107.741 Y102.195 E636.43426
G1 X107.593 Y102.137 E636.43691
G1 X107.473 Y101.976 E636.44024
G1 X107.471 Y100.3 E636.46812
G1 X100.301 Y100.301 E636.58735
G1 X100.3 Y119.7 E636.90996
G1 X119.7 Y119.7 E637.23258
G0 F9000 X119.9 Y119.9
;TYPE:WALL-OUTER
G1 F1500 X119.9 Y110.557 E637.38796
G1 X118.03 Y110.552 E637.41906
G1 X117.963 Y110.494 E637.42053
G1 X117.965 Y108.749 E637.44955
G1 X118.015 Y108.676 E637.45102
G1 X119.9 Y108.676 E637.48237
G1 X119.9 Y100.1 E637.62499
G1 X111.307 Y100.1 E637.76789
G1 X111.304 Y101.897 E637.79778
G1 X111.241 Y101.99 E637.79964
G1 X107.762 Y101.996 E637.8575
G1 X107.679 Y101.931 E637.85925
G1 X107.671 Y100.1 E637.8897
G1 X100.101 Y100.101 E638.01559
G1 X100.1 Y119.9 E638.34485
G1 X119.9 Y119.9 E638.67413
G0 F9000 X119.9 Y119.7
G0 X119.53 Y119.53
G0 X112.276 Y101.974
G0 X111.916 Y101.973
;TYPE:SKIN
G1 F1094.9 X111.923 Y100.715 E638.70279
G0 F9000 X112.278 Y100.716
G0 X112.204 Y102.263
G0 X111.673 Y102.306
G0 X111.546 Y102.215
G1 F1500 X112.156 Y102.214 E638.71293
G1 X112.158 Y100.48 E638.74177
G1 X111.687 Y100.48 E638.7496
G1 X111.683 Y101.913 E638.77343
G1 X111.633 Y102.111 E638.77683
G1 X111.546 Y102.215 E638.77908
G0 F9000 X111.673 Y102.306
G0 X107.345 Y102.324
G0 X106.851 Y102.263
G0 X106.778 Y102.017
G0 X107.096 Y102.017
G1 F1538.5 X107.094 Y100.677 E638.80081
G0 F9000 X106.776 Y100.677
G0 X106.851 Y102.263
G0 X107.303 Y102.306
G0 X107.407 Y102.211
G1 F1500 X107.293 Y102 E638.8048
G1 X107.291 Y100.48 E638.83008
G1 X106.896 Y100.48 E638.83665
G1 X106.899 Y102.215 E638.8655
G1 X107.407 Y102.211 E638.87395
G0 F9000 X107.232 Y102.436
;MESH:NONMESH
G0 F300 X107.232 Y102.436 Z8.9
G0 F9000 X100.5 Y100.467
G0 X100.34 Y100.467
;TIME_ELAPSED:1418.182910
;LAYER:43
;TYPE:FILL
;MESH:xyzCalibration_cube.stl
G1 F6000 X100.812 Y100.34 E638.88208
G1 X100.754 Y100.34
G1 X119.659 Y119.245 E639.32669
G1 X119.658 Y119.181
G1 X119.53 Y119.66 E639.33494
G0 F9000 X119.53 Y119.5
G0 X119.5 Y117.031
G0 X119.659 Y117.031
G1 F6000 X109.852 Y119.659 E639.50378
G0 F9000 X110.213 Y119.659
G1 F6000 X115.39 Y100.338 E639.83643
G0 F9000 X115.39 Y100.5
G0 X113.482 Y100.5
G0 X113.482 Y100.339
G1 F6000 X119.659 Y106.517 E639.98171
G0 F9000 X119.5 Y106.517
G0 X119.5 Y107.587
G0 X119.659 Y107.587
G1 F6000 X119.432 Y108.433 E639.99628
G0 F9000 X119.658 Y107.714
G1 F6000 X100.34 Y112.89 E640.32887
G0 F9000 X100.339 Y112.653
G1 F6000 X107.345 Y119.659 E640.49364
G0 F9000 X107.107 Y119.659
G1 F6000 X111.776 Y102.234 E640.79364
G0 F9000 X111.135 Y102.235
G1 F6000 X117.721 Y108.822 E640.94855
G0 F9000 X117.562 Y108.822
G0 X117.634 Y110.882
G0 X118.799 Y110.954
G0 X118.8 Y110.793
G1 F6000 X116.424 Y119.66 E641.10121
G0 F9000 X115.831 Y119.659
G1 F6000 X100.339 Y104.168 E641.46554
G0 F9000 X100.34 Y103.573
G1 F6000 X106.988 Y101.791 E641.58
G0 F9000 X106.889 Y101.79
G0 X106.072 Y100.5
G0 X106.072 Y100.338
G1 F6000 X100.895 Y119.66 E641.91266
G0 F9000 X100.339 Y119.102
G1 F6000 X119.658 Y113.926 E642.24527
G0 F9000 X119.5 Y113.926
G0 X119.5 Y115.002
G0 X119.659 Y115.002
G1 F6000 X104.997 Y100.34 E642.5901
G0 F9000 X104.997 Y100.5
G0 X102.966 Y100.5
G0 X102.966 Y100.339
G1 F6000 X100.34 Y110.14 E642.75884
G0 F9000 X100.34 Y109.784
G1 F6000 X119.658 Y104.608 E643.09143
G0 F9000 X119.5 Y104.608
G0 X119.5 Y102.274
G0 X119.659 Y102.274
G1 F6000 X117.724 Y100.339 E643.13694
G0 F9000 X118.496 Y100.338
G1 F6000 X113.319 Y119.659 E643.46958
G0 F9000 X113.319 Y119.5
G0 X111.588 Y119.5
G0 X111.588 Y119.659
G1 F6000 X100.339 Y108.41 E643.73414
G0 F9000 X100.5 Y108.41
G0 X100.5 Y106.678
G0 X100.34 Y106.678
G1 F6000 X119.659 Y101.502 E644.06675
G0 F9000 X119.5 Y101.502
G0 X112.408 Y100.5
G0 X112.408 Y100.339
G1 F6000 X112.052 Y100.434 E644.07288
G0 F9000 X112.284 Y100.338
G1 F6000 X112.05 Y101.212 E644.08792
G0 F9000 X112.15 Y101.213
G0 X112.077 Y102.264
G0 X111.753 Y102.299
G0 X108.67 Y102.397
G0 X108.67 Y102.234
G1 F6000 X104.001 Y119.659 E644.38792
G0 F9000 X103.103 Y119.659
G1 F6000 X100.339 Y116.896 E644.45292
G0 F9000 X100.34 Y115.996
G1 F6000 X119.658 Y110.82 E644.78551
G0 F9000 X119.53 Y110.925
G0 X119.53 Y119.53
G0 X119.7 Y119.7
;TYPE:WALL-INNER
G1 F1500 X119.7 Y110.755 E644.93426
G1 X117.993 Y110.754 E644.96265
G1 X117.869 Y110.685 E644.96501
G1 X117.762 Y110.534 E644.96809
G1 X117.762 Y108.716 E644.99832
G1 X117.817 Y108.599 E645.00047
G1 X117.974 Y108.474 E645.00381
G1 X119.7 Y108.474 E645.03251
G1 X119.7 Y100.3 E645.16845
G1 X111.38 Y100.3 E645.30681
G1 X111.378 Y101.898 E645.33339
G1 X111.31 Y102.089 E645.33676
G1 X111.131 Y102.193 E645.3402
G1 X107.852 Y102.196 E645.39473
G1 X107.705 Y102.139 E645.39735
G1 X107.584 Y101.979 E645.40069
G1 X107.582 Y100.3 E645.42861
G1 X100.301 Y100.301 E645.54969
G1 X100.3 Y119.7 E645.8723
G1 X119.7 Y119.7 E646.19492
G0 F9000 X119.9 Y119.9
;TYPE:WALL-OUTER
G1 F1500 X119.9 Y110.555 E646.35033
G1 X118.03 Y110.55 E646.38143
G1 X117.963 Y110.492 E646.3829
G1 X117.962 Y108.766 E646.41161
G1 X118.032 Y108.674 E646.41353
G1 X119.9 Y108.674 E646.44459
G1 X119.9 Y100.1 E646.58718
G1 X111.18 Y100.1 E646.73219
G1 X111.178 Y101.927 E646.76258
G1 X111.106 Y101.994 E646.76421
G1 X107.873 Y101.997 E646.81798
G1 X107.79 Y101.933 E646.81972
G1 X107.782 Y100.1 E646.8502
G1 X100.101 Y100.101 E646.97794
G1 X100.1 Y119.9 E647.3072
G1 X119.9 Y119.9 E647.63647
G0 F9000 X119.9 Y119.7
G0 X119.53 Y119.53
G0 X111.789 Y102.336
G0 X111.789 Y101.976
;TYPE:SKIN
G1 F1094.9 X111.796 Y100.716 E647.66518
G0 F9000 X112.151 Y100.717
G0 X112.077 Y102.264
G0 X111.548 Y102.306
G0 X111.422 Y102.216
G1 F1500 X112.029 Y102.216 E647.67528
G1 X112.031 Y100.481 E647.70413
G1 X111.561 Y100.481 E647.71195
G1 X111.557 Y101.913 E647.73576
G1 X111.507 Y102.112 E647.73917
G1 X111.422 Y102.216 E647.74141
G0 F9000 X111.548 Y102.306
G0 X107.456 Y102.325
G0 X106.962 Y102.264
G0 X106.889 Y102.018
G0 X107.207 Y102.018
G1 F1538.5 X107.205 Y100.677 E647.76315
G0 F9000 X106.887 Y100.677
G0 X106.962 Y102.264
G0 X107.414 Y102.306
G0 X107.541 Y102.215
G1 F1500 X107.404 Y102.005 E647.76732
G1 X107.402 Y100.48 E647.79268
G1 X107.007 Y100.48 E647.79925
G1 X107.01 Y102.215 E647.8281
G1 X107.541 Y102.215 E647.83693
G0 F9000 X107.343 Y102.436
;MESH:NONMESH
G0 F300 X107.343 Y102.436 Z9.1
G0 F9000 X100.5 Y100.613
G0 X100.339 Y100.613
;TIME_ELAPSED:1437.864406
;LAYER:44
;TYPE:FILL
;MESH:xyzCalibration_cube.stl
G1 F6000 X101.363 Y100.339 E647.85456
G0 F9000 X100.953 Y100.339
G1 F6000 X119.659 Y119.045 E648.2945
G0 F9000 X119.659 Y118.635
G1 F6000 X119.384 Y119.66 E648.31215
G0 F9000 X119.384 Y119.5
G0 X119.5 Y117.177
G0 X119.659 Y117.177
G1 F6000 X110.396 Y119.659 E648.47162
G0 F9000 X110.067 Y119.659
G1 F6000 X115.244 Y100.339 E648.80425
G0 F9000 X115.244 Y100.5
G0 X113.681 Y100.5
G0 X113.681 Y100.339
G1 F6000 X119.659 Y106.317 E648.94485
G0 F9000 X119.659 Y107.042
G1 F6000 X119.414 Y107.958 E648.96061
G0 F9000 X119.293 Y107.958
G1 F6000 X119.659 Y107.86 E648.96691
G0 F9000 X119.5 Y107.86
G0 X117.696 Y107.933
G0 X117.722 Y108.272
G0 X117.722 Y108.379
G1 F6000 X100.34 Y113.036 E649.26617
G0 F9000 X100.339 Y112.454
G1 F6000 X107.545 Y119.659 E649.43564
G0 F9000 X106.961 Y119.659
G1 F6000 X111.63 Y102.234 E649.73564
G0 F9000 X111.335 Y102.236
G1 F6000 X117.723 Y108.624 E649.88587
G0 F9000 X117.562 Y108.624
G0 X117.634 Y110.88
G0 X117.695 Y111.25
G0 X118.538 Y111.324
G0 X118.539 Y111.223
G1 F6000 X116.278 Y119.659 E650.03112
G0 F9000 X116.03 Y119.659
G1 F6000 X100.339 Y103.968 E650.40014
G0 F9000 X100.34 Y103.719
G1 F6000 X107.099 Y101.908 E650.51651
G0 F9000 X107 Y101.907
G0 X107.073 Y102.264
G0 X108.524 Y102.397
G0 X108.524 Y102.233
G1 F6000 X103.855 Y119.66 E650.81654
G0 F9000 X103.302 Y119.659
G1 F6000 X100.339 Y116.696 E650.88623
G0 F9000 X100.339 Y116.142
G1 F6000 X118.693 Y111.224 E651.20223
G0 F9000 X118.692 Y111.325
G0 X119.5 Y114.071
G0 X119.659 Y114.071
G1 F6000 X100.339 Y119.248 E651.53485
G0 F9000 X100.749 Y119.659
G1 F6000 X105.926 Y100.338 E651.8675
G0 F9000 X105.196 Y100.339
G1 F6000 X119.659 Y114.803 E652.20766
G0 F9000 X119.5 Y114.803
G0 X113.173 Y119.5
G0 X113.173 Y119.659
G1 F6000 X118.349 Y100.339 E652.54028
G0 F9000 X117.924 Y100.339
G1 F6000 X119.659 Y102.075 E652.5811
G0 F9000 X119.658 Y101.648
G1 F6000 X100.34 Y106.824 E652.91369
G0 F9000 X100.5 Y106.824
G0 X100.5 Y108.211
G0 X100.339 Y108.211
G1 F6000 X111.787 Y119.659 E653.18293
G0 F9000 X111.787 Y119.5
G0 X100.5 Y109.93
G0 X100.34 Y109.93
G1 F6000 X119.658 Y104.754 E653.51552
G0 F9000 X119.5 Y104.754
G0 X112.953 Y100.5
G0 X112.953 Y100.339
G1 F6000 X111.925 Y100.614 E653.53322
G0 F9000 X112.138 Y100.339
G1 F6000 X111.924 Y101.137 E653.54696
G0 F9000 X112.024 Y101.138
G0 X111.951 Y102.264
G0 X111.378 Y102.325
G0 X107.567 Y102.325
G0 X107.167 Y102.275
G0 X102.82 Y100.5
G0 X102.82 Y100.338
G1 F6000 X100.339 Y109.599 E653.7064
G0 F9000 X100.5 Y109.599
G0 X119.53 Y119.53
G0 X119.7 Y119.7
;TYPE:WALL-INNER
G1 F1500 X119.7 Y110.753 E653.85519
G1 X117.993 Y110.752 E653.88357
G1 X117.869 Y110.683 E653.88593
G1 X117.762 Y110.532 E653.88901
G1 X117.762 Y108.749 E653.91866
G1 X117.839 Y108.57 E653.9219
G1 X117.978 Y108.472 E653.92473
G1 X119.7 Y108.472 E653.95337
G1 X119.7 Y100.3 E654.08927
G1 X111.254 Y100.3 E654.22973
G1 X111.251 Y101.965 E654.25742
G1 X111.161 Y102.113 E654.2603
G1 X110.984 Y102.196 E654.26355
G1 X107.963 Y102.196 E654.31379
G1 X107.817 Y102.14 E654.31639
G1 X107.695 Y101.979 E654.31975
G1 X107.693 Y100.3 E654.34767
G1 X100.3 Y100.3 E654.47062
G1 X100.3 Y119.7 E654.79324
G1 X119.7 Y119.7 E655.11586
G0 F9000 X119.9 Y119.9
;TYPE:WALL-OUTER
G1 F1500 X119.9 Y110.553 E655.2713
G1 X118.03 Y110.548 E655.3024
G1 X117.963 Y110.49 E655.30388
G1 X117.968 Y108.736 E655.33304
G1 X118.033 Y108.672 E655.33456
G1 X119.9 Y108.672 E655.36561
G1 X119.9 Y100.1 E655.50816
G1 X111.054 Y100.1 E655.65527
G1 X111.047 Y101.927 E655.68566
G1 X110.971 Y101.996 E655.68736
G1 X107.984 Y101.997 E655.73704
G1 X107.901 Y101.933 E655.73878
G1 X107.893 Y100.1 E655.76926
G1 X100.1 Y100.1 E655.89886
G1 X100.1 Y119.9 E656.22814
G1 X119.9 Y119.9 E656.55741
G0 F9000 X119.9 Y119.7
G0 X119.53 Y119.53
G0 X117.623 Y111.18
G0 X117.765 Y111.18
;TYPE:SKIN
G1 F1239.7 X117.765 Y110.842 E656.56421
G1 X117.929 Y110.946 E656.56812
G1 F1250 X119.501 Y110.952 E656.59949
G1 F1260.5 X119.501 Y111.189 E656.60418
G1 F1250 X117.765 Y111.18 E656.63883
G0 F9000 X117.623 Y111.18
G0 X117.624 Y108.359
G0 X117.779 Y108.359
G1 F1119.4 X117.778 Y108.015 E656.64649
G1 F1145 X119.492 Y108.006 E656.68383
G1 F1167.3 X119.492 Y108.264 E656.68935
G1 F1158.3 X117.93 Y108.264 E656.72299
G1 F1132.1 X117.779 Y108.359 E656.72692
G0 F9000 X117.624 Y108.359
G0 X112.023 Y101.98
G0 X111.667 Y101.979
G1 F1107 X111.669 Y100.716 E656.75538
G0 F9000 X112.025 Y100.717
G0 X111.951 Y102.264
G0 X111.42 Y102.306
G0 X111.312 Y102.213
G1 F1500 X111.903 Y102.216 E656.76521
G1 X111.905 Y100.48 E656.79407
G1 X111.434 Y100.48 E656.80191
G1 X111.431 Y102.008 E656.82732
G1 X111.312 Y102.213 E656.83126
G0 F9000 X111.42 Y102.306
G0 X107.567 Y102.325
G0 X107.073 Y102.264
G0 X107 Y102.018
G0 X107.318 Y102.018
G1 F1538.5 X107.316 Y100.677 E656.853
G0 F9000 X106.998 Y100.677
G0 X107.073 Y102.264
G0 X107.525 Y102.306
G0 X107.652 Y102.215
G1 F1500 X107.515 Y102.006 E656.85716
G1 X107.513 Y100.48 E656.88254
G1 X107.118 Y100.48 E656.88911
G1 X107.121 Y102.215 E656.91796
G1 X107.652 Y102.215 E656.92679
G0 F9000 X107.454 Y102.436
;MESH:NONMESH
G0 F300 X107.454 Y102.436 Z9.3
G0 F9000 X100.5 Y100.76
G0 X100.339 Y100.76
;TIME_ELAPSED:1458.949228
;LAYER:45
;TYPE:FILL
;MESH:xyzCalibration_cube.stl
G1 F6000 X101.912 Y100.339 E656.95387
G0 F9000 X101.154 Y100.339
G1 F6000 X119.659 Y118.844 E657.38908
G0 F9000 X119.659 Y118.086
G1 F6000 X119.237 Y119.66 E657.41618
G0 F9000 X119.237 Y119.5
G0 X119.5 Y117.324
G0 X119.659 Y117.324
G1 F6000 X110.945 Y119.659 E657.56621
G0 F9000 X110.945 Y119.5
G0 X109.92 Y119.5
G0 X109.92 Y119.659
G1 F6000 X115.097 Y100.339 E657.89883
G0 F9000 X115.097 Y100.5
G0 X113.882 Y100.5
G0 X113.882 Y100.339
G1 F6000 X119.659 Y106.116 E658.0347
G0 F9000 X119.659 Y106.493
G1 F6000 X119.299 Y107.838 E658.05785
G0 F9000 X119.3 Y107.738
G0 X117.696 Y107.813
G0 X117.723 Y108.269
G0 X117.723 Y108.423
G1 F6000 X111.536 Y102.236 E658.20336
G1 X111.483 Y102.234
G1 X106.814 Y119.659 E658.50336
G0 F9000 X107.746 Y119.659
G1 F6000 X100.339 Y112.253 E658.67755
G0 F9000 X100.34 Y113.183
G1 F6000 X117.722 Y108.526 E658.97681
G0 F9000 X117.563 Y108.525
G0 X117.634 Y110.878
G0 X117.695 Y111.365
G0 X118.36 Y111.438
G0 X118.361 Y111.337
G1 F6000 X116.131 Y119.659 E659.12009
G0 F9000 X116.231 Y119.659
G1 F6000 X100.339 Y103.767 E659.49385
G1 X100.339 Y103.866
G1 X107.211 Y102.025 E659.61216
G0 F9000 X107.211 Y102.154
G1 F6000 X105.397 Y100.339 E659.65483
G0 F9000 X105.779 Y100.338
G1 F6000 X100.602 Y119.659 E659.98748
G0 F9000 X100.339 Y119.395
G1 F6000 X119.658 Y114.219 E660.32008
G0 F9000 X119.659 Y114.602
G1 F6000 X107.293 Y102.236 E660.61091
G0 F9000 X107.293 Y102.336
G0 X108.377 Y102.397
G0 X108.377 Y102.233
G1 F6000 X103.708 Y119.66 E660.91095
G0 F9000 X103.503 Y119.659
G1 F6000 X100.339 Y116.495 E660.98536
G0 F9000 X100.339 Y116.289
G1 F6000 X118.818 Y111.338 E661.3035
G0 F9000 X118.817 Y111.438
G0 X117.695 Y111.365
G0 X117.634 Y110.878
G0 X117.635 Y108.341
G0 X117.69 Y107.866
G0 X119.5 Y104.901
G0 X119.658 Y104.901
G1 F6000 X100.34 Y110.077 E661.6361
G0 F9000 X100.5 Y110.077
G0 X100.5 Y109.05
G0 X100.339 Y109.05
G1 F6000 X102.673 Y100.338 E661.78609
G0 F9000 X102.673 Y100.5
G0 X100.5 Y106.971
G0 X100.34 Y106.971
G1 F6000 X119.658 Y101.795 E662.11868
G1 X119.659 Y101.874
G1 X118.125 Y100.339 E662.15477
G1 X118.202 Y100.339
G1 X113.026 Y119.659 E662.48739
G0 F9000 X113.026 Y119.5
G0 X111.988 Y119.5
G0 X111.988 Y119.659
G1 F6000 X100.339 Y108.01 E662.76136
G0 F9000 X100.5 Y108.01
G0 X111.824 Y102.264
G0 X111.897 Y101.062
G0 X111.797 Y101.061
G1 F6000 X111.991 Y100.339 E662.77379
G0 F9000 X111.798 Y100.795
G1 F6000 X113.502 Y100.339 E662.80312
G0 F9000 X113.502 Y100.5
G0 X119.53 Y119.53
G0 X119.7 Y119.7
;TYPE:WALL-INNER
G1 F1500 X119.7 Y110.751 E662.95195
G1 X117.993 Y110.75 E662.98033
G1 X117.869 Y110.681 E662.98269
G1 X117.762 Y110.529 E662.98579
G1 X117.764 Y108.739 E663.01555
G1 X117.828 Y108.581 E663.01839
G1 X117.976 Y108.469 E663.02148
G1 X119.7 Y108.469 E663.05015
G1 X119.7 Y100.3 E663.186
G1 X111.127 Y100.3 E663.32857
G1 X111.125 Y101.898 E663.35514
G1 X111.087 Y102.045 E663.35767
G1 X110.88 Y102.198 E663.36195
G1 X108.075 Y102.196 E663.40859
G1 X107.93 Y102.141 E663.41117
G1 X107.806 Y101.98 E663.41455
G1 X107.804 Y100.3 E663.44249
G1 X100.3 Y100.3 E663.56728
G1 X100.3 Y119.7 E663.88991
G1 X119.7 Y119.7 E664.21253
G0 F9000 X119.9 Y119.9
;TYPE:WALL-OUTER
G1 F1500 X119.9 Y110.551 E664.368
G1 X118.03 Y110.546 E664.3991
G1 X117.963 Y110.488 E664.40058
G1 X117.963 Y108.759 E664.42933
G1 X118.008 Y108.669 E664.431
G1 X119.9 Y108.669 E664.46247
G1 X119.9 Y100.1 E664.60497
G1 X110.927 Y100.1 E664.75419
G1 X110.921 Y101.927 E664.78457
G1 X110.867 Y101.998 E664.78606
G1 X108.095 Y101.997 E664.83216
G1 X108.012 Y101.934 E664.83389
G1 X108.004 Y100.1 E664.86439
G1 X100.1 Y100.1 E664.99583
G1 X100.1 Y119.9 E665.32511
G1 X119.9 Y119.9 E665.65438
G0 F9000 X119.9 Y119.7
G0 X119.53 Y119.53
G0 X117.79 Y111.437
G0 X117.791 Y111.27
;TYPE:SKIN
G1 F1020.4 X117.791 Y110.888 E665.66372
G1 X117.955 Y110.977 E665.66828
G1 X119.473 Y110.978 E665.70539
G1 X119.473 Y111.272 E665.71258
G1 X117.791 Y111.27 E665.7537
G0 F9000 X117.79 Y111.437
G0 X117.634 Y110.878
G0 X117.635 Y108.341
G0 X117.696 Y107.813
G0 X117.966 Y107.74
G0 X117.966 Y108.082
G1 F1271.2 X119.305 Y108.074 E665.77998
G0 F9000 X119.305 Y107.738
G0 X117.696 Y107.813
G0 X117.654 Y108.299
G0 X117.745 Y108.42
G1 F1500 X117.895 Y108.32 E665.78297
G1 X118.05 Y108.29 E665.7856
G1 X119.52 Y108.289 E665.81005
G1 X119.52 Y107.859 E665.8172
G1 X117.744 Y107.861 E665.84673
G1 X117.745 Y108.42 E665.85603
G0 F9000 X117.654 Y108.299
G0 X111.536 Y102.336
G0 X111.536 Y101.976
G1 F1094.9 X111.543 Y100.716 E665.88473
G0 F9000 X111.898 Y100.717
G0 X111.824 Y102.264
G0 X111.295 Y102.306
G0 X111.179 Y102.216
G1 F1500 X111.776 Y102.216 E665.89466
G1 X111.778 Y100.481 E665.92352
G1 X111.308 Y100.481 E665.93133
G1 X111.305 Y101.915 E665.95518
G1 X111.179 Y102.216 E665.96061
G0 F9000 X111.295 Y102.306
G0 X107.429 Y102.336
G0 X107.429 Y102.019
G1 F1538.5 X107.427 Y100.677 E665.98237
G0 F9000 X107.109 Y100.677
G0 X107.184 Y102.264
G0 X107.636 Y102.306
G0 X107.762 Y102.215
G1 F1500 X107.626 Y102.008 E665.98648
G1 X107.624 Y100.48 E666.0119
G1 X107.229 Y100.48 E666.01846
G1 X107.232 Y102.216 E666.04733
G1 X107.762 Y102.215 E666.05615
G0 F9000 X107.565 Y102.436
;MESH:NONMESH
G0 F300 X107.565 Y102.436 Z9.5
G0 F9000 X100.5 Y100.906
G0 X100.34 Y100.906
;TIME_ELAPSED:1480.169784
;LAYER:46
;TYPE:FILL
;MESH:xyzCalibration_cube.stl
G1 F6000 X102.451 Y100.34 E666.09249
G1 X102.527 Y100.339
G1 X100.34 Y108.501 E666.23302
G0 F9000 X100.34 Y107.811
G1 F6000 X112.187 Y119.658 E666.51164
G0 F9000 X112.88 Y119.659
G1 F6000 X118.057 Y100.338 E666.84428
G0 F9000 X118.324 Y100.339
G1 F6000 X119.659 Y101.674 E666.87568
G0 F9000 X119.658 Y101.941
G1 F6000 X100.34 Y107.118 E667.20828
G0 F9000 X100.5 Y107.118
G0 X100.5 Y110.223
G0 X100.34 Y110.223
G1 F6000 X119.658 Y105.047 E667.54087
G0 F9000 X119.659 Y105.917
G1 F6000 X114.081 Y100.339 E667.67205
G1 X114.044 Y100.34
G1 X111.671 Y100.975 E667.71291
G1 X111.671 Y100.987
G1 X111.845 Y100.338 E667.72408
G0 F9000 X111.845 Y100.5
G0 X111.77 Y102.17
G0 X111.669 Y102.169
G1 F6000 X117.723 Y108.224 E667.86647
G0 F9000 X117.722 Y108.672
G1 F6000 X100.34 Y113.329 E668.16573
G0 F9000 X100.5 Y113.329
G0 X100.5 Y112.054
G0 X100.34 Y112.054
G1 F6000 X107.944 Y119.658 E668.34457
G0 F9000 X107.944 Y119.5
G0 X106.668 Y119.5
G0 X106.668 Y119.659
G1 F6000 X111.337 Y102.234 E668.64457
G0 F9000 X111.337 Y102.336
G0 X108.231 Y102.397
G0 X108.231 Y102.233
G1 F6000 X103.562 Y119.659 E668.94458
G0 F9000 X103.701 Y119.658
G1 F6000 X100.34 Y116.297 E669.02363
G0 F9000 X100.34 Y116.435
G1 F6000 X118.937 Y111.452 E669.34381
G0 F9000 X118.185 Y111.449
G1 F6000 X115.985 Y119.659 E669.48516
G0 F9000 X116.43 Y119.658
G1 F6000 X100.34 Y103.569 E669.86356
G0 F9000 X100.34 Y104.012
G1 F6000 X107.322 Y102.141 E669.98377
G1 X107.322 Y102.065
G1 X105.597 Y100.34 E670.02434
G1 X105.633 Y100.338
G1 X100.457 Y119.658 E670.35696
G0 F9000 X100.34 Y119.541
G1 F6000 X119.659 Y114.364 E670.68957
G1 X119.659 Y114.402
G1 X107.492 Y102.236 E670.97571
G0 F9000 X107.492 Y102.336
G0 X101.354 Y100.5
G0 X101.354 Y100.34
G1 F6000 X119.659 Y118.645 E671.40621
G0 F9000 X119.5 Y118.645
G0 X119.5 Y117.542
G0 X119.659 Y117.542
G1 F6000 X119.091 Y119.659 E671.44267
G0 F9000 X119.091 Y119.5
G0 X119.5 Y117.47
G0 X119.658 Y117.47
G1 F6000 X111.492 Y119.659 E671.58326
G0 F9000 X111.492 Y119.5
G0 X109.774 Y119.5
G0 X109.774 Y119.658
G1 F6000 X114.951 Y100.338 E671.91589
G0 F9000 X114.951 Y100.5
G0 X119.5 Y105.949
G0 X119.659 Y105.949
G1 F6000 X119.185 Y107.719 E671.94636
G0 F9000 X119.186 Y107.619
G0 X117.697 Y107.694
G0 X117.635 Y108.231
G0 X117.634 Y110.971
G0 X117.669 Y111.258
G0 X119.53 Y119.53
G0 X119.7 Y119.7
;TYPE:WALL-INNER
G1 F1500 X119.7 Y110.848 E672.09357
G1 X117.994 Y110.844 E672.12194
G1 X117.87 Y110.776 E672.12429
G1 X117.762 Y110.598 E672.12776
G1 X117.764 Y108.629 E672.1605
G1 X117.825 Y108.476 E672.16324
G1 X117.976 Y108.359 E672.16642
G1 X119.7 Y108.357 E672.19509
G1 X119.7 Y100.3 E672.32908
G1 X111.001 Y100.3 E672.47374
G1 X110.998 Y101.961 E672.50136
G1 X110.862 Y102.149 E672.50522
G1 X110.698 Y102.198 E672.50807
G1 X108.186 Y102.196 E672.54984
G1 X108.042 Y102.142 E672.5524
G1 X107.917 Y101.983 E672.55576
G1 X107.915 Y100.3 E672.58375
G1 X100.301 Y100.301 E672.71037
G1 X100.301 Y119.699 E673.03296
G1 X119.7 Y119.7 E673.35557
G0 F9000 X119.9 Y119.9
;TYPE:WALL-OUTER
G1 F1500 X119.9 Y110.648 E673.50943
G1 X118.031 Y110.64 E673.54051
G1 X117.964 Y110.568 E673.54215
G1 X117.963 Y108.621 E673.57453
G1 X118.032 Y108.559 E673.57607
G1 X119.9 Y108.557 E673.60714
G1 X119.9 Y100.1 E673.74778
G1 X110.801 Y100.1 E673.89909
G1 X110.794 Y101.927 E673.92948
G1 X110.717 Y101.996 E673.9312
G1 X108.18 Y101.997 E673.97339
G1 X108.123 Y101.934 E673.9748
G1 X108.115 Y100.1 E674.0053
G1 X100.101 Y100.101 E674.13857
G1 X100.101 Y119.899 E674.46781
G1 X119.9 Y119.9 E674.79707
G0 F9000 X119.9 Y119.7
G0 X119.53 Y119.53
G0 X119.315 Y111.554
G0 X119.316 Y111.232
;TYPE:SKIN
G1 F1456.3 X117.945 Y111.226 E674.82056
G0 F9000 X117.743 Y111.428
G1 F1500 X119.52 Y111.435 E674.85011
G1 X119.52 Y111.028 E674.85688
G1 X117.963 Y111.024 E674.88277
G1 X117.743 Y110.896 E674.887
G1 X117.743 Y111.428 E674.89585
G0 F9000 X117.623 Y111.428
G0 X117.635 Y108.231
G0 X117.697 Y107.694
G0 X117.97 Y107.621
G0 X117.97 Y107.967
G1 F1229.5 X119.301 Y107.958 E674.92286
G0 F9000 X119.301 Y107.619
G0 X117.697 Y107.694
G0 X117.654 Y108.189
G0 X117.745 Y108.315
G1 F1500 X117.899 Y108.209 E674.92596
G1 X118.048 Y108.18 E674.92849
G1 X119.52 Y108.177 E674.95297
G1 X119.52 Y107.739 E674.96025
G1 X117.745 Y107.742 E674.98977
G1 X117.745 Y108.315 E674.9993
G0 F9000 X117.654 Y108.189
G0 X111.41 Y102.336
G0 X111.41 Y101.976
G1 F1090.9 X111.416 Y100.716 E675.02811
G0 F9000 X111.772 Y100.717
G0 X111.698 Y102.264
G0 X111.167 Y102.306
G0 X111.052 Y102.216
G1 F1500 X111.65 Y102.215 E675.03806
G1 X111.652 Y100.48 E675.06691
G1 X111.181 Y100.48 E675.07474
G1 X111.178 Y101.915 E675.09861
G1 X111.052 Y102.216 E675.10403
G0 F9000 X111.167 Y102.306
G0 X107.789 Y102.325
G0 X107.295 Y102.264
G0 X107.222 Y102.018
G0 X107.54 Y102.018
G1 F1538.5 X107.538 Y100.677 E675.12578
G0 F9000 X107.22 Y100.677
G0 X107.295 Y102.264
G0 X107.747 Y102.306
G0 X107.876 Y102.215
G1 F1500 X107.737 Y102.01 E675.1299
G1 X107.735 Y100.48 E675.15534
G1 X107.34 Y100.48 E675.16191
G1 X107.343 Y102.216 E675.19078
G1 X107.876 Y102.215 E675.19964
G0 F9000 X107.676 Y102.436
;MESH:NONMESH
G0 F300 X107.676 Y102.436 Z9.7
G0 F9000 X100.5 Y101.052
G0 X100.34 Y101.052
;TIME_ELAPSED:1500.999946
;LAYER:47
;TYPE:FILL
;MESH:xyzCalibration_cube.stl
G1 F6000 X102.996 Y100.34 E675.24537
G0 F9000 X102.381 Y100.339
G1 F6000 X100.34 Y107.956 E675.37651
G0 F9000 X100.34 Y107.612
G1 F6000 X112.386 Y119.658 E675.65981
G0 F9000 X112.734 Y119.659
G1 F6000 X117.911 Y100.338 E675.99246
G0 F9000 X118.524 Y100.34
G1 F6000 X119.659 Y101.475 E676.01915
G0 F9000 X119.658 Y102.087
G1 F6000 X100.34 Y107.263 E676.35174
G0 F9000 X100.5 Y107.263
G0 X100.5 Y110.369
G0 X100.34 Y110.369
G1 F6000 X119.659 Y105.193 E676.68435
G0 F9000 X119.659 Y105.404
G1 F6000 X119.071 Y107.6 E676.72216
G0 F9000 X119.071 Y107.499
G0 X117.697 Y107.574
G0 X117.625 Y108.026
G0 X117.724 Y108.026
G1 F6000 X111.542 Y101.843 E676.86756
G0 F9000 X111.191 Y102.235
G1 F6000 X106.522 Y119.659 E677.16755
G0 F9000 X106.522 Y119.5
G0 X108.143 Y119.5
G0 X108.143 Y119.658
G1 F6000 X100.34 Y111.855 E677.35106
G0 F9000 X100.5 Y111.855
G0 X100.5 Y113.475
G0 X100.34 Y113.475
G1 F6000 X117.722 Y108.818 E677.65032
G0 F9000 X117.563 Y108.817
G0 X117.634 Y111.085
G0 X117.696 Y111.59
G0 X118.008 Y111.662
G0 X118.009 Y111.561
G1 F6000 X115.839 Y119.659 E677.78974
G0 F9000 X116.629 Y119.658
G1 F6000 X100.34 Y103.369 E678.17283
G0 F9000 X100.341 Y104.157
G1 F6000 X107.515 Y102.235 E678.29634
G0 F9000 X107.693 Y102.237
G1 F6000 X119.659 Y114.203 E678.57777
G0 F9000 X119.658 Y114.51
G1 F6000 X100.447 Y119.658 E678.90852
G0 F9000 X100.34 Y119.549
G1 F6000 X105.487 Y100.339 E679.23925
G0 F9000 X105.796 Y100.34
G1 F6000 X107.433 Y101.977 E679.27775
G0 F9000 X108.085 Y102.236
G1 F6000 X103.416 Y119.658 E679.5777
G0 F9000 X103.9 Y119.658
G1 F6000 X100.34 Y116.097 E679.66144
G0 F9000 X100.34 Y116.581
G1 F6000 X119.06 Y111.565 E679.98374
G0 F9000 X119.059 Y111.666
G0 X119.5 Y116.997
G0 X119.659 Y116.997
G1 F6000 X118.945 Y119.659 E680.02957
G0 F9000 X118.945 Y119.5
G0 X119.5 Y118.446
G0 X119.659 Y118.446
G1 F6000 X101.553 Y100.34 E680.4554
G0 F9000 X101.553 Y100.5
G0 X107.516 Y102.265
G0 X107.9 Y102.325
G0 X111 Y102.325
G0 X111.571 Y102.264
G0 X111.645 Y100.915
G0 X111.545 Y100.914
G1 F6000 X111.699 Y100.338 E680.46531
G0 F9000 X111.544 Y101.155
G1 F6000 X114.59 Y100.339 E680.51775
G0 F9000 X114.805 Y100.338
G1 F6000 X109.628 Y119.659 E680.8504
G0 F9000 X109.628 Y119.5
G0 X112.036 Y119.5
G0 X112.036 Y119.659
G1 F6000 X119.658 Y117.616 E680.98163
G0 F9000 X119.5 Y117.616
G0 X117.695 Y111.479
G0 X117.634 Y111.085
G0 X117.635 Y108.111
G0 X117.691 Y107.628
G0 X119.5 Y105.718
G0 X119.659 Y105.718
G1 F6000 X114.281 Y100.34 E681.10811
G0 F9000 X114.281 Y100.5
G0 X119.53 Y119.53
G0 X119.7 Y119.7
;TYPE:WALL-INNER
G1 F1500 X119.7 Y110.961 E681.25344
G1 X118.061 Y110.958 E681.28069
G1 X117.839 Y110.86 E681.28473
G1 X117.762 Y110.708 E681.28756
G1 X117.764 Y108.51 E681.32412
G1 X117.849 Y108.327 E681.32747
G1 X117.982 Y108.239 E681.33012
G1 X119.7 Y108.237 E681.3587
G1 X119.7 Y100.3 E681.49069
G1 X110.874 Y100.3 E681.63746
G1 X110.872 Y101.898 E681.66404
G1 X110.834 Y102.045 E681.66656
G1 X110.641 Y102.198 E681.67066
G1 X108.297 Y102.196 E681.70964
G1 X108.154 Y102.143 E681.71218
G1 X108.028 Y101.984 E681.71555
G1 X108.026 Y100.3 E681.74356
G1 X100.301 Y100.301 E681.87202
G1 X100.301 Y119.699 E682.19461
G1 X119.7 Y119.7 E682.51722
G0 F9000 X119.9 Y119.9
;TYPE:WALL-OUTER
G1 F1500 X119.9 Y110.761 E682.6692
G1 X118.031 Y110.754 E682.70028
G1 X117.964 Y110.681 E682.70193
G1 X117.963 Y108.529 E682.73772
G1 X118.036 Y108.439 E682.73965
G1 X119.9 Y108.437 E682.77065
G1 X119.9 Y100.1 E682.90929
G1 X110.674 Y100.1 E683.06272
G1 X110.668 Y101.927 E683.0931
G1 X110.585 Y101.997 E683.09491
G1 X108.291 Y101.997 E683.13306
G1 X108.228 Y101.927 E683.13462
G1 X108.226 Y100.1 E683.16501
G1 X100.101 Y100.101 E683.30013
G1 X100.101 Y119.899 E683.62937
G1 X119.9 Y119.9 E683.95863
G0 F9000 X119.9 Y119.7
G0 X119.53 Y119.53
G0 X119.315 Y111.667
G0 X119.316 Y111.345
;TYPE:SKIN
G1 F1463.4 X117.946 Y111.339 E683.98198
G0 F9000 X117.745 Y111.541
G1 F1500 X119.52 Y111.548 E684.0115
G1 X119.52 Y111.141 E684.01827
G1 X117.969 Y111.138 E684.04406
G1 X117.744 Y111.013 E684.04834
G1 X117.745 Y111.541 E684.05712
G0 F9000 X117.624 Y111.541
G0 X117.635 Y108.111
G0 X117.697 Y107.574
G0 X117.964 Y107.501
G0 X117.964 Y107.84
G1 F1260.5 X119.301 Y107.838 E684.08358
G0 F9000 X119.301 Y107.499
G0 X117.697 Y107.574
G0 X117.655 Y108.069
G0 X117.745 Y108.195
G1 F1500 X117.957 Y108.059 E684.08777
G1 X119.52 Y108.057 E684.11376
G1 X119.52 Y107.619 E684.12105
G1 X117.745 Y107.622 E684.15056
G1 X117.745 Y108.195 E684.16009
G0 F9000 X117.655 Y108.069
G0 X111.288 Y102.337
G0 X111.288 Y101.982
G1 F1115.2 X111.29 Y100.716 E684.18841
G0 F9000 X111.645 Y100.717
G0 X111.571 Y102.264
G0 X111.042 Y102.307
G0 X110.904 Y102.217
G1 F1500 X111.523 Y102.216 E684.1987
G1 X111.525 Y100.481 E684.22756
G1 X111.055 Y100.481 E684.23537
G1 X111.053 Y101.979 E684.26029
G1 X110.904 Y102.217 E684.26496
G0 F9000 X111.042 Y102.307
G0 X107.9 Y102.325
G0 X107.406 Y102.264
G0 X107.333 Y102.019
G0 X107.651 Y102.019
G1 F1538.5 X107.649 Y100.677 E684.28672
G0 F9000 X107.331 Y100.677
G0 X107.406 Y102.264
G0 X107.858 Y102.307
G0 X107.989 Y102.217
G1 F1500 X107.848 Y102.01 E684.29088
G1 X107.846 Y100.48 E684.31632
G1 X107.451 Y100.48 E684.32289
G1 X107.454 Y102.216 E684.35176
G1 X107.989 Y102.217 E684.36066
G0 F9000 X107.787 Y102.437
;MESH:NONMESH
G0 F300 X107.787 Y102.437 Z9.9
G0 F9000 X100.5 Y101.199
G0 X100.34 Y101.199
;TIME_ELAPSED:1522.427835
;LAYER:48
;TYPE:FILL
;MESH:xyzCalibration_cube.stl
G1 F6000 X103.546 Y100.34 E684.41586
G0 F9000 X103.546 Y100.5
G0 X102.234 Y100.5
G0 X102.234 Y100.339
G1 F6000 X100.34 Y107.407 E684.53755
G1 X100.339 Y107.41
G1 X112.588 Y119.659 E684.82562
G1 X112.587 Y119.659
G1 X117.764 Y100.338 E685.15827
G0 F9000 X118.724 Y100.339
G1 F6000 X119.659 Y101.274 E685.18026
G0 F9000 X119.658 Y102.234
G1 F6000 X100.34 Y107.411 E685.51285
G0 F9000 X100.5 Y107.411
G0 X100.5 Y110.516
G0 X100.339 Y110.516
G1 F6000 X119.658 Y105.34 E685.84546
G0 F9000 X119.659 Y105.517
G1 F6000 X114.482 Y100.339 E685.96723
G0 F9000 X114.658 Y100.338
G1 F6000 X109.481 Y119.66 E686.29989
G0 F9000 X109.481 Y119.5
G0 X108.345 Y119.5
G0 X108.345 Y119.659
G1 F6000 X100.339 Y111.653 E686.48818
G0 F9000 X100.5 Y111.653
G0 X100.5 Y113.622
G0 X100.339 Y113.622
G1 F6000 X117.728 Y108.963 E686.78756
G0 F9000 X117.564 Y108.962
G0 X117.625 Y107.824
G0 X117.724 Y107.824
G1 F6000 X111.417 Y101.517 E686.93589
G0 F9000 X111.418 Y101.336
G1 F6000 X115.14 Y100.339 E686.99997
G0 F9000 X115.14 Y100.5
G0 X111.552 Y100.5
G0 X111.552 Y100.338
G1 F6000 X111.419 Y100.836 E687.00854
G0 F9000 X111.519 Y100.837
G0 X111.445 Y102.265
G0 X111.044 Y102.337
G0 X111.044 Y102.235
G1 F6000 X106.375 Y119.659 E687.30852
G0 F9000 X106.375 Y119.5
G0 X104.103 Y119.5
G0 X104.103 Y119.659
G1 F6000 X100.339 Y115.896 E687.39703
G0 F9000 X100.339 Y116.728
G1 F6000 X119.186 Y111.678 E687.72152
G0 F9000 X119.185 Y111.779
G0 X117.831 Y111.777
G0 X117.832 Y111.676
G1 F6000 X115.692 Y119.659 E687.85896
G0 F9000 X115.692 Y119.5
G0 X116.831 Y119.5
G0 X116.831 Y119.659
G1 F6000 X100.339 Y103.168 E688.24682
G0 F9000 X100.5 Y103.168
G0 X100.5 Y104.305
G0 X100.34 Y104.305
G1 F6000 X108.058 Y102.236 E688.3797
G0 F9000 X107.938 Y102.236
G1 F6000 X103.269 Y119.659 E688.67967
G0 F9000 X103.269 Y119.5
G0 X100.991 Y119.5
G0 X100.991 Y119.659
G1 F6000 X119.658 Y114.657 E689.00105
G0 F9000 X119.659 Y114.002
G1 F6000 X107.893 Y102.237 E689.27776
G0 F9000 X107.544 Y101.887
G1 F6000 X105.997 Y100.34 E689.31414
G0 F9000 X105.34 Y100.339
G1 F6000 X100.34 Y119.001 E689.63544
G0 F9000 X100.5 Y119.001
G0 X112.583 Y119.5
G0 X112.583 Y119.659
G1 F6000 X119.658 Y117.763 E689.75725
G0 F9000 X119.659 Y118.245
G1 F6000 X101.754 Y100.34 E690.17835
G0 F9000 X101.754 Y100.5
G0 X107.517 Y102.265
G0 X119.5 Y104.856
G0 X119.659 Y104.856
G1 F6000 X118.956 Y107.48 E690.22352
G0 F9000 X118.957 Y107.381
G0 X117.698 Y107.455
G0 X117.636 Y107.991
G0 X117.634 Y111.198
G0 X117.684 Y111.608
G0 X119.5 Y116.448
G0 X119.659 Y116.448
G1 F6000 X118.798 Y119.659 E690.27881
G0 F9000 X119.7 Y119.7
;TYPE:WALL-INNER
G1 F1500 X119.7 Y111.075 E690.42224
G1 X117.991 Y111.071 E690.45066
G1 X117.84 Y110.974 E690.45365
G1 X117.764 Y110.807 E690.4567
G1 X117.765 Y108.391 E690.49688
G1 X117.819 Y108.244 E690.49948
G1 X117.98 Y108.119 E690.50287
G1 X119.7 Y108.118 E690.53148
G1 X119.7 Y100.3 E690.66149
G1 X110.748 Y100.3 E690.81036
G1 X110.745 Y101.898 E690.83694
G1 X110.656 Y102.112 E690.84079
G1 X110.492 Y102.194 E690.84384
G1 X108.408 Y102.196 E690.8785
G1 X108.23 Y102.114 E690.88176
G1 X108.139 Y101.978 E690.88448
G1 X108.137 Y100.3 E690.91238
G1 X100.301 Y100.301 E691.0427
G1 X100.3 Y119.7 E691.3653
G1 X119.7 Y119.7 E691.68793
G0 F9000 X119.9 Y119.9
;TYPE:WALL-OUTER
G1 F1500 X119.9 Y110.875 E691.83801
G1 X118.031 Y110.867 E691.8691
G1 X117.962 Y110.783 E691.8709
G1 X117.965 Y108.399 E691.91055
G1 X118.036 Y108.319 E691.91233
G1 X119.9 Y108.318 E691.94333
G1 X119.9 Y100.1 E692.07999
G1 X110.548 Y100.1 E692.23552
G1 X110.541 Y101.927 E692.2659
G1 X110.461 Y101.996 E692.26766
G1 X108.428 Y101.997 E692.30147
G1 X108.339 Y101.924 E692.30338
G1 X108.337 Y100.1 E692.33371
G1 X100.101 Y100.101 E692.47068
G1 X100.1 Y119.9 E692.79994
G1 X119.9 Y119.9 E693.12921
G0 F9000 X119.9 Y119.7
G0 X119.53 Y119.53
G0 X119.316 Y111.779
G0 X119.317 Y111.457
;TYPE:SKIN
G1 F1408.5 X117.956 Y111.446 E693.15332
G0 F9000 X117.744 Y111.657
G1 F1500 X119.52 Y111.66 E693.18285
G1 X119.52 Y111.255 E693.18959
G1 X118.037 Y111.249 E693.21425
G1 X117.848 Y111.2 E693.2175
G1 X117.744 Y111.126 E693.21962
G1 X117.744 Y111.657 E693.22845
G0 F9000 X117.624 Y111.657
G0 X117.636 Y107.991
G0 X117.698 Y107.455
G0 X117.965 Y107.382
G0 X117.965 Y107.722
G1 F1271.2 X119.301 Y107.719 E693.25467
G0 F9000 X119.301 Y107.38
G0 X117.698 Y107.455
G0 X117.655 Y107.949
G0 X117.746 Y108.066
G1 F1500 X117.963 Y107.939 E693.25885
G1 X119.52 Y107.938 E693.28474
G1 X119.52 Y107.5 E693.29203
G1 X117.746 Y107.504 E693.32153
G1 X117.746 Y108.066 E693.33087
G0 F9000 X117.655 Y107.949
G0 X111.161 Y102.337
G0 X111.161 Y101.981
G1 F1107 X111.163 Y100.716 E693.35938
G0 F9000 X111.519 Y100.717
G0 X111.445 Y102.265
G0 X110.914 Y102.307
G0 X110.796 Y102.217
G1 F1500 X111.397 Y102.217 E693.36937
G1 X111.399 Y100.48 E693.39826
G1 X110.928 Y100.48 E693.40609
G1 X110.925 Y101.981 E693.43106
G1 X110.796 Y102.217 E693.43553
G0 F9000 X110.914 Y102.307
G0 X107.762 Y102.337
G0 X107.762 Y102.02
G1 F1538.5 X107.76 Y100.677 E693.4573
G0 F9000 X107.442 Y100.677
G0 X107.517 Y102.265
G0 X107.969 Y102.307
G0 X108.1 Y102.217
G1 F1500 X107.959 Y102.012 E693.46144
G1 X107.957 Y100.48 E693.48692
G1 X107.562 Y100.48 E693.49349
G1 X107.565 Y102.217 E693.52237
G1 X108.1 Y102.217 E693.53127
G0 F9000 X107.898 Y102.437
;MESH:NONMESH
G0 F300 X107.898 Y102.437 Z10.1
G0 F9000 X100.5 Y101.345
G0 X100.341 Y101.345
;TIME_ELAPSED:1543.982628
;LAYER:49
;TYPE:FILL
;MESH:xyzCalibration_cube.stl
G1 F6000 X104.091 Y100.34 E693.59584
G0 F9000 X104.091 Y100.5
G0 X105.194 Y100.5
G0 X105.194 Y100.339
G1 F6000 X100.34 Y118.456 E693.90775
G0 F9000 X100.5 Y118.456
G0 X100.5 Y116.874
G0 X100.34 Y116.874
G1 F6000 X119.304 Y111.793 E694.23424
G0 F9000 X119.303 Y111.894
G0 X117.696 Y111.817
G0 X117.624 Y111.537
G0 X117.723 Y111.537
G1 F6000 X115.546 Y119.66 E694.3741
G0 F9000 X115.546 Y119.5
G0 X117.029 Y119.5
G0 X117.029 Y119.658
G1 F6000 X100.34 Y102.969 E694.7666
G0 F9000 X100.5 Y102.969
G0 X100.5 Y104.45
G0 X100.34 Y104.45
G1 F6000 X108.609 Y102.235 E694.90896
G0 F9000 X108.095 Y102.239
G1 F6000 X119.659 Y113.803 E695.18093
G0 F9000 X119.5 Y113.803
G0 X119.5 Y114.803
G0 X119.658 Y114.803
G1 F6000 X101.54 Y119.658 E695.49286
G0 F9000 X101.54 Y119.5
G0 X103.123 Y119.5
G0 X103.123 Y119.658
G1 F6000 X107.791 Y102.238 E695.79278
G0 F9000 X107.654 Y101.798
G1 F6000 X106.196 Y100.34 E695.82707
G0 F9000 X106.196 Y100.5
G0 X102.088 Y100.5
G0 X102.088 Y100.339
G1 F6000 X100.341 Y106.862 E695.93937
G0 F9000 X100.34 Y107.212
G1 F6000 X112.787 Y119.658 E696.23209
G0 F9000 X113.129 Y119.659
G1 F6000 X119.658 Y117.909 E696.3445
G0 F9000 X119.659 Y118.045
G1 F6000 X101.954 Y100.34 E696.7609
G0 F9000 X101.954 Y100.5
G0 X100.5 Y107.556
G0 X100.34 Y107.556
G1 F6000 X119.658 Y102.38 E697.09349
G0 F9000 X119.5 Y102.38
G0 X119.5 Y101.075
G0 X119.659 Y101.075
G1 F6000 X118.924 Y100.34 E697.11077
G0 F9000 X118.924 Y100.5
G0 X117.618 Y100.5
G0 X117.618 Y100.338
G1 F6000 X112.441 Y119.659 E697.44342
G0 F9000 X112.441 Y119.5
G0 X109.335 Y119.5
G0 X109.335 Y119.659
G1 F6000 X114.512 Y100.338 E697.77606
G0 F9000 X114.682 Y100.34
G1 F6000 X119.659 Y105.317 E697.89311
G0 F9000 X119.658 Y105.486
G1 F6000 X100.34 Y110.662 E698.2257
G0 F9000 X100.34 Y111.454
G1 F6000 X108.543 Y119.658 E698.41864
G0 F9000 X108.543 Y119.5
G0 X106.229 Y119.5
G0 X106.229 Y119.659
G1 F6000 X110.897 Y102.237 E698.71859
G0 F9000 X111.291 Y101.516
G1 F6000 X115.684 Y100.339 E698.79422
G0 F9000 X115.684 Y100.5
G0 X111.406 Y100.5
G0 X111.406 Y100.339
G1 F6000 X111.291 Y100.766 E698.80157
G0 F9000 X111.29 Y101.191
G1 F6000 X117.725 Y107.626 E698.95291
G0 F9000 X117.626 Y107.626
G0 X117.691 Y107.364
G0 X118.843 Y107.261
G0 X118.842 Y107.36
G1 F6000 X119.659 Y104.311 E699.00541
G0 F9000 X119.5 Y104.311
G0 X117.698 Y107.335
G0 X117.564 Y109.109
G0 X117.723 Y109.11
G1 F6000 X100.34 Y113.768 E699.30469
G0 F9000 X100.5 Y113.768
G0 X100.5 Y115.697
G0 X100.34 Y115.697
G1 F6000 X104.301 Y119.658 E699.39784
G0 F9000 X104.301 Y119.5
G0 X118.652 Y119.5
G0 X118.652 Y119.659
G1 F6000 X119.659 Y115.903 E699.46251
G0 F9000 X119.5 Y115.903
G0 X119.53 Y119.53
G0 X119.7 Y119.7
;TYPE:WALL-INNER
G1 F1500 X119.7 Y111.188 E699.60407
G1 X118.062 Y111.184 E699.63131
G1 X117.915 Y111.146 E699.63383
G1 X117.793 Y111.017 E699.63679
G1 X117.764 Y110.916 E699.63853
G1 X117.769 Y108.242 E699.683
G1 X117.836 Y108.104 E699.68555
G1 X117.982 Y108 E699.68853
G1 X119.7 Y107.998 E699.7171
G1 X119.7 Y100.3 E699.84512
G1 X110.621 Y100.3 E699.99611
G1 X110.619 Y101.898 E700.02268
G1 X110.581 Y102.045 E700.02521
G1 X110.495 Y102.141 E700.02735
G1 X110.347 Y102.196 E700.02998
G1 X108.52 Y102.196 E700.06036
G1 X108.379 Y102.144 E700.06286
G1 X108.25 Y101.985 E700.06626
G1 X108.249 Y100.3 E700.09429
G1 X100.301 Y100.301 E700.22646
G1 X100.301 Y119.699 E700.54905
G1 X119.7 Y119.7 E700.87166
G0 F9000 X119.9 Y119.9
;TYPE:WALL-OUTER
G1 F1500 X119.9 Y110.988 E701.01986
G1 X118.033 Y110.98 E701.05091
G1 X117.963 Y110.883 E701.0529
G1 X117.965 Y108.28 E701.09619
G1 X118.027 Y108.206 E701.0978
G1 X119.9 Y108.198 E701.12894
G1 X119.9 Y100.1 E701.26361
G1 X110.421 Y100.1 E701.42125
G1 X110.415 Y101.927 E701.45163
G1 X110.347 Y101.994 E701.45322
G1 X108.54 Y101.997 E701.48327
G1 X108.45 Y101.927 E701.48517
G1 X108.449 Y100.1 E701.51555
G1 X100.101 Y100.101 E701.65438
G1 X100.101 Y119.899 E701.98362
G1 X119.9 Y119.9 E702.31288
G0 F9000 X119.9 Y119.7
G0 X119.53 Y119.53
G0 X119.314 Y111.894
G0 X119.315 Y111.571
;TYPE:SKIN
G1 F1395.3 X117.955 Y111.557 E702.3372
G0 F9000 X117.745 Y111.768
G1 F1500 X119.52 Y111.775 E702.36671
G1 X119.52 Y111.368 E702.37348
G1 X118.039 Y111.361 E702.39811
G1 X117.847 Y111.312 E702.40141
G1 X117.745 Y111.24 E702.40348
G1 X117.745 Y111.768 E702.41226
G0 F9000 X117.624 Y111.768
G0 X117.636 Y107.872
G0 X117.698 Y107.335
G0 X117.965 Y107.262
G0 X117.965 Y107.601
G1 F1260.5 X119.301 Y107.599 E702.4387
G0 F9000 X119.301 Y107.26
G0 X117.698 Y107.335
G0 X117.656 Y107.83
G0 X117.746 Y107.96
G1 F1500 X117.959 Y107.82 E702.44294
G1 X119.52 Y107.818 E702.4689
G1 X119.52 Y107.38 E702.47619
G1 X117.746 Y107.383 E702.50569
G1 X117.746 Y107.96 E702.51528
G0 F9000 X117.656 Y107.83
G0 X111.035 Y102.338
G0 X111.035 Y101.983
G1 F1115.2 X111.037 Y100.716 E702.54362
G0 F9000 X111.392 Y100.717
G0 X111.301 Y102.266
G0 X110.789 Y102.308
G0 X110.647 Y102.218
G1 F1500 X111.27 Y102.217 E702.55398
G1 X111.272 Y100.481 E702.58285
G1 X110.802 Y100.481 E702.59067
G1 X110.8 Y101.983 E702.61565
G1 X110.647 Y102.218 E702.62031
G0 F9000 X110.789 Y102.308
G0 X108.122 Y102.325
G0 X107.628 Y102.265
G0 X107.555 Y102.011
G0 X107.883 Y102.011
G1 F1463.4 X107.874 Y101.946 E702.62143
G1 F1515.2 X107.871 Y100.678 E702.64231
G0 F9000 X107.553 Y100.678
G0 X107.628 Y102.265
G0 X108.08 Y102.309
G0 X108.222 Y102.218
G1 F1500 X108.102 Y102.067 E702.64551
G1 X108.071 Y101.912 E702.64814
G1 X108.069 Y100.48 E702.67196
G1 X107.673 Y100.48 E702.67854
G1 X107.677 Y102.217 E702.70743
G1 X108.222 Y102.218 E702.71649
G0 F9000 X108.009 Y102.439
;MESH:NONMESH
G0 F300 X108.009 Y102.439 Z10.3
G0 F9000 X100.5 Y101.492
G0 X100.34 Y101.492
;TIME_ELAPSED:1565.778259
;LAYER:50
;TYPE:FILL
;MESH:xyzCalibration_cube.stl
G1 F6000 X104.644 Y100.339 E702.79059
G0 F9000 X105.047 Y100.338
G1 F6000 X100.34 Y117.907 E703.09307
G0 F9000 X100.34 Y117.021
G1 F6000 X119.427 Y111.907 E703.42168
G0 F9000 X119.426 Y112.007
G0 X117.96 Y112.002
G0 X117.96 Y111.903
G1 F6000 X119.659 Y113.602 E703.46164
G0 F9000 X119.5 Y113.602
G0 X119.5 Y114.95
G0 X119.658 Y114.95
G1 F6000 X102.089 Y119.658 E703.76412
G0 F9000 X102.976 Y119.658
G1 F6000 X107.644 Y102.238 E704.06404
G0 F9000 X108.296 Y102.239
G1 F6000 X117.723 Y111.666 E704.28575
G0 F9000 X117.723 Y110.987
G1 F6000 X115.399 Y119.659 E704.43505
G0 F9000 X115.399 Y119.5
G0 X113.678 Y119.5
G0 X113.678 Y119.659
G1 F6000 X119.658 Y118.056 E704.53801
G0 F9000 X119.659 Y117.845
G1 F6000 X102.154 Y100.339 E704.94971
G0 F9000 X101.941 Y100.339
G1 F6000 X100.339 Y106.318 E705.05265
G0 F9000 X100.339 Y107.01
G1 F6000 X112.987 Y119.658 E705.35011
G0 F9000 X112.294 Y119.659
G1 F6000 X117.471 Y100.338 E705.68276
G0 F9000 X117.471 Y100.5
G0 X116.233 Y100.5
G0 X116.233 Y100.339
G1 F6000 X111.4 Y101.634 E705.76597
G0 F9000 X111.399 Y101.099
G1 F6000 X117.725 Y107.425 E705.91474
G0 F9000 X117.626 Y107.425
G0 X118.728 Y107.141
G0 X118.727 Y107.241
G1 F6000 X119.659 Y103.762 E705.97464
G0 F9000 X119.5 Y103.762
G0 X119.5 Y102.527
G0 X119.658 Y102.527
G1 F6000 X100.339 Y107.704 E706.30725
G0 F9000 X100.5 Y107.704
G0 X100.5 Y110.809
G0 X100.34 Y110.809
G1 F6000 X119.659 Y105.633 E706.63986
G0 F9000 X119.659 Y105.117
G1 F6000 X114.882 Y100.339 E706.75222
G0 F9000 X114.365 Y100.338
G1 F6000 X109.188 Y119.659 E707.08486
G0 F9000 X108.744 Y119.658
G1 F6000 X100.34 Y111.254 E707.28251
G0 F9000 X100.5 Y111.254
G0 X100.5 Y113.915
G0 X100.34 Y113.915
G1 F6000 X117.723 Y109.257 E707.58179
G0 F9000 X117.564 Y109.256
G0 X117.635 Y111.425
G0 X117.685 Y111.834
G0 X119.5 Y115.354
G0 X119.659 Y115.354
G1 F6000 X118.505 Y119.659 E707.65591
G0 F9000 X118.505 Y119.5
G0 X117.23 Y119.5
G0 X117.23 Y119.658
G1 F6000 X100.339 Y102.768 E708.05315
G0 F9000 X100.5 Y102.768
G0 X100.5 Y104.598
G0 X100.34 Y104.598
G1 F6000 X109.152 Y102.236 E708.20487
G0 F9000 X109.152 Y102.398
G0 X110.75 Y102.398
G0 X110.75 Y102.237
G1 F6000 X106.082 Y119.659 E708.50482
G0 F9000 X106.082 Y119.5
G0 X104.501 Y119.5
G0 X104.501 Y119.658
G1 F6000 X100.34 Y115.496 E708.60269
G0 F9000 X100.5 Y115.496
G0 X107.508 Y101.55
G0 X107.607 Y101.55
G1 F6000 X106.396 Y100.339 E708.63117
G0 F9000 X106.396 Y100.5
G0 X107.58 Y102.267
G0 X108.082 Y102.326
G0 X110.85 Y102.325
G0 X111.178 Y102.291
G0 X119.124 Y100.5
G0 X119.124 Y100.339
G1 F6000 X119.659 Y100.874 E708.64375
G0 F9000 X119.5 Y100.874
G0 X117.698 Y107.214
G0 X117.636 Y107.752
G0 X117.635 Y111.425
G0 X117.67 Y111.711
G0 X119.53 Y119.53
G0 X119.7 Y119.7
;TYPE:WALL-INNER
G1 F1500 X119.7 Y111.301 E708.78343
G1 X118.062 Y111.298 E708.81067
G1 X117.917 Y111.261 E708.81316
G1 X117.793 Y111.13 E708.81616
G1 X117.764 Y111.028 E708.81792
G1 X117.765 Y108.111 E708.86643
G1 X117.836 Y107.984 E708.86885
G1 X117.983 Y107.88 E708.87184
G1 X119.7 Y107.878 E708.9004
G1 X119.7 Y100.3 E709.02642
G1 X110.722 Y100.3 E709.17572
G1 X110.722 Y101.987 E709.20378
G1 X110.599 Y102.14 E709.20704
G1 X110.423 Y102.198 E709.21013
G1 X108.48 Y102.197 E709.24244
G1 X108.338 Y102.145 E709.24495
G1 X108.21 Y101.986 E709.24835
G1 X108.21 Y100.3 E709.27639
G1 X100.3 Y100.3 E709.40793
G1 X100.301 Y119.699 E709.73054
G1 X119.7 Y119.7 E710.05314
G0 F9000 X119.9 Y119.9
;TYPE:WALL-OUTER
G1 F1500 X119.9 Y111.101 E710.19947
G1 X118.033 Y111.094 E710.23052
G1 X117.963 Y111.008 E710.23236
G1 X117.965 Y108.16 E710.27973
G1 X118.028 Y108.086 E710.28134
G1 X119.9 Y108.078 E710.31247
G1 X119.9 Y100.1 E710.44515
G1 X110.522 Y100.1 E710.60111
G1 X110.522 Y101.925 E710.63145
G1 X110.442 Y101.996 E710.63323
G1 X108.465 Y101.998 E710.66611
G1 X108.41 Y101.928 E710.66759
G1 X108.41 Y100.1 E710.69799
G1 X100.1 Y100.1 E710.83619
G1 X100.101 Y119.899 E711.16545
G1 X119.9 Y119.9 E711.4947
G0 F9000 X119.9 Y119.7
G0 X119.53 Y119.53
G0 X119.315 Y112.007
G0 X119.316 Y111.685
;TYPE:SKIN
G1 F1463.4 X117.947 Y111.678 E711.51804
G0 F9000 X117.744 Y111.881
G1 F1500 X119.52 Y111.888 E711.54758
G1 X119.52 Y111.481 E711.55434
G1 X117.971 Y111.478 E711.5801
G1 X117.745 Y111.331 E711.58459
G1 X117.744 Y111.881 E711.59373
G0 F9000 X117.624 Y111.881
G0 X117.626 Y107.49
G0 X117.972 Y107.49
G1 F1224.5 X118.014 Y107.483 E711.5946
G1 F1255.2 X119.301 Y107.48 E711.62018
G0 F9000 X119.301 Y107.141
G0 X117.698 Y107.214
G0 X117.656 Y107.71
G0 X117.746 Y107.829
G1 F1500 X118.05 Y107.701 E711.62566
G1 X119.52 Y107.698 E711.65011
G1 X119.52 Y107.261 E711.65738
G1 X117.747 Y107.264 E711.68686
G1 X117.746 Y107.829 E711.69626
G0 F9000 X117.656 Y107.71
G0 X111.501 Y101.973
G0 X111.136 Y101.973
G1 F1052.6 X111.141 Y100.719 E711.72598
G0 F9000 X111.501 Y100.719
G0 X111.429 Y102.266
G0 X110.892 Y102.308
G0 X110.765 Y102.217
G1 F1500 X111.381 Y102.218 E711.73622
G1 X111.38 Y100.48 E711.76512
G1 X110.902 Y100.48 E711.77307
G1 X110.898 Y101.927 E711.79714
G1 X110.85 Y102.113 E711.80033
G1 X110.765 Y102.217 E711.80256
G0 F9000 X110.892 Y102.308
G0 X108.082 Y102.326
G0 X107.58 Y102.267
G0 X107.508 Y102.018
G0 X107.829 Y102.018
G1 F1485.1 X107.829 Y100.681 E711.82502
G0 F9000 X107.508 Y100.681
G0 X107.58 Y102.267
G0 X108.04 Y102.309
G0 X108.169 Y102.217
G1 F1500 X108.03 Y102.009 E711.82918
G1 X108.03 Y100.48 E711.85461
G1 X107.628 Y100.48 E711.86129
G1 X107.628 Y102.219 E711.89021
G1 X108.169 Y102.217 E711.89921
G0 F9000 X107.969 Y102.439
;MESH:NONMESH
G0 F300 X107.969 Y102.439 Z10.5
G0 F9000 X100.5 Y101.638
G0 X100.339 Y101.638
;TIME_ELAPSED:1587.776317
;LAYER:51
;TYPE:FILL
;MESH:xyzCalibration_cube.stl
G1 F6000 X105.186 Y100.339 E711.98266
G0 F9000 X104.901 Y100.338
G1 F6000 X100.34 Y117.363 E712.27577
G0 F9000 X100.34 Y117.167
G1 F6000 X119.552 Y112.019 E712.60654
G0 F9000 X119.551 Y112.119
G0 X118.274 Y112.117
G0 X118.274 Y112.018
G1 F6000 X119.659 Y113.402 E712.6391
G0 F9000 X119.5 Y113.402
G0 X119.5 Y114.81
G0 X119.659 Y114.81
G1 F6000 X118.359 Y119.66 E712.7226
G0 F9000 X117.429 Y119.658
G1 F6000 X100.339 Y102.568 E713.12454
G0 F9000 X100.5 Y102.568
G0 X100.5 Y104.744
G0 X100.339 Y104.744
G1 F6000 X109.715 Y102.232 E713.28596
G0 F9000 X110.607 Y102.228
G1 F6000 X105.936 Y119.658 E713.58605
G0 F9000 X105.936 Y119.5
G0 X104.701 Y119.5
G0 X104.701 Y119.658
G1 F6000 X100.34 Y115.297 E713.68861
G0 F9000 X100.5 Y115.297
G0 X100.5 Y114.061
G0 X100.34 Y114.061
G1 F6000 X117.724 Y109.403 E713.98791
G0 F9000 X117.565 Y109.402
G0 X117.564 Y110.441
G0 X117.723 Y110.442
G1 F6000 X115.254 Y119.659 E714.14659
G0 F9000 X115.254 Y119.5
G0 X114.223 Y119.5
G0 X114.223 Y119.659
G1 F6000 X119.658 Y118.202 E714.24017
G0 F9000 X119.659 Y117.645
G1 F6000 X102.353 Y100.339 E714.64718
G0 F9000 X101.796 Y100.338
G1 F6000 X100.339 Y105.773 E714.74075
G0 F9000 X100.5 Y105.773
G0 X100.5 Y106.811
G0 X100.339 Y106.811
G1 F6000 X113.187 Y119.658 E715.04291
G0 F9000 X113.187 Y119.5
G0 X112.148 Y119.5
G0 X112.148 Y119.659
G1 F6000 X117.325 Y100.338 E715.37555
G0 F9000 X116.777 Y100.339
G1 F6000 X111.528 Y101.746 E715.46592
G0 F9000 X111.527 Y101.028
G1 F6000 X117.726 Y107.227 E715.61171
G0 F9000 X118.613 Y107.122
G1 F6000 X119.659 Y103.218 E715.67893
G0 F9000 X119.659 Y102.673
G1 F6000 X100.34 Y107.849 E716.01154
G0 F9000 X100.5 Y107.849
G0 X100.5 Y110.955
G0 X100.34 Y110.955
G1 F6000 X119.658 Y105.779 E716.34413
G0 F9000 X119.659 Y104.917
G1 F6000 X115.081 Y100.339 E716.45179
G0 F9000 X114.219 Y100.339
G1 F6000 X109.042 Y119.659 E716.78442
G1 X108.943 Y119.658
G1 X100.34 Y111.054 E716.98676
G0 F9000 X100.5 Y111.054
G0 X100.5 Y119.539
G0 X100.34 Y119.539
G1 F6000 X100.458 Y119.658 E716.98955
G0 F9000 X100.458 Y119.5
G0 X102.634 Y119.5
G0 X102.634 Y119.658
G1 F6000 X119.658 Y115.096 E717.28265
G0 F9000 X119.5 Y115.096
G0 X117.697 Y112.045
G0 X117.723 Y111.61
G0 X117.723 Y111.466
G1 F6000 X108.493 Y102.237 E717.49971
G0 F9000 X107.498 Y102.237
G1 F6000 X102.83 Y119.658 E717.79965
G0 F9000 X102.83 Y119.5
G0 X107.396 Y101.239
G0 X107.495 Y101.239
G1 F6000 X106.596 Y100.339 E717.8208
G0 F9000 X106.596 Y100.5
G0 X107.467 Y102.267
G0 X107.969 Y102.326
G0 X110.978 Y102.325
G0 X111.306 Y102.291
G0 X119.324 Y100.5
G0 X119.324 Y100.339
G1 F6000 X119.659 Y100.675 E717.82869
G0 F9000 X119.5 Y100.675
G0 X117.698 Y107.214
G0 X117.637 Y107.633
G0 X117.635 Y111.538
G0 X117.67 Y111.825
G0 X119.53 Y119.53
G0 X119.7 Y119.7
;TYPE:WALL-INNER
G1 F1500 X119.7 Y111.415 E717.96647
G1 X117.978 Y111.411 E717.99511
G1 X117.843 Y111.316 E717.99785
G1 X117.764 Y111.141 E718.00105
G1 X117.766 Y108.033 E718.05273
G1 X117.817 Y107.891 E718.05524
G1 X117.896 Y107.812 E718.0571
G1 X118.064 Y107.761 E718.06002
G1 X119.7 Y107.759 E718.08723
G1 X119.7 Y100.3 E718.21127
G1 X110.849 Y100.3 E718.35846
G1 X110.85 Y101.984 E718.38647
G1 X110.729 Y102.139 E718.38974
G1 X110.579 Y102.196 E718.39241
G1 X108.366 Y102.197 E718.42921
G1 X108.224 Y102.144 E718.43173
G1 X108.097 Y101.984 E718.43513
G1 X108.097 Y100.3 E718.46313
G1 X100.3 Y100.3 E718.5928
G1 X100.301 Y119.699 E718.9154
G1 X119.7 Y119.7 E719.23801
G0 F9000 X119.9 Y119.9
;TYPE:WALL-OUTER
G1 F1500 X119.9 Y111.215 E719.38244
G1 X118.035 Y111.211 E719.41346
G1 X117.963 Y111.121 E719.41537
G1 X117.966 Y108.041 E719.46659
G1 X118.029 Y107.967 E719.46821
G1 X119.9 Y107.959 E719.49933
G1 X119.9 Y100.1 E719.63002
G1 X110.649 Y100.1 E719.78387
G1 X110.65 Y101.927 E719.81425
G1 X110.57 Y101.996 E719.81601
G1 X108.386 Y101.998 E719.85233
G1 X108.297 Y101.947 E719.85403
G1 X108.297 Y100.1 E719.88475
G1 X100.1 Y100.1 E720.02106
G1 X100.101 Y119.899 E720.35032
G1 X119.9 Y119.9 E720.67958
G0 F9000 X119.9 Y119.7
G0 X119.53 Y119.53
G0 X119.317 Y112.119
G0 X119.318 Y111.798
;TYPE:SKIN
G1 F1449.3 X118.027 Y111.793 E720.7018
G1 F1388.9 X117.956 Y111.786 E720.70308
G0 F9000 X117.745 Y111.997
G1 F1500 X119.52 Y112 E720.7326
G1 X119.52 Y111.595 E720.73934
G1 X118.047 Y111.59 E720.76383
G1 X117.852 Y111.541 E720.76718
G1 X117.745 Y111.466 E720.76935
G1 X117.745 Y111.997 E720.77818
G0 F9000 X117.625 Y111.997
G0 X117.626 Y107.365
G0 X117.965 Y107.365
G1 F1276.6 X119.301 Y107.36 E720.80429
G0 F9000 X119.301 Y107.021
G0 X117.699 Y107.096
G0 X117.656 Y107.591
G0 X117.747 Y107.71
G1 F1500 X117.965 Y107.581 E720.8085
G1 X119.52 Y107.579 E720.83436
G1 X119.52 Y107.141 E720.84164
G1 X117.747 Y107.144 E720.87113
G1 X117.747 Y107.71 E720.88054
G0 F9000 X117.656 Y107.591
G0 X111.265 Y102.338
G0 X111.265 Y101.975
G1 F1056.3 X111.269 Y100.72 E720.91018
G0 F9000 X111.629 Y100.72
G0 X111.557 Y102.266
G0 X111.02 Y102.308
G0 X110.881 Y102.217
G1 F1500 X111.509 Y102.218 E720.92062
G1 X111.508 Y100.48 E720.94952
G1 X111.029 Y100.48 E720.95749
G1 X111.028 Y101.911 E720.98129
G1 X110.997 Y102.07 E720.98398
G1 X110.881 Y102.217 E720.9871
G0 F9000 X111.02 Y102.308
G0 X107.969 Y102.326
G0 X107.467 Y102.267
G0 X107.396 Y102.017
G0 X107.716 Y102.018
G1 F1485.1 X107.716 Y100.681 E721.00955
G0 F9000 X107.396 Y100.68
G0 X107.467 Y102.267
G0 X107.927 Y102.309
G0 X108.056 Y102.218
G1 F1500 X107.917 Y102.01 E721.01371
G1 X107.917 Y100.48 E721.03916
G1 X107.516 Y100.48 E721.04583
G1 X107.515 Y102.219 E721.07475
G1 X108.056 Y102.218 E721.08374
G0 F9000 X107.856 Y102.439
;MESH:NONMESH
G0 F300 X107.856 Y102.439 Z10.7
G0 F9000 X101.648 Y100.5
G0 X101.648 Y100.339
;TIME_ELAPSED:1609.804776
;LAYER:52
;TYPE:FILL
;MESH:xyzCalibration_cube.stl
G1 F6000 X100.34 Y105.22 E721.16778
G0 F9000 X100.34 Y104.89
G1 F6000 X110.243 Y102.237 E721.33827
G0 F9000 X110.458 Y102.236
G1 F6000 X105.789 Y119.659 E721.63824
G0 F9000 X104.903 Y119.659
G1 F6000 X100.339 Y115.095 E721.74558
G0 F9000 X100.34 Y114.208
G1 F6000 X117.724 Y109.55 E722.04488
G0 F9000 X117.724 Y109.89
G1 F6000 X115.106 Y119.66 E722.21308
G0 F9000 X114.77 Y119.659
G1 F6000 X119.659 Y118.349 E722.29726
G0 F9000 X119.659 Y117.444
G1 F6000 X102.555 Y100.34 E722.69952
G0 F9000 X102.555 Y100.5
G0 X104.754 Y100.5
G0 X104.754 Y100.339
G1 F6000 X100.34 Y116.814 E722.98316
G0 F9000 X100.34 Y117.314
G1 F6000 X119.659 Y112.137 E723.31577
G0 F9000 X119.5 Y112.137
G0 X119.5 Y113.202
G0 X119.659 Y113.202
G1 F6000 X118.589 Y112.132 E723.34094
G0 F9000 X118.589 Y112.231
G0 X117.697 Y112.157
G0 X117.565 Y111.265
G0 X117.724 Y111.266
G1 F6000 X108.694 Y102.237 E723.5533
G0 F9000 X108.694 Y102.398
G0 X107.857 Y102.326
G0 X107.405 Y102.273
G0 X107.382 Y102.123
G1 F6000 X102.683 Y119.659 E723.85521
G0 F9000 X103.178 Y119.659
G1 F6000 X119.659 Y115.243 E724.13896
G0 F9000 X119.659 Y114.26
G1 F6000 X118.212 Y119.66 E724.23193
G0 F9000 X117.631 Y119.659
G1 F6000 X100.339 Y102.367 E724.63861
G0 F9000 X100.34 Y101.785
G1 F6000 X105.735 Y100.339 E724.7315
G0 F9000 X105.735 Y100.5
G0 X106.797 Y100.5
G0 X106.797 Y100.34
G1 F6000 X107.382 Y100.925 E724.74525
G0 F9000 X107.283 Y100.925
G0 X107.355 Y102.267
G0 X107.857 Y102.326
G0 X111.106 Y102.325
G0 X111.685 Y102.266
G0 X111.757 Y100.955
G0 X111.654 Y100.955
G1 F6000 X117.726 Y107.026 E724.88805
G0 F9000 X118.498 Y107.002
G1 F6000 X119.659 Y102.669 E724.96265
G0 F9000 X119.658 Y102.82
G1 F6000 X100.34 Y107.996 E725.29524
G0 F9000 X100.5 Y107.996
G0 X100.5 Y106.61
G0 X100.339 Y106.61
G1 F6000 X113.388 Y119.659 E725.60213
G0 F9000 X113.388 Y119.5
G0 X112.001 Y119.5
G0 X112.001 Y119.659
G1 F6000 X117.178 Y100.338 E725.93477
G0 F9000 X117.326 Y100.339
G1 F6000 X111.656 Y101.858 E726.03239
G0 F9000 X111.757 Y101.858
G0 X114.072 Y100.5
G0 X114.072 Y100.339
G1 F6000 X108.895 Y119.659 E726.36502
G0 F9000 X109.146 Y119.659
G1 F6000 X100.339 Y110.853 E726.57213
G0 F9000 X100.34 Y111.102
G1 F6000 X119.659 Y105.926 E726.90474
G0 F9000 X119.5 Y105.926
G0 X119.5 Y104.716
G0 X119.659 Y104.716
G1 F6000 X115.282 Y100.339 E727.00768
G0 F9000 X115.282 Y100.5
G0 X119.525 Y100.5
G0 X119.525 Y100.339
G1 F6000 X119.659 Y100.474 E727.01085
G0 F9000 X119.5 Y100.474
G0 X100.66 Y119.5
G0 X100.66 Y119.659
G1 F6000 X100.339 Y119.338 E727.01839
G0 F9000 X100.5 Y119.338
G0 X119.53 Y119.53
G0 X119.7 Y119.7
;TYPE:WALL-INNER
G1 F1500 X119.7 Y111.528 E727.1543
G1 X117.975 Y111.524 E727.18298
G1 X117.816 Y111.395 E727.18639
G1 X117.77 Y111.287 E727.18834
G1 X117.766 Y107.913 E727.24445
G1 X117.817 Y107.771 E727.24696
G1 X117.984 Y107.641 E727.25048
G1 X119.7 Y107.639 E727.27902
G1 X119.7 Y100.3 E727.40106
G1 X110.977 Y100.3 E727.54613
G1 X110.978 Y101.98 E727.57407
G1 X110.89 Y102.111 E727.57669
G1 X110.738 Y102.192 E727.57955
G1 X108.254 Y102.197 E727.62086
G1 X108.074 Y102.113 E727.62417
G1 X107.985 Y101.978 E727.62686
G1 X107.985 Y100.3 E727.65476
G1 X100.301 Y100.301 E727.78255
G1 X100.3 Y119.7 E728.10515
G1 X119.7 Y119.7 E728.42778
G0 F9000 X119.9 Y119.9
;TYPE:WALL-OUTER
G1 F1500 X119.9 Y111.328 E728.57033
G1 X118.033 Y111.324 E728.60138
G1 X117.964 Y111.234 E728.60326
G1 X117.966 Y107.921 E728.65836
G1 X118.02 Y107.841 E728.65997
G1 X119.9 Y107.839 E728.69123
G1 X119.9 Y100.1 E728.81993
G1 X110.777 Y100.1 E728.97165
G1 X110.778 Y101.925 E729.002
G1 X110.698 Y101.996 E729.00377
G1 X108.274 Y101.998 E729.04409
G1 X108.185 Y101.947 E729.04579
G1 X108.185 Y100.1 E729.07651
G1 X100.101 Y100.101 E729.21094
G1 X100.1 Y119.9 E729.5402
G1 X119.9 Y119.9 E729.86948
G0 F9000 X119.9 Y119.7
G0 X119.53 Y119.53
G0 X119.315 Y112.234
G0 X119.316 Y111.912
;TYPE:SKIN
G1 F1442.3 X118.028 Y111.905 E729.89176
G1 F1401.9 X117.955 Y111.897 E729.89306
G0 F9000 X117.745 Y112.108
G1 F1500 X119.52 Y112.115 E729.92258
G1 X119.52 Y111.708 E729.92935
G1 X118.047 Y111.703 E729.95385
G1 X117.852 Y111.653 E729.95719
G1 X117.747 Y111.567 E729.95945
G1 X117.745 Y112.108 E729.96845
G0 F9000 X117.625 Y112.108
G0 X117.627 Y107.245
G0 X117.966 Y107.245
G1 F1276.6 X119.301 Y107.24 E729.99453
G0 F9000 X119.301 Y106.901
G0 X117.699 Y106.976
G0 X117.657 Y107.471
G0 X117.748 Y107.589
G1 F1500 X117.967 Y107.461 E729.99875
G1 X119.52 Y107.459 E730.02458
G1 X119.52 Y107.021 E730.03186
G1 X117.747 Y107.024 E730.06135
G1 X117.748 Y107.589 E730.07074
G0 F9000 X117.657 Y107.471
G0 X111.757 Y101.974
G0 X111.393 Y101.974
G1 F1056.3 X111.397 Y100.72 E730.10036
G0 F9000 X111.757 Y100.72
G0 X111.685 Y102.266
G0 X111.148 Y102.308
G0 X111.058 Y102.217
G1 F1500 X111.637 Y102.218 E730.10999
G1 X111.636 Y100.48 E730.13889
G1 X111.157 Y100.48 E730.14685
G1 X111.158 Y101.911 E730.17065
G1 X111.058 Y102.217 E730.17601
G0 F9000 X111.148 Y102.308
G0 X107.857 Y102.326
G0 X107.355 Y102.267
G0 X107.283 Y102.018
G0 X107.604 Y102.018
G1 F1485.1 X107.604 Y100.681 E730.19846
G0 F9000 X107.283 Y100.681
G0 X107.355 Y102.267
G0 X107.815 Y102.309
G0 X107.946 Y102.218
G1 F1500 X107.805 Y102.009 E730.20266
G1 X107.805 Y100.48 E730.22808
G1 X107.403 Y100.48 E730.23477
G1 X107.403 Y102.219 E730.26369
G1 X107.946 Y102.218 E730.27272
G0 F9000 X107.744 Y102.439
;MESH:NONMESH
G0 F300 X107.744 Y102.439 Z10.9
G0 F9000 X101.503 Y100.5
G0 X101.503 Y100.338
;TIME_ELAPSED:1631.411179
;LAYER:53
;TYPE:FILL
;MESH:xyzCalibration_cube.stl
G1 F6000 X100.339 Y104.681 E730.34749
G0 F9000 X100.339 Y105.037
G1 F6000 X110.794 Y102.235 E730.52749
G0 F9000 X110.312 Y102.234
G1 F6000 X105.643 Y119.659 E730.8275
G0 F9000 X105.102 Y119.659
G1 F6000 X100.339 Y114.896 E730.93951
G0 F9000 X100.34 Y114.354
G1 F6000 X117.725 Y109.696 E731.23883
G0 F9000 X117.727 Y109.333
G1 F6000 X114.961 Y119.659 E731.4166
G0 F9000 X115.315 Y119.659
G1 F6000 X119.659 Y118.495 E731.49139
G0 F9000 X119.5 Y118.495
G0 X119.5 Y117.245
G0 X119.659 Y117.245
G1 F6000 X102.754 Y100.34 E731.88897
G0 F9000 X102.754 Y100.5
G0 X104.608 Y100.5
G0 X104.608 Y100.338
G1 F6000 X100.339 Y116.27 E732.16327
G0 F9000 X100.5 Y116.27
G0 X100.5 Y117.46
G0 X100.34 Y117.46
G1 F6000 X119.658 Y112.284 E732.49586
G0 F9000 X119.659 Y113.002
G1 F6000 X118.902 Y112.245 E732.51366
G0 F9000 X118.901 Y112.345
G0 X119.5 Y113.715
G0 X119.659 Y113.715
G1 F6000 X118.066 Y119.66 E732.61602
G0 F9000 X117.83 Y119.659
G1 F6000 X100.339 Y102.168 E733.02738
G0 F9000 X100.339 Y101.931
G1 F6000 X106.281 Y100.339 E733.12968
G0 F9000 X106.997 Y100.34
G1 F6000 X107.27 Y100.613 E733.1361
G0 F9000 X107.171 Y100.613
G0 X107.171 Y101.999
G0 X107.269 Y101.999
G1 F6000 X102.537 Y119.659 E733.44015
G0 F9000 X102.537 Y119.5
G0 X103.723 Y119.5
G0 X103.723 Y119.659
G1 F6000 X119.658 Y115.389 E733.7145
G0 F9000 X119.5 Y115.389
G0 X117.697 Y112.27
G0 X117.565 Y111.067
G0 X117.725 Y111.068
G1 F6000 X108.893 Y102.236 E733.92221
G0 F9000 X108.893 Y102.398
G0 X111.233 Y102.325
G0 X111.814 Y102.266
G0 X111.886 Y101.97
G0 X111.784 Y101.97
G1 F6000 X117.871 Y100.339 E734.02701
G0 F9000 X117.032 Y100.339
G1 F6000 X111.855 Y119.659 E734.35964
G0 F9000 X111.855 Y119.5
G0 X113.588 Y119.5
G0 X113.588 Y119.659
G1 F6000 X100.339 Y106.411 E734.67122
G0 F9000 X100.5 Y106.411
G0 X100.5 Y108.143
G0 X100.339 Y108.143
G1 F6000 X119.658 Y102.966 E735.00383
G0 F9000 X119.659 Y102.124
G1 F6000 X118.384 Y106.883 E735.08577
G0 F9000 X117.783 Y106.884
G1 F6000 X111.782 Y100.883 E735.2269
G0 F9000 X111.884 Y100.883
G0 X113.926 Y100.5
G0 X113.926 Y100.339
G1 F6000 X108.749 Y119.659 E735.55953
G0 F9000 X109.345 Y119.659
G1 F6000 X100.339 Y110.653 E735.77134
G0 F9000 X100.34 Y111.248
G1 F6000 X119.658 Y106.072 E736.10393
G0 F9000 X119.5 Y106.072
G0 X119.5 Y104.517
G0 X119.659 Y104.517
G1 F6000 X115.481 Y100.339 E736.20219
G0 F9000 X115.481 Y100.5
G0 X100.5 Y119.139
G0 X100.339 Y119.139
G1 F6000 X100.86 Y119.659 E736.21443
G0 F9000 X100.86 Y119.5
G0 X119.53 Y119.53
G0 X119.7 Y119.7
;TYPE:WALL-INNER
G1 F1500 X119.7 Y111.641 E736.34845
G1 X118.063 Y111.638 E736.37567
G1 X117.884 Y111.579 E736.37881
G1 X117.765 Y111.368 E736.38284
G1 X117.766 Y109.635 E736.41166
G1 X117.828 Y109.581 E736.41302
G1 X117.767 Y109.527 E736.41438
G1 X117.767 Y107.75 E736.44393
G1 X117.842 Y107.621 E736.44641
G1 X117.989 Y107.522 E736.44936
G1 X119.7 Y107.52 E736.47781
G1 X119.7 Y100.3 E736.59788
G1 X111.105 Y100.3 E736.74082
G1 X111.105 Y101.987 E736.76887
G1 X110.954 Y102.158 E736.77267
G1 X110.834 Y102.196 E736.77476
G1 X108.141 Y102.197 E736.81954
G1 X107.997 Y102.142 E736.82211
G1 X107.872 Y101.982 E736.82548
G1 X107.872 Y100.3 E736.85346
G1 X100.3 Y100.3 E736.97938
G1 X100.3 Y119.7 E737.302
G1 X119.7 Y119.7 E737.62463
G0 F9000 X119.9 Y119.9
;TYPE:WALL-OUTER
G1 F1500 X119.9 Y111.441 E737.7653
G1 X118.035 Y111.438 E737.79631
G1 X117.964 Y111.348 E737.79822
G1 X117.965 Y109.659 E737.82631
G1 F1587.3 X118.066 Y109.583 E737.8283
G1 X117.966 Y109.505 E737.83029
G1 F1500 X117.967 Y107.802 E737.85861
G1 X118.032 Y107.727 E737.86026
G1 X119.9 Y107.72 E737.89133
G1 X119.9 Y100.1 E738.01805
G1 X110.905 Y100.1 E738.16763
G1 X110.905 Y101.925 E738.19798
G1 X110.815 Y101.997 E738.1999
G1 X108.161 Y101.998 E738.24404
G1 X108.078 Y101.935 E738.24577
G1 X108.072 Y100.1 E738.27629
G1 X100.1 Y100.1 E738.40886
G1 X100.1 Y119.9 E738.73814
G1 X119.9 Y119.9 E739.06741
G0 F9000 X119.9 Y119.7
G1 F1500 E732.56741
G0 F9000 X119.53 Y119.53
G0 X119.786 Y111.555
G0 X119.909 Y109.584
G1 F1500 E739.06741
G1 F1666.7 X118.066 Y109.583 E739.095
G0 F9000 X117.765 Y109.582
G0 X117.586 Y106.744
G0 X117.973 Y106.784
G0 X117.973 Y107.13
;TYPE:SKIN
G1 F1224.5 X119.301 Y107.121 E739.12205
G0 F9000 X119.301 Y106.782
G0 X117.699 Y106.857
G0 X117.657 Y107.352
G0 X117.748 Y107.469
G1 F1500 X117.828 Y107.406 E739.12374
G1 X118.048 Y107.343 E739.12755
G1 X119.52 Y107.34 E739.15203
G1 X119.52 Y106.902 E739.15931
G1 X117.747 Y106.905 E739.1888
G1 X117.748 Y107.469 E739.19818
G0 F9000 X117.657 Y107.352
G0 X117.636 Y111.765
G0 X117.697 Y112.27
G0 X117.948 Y112.342
G0 X117.949 Y112.019
G1 F1470.6 X119.316 Y112.025 E739.22137
G0 F9000 X119.315 Y112.347
G0 X117.859 Y112.278
G0 X117.745 Y112.221
G1 F1500 X119.52 Y112.228 E739.25088
G1 X119.52 Y111.821 E739.25765
G1 X117.951 Y111.818 E739.28375
G1 X117.746 Y111.679 E739.28786
G1 X117.745 Y112.221 E739.29688
G0 F9000 X117.625 Y112.221
G0 X111.525 Y102.338
G0 X111.525 Y101.978
G1 F1067.6 X111.524 Y100.719 E739.32629
G0 F9000 X111.884 Y100.719
G0 X111.814 Y102.266
G0 X111.275 Y102.308
G0 X111.148 Y102.218
G1 F1500 X111.766 Y102.218 E739.33657
G1 X111.763 Y100.48 E739.36548
G1 X111.285 Y100.48 E739.37342
G1 X111.285 Y102.005 E739.39879
G1 X111.148 Y102.218 E739.403
G0 F9000 X111.275 Y102.308
G0 X107.744 Y102.326
G0 X107.242 Y102.267
G0 X107.171 Y102.017
G0 X107.491 Y102.018
G1 F1485.1 X107.491 Y100.681 E739.42545
G0 F9000 X107.171 Y100.68
G0 X107.242 Y102.267
G0 X107.702 Y102.309
G0 X107.834 Y102.219
G1 F1500 X107.692 Y102.008 E739.42968
G1 X107.692 Y100.48 E739.45509
G1 X107.291 Y100.48 E739.46176
G1 X107.29 Y102.219 E739.49068
G1 X107.834 Y102.219 E739.49973
G0 F9000 X107.631 Y102.439
;MESH:NONMESH
G0 F300 X107.631 Y102.439 Z11.1
G0 F9000 X101.356 Y100.5
G0 X101.356 Y100.339
;TIME_ELAPSED:1654.094031
;LAYER:54
;TYPE:FILL
;MESH:xyzCalibration_cube.stl
G1 F6000 X100.339 Y104.137 E739.56512
G0 F9000 X100.5 Y104.137
G0 X100.5 Y105.183
G0 X100.34 Y105.183
G1 F6000 X111.332 Y102.237 E739.75436
G0 F9000 X111.912 Y102.082
G1 F6000 X118.415 Y100.339 E739.86633
G0 F9000 X118.415 Y100.5
G0 X116.886 Y100.5
G0 X116.886 Y100.338
G1 F6000 X111.709 Y119.659 E740.19897
G0 F9000 X111.709 Y119.5
G0 X113.787 Y119.5
G0 X113.787 Y119.659
G1 F6000 X100.339 Y106.211 E740.51525
G0 F9000 X100.5 Y106.211
G0 X100.5 Y108.288
G0 X100.34 Y108.288
G1 F6000 X119.658 Y103.112 E740.84784
G0 F9000 X119.5 Y103.112
G0 X119.5 Y104.318
G0 X119.659 Y104.318
G1 F6000 X115.681 Y100.34 E740.9414
G0 F9000 X115.681 Y100.5
G0 X113.78 Y100.5
G0 X113.78 Y100.338
G1 F6000 X108.603 Y119.659 E741.27404
G0 F9000 X109.544 Y119.659
G1 F6000 X100.339 Y110.454 E741.49053
G0 F9000 X100.34 Y111.394
G1 F6000 X119.658 Y106.218 E741.82312
G0 F9000 X119.5 Y106.218
G0 X118.271 Y106.664
G0 X118.27 Y106.763
G1 F6000 X119.659 Y101.58 E741.91235
G0 F9000 X119.5 Y101.58
G0 X117.863 Y106.664
G0 X117.862 Y106.763
G1 F6000 X111.91 Y100.811 E742.05233
G0 F9000 X112.012 Y100.811
G0 X111.94 Y102.266
G0 X110.166 Y102.399
G0 X110.166 Y102.235
G1 F6000 X105.497 Y119.66 E742.35234
G0 F9000 X105.302 Y119.659
G1 F6000 X100.339 Y114.696 E742.46906
G0 F9000 X100.339 Y114.5
G1 F6000 X117.724 Y109.842 E742.76837
G0 F9000 X117.565 Y109.841
G0 X117.565 Y110.867
G0 X117.724 Y110.868
G1 F6000 X109.093 Y102.237 E742.97136
G0 F9000 X109.093 Y102.399
G0 X107.13 Y102.267
G0 X107.058 Y101.871
G0 X107.157 Y101.871
G1 F6000 X102.391 Y119.659 E743.27761
G0 F9000 X102.391 Y119.5
G0 X101.059 Y119.5
G0 X101.059 Y119.659
G1 F6000 X100.339 Y118.939 E743.29454
G0 F9000 X100.5 Y118.939
G0 X100.5 Y117.606
G0 X100.339 Y117.606
G1 F6000 X119.659 Y112.429 E743.62717
G0 F9000 X119.659 Y112.803
G1 F6000 X119.216 Y112.359 E743.6376
G0 F9000 X119.659 Y113.172
G1 F6000 X117.92 Y119.659 E743.74929
G0 F9000 X118.03 Y119.659
G1 F6000 X100.339 Y101.969 E744.16534
G0 F9000 X100.34 Y102.077
G1 F6000 X106.825 Y100.339 E744.27699
G0 F9000 X106.825 Y100.5
G0 X104.462 Y100.5
G0 X104.462 Y100.338
G1 F6000 X100.339 Y115.726 E744.54192
G0 F9000 X100.5 Y115.726
G0 X104.268 Y119.5
G0 X104.268 Y119.659
G1 F6000 X119.659 Y115.535 E744.8069
G0 F9000 X119.5 Y115.535
G0 X119.5 Y117.045
G0 X119.659 Y117.045
G1 F6000 X102.953 Y100.339 E745.1998
G0 F9000 X102.953 Y100.5
G0 X117.566 Y108.79
G0 X117.727 Y108.79
G1 F6000 X114.815 Y119.659 E745.38693
G0 F9000 X114.815 Y119.5
G0 X115.86 Y119.5
G0 X115.86 Y119.659
G1 F6000 X119.658 Y118.641 E745.45232
G0 F9000 X119.5 Y118.641
G0 X119.53 Y119.53
G0 X119.7 Y119.7
;TYPE:WALL-INNER
G1 F1500 X119.7 Y111.755 E745.58445
G1 X117.977 Y111.751 E745.6131
G1 X117.818 Y111.624 E745.61649
G1 X117.765 Y111.482 E745.61901
G1 X117.767 Y109.71 E745.64847
G1 X117.94 Y109.58 E745.65207
G1 X117.768 Y109.449 E745.65567
G1 X117.767 Y107.631 E745.6859
G1 X117.843 Y107.5 E745.68842
G1 X117.99 Y107.402 E745.69136
G1 X119.7 Y107.4 E745.7198
G1 X119.7 Y100.3 E745.83787
G1 X111.233 Y100.3 E745.97868
G1 X111.233 Y101.983 E746.00666
G1 X111.117 Y102.136 E746.00986
G1 X110.963 Y102.197 E746.01261
G1 X108.029 Y102.198 E746.06141
G1 X107.883 Y102.142 E746.06401
G1 X107.76 Y101.982 E746.06736
G1 X107.76 Y100.3 E746.09533
G1 X100.3 Y100.3 E746.21939
G1 X100.3 Y119.7 E746.54202
G1 X119.7 Y119.7 E746.86464
G0 F9000 X119.9 Y119.9
;TYPE:WALL-OUTER
G1 F1500 X119.9 Y111.555 E747.00342
G1 X118.015 Y111.551 E747.03477
G1 X117.964 Y111.462 E747.03647
G1 X117.968 Y109.757 E747.06483
G1 F1485.1 X118.066 Y109.682 E747.0669
G1 F1470.6 X119.898 Y109.684 E747.09797
G1 F1463.4 X119.898 Y109.478 E747.10149
G1 F1470.6 X118.066 Y109.479 E747.13256
G1 F1485.1 X117.969 Y109.403 E747.13463
G1 F1500 X117.967 Y107.682 E747.16325
G1 X118.032 Y107.607 E747.1649
G1 X119.9 Y107.6 E747.19597
G1 X119.9 Y100.1 E747.32069
G1 X111.033 Y100.1 E747.46815
G1 X111.033 Y101.927 E747.49854
G1 X110.943 Y101.998 E747.50044
G1 X108.049 Y101.999 E747.54857
G1 X107.96 Y101.947 E747.55028
G1 X107.96 Y100.1 E747.581
G1 X100.1 Y100.1 E747.71171
G1 X100.1 Y119.9 E748.04099
G1 X119.9 Y119.9 E748.37026
G0 F9000 X119.9 Y119.7
G0 X119.53 Y119.53
G0 X119.316 Y112.46
G0 X119.317 Y112.138
;TYPE:SKIN
G1 F1477.8 X117.949 Y112.132 E748.39335
G0 F9000 X117.746 Y112.334
G1 F1500 X119.52 Y112.341 E748.42286
G1 X119.52 Y111.935 E748.42961
G1 X117.95 Y111.931 E748.45572
G1 X117.747 Y111.786 E748.45986
G1 X117.746 Y112.334 E748.46898
G0 F9000 X117.625 Y112.334
G0 X117.627 Y107.004
G0 X117.966 Y107.004
G1 F1265.8 X119.301 Y107.001 E748.49529
G0 F9000 X119.301 Y106.662
G0 X117.7 Y106.737
G0 X117.657 Y107.232
G0 X117.748 Y107.35
G1 F1500 X117.969 Y107.222 E748.49953
G1 X119.52 Y107.22 E748.52533
G1 X119.52 Y106.782 E748.53261
G1 X117.748 Y106.785 E748.56208
G1 X117.748 Y107.35 E748.57148
G0 F9000 X117.657 Y107.232
G0 X112.012 Y101.978
G0 X111.652 Y101.978
G1 F1071.4 X111.652 Y100.719 E748.60079
G0 F9000 X112.012 Y100.719
G0 X111.94 Y102.266
G0 X111.403 Y102.308
G0 X111.265 Y102.217
G1 F1500 X111.892 Y102.218 E748.61121
G1 X111.891 Y100.48 E748.64012
G1 X111.413 Y100.48 E748.64807
G1 X111.413 Y102.009 E748.67349
G1 X111.265 Y102.217 E748.67774
G0 F9000 X111.403 Y102.308
G0 X107.632 Y102.327
G0 X107.13 Y102.267
G0 X107.058 Y102.018
G0 X107.379 Y102.018
G1 F1485.1 X107.379 Y100.681 E748.7002
G0 F9000 X107.058 Y100.681
G0 X107.13 Y102.267
G0 X107.59 Y102.309
G0 X107.717 Y102.218
G1 F1500 X107.58 Y102.008 E748.70437
G1 X107.58 Y100.48 E748.72978
G1 X107.178 Y100.48 E748.73646
G1 X107.178 Y102.219 E748.76538
G1 X107.717 Y102.218 E748.77435
G0 F9000 X107.519 Y102.439
;MESH:NONMESH
G0 F300 X107.519 Y102.439 Z11.3
G0 F9000 X101.209 Y100.5
G0 X101.209 Y100.34
;TIME_ELAPSED:1676.037403
;LAYER:55
;TYPE:FILL
;MESH:xyzCalibration_cube.stl
G1 F6000 X100.341 Y103.581 E748.83014
G0 F9000 X100.5 Y103.581
G0 X100.5 Y102.224
G0 X100.34 Y102.224
G1 F6000 X107.045 Y100.427 E748.94558
G0 F9000 X106.946 Y100.427
G0 X106.946 Y101.744
G0 X107.045 Y101.744
G1 F6000 X102.244 Y119.659 E749.25402
G0 F9000 X101.26 Y119.659
G1 F6000 X100.339 Y118.738 E749.27568
G0 F9000 X100.339 Y117.753
G1 F6000 X119.659 Y112.576 E749.60831
G1 X119.659 Y112.602
G1 X119.532 Y112.475 E749.6113
G0 F9000 X119.659 Y112.621
G1 F6000 X117.773 Y119.659 E749.73247
G0 F9000 X118.231 Y119.659
G1 F6000 X100.339 Y101.768 E750.15325
G0 F9000 X100.5 Y101.768
G0 X103.154 Y100.5
G0 X103.154 Y100.34
G1 F6000 X119.659 Y116.845 E750.54142
G0 F9000 X119.5 Y116.845
G0 X119.5 Y115.682
G0 X119.659 Y115.682
G1 F6000 X104.816 Y119.659 E750.79697
G0 F9000 X105.35 Y119.66
G1 F6000 X110.019 Y102.235 E751.09697
G0 F9000 X109.293 Y102.237
G1 F6000 X117.726 Y110.669 E751.29529
G0 F9000 X117.727 Y109.988
G1 F6000 X100.339 Y114.647 E751.59465
G0 F9000 X100.339 Y114.496
G1 F6000 X105.503 Y119.659 E751.71609
G0 F9000 X105.503 Y119.5
G0 X108.456 Y119.5
G0 X108.456 Y119.659
G1 F6000 X113.633 Y100.339 E752.04872
G0 F9000 X113.633 Y100.5
G0 X112.14 Y100.738
G0 X112.038 Y100.738
G1 F6000 X117.942 Y106.643 E752.18759
G0 F9000 X118.155 Y106.643
G1 F6000 X119.659 Y101.031 E752.28421
G0 F9000 X118.964 Y100.339
G1 F6000 X112.039 Y102.195 E752.40343
G0 F9000 X111.877 Y102.238
G1 F6000 X100.34 Y105.33 E752.60207
G0 F9000 X100.339 Y106.01
G1 F6000 X113.988 Y119.659 E752.92307
G0 F9000 X114.668 Y119.659
G1 F6000 X117.726 Y108.244 E753.1196
G0 F9000 X117.566 Y108.244
G0 X117.628 Y106.883
G0 X117.726 Y106.883
G1 F6000 X100.34 Y111.541 E753.41892
G0 F9000 X100.5 Y111.541
G0 X100.5 Y110.253
G0 X100.339 Y110.253
G1 F6000 X109.745 Y119.659 E753.64014
G0 F9000 X109.745 Y119.5
G0 X111.562 Y119.5
G0 X111.562 Y119.659
G1 F6000 X116.739 Y100.339 E753.97277
G0 F9000 X115.882 Y100.339
G1 F6000 X119.659 Y104.117 E754.06161
G0 F9000 X119.658 Y103.259
G1 F6000 X100.34 Y108.435 E754.3942
G0 F9000 X100.5 Y108.435
G0 X100.5 Y115.175
G0 X100.34 Y115.175
G1 F6000 X104.315 Y100.338 E754.64964
G0 F9000 X104.315 Y100.5
G0 X107.017 Y102.268
G0 X118.622 Y106.543
G0 X118.621 Y106.643
G1 F6000 X119.658 Y106.365 E754.66749
G0 F9000 X119.5 Y106.365
G0 X117.7 Y106.616
G0 X117.638 Y107.154
G0 X117.636 Y111.991
G0 X117.671 Y112.278
G0 X119.5 Y118.788
G0 X119.659 Y118.788
G1 F6000 X116.409 Y119.659 E754.72345
G0 F9000 X116.409 Y119.5
G0 X119.53 Y119.53
G0 X119.7 Y119.7
;TYPE:WALL-INNER
G1 F1500 X119.7 Y111.868 E754.8537
G1 X117.984 Y111.864 E754.88223
G1 X117.849 Y111.775 E754.88492
G1 X117.765 Y111.595 E754.88823
G1 X117.767 Y109.792 E754.91821
G1 F1376.1 X118.067 Y109.578 E754.92489
G1 X117.772 Y109.362 E754.93152
G1 F1500 X117.767 Y107.553 E754.9616
G1 X117.845 Y107.378 E754.96479
G1 X117.993 Y107.282 E754.96772
G1 X119.7 Y107.281 E754.99611
G1 X119.7 Y100.3 E755.1122
G1 X111.361 Y100.3 E755.25088
G1 X111.361 Y101.982 E755.27885
G1 X111.246 Y102.135 E755.28204
G1 X111.091 Y102.197 E755.28481
G1 X107.916 Y102.198 E755.33761
G1 X107.77 Y102.141 E755.34022
G1 X107.648 Y101.98 E755.34358
G1 X107.648 Y100.3 E755.37152
G1 X100.301 Y100.301 E755.4937
G1 X100.3 Y119.7 E755.8163
G1 X119.7 Y119.7 E756.13893
G0 F9000 X119.53 Y119.53
G0 X119.646 Y111.808
G0 X117.836 Y111.792
G0 X117.837 Y109.667
G0 X119.681 Y109.578
G1 F1265.8 X118.067 Y109.578 E756.17073
G1 F1500 E749.67073
G0 F9000 X117.717 Y111.692
G0 X117.526 Y112.416
G0 X119.73 Y119.73
G0 X119.9 Y119.9
;TYPE:WALL-OUTER
G1 F1500 E756.17073
G1 X119.9 Y111.668 E756.30763
G1 X118.037 Y111.664 E756.33862
G1 X117.964 Y111.575 E756.34053
G1 X117.965 Y109.86 E756.36905
G1 X118.067 Y109.795 E756.37106
G1 X119.9 Y109.797 E756.40154
G1 X119.9 Y109.359 E756.40883
G1 X118.067 Y109.36 E756.43931
G1 X117.967 Y109.293 E756.44131
G1 X117.966 Y107.572 E756.46993
G1 X118.033 Y107.487 E756.47173
G1 X119.9 Y107.481 E756.50278
G1 X119.9 Y100.1 E756.62553
G1 X111.161 Y100.1 E756.77086
G1 X111.155 Y101.935 E756.80137
G1 X111.101 Y101.998 E756.80275
G1 X107.937 Y101.999 E756.85537
G1 X107.854 Y101.935 E756.85712
G1 X107.848 Y100.1 E756.88763
G1 X100.101 Y100.101 E757.01646
G1 X100.1 Y119.9 E757.34572
G1 X119.9 Y119.9 E757.675
G0 F9000 X119.9 Y119.7
G0 X119.53 Y119.53
G0 X119.315 Y112.574
G0 X119.316 Y112.252
;TYPE:SKIN
G1 F1456.3 X117.948 Y112.246 E757.69843
G0 F9000 X117.746 Y112.448
G1 F1500 X119.52 Y112.455 E757.72793
G1 X119.52 Y112.048 E757.7347
G1 X117.958 Y112.044 E757.76068
G1 X117.744 Y111.889 E757.76507
G1 X117.746 Y112.448 E757.77437
G0 F9000 X117.626 Y112.448
G0 X117.628 Y106.883
G0 X117.967 Y106.883
G1 F1260.5 X119.301 Y106.882 E757.80077
G0 F9000 X119.301 Y106.543
G0 X117.7 Y106.616
G0 X117.658 Y107.112
G0 X117.748 Y107.228
G1 F1500 X117.973 Y107.102 E757.80506
G1 X119.52 Y107.101 E757.83078
G1 X119.52 Y106.663 E757.83807
G1 X117.748 Y106.664 E757.86754
G1 X117.748 Y107.228 E757.87692
G0 F9000 X117.658 Y107.112
G0 X112.14 Y101.979
G0 X111.78 Y101.979
G1 F1071.4 X111.78 Y100.719 E757.90625
G0 F9000 X112.14 Y100.719
G0 X112.068 Y102.267
G0 X111.531 Y102.309
G0 X111.392 Y102.218
G1 F1500 X112.02 Y102.219 E757.91669
G1 X112.019 Y100.48 E757.94561
G1 X111.541 Y100.48 E757.95356
G1 X111.541 Y102.005 E757.97892
G1 X111.392 Y102.218 E757.98325
G0 F9000 X111.531 Y102.309
G0 X107.267 Y102.34
G0 X107.267 Y102.019
G1 F1485.1 X107.267 Y100.681 E758.00572
G0 F9000 X106.946 Y100.68
G0 X107.017 Y102.268
G0 X107.478 Y102.31
G0 X107.606 Y102.219
G1 F1500 X107.468 Y102.007 E758.00993
G1 X107.468 Y100.48 E758.03532
G1 X107.066 Y100.48 E758.04201
G1 X107.066 Y102.219 E758.07093
G1 X107.606 Y102.219 E758.07991
G0 F9000 X107.407 Y102.44
;MESH:NONMESH
G0 F300 X107.407 Y102.44 Z11.5
G0 F9000 X101.063 Y100.5
G0 X101.063 Y100.339
;TIME_ELAPSED:1699.282360
;LAYER:56
;TYPE:FILL
;MESH:xyzCalibration_cube.stl
G1 F6000 X100.341 Y103.037 E758.12635
G0 F9000 X100.34 Y102.37
G1 F6000 X106.932 Y100.603 E758.23985
G0 F9000 X106.834 Y100.603
G0 X106.834 Y101.616
G0 X106.933 Y101.616
G1 F6000 X102.099 Y119.658 E758.55047
G0 F9000 X101.458 Y119.658
G1 F6000 X100.34 Y118.54 E758.57676
G0 F9000 X100.34 Y117.899
G1 F6000 X119.658 Y112.723 E758.90936
G0 F9000 X119.523 Y112.586
G1 F6000 X117.627 Y119.659 E759.03113
G0 F9000 X116.954 Y119.659
G1 F6000 X119.658 Y118.934 E759.07769
G0 F9000 X119.5 Y118.934
G0 X118.429 Y119.5
G0 X118.429 Y119.658
G1 F6000 X100.34 Y101.569 E759.50311
G0 F9000 X100.5 Y101.569
G0 X103.354 Y100.5
G0 X103.354 Y100.34
G1 F6000 X119.659 Y116.645 E759.88658
G0 F9000 X119.658 Y115.828
G1 F6000 X105.365 Y119.658 E760.13266
G0 F9000 X105.204 Y119.659
G1 F6000 X109.873 Y102.235 E760.43265
G0 F9000 X109.493 Y102.237
G1 F6000 X117.728 Y110.471 E760.62631
G0 F9000 X117.727 Y110.134
G1 F6000 X100.34 Y114.793 E760.92566
G0 F9000 X100.34 Y114.629
G1 F6000 X104.169 Y100.339 E761.17169
G0 F9000 X104.169 Y100.5
G0 X100.5 Y105.476
G0 X100.34 Y105.476
G1 F6000 X119.509 Y100.339 E761.50172
G0 F9000 X119.659 Y100.486
G1 F6000 X118.041 Y106.525 E761.60569
G1 X118.023 Y106.524
G1 X112.166 Y100.667 E761.74343
G0 F9000 X112.268 Y100.667
G0 X113.487 Y100.5
G0 X113.487 Y100.338
G1 F6000 X108.31 Y119.659 E762.07608
G0 F9000 X108.31 Y119.5
G0 X109.943 Y119.5
G0 X109.943 Y119.658
G1 F6000 X100.34 Y110.054 E762.30194
G0 F9000 X100.5 Y110.054
G0 X100.5 Y108.581
G0 X100.34 Y108.581
G1 F6000 X119.658 Y103.405 E762.63453
G0 F9000 X119.659 Y103.917
G1 F6000 X116.082 Y100.34 E762.71865
G0 F9000 X116.593 Y100.338
G1 F6000 X111.416 Y119.658 E763.05128
G0 F9000 X111.416 Y119.5
G0 X114.187 Y119.5
G0 X114.187 Y119.658
G1 F6000 X100.34 Y105.812 E763.37693
G0 F9000 X100.5 Y105.812
G0 X100.5 Y111.687
G0 X100.34 Y111.687
G1 F6000 X117.726 Y107.029 E763.67626
G0 F9000 X117.726 Y107.698
G1 F6000 X114.522 Y119.659 E763.88218
G0 F9000 X114.522 Y119.5
G0 X105.701 Y119.5
G0 X105.701 Y119.658
G1 F6000 X100.34 Y114.297 E764.00827
G0 F9000 X100.5 Y114.297
G0 X117.7 Y106.498
G0 X119.5 Y106.522
G0 X119.615 Y106.522
G1 F6000 X119.658 Y106.511 E764.009
G0 F9000 X119.5 Y106.511
G0 X117.7 Y106.498
G0 X117.639 Y107.035
G0 X117.637 Y112.105
G0 X117.672 Y112.391
G0 X119.53 Y119.53
G0 X119.7 Y119.7
;TYPE:WALL-INNER
G1 F1500 X119.7 Y111.981 E764.13737
G1 X117.985 Y111.978 E764.16589
G1 X117.852 Y111.89 E764.16854
G1 X117.766 Y111.709 E764.17188
G1 X117.768 Y109.963 E764.20091
G1 X117.804 Y109.858 E764.20276
G1 F1388.9 X118.067 Y109.69 E764.20836
G1 F1293.1 X119.684 Y109.692 E764.23956
G1 F1287.6 X119.684 Y109.458 E764.24409
G1 F1293.1 X118.067 Y109.459 E764.27528
G1 F1388.9 X117.805 Y109.291 E764.28087
G1 F1500 X117.768 Y109.177 E764.28287
G1 X117.768 Y107.389 E764.3126
G1 X117.847 Y107.258 E764.31515
G1 X117.994 Y107.163 E764.31806
G1 X119.7 Y107.161 E764.34643
G1 X119.7 Y100.3 E764.46053
G1 X111.489 Y100.3 E764.59708
G1 X111.489 Y101.983 E764.62506
G1 X111.343 Y102.156 E764.62883
G1 X111.22 Y102.197 E764.63098
G1 X107.803 Y102.198 E764.68781
G1 X107.618 Y102.108 E764.69123
G1 X107.535 Y101.975 E764.69384
G1 X107.535 Y100.3 E764.72169
G1 X100.301 Y100.301 E764.842
G1 X100.301 Y119.699 E765.16459
G1 X119.7 Y119.7 E765.48719
G0 F9000 X119.9 Y119.9
;TYPE:WALL-OUTER
G1 F1500 X119.9 Y111.781 E765.62221
G1 X118.028 Y111.772 E765.65334
G1 X117.965 Y111.689 E765.65508
G1 X117.969 Y109.961 E765.68381
G1 X118.067 Y109.906 E765.68568
G1 X119.9 Y109.908 E765.71617
G1 X119.9 Y109.242 E765.72724
G1 X118.067 Y109.243 E765.75772
G1 X117.97 Y109.188 E765.75958
G1 X117.967 Y107.453 E765.78843
G1 X118.035 Y107.368 E765.79024
G1 X119.9 Y107.361 E765.82126
G1 X119.9 Y100.1 E765.94201
G1 X111.289 Y100.1 E766.08521
G1 X111.283 Y101.935 E766.11573
G1 X111.2 Y101.998 E766.11746
G1 X107.8 Y101.994 E766.174
G1 X107.735 Y101.942 E766.17539
G1 X107.735 Y100.1 E766.20602
G1 X100.101 Y100.101 E766.33297
G1 X100.101 Y119.899 E766.66221
G1 X119.9 Y119.9 E766.99147
G0 F9000 X119.9 Y119.7
G0 X119.53 Y119.53
G0 X119.315 Y112.687
G0 X119.316 Y112.365
;TYPE:SKIN
G1 F1470.6 X117.953 Y112.359 E767.01459
G0 F9000 X117.746 Y112.561
G1 F1500 X119.52 Y112.568 E767.04409
G1 X119.52 Y112.161 E767.05086
G1 X117.955 Y112.158 E767.07689
G1 X117.747 Y112.019 E767.08105
G1 X117.746 Y112.561 E767.09006
G0 F9000 X117.626 Y112.561
G0 X117.628 Y106.765
G0 X117.967 Y106.765
G1 F1265.8 X119.301 Y106.762 E767.11635
G0 F9000 X119.301 Y106.423
G0 X117.7 Y106.498
G0 X117.658 Y106.993
G0 X117.749 Y107.11
G1 F1500 X117.975 Y106.983 E767.12066
G1 X119.52 Y106.981 E767.14636
G1 X119.52 Y106.543 E767.15364
G1 X117.748 Y106.546 E767.18311
G1 X117.749 Y107.11 E767.19249
G0 F9000 X117.658 Y106.993
G0 X111.908 Y102.339
G0 X111.908 Y101.98
G1 F1071.4 X111.908 Y100.719 E767.22185
G0 F9000 X112.268 Y100.719
G0 X112.196 Y102.267
G0 X111.659 Y102.309
G0 X111.534 Y102.218
G1 F1500 X112.148 Y102.219 E767.23206
G1 X112.147 Y100.48 E767.26098
G1 X111.669 Y100.48 E767.26893
G1 X111.669 Y102.001 E767.29422
G1 X111.534 Y102.218 E767.29847
G0 F9000 X111.659 Y102.309
G0 X107.407 Y102.327
G0 X106.905 Y102.268
G0 X106.834 Y102.018
G0 X107.154 Y102.019
G1 F1485.1 X107.154 Y100.681 E767.32094
G0 F9000 X106.834 Y100.68
G0 X106.905 Y102.268
G0 X107.365 Y102.31
G0 X107.492 Y102.219
G1 F1500 X107.355 Y102.007 E767.32514
G1 X107.355 Y100.48 E767.35054
G1 X106.954 Y100.48 E767.35721
G1 X106.953 Y102.22 E767.38614
G1 X107.492 Y102.219 E767.39511
G0 F9000 X107.294 Y102.44
;MESH:NONMESH
G0 F300 X107.294 Y102.44 Z11.7
G0 F9000 X100.916 Y100.5
G0 X100.916 Y100.339
;TIME_ELAPSED:1721.014725
;LAYER:57
;TYPE:FILL
;MESH:xyzCalibration_cube.stl
G1 F6000 X100.339 Y102.495 E767.43222
G1 X100.34 Y102.517
G1 X106.819 Y100.781 E767.54377
G0 F9000 X106.819 Y101.491
G1 F6000 X101.952 Y119.658 E767.85654
G0 F9000 X101.659 Y119.658
G1 F6000 X100.34 Y118.339 E767.88756
G0 F9000 X100.34 Y118.046
G1 F6000 X119.659 Y112.869 E768.22017
G0 F9000 X119.345 Y112.699
G1 F6000 X117.48 Y119.659 E768.34
G1 X117.502 Y119.659
G1 X119.658 Y119.081 E768.37712
G0 F9000 X119.5 Y119.081
G0 X118.63 Y119.5
G0 X118.63 Y119.658
G1 F6000 X100.339 Y101.367 E768.8073
G0 F9000 X100.5 Y101.367
G0 X103.554 Y100.5
G0 X103.554 Y100.339
G1 F6000 X119.659 Y116.444 E769.18606
G0 F9000 X119.659 Y115.975
G1 F6000 X105.913 Y119.658 E769.42272
G1 X105.901 Y119.658
G1 X100.34 Y114.096 E769.55352
G1 X100.34 Y114.083
G1 X104.022 Y100.339 E769.79015
G0 F9000 X104.022 Y100.5
G0 X106.792 Y102.268
G0 X109.696 Y102.399
G0 X109.696 Y102.239
G1 F6000 X117.726 Y110.269 E769.979
G1 X117.726 Y110.281
G1 X100.339 Y114.94 E770.27835
G0 F9000 X100.5 Y114.94
G0 X100.5 Y111.834
G0 X100.339 Y111.834
G1 F6000 X117.726 Y107.176 E770.57769
G1 X117.727 Y107.149
G1 X114.375 Y119.659 E770.79307
G1 X114.387 Y119.658
G1 X100.339 Y105.61 E771.12346
G1 X100.34 Y105.623
G1 X119.658 Y100.446 E771.45605
G0 F9000 X119.552 Y100.338
G1 F6000 X117.926 Y106.405 E771.56051
G0 F9000 X118.105 Y106.405
G1 F6000 X112.294 Y100.594 E771.69717
G0 F9000 X112.396 Y100.594
G0 X113.34 Y100.5
G0 X113.34 Y100.338
G1 F6000 X108.163 Y119.659 E772.02982
G0 F9000 X108.163 Y119.5
G0 X110.145 Y119.5
G0 X110.145 Y119.658
G1 F6000 X100.339 Y109.853 E772.26043
G0 F9000 X100.5 Y109.853
G0 X100.5 Y108.728
G0 X100.34 Y108.728
G1 F6000 X119.658 Y103.552 E772.59302
G0 F9000 X119.659 Y103.717
G1 F6000 X116.282 Y100.339 E772.67245
G0 F9000 X116.446 Y100.338
G1 F6000 X111.269 Y119.658 E773.00508
G0 F9000 X111.269 Y119.5
G0 X105.057 Y119.5
G0 X105.057 Y119.659
G1 F6000 X109.725 Y102.237 E773.30503
G0 F9000 X109.725 Y102.399
G0 X119.53 Y119.53
G0 X119.7 Y119.7
;TYPE:WALL-INNER
G1 F1500 X119.7 Y112.095 E773.4315
G1 X117.986 Y112.091 E773.46001
G1 X117.853 Y112.005 E773.46264
G1 X117.766 Y111.822 E773.46601
G1 X117.77 Y110.063 E773.49526
G1 X117.821 Y109.942 E773.49745
G1 X118.067 Y109.817 E773.50203
G1 X119.7 Y109.819 E773.52919
G1 X119.7 Y109.325 E773.53741
G1 X118.067 Y109.326 E773.56456
G1 X117.822 Y109.201 E773.56914
G1 X117.769 Y109.069 E773.5715
G1 X117.768 Y107.314 E773.60069
G1 X117.821 Y107.17 E773.60324
G1 X117.913 Y107.085 E773.60532
G1 X118.066 Y107.043 E773.60796
G1 X119.7 Y107.041 E773.63514
G1 X119.7 Y100.3 E773.74724
G1 X111.617 Y100.3 E773.88166
G1 X111.617 Y101.978 E773.90957
G1 X111.506 Y102.132 E773.91272
G1 X111.348 Y102.197 E773.91556
G1 X109.637 Y102.192 E773.94402
G1 X109.544 Y102.086 E773.94636
G1 X109.444 Y102.2 E773.94888
G1 X107.691 Y102.198 E773.97804
G1 X107.542 Y102.139 E773.9807
G1 X107.423 Y101.979 E773.98402
G1 X107.423 Y100.3 E774.01194
G1 X100.3 Y100.3 E774.1304
G1 X100.301 Y119.699 E774.453
G1 X119.7 Y119.7 E774.77561
G0 F9000 X119.9 Y119.9
;TYPE:WALL-OUTER
G1 F1500 X119.9 Y111.895 E774.90873
G1 X118.029 Y111.885 E774.93985
G1 X117.97 Y111.825 E774.94125
G1 X117.968 Y110.066 E774.9705
G1 X118.067 Y110.017 E774.97234
G1 X119.9 Y110.019 E775.00282
G1 X119.9 Y109.125 E775.01769
G1 X118.067 Y109.126 E775.04817
G1 X117.967 Y109.076 E775.05003
G1 X117.967 Y107.333 E775.07902
G1 X118.035 Y107.247 E775.08084
G1 X119.9 Y107.241 E775.11185
G1 X119.9 Y100.1 E775.23061
G1 X111.417 Y100.1 E775.37168
G1 X111.411 Y101.934 E775.40218
G1 X111.348 Y101.994 E775.40363
G1 X109.681 Y101.997 E775.43135
G1 F1158.3 X109.544 Y101.912 E775.43482
G1 X109.407 Y101.997 E775.4383
G1 F1500 X107.7 Y101.997 E775.46668
G1 X107.628 Y101.934 E775.46827
G1 X107.623 Y100.1 E775.49877
G1 X100.1 Y100.1 E775.62388
G1 X100.101 Y119.899 E775.95314
G1 X119.9 Y119.9 E776.2824
G0 F9000 X119.9 Y119.7
G1 F1500 E769.7824
G0 F9000 X119.53 Y119.53
G0 X109.544 Y102.399
G0 X109.544 Y101.912
G1 F1500 E776.2824
G1 F946.4 X109.544 Y100.158 E776.32863
G1 F1500 E769.82863
G0 F9000 X111.53 Y100.214
G0 X112.323 Y100.372
G0 X112.396 Y100.719
G0 X112.036 Y100.719
;TYPE:SKIN
G1 F1500 E776.32863
G1 F1071.4 X112.036 Y101.979 E776.35797
G0 F9000 X111.648 Y102.218
G1 F1500 X112.276 Y102.219 E776.36841
G1 X112.275 Y100.48 E776.39733
G1 X111.797 Y100.48 E776.40528
G1 X111.797 Y102.002 E776.43059
G1 X111.648 Y102.218 E776.43496
G0 F9000 X111.787 Y102.309
G0 X107.295 Y102.327
G0 X106.792 Y102.268
G0 X106.721 Y102.016
G0 X107.042 Y102.017
G1 F1485.1 X107.042 Y100.681 E776.4574
G0 F9000 X106.721 Y100.68
G0 X106.792 Y102.268
G0 X107.253 Y102.31
G0 X107.38 Y102.219
G1 F1500 X107.243 Y102.004 E776.46163
G1 X107.243 Y100.48 E776.48698
G1 X106.841 Y100.48 E776.49366
G1 X106.841 Y102.219 E776.52258
G1 X107.38 Y102.219 E776.53155
G0 F9000 X107.253 Y102.31
G0 X117.968 Y106.305
G0 X117.968 Y106.644
G1 F1260.5 X119.301 Y106.642 E776.55793
G0 F9000 X119.301 Y106.303
G0 X117.701 Y106.378
G0 X117.658 Y106.873
G0 X117.749 Y106.988
G1 F1500 X117.974 Y106.863 E776.56221
G1 X119.52 Y106.861 E776.58792
G1 X119.52 Y106.423 E776.5952
G1 X117.749 Y106.426 E776.62465
G1 X117.749 Y106.988 E776.634
G0 F9000 X117.658 Y106.873
G0 X117.624 Y109.572
G0 X118.117 Y109.572
G1 F1056.3 X117.762 Y109.763 E776.64352
G1 F1282.1 X117.763 Y109.38 E776.65097
G1 F1056.3 X118.117 Y109.572 E776.66048
G0 F9000 X117.624 Y109.572
G0 X117.716 Y109.967
G0 X119.452 Y109.818
G0 X119.453 Y109.572
G1 F898.2 X118.117 Y109.572 E776.69759
G0 F9000 X117.624 Y109.572
G0 X117.626 Y112.472
G0 X117.949 Y112.472
G1 F1470.6 X119.317 Y112.478 E776.72079
G0 F9000 X119.316 Y112.8
G0 X117.86 Y112.731
G0 X117.746 Y112.674
G1 F1500 X119.52 Y112.681 E776.75029
G1 X119.52 Y112.275 E776.75704
G1 X117.96 Y112.271 E776.78299
G1 X117.747 Y112.118 E776.78735
G1 X117.746 Y112.674 E776.79659
G0 F9000 X117.526 Y112.674
;MESH:NONMESH
G0 F300 X117.526 Y112.674 Z11.9
G0 F9000 X100.77 Y100.5
G0 X100.77 Y100.339
;TIME_ELAPSED:1744.090516
;LAYER:58
;TYPE:FILL
;MESH:xyzCalibration_cube.stl
G1 F6000 X100.341 Y101.943 E776.82421
G0 F9000 X100.34 Y102.663
G1 F6000 X106.707 Y100.957 E776.93383
G0 F9000 X106.707 Y101.364
G1 F6000 X101.806 Y119.658 E777.24878
G1 X101.858 Y119.658
G1 X100.34 Y118.139 E777.2845
G1 X100.34 Y118.192
G1 X119.658 Y113.015 E777.61709
G0 F9000 X119.169 Y112.811
G1 F6000 X117.334 Y119.659 E777.73499
G0 F9000 X118.047 Y119.659
G1 F6000 X119.658 Y119.227 E777.76273
G0 F9000 X118.83 Y119.658
G1 F6000 X100.34 Y101.169 E778.19758
G0 F9000 X100.5 Y101.169
G0 X103.754 Y100.5
G0 X103.754 Y100.34
G1 F6000 X119.659 Y116.245 E778.57164
G0 F9000 X119.658 Y116.121
G1 F6000 X106.458 Y119.658 E778.7989
G0 F9000 X106.101 Y119.658
G1 F6000 X100.34 Y113.897 E778.93439
G0 F9000 X100.34 Y113.536
G1 F6000 X103.876 Y100.339 E779.1616
G0 F9000 X103.876 Y100.5
G0 X106.68 Y102.268
G0 X109.62 Y102.399
G0 X109.62 Y102.087
G1 F6000 X104.911 Y119.659 E779.46413
G0 F9000 X104.911 Y119.5
G0 X108.017 Y119.5
G0 X108.017 Y119.659
G1 F6000 X113.194 Y100.338 E779.79677
G0 F9000 X112.422 Y100.523
G1 F6000 X118.185 Y106.285 E779.9323
G0 F9000 X117.812 Y106.286
G1 F6000 X119.406 Y100.338 E780.03471
G0 F9000 X119.658 Y100.592
G1 F6000 X100.341 Y105.768 E780.36728
G0 F9000 X100.34 Y105.411
G1 F6000 X114.587 Y119.658 E780.70235
G0 F9000 X114.228 Y119.659
G1 F6000 X117.728 Y106.599 E780.9272
G0 F9000 X117.726 Y107.322
G1 F6000 X100.34 Y111.98 E781.22653
G0 F9000 X100.5 Y111.98
G0 X100.5 Y109.654
G0 X100.34 Y109.654
G1 F6000 X110.344 Y119.658 E781.46181
G0 F9000 X111.123 Y119.659
G1 F6000 X116.3 Y100.338 E781.79445
G0 F9000 X116.482 Y100.34
G1 F6000 X119.659 Y103.517 E781.86917
G0 F9000 X119.658 Y103.698
G1 F6000 X100.34 Y108.874 E782.20176
G0 F9000 X100.5 Y108.874
G0 X100.5 Y115.086
G0 X100.34 Y115.086
G1 F6000 X117.728 Y110.427 E782.50112
G0 F9000 X117.724 Y110.067
G1 F6000 X109.895 Y102.239 E782.68524
G0 F9000 X109.895 Y102.399
G0 X119.53 Y119.53
G0 X119.7 Y119.7
;TYPE:WALL-INNER
G1 F1500 X119.7 Y112.208 E782.80983
G1 X117.989 Y112.204 E782.83829
G1 X117.855 Y112.119 E782.84092
G1 X117.766 Y111.935 E782.84432
G1 X117.77 Y110.177 E782.87356
G1 X117.839 Y110.031 E782.87625
G1 X118.068 Y109.929 E782.88041
G1 X119.7 Y109.931 E782.90755
G1 X119.7 Y109.209 E782.91956
G1 X118.068 Y109.209 E782.9467
G1 X117.84 Y109.105 E782.95087
G1 X117.77 Y108.952 E782.95367
G1 X117.768 Y107.15 E782.98363
G1 X117.85 Y107.015 E782.98626
G1 X117.999 Y106.924 E782.98916
G1 X119.7 Y106.922 E783.01745
G1 X119.7 Y100.3 E783.12758
G1 X111.744 Y100.3 E783.25989
G1 X111.745 Y101.973 E783.28771
G1 X111.662 Y102.106 E783.29031
G1 X111.476 Y102.197 E783.29376
G1 X109.734 Y102.199 E783.32273
G1 X109.551 Y101.952 E783.32784
G1 X109.366 Y102.2 E783.33299
G1 X107.578 Y102.198 E783.36272
G1 X107.428 Y102.138 E783.36541
G1 X107.357 Y102.062 E783.36714
G1 X107.31 Y101.898 E783.36997
G1 X107.31 Y100.3 E783.39655
G1 X100.301 Y100.301 E783.51311
G1 X100.301 Y119.699 E783.8357
G1 X119.7 Y119.7 E784.15831
G0 F9000 X119.9 Y119.9
;TYPE:WALL-OUTER
G1 F1500 X119.9 Y112.008 E784.28955
G1 X118.029 Y111.998 E784.32066
G1 X117.965 Y111.915 E784.32241
G1 X117.969 Y110.201 E784.35091
G1 X118.068 Y110.129 E784.35295
G1 X119.9 Y110.131 E784.38341
G1 X119.9 Y109.009 E784.40207
G1 X118.068 Y109.009 E784.43254
G1 X117.971 Y108.937 E784.43455
G1 X117.967 Y107.214 E784.4632
G1 X118.036 Y107.128 E784.46504
G1 X119.9 Y107.122 E784.49603
G1 X119.9 Y100.1 E784.61281
G1 X111.544 Y100.1 E784.75177
G1 X111.539 Y101.933 E784.78225
G1 X111.487 Y101.998 E784.78364
G1 X109.792 Y101.993 E784.81183
G1 F1250 X109.689 Y101.911 E784.81445
G1 F1075.3 X109.689 Y100.139 E784.85556
G1 F1079.1 X109.412 Y100.139 E784.86197
G1 F1075.3 X109.411 Y101.911 E784.90307
G1 F1250 X109.3 Y102 E784.90591
G1 F1500 X107.587 Y101.997 E784.9344
G1 X107.515 Y101.933 E784.936
G1 X107.51 Y100.1 E784.96649
G1 X100.101 Y100.101 E785.0897
G1 X100.101 Y119.899 E785.41894
G1 X119.9 Y119.9 E785.7482
G0 F9000 X119.9 Y119.7
G0 X119.53 Y119.53
G0 X119.316 Y112.912
G0 X119.317 Y112.59
;TYPE:SKIN
G1 F1456.3 X117.949 Y112.587 E785.77163
G0 F9000 X117.744 Y112.79
G1 F1500 X119.52 Y112.793 E785.80117
G1 X119.52 Y112.388 E785.8079
G1 X117.962 Y112.384 E785.83381
G1 X117.746 Y112.23 E785.83822
G1 X117.744 Y112.79 E785.84754
G0 F9000 X117.624 Y112.789
G0 X117.625 Y109.806
G0 X117.797 Y109.806
G1 F993.4 X117.797 Y109.335 E785.85936
G1 X118.01 Y109.431 E785.86523
G1 F1030.9 X119.48 Y109.429 E785.9008
G1 F1067.6 X119.48 Y109.711 E785.90739
G1 F1030.9 X118.01 Y109.711 E785.94296
G1 F993.4 X117.797 Y109.806 E785.94881
G0 F9000 X117.625 Y109.806
G0 X117.639 Y106.796
G0 X117.701 Y106.259
G0 X117.968 Y106.186
G0 X117.968 Y106.525
G1 F1260.5 X119.301 Y106.523 E785.97519
G0 F9000 X119.301 Y106.184
G0 X117.701 Y106.259
G0 X117.659 Y106.754
G0 X117.75 Y106.891
G1 F1500 X117.976 Y106.744 E785.97968
G1 X119.52 Y106.742 E786.00535
G1 X119.52 Y106.304 E786.01264
G1 X117.749 Y106.307 E786.04209
G1 X117.75 Y106.891 E786.0518
G0 F9000 X117.659 Y106.754
G0 X112.524 Y101.979
G0 X112.164 Y101.979
G1 F1071.4 X112.164 Y100.719 E786.08114
G0 F9000 X112.524 Y100.719
G0 X112.452 Y102.267
G0 X111.915 Y102.309
G0 X111.775 Y102.218
G1 F1500 X112.404 Y102.219 E786.0916
G1 X112.403 Y100.48 E786.12052
G1 X111.924 Y100.48 E786.12848
G1 X111.925 Y102.001 E786.15378
G1 X111.775 Y102.218 E786.15816
G0 F9000 X111.915 Y102.309
G0 X107.182 Y102.327
G0 X106.68 Y102.268
G0 X106.609 Y102.017
G0 X106.93 Y102.018
G1 F1500 X106.93 Y100.68 E786.18042
G0 F9000 X106.609 Y100.679
G0 X106.68 Y102.268
G0 X107.14 Y102.31
G0 X107.268 Y102.219
G1 F1500 X107.13 Y102.003 E786.18468
G1 X107.13 Y100.48 E786.21001
G1 X106.729 Y100.48 E786.21667
G1 X106.729 Y102.219 E786.24559
G1 X107.268 Y102.219 E786.25456
G0 F9000 X107.069 Y102.44
;MESH:NONMESH
G0 F300 X107.069 Y102.44 Z12.1
G0 F9000 X100.624 Y100.5
G0 X100.624 Y100.339
;TIME_ELAPSED:1765.527662
;LAYER:59
;TYPE:FILL
;MESH:xyzCalibration_cube.stl
G1 F6000 X100.341 Y101.398 E786.27279
G0 F9000 X100.339 Y100.969
G1 F6000 X119.03 Y119.659 E786.71236
G0 F9000 X118.592 Y119.659
G1 F6000 X119.658 Y119.373 E786.73071
G0 F9000 X119.5 Y119.373
G0 X117.188 Y119.5
G0 X117.188 Y119.66
G1 F6000 X118.993 Y112.924 E786.84669
G0 F9000 X119.658 Y113.161
G1 F6000 X100.339 Y118.338 E787.1793
G0 F9000 X100.339 Y117.939
G1 F6000 X102.059 Y119.659 E787.21975
G0 F9000 X101.659 Y119.659
G1 F6000 X106.594 Y101.241 E787.53685
G0 F9000 X106.594 Y101.133
G1 F6000 X100.34 Y102.808 E787.64452
G0 F9000 X100.5 Y102.808
G0 X100.5 Y105.211
G0 X100.339 Y105.211
G1 F6000 X114.787 Y119.659 E787.98431
G0 F9000 X114.082 Y119.66
G1 F6000 X119.26 Y100.338 E788.31698
G0 F9000 X119.658 Y100.738
G1 F6000 X100.34 Y105.914 E788.64957
G0 F9000 X100.5 Y105.914
G0 X100.5 Y109.02
G0 X100.34 Y109.02
G1 F6000 X119.659 Y103.844 E788.98217
G0 F9000 X119.659 Y103.318
G1 F6000 X116.681 Y100.339 E789.05222
G0 F9000 X116.154 Y100.338
G1 F6000 X110.977 Y119.659 E789.38487
G0 F9000 X110.544 Y119.659
G1 F6000 X100.339 Y109.454 E789.62487
G0 F9000 X100.5 Y109.454
G0 X100.5 Y112.126
G0 X100.34 Y112.126
G1 F6000 X117.728 Y107.467 E789.92424
G0 F9000 X117.568 Y107.467
G0 X117.701 Y106.139
G0 X118.265 Y106.066
G0 X118.264 Y106.165
G1 F6000 X112.548 Y100.45 E790.05866
G0 F9000 X113.048 Y100.338
G1 F6000 X112.552 Y102.187 E790.09049
G1 X112.539 Y102.238
G1 X107.871 Y119.659 E790.39043
G0 F9000 X107 Y119.659
G1 F6000 X119.658 Y116.267 E790.60836
G0 F9000 X119.659 Y116.046
G1 F6000 X103.953 Y100.34 E790.97774
G0 F9000 X103.73 Y100.339
G1 F6000 X100.34 Y112.992 E791.19558
G0 F9000 X100.339 Y113.697
G1 F6000 X106.302 Y119.659 E791.33581
G0 F9000 X106.302 Y119.5
G0 X104.765 Y119.5
G0 X104.765 Y119.659
G1 F6000 X109.537 Y101.851 E791.6424
G0 F9000 X110.095 Y102.239
G1 F6000 X117.724 Y109.868 E791.82183
G0 F9000 X117.729 Y110.572
G1 F6000 X100.339 Y115.232 E792.12123
G0 F9000 X100.5 Y115.232
G0 X119.53 Y119.53
G0 X119.7 Y119.7
;TYPE:WALL-INNER
G1 F1500 X119.7 Y112.321 E792.24394
G1 X117.989 Y112.317 E792.27239
G1 X117.856 Y112.234 E792.275
G1 X117.766 Y112.048 E792.27844
G1 X117.771 Y110.289 E792.30769
G1 X117.856 Y110.125 E792.31076
G1 X118.068 Y110.04 E792.31456
G1 X119.7 Y110.042 E792.3417
G1 X119.7 Y109.092 E792.3575
G1 X118.068 Y109.092 E792.38464
G1 X117.857 Y109.006 E792.38843
G1 X117.773 Y108.852 E792.39135
G1 X117.769 Y107.028 E792.42168
G1 X117.853 Y106.894 E792.42431
G1 X118 Y106.804 E792.42718
G1 X119.7 Y106.802 E792.45545
G1 X119.7 Y100.3 E792.56358
G1 X111.872 Y100.3 E792.69376
G1 X111.872 Y101.976 E792.72163
G1 X111.765 Y102.129 E792.72473
G1 X111.604 Y102.197 E792.72764
G1 X109.9 Y102.195 E792.75598
G1 X109.808 Y102.161 E792.75761
G1 X109.656 Y101.925 E792.76228
G1 F1507.5 X109.655 Y100.299 E792.78918
G1 F1515.2 X109.459 Y100.299 E792.79241
G1 F1507.5 X109.458 Y101.925 E792.81931
G1 F1500 X109.307 Y102.161 E792.82397
G1 X109.215 Y102.195 E792.8256
G1 X107.465 Y102.198 E792.85471
G1 X107.314 Y102.137 E792.85742
G1 X107.198 Y101.976 E792.86072
G1 X107.198 Y100.3 E792.88859
G1 X100.301 Y100.301 E793.00329
G1 X100.3 Y119.7 E793.32589
G1 X119.7 Y119.7 E793.64852
G0 F9000 X119.9 Y119.9
;TYPE:WALL-OUTER
G1 F1500 X119.9 Y112.121 E793.77788
G1 X118.019 Y112.117 E793.80916
G1 X117.965 Y112.028 E793.81089
G1 X117.97 Y110.315 E793.83938
G1 X118.068 Y110.24 E793.84143
G1 X119.9 Y110.242 E793.8719
G1 X119.9 Y108.892 E793.89435
G1 X118.068 Y108.892 E793.92482
G1 X117.997 Y108.864 E793.92608
G1 X117.968 Y108.803 E793.92721
G1 X117.968 Y107.094 E793.95563
G1 X118.026 Y107.004 E793.95741
G1 X119.9 Y107.002 E793.98857
G1 X119.9 Y100.1 E794.10336
G1 X111.672 Y100.1 E794.24019
G1 X111.667 Y101.932 E794.27065
G1 X111.604 Y101.994 E794.27212
G1 X109.914 Y102 E794.30023
G1 X109.856 Y101.908 E794.30204
G1 X109.854 Y100.1 E794.3321
G1 X109.26 Y100.1 E794.34198
G1 X109.259 Y101.908 E794.37205
G1 X109.203 Y101.996 E794.37378
G1 X107.475 Y101.997 E794.40252
G1 X107.403 Y101.932 E794.40413
G1 X107.398 Y100.1 E794.4346
G1 X100.101 Y100.101 E794.55595
G1 X100.1 Y119.9 E794.88521
G1 X119.9 Y119.9 E795.21448
G0 F9000 X119.9 Y119.7
G0 X119.53 Y119.53
G0 X119.315 Y113.027
G0 X119.316 Y112.705
;TYPE:SKIN
G1 F1463.4 X117.954 Y112.699 E795.2377
G0 F9000 X117.747 Y112.901
G1 F1500 X119.52 Y112.908 E795.26719
G1 X119.52 Y112.501 E795.27395
G1 X117.959 Y112.497 E795.29991
G1 X117.747 Y112.36 E795.30411
G1 X117.747 Y112.901 E795.31311
G0 F9000 X117.627 Y112.901
G0 X117.625 Y109.697
G0 X117.943 Y109.697
G1 F1546.4 X118.047 Y109.663 E795.31487
G1 X119.323 Y109.665 E795.33546
G1 F1538.5 X119.323 Y109.469 E795.33864
G1 F1546.4 X118.048 Y109.469 E795.3592
G1 X117.945 Y109.435 E795.36095
G1 X117.943 Y109.697 E795.36518
G0 F9000 X117.745 Y109.984
G1 F1500 X118.064 Y109.86 E795.37087
G1 X119.52 Y109.862 E795.39508
G1 X119.52 Y109.272 E795.4049
G1 X118.064 Y109.272 E795.42911
G1 X117.747 Y109.148 E795.43477
G1 X117.745 Y109.984 E795.44867
G0 F9000 X117.655 Y109.87
G0 X117.64 Y106.676
G0 X117.701 Y106.139
G0 X117.968 Y106.066
G0 X117.968 Y106.405
G1 F1260.5 X119.301 Y106.403 E795.47505
G0 F9000 X119.301 Y106.064
G0 X117.701 Y106.139
G0 X117.659 Y106.634
G0 X117.749 Y106.773
G1 F1500 X117.976 Y106.624 E795.47957
G1 X119.52 Y106.622 E795.50524
G1 X119.52 Y106.184 E795.51253
G1 X117.749 Y106.187 E795.54198
G1 X117.749 Y106.773 E795.55173
G0 F9000 X117.659 Y106.634
G0 X112.653 Y101.978
G0 X112.292 Y101.978
G1 F1067.6 X112.291 Y100.719 E795.58114
G0 F9000 X112.651 Y100.719
G0 X112.581 Y102.267
G0 X112.042 Y102.309
G0 X111.896 Y102.219
G1 F1500 X112.533 Y102.219 E795.59174
G1 X112.53 Y100.48 E795.62066
G1 X112.052 Y100.48 E795.6286
G1 X112.052 Y101.991 E795.65373
G1 X111.896 Y102.219 E795.65833
G0 F9000 X112.042 Y102.309
G0 X107.07 Y102.327
G0 X106.567 Y102.268
G0 X106.496 Y102.008
G0 X106.826 Y102.009
G1 F1401.9 X106.817 Y101.95 E795.65939
G1 F1456.3 X106.817 Y100.681 E795.68113
G0 F9000 X106.496 Y100.68
G0 X106.567 Y102.268
G0 X107.028 Y102.31
G0 X107.147 Y102.219
G1 F1500 X107.079 Y102.13 E795.68299
G1 X107.021 Y101.926 E795.68652
G1 X107.018 Y100.48 E795.71056
G1 X106.616 Y100.48 E795.71725
G1 X106.615 Y102.22 E795.74618
G1 X107.147 Y102.219 E795.75503
G0 F9000 X106.957 Y102.44
;MESH:NONMESH
G0 F300 X106.957 Y102.44 Z12.3
G0 F9000 X100.477 Y100.5
G0 X100.477 Y100.339
;TIME_ELAPSED:1787.161537
;LAYER:60
;TYPE:FILL
;MESH:xyzCalibration_cube.stl
G1 F6000 X100.341 Y100.849 E795.76381
G1 X100.339 Y100.768
G1 X119.23 Y119.659 E796.2081
G1 X119.14 Y119.659
G1 X119.658 Y119.52 E796.21702
G0 F9000 X119.5 Y119.52
G0 X117.041 Y119.5
G0 X117.041 Y119.659
G1 F6000 X118.816 Y113.036 E796.33104
G0 F9000 X119.658 Y113.308
G1 F6000 X100.339 Y118.485 E796.66366
G0 F9000 X100.339 Y117.738
G1 F6000 X102.26 Y119.659 E796.70883
G0 F9000 X101.512 Y119.659
G1 F6000 X106.483 Y101.11 E797.02819
G0 F9000 X106.482 Y101.31
G1 F6000 X100.341 Y102.955 E797.13392
G0 F9000 X100.5 Y102.955
G0 X100.5 Y105.011
G0 X100.339 Y105.011
G1 F6000 X114.988 Y119.659 E797.47843
G0 F9000 X114.988 Y119.5
G0 X113.935 Y119.5
G0 X113.935 Y119.66
G1 F6000 X119.113 Y100.338 E797.81109
G0 F9000 X119.658 Y100.885
G1 F6000 X100.339 Y106.062 E798.1437
G0 F9000 X100.5 Y106.062
G0 X100.5 Y109.167
G0 X100.339 Y109.167
G1 F6000 X119.659 Y103.991 E798.47633
G0 F9000 X119.659 Y103.117
G1 F6000 X116.881 Y100.339 E798.54166
G0 F9000 X116.007 Y100.338
G1 F6000 X110.83 Y119.659 E798.8743
G1 X110.745 Y119.659
G1 X100.339 Y109.253 E799.11904
G0 F9000 X100.5 Y109.253
G0 X100.5 Y112.273
G0 X100.339 Y112.273
G1 F6000 X117.728 Y107.614 E799.41842
G0 F9000 X117.568 Y107.614
G0 X117.702 Y106.02
G0 X118.346 Y105.947
G0 X118.345 Y106.046
G1 F6000 X112.677 Y100.378 E799.55172
G0 F9000 X112.901 Y100.338
G1 F6000 X112.679 Y101.168 E799.56601
G0 F9000 X112.78 Y101.168
G0 X112.709 Y102.267
G0 X112.392 Y102.339
G0 X112.392 Y102.238
G1 F6000 X107.724 Y119.659 E799.86594
G0 F9000 X107.548 Y119.659
G1 F6000 X119.658 Y116.414 E800.07444
G0 F9000 X119.659 Y115.845
G1 F6000 X104.154 Y100.34 E800.43909
G0 F9000 X103.583 Y100.339
G1 F6000 X100.34 Y112.443 E800.64748
G0 F9000 X100.5 Y112.443
G0 X100.5 Y113.496
G0 X100.339 Y113.496
G1 F6000 X106.503 Y119.659 E800.79244
G0 F9000 X106.503 Y119.5
G0 X104.618 Y119.5
G0 X104.618 Y119.659
G1 F6000 X109.286 Y102.238 E801.09237
G0 F9000 X109.286 Y102.4
G0 X110.293 Y102.399
G0 X110.293 Y102.237
G1 F6000 X117.724 Y109.667 E801.26712
G0 F9000 X117.625 Y109.667
G0 X117.567 Y110.719
G0 X117.726 Y110.72
G1 F6000 X100.339 Y115.379 E801.56647
G0 F9000 X100.5 Y115.379
G0 X119.53 Y119.53
G0 X119.7 Y119.7
;TYPE:WALL-INNER
G1 F1500 X119.7 Y112.435 E801.68729
G1 X117.99 Y112.431 E801.71572
G1 X117.859 Y112.349 E801.7183
G1 X117.767 Y112.163 E801.72175
G1 X117.767 Y110.43 E801.75057
G1 X117.871 Y110.222 E801.75443
G1 X118.068 Y110.151 E801.75792
G1 X119.7 Y110.153 E801.78506
G1 X119.7 Y108.975 E801.80465
G1 X118.068 Y108.975 E801.83179
G1 X117.872 Y108.903 E801.83526
G1 X117.769 Y108.71 E801.8389
G1 X117.769 Y106.909 E801.86885
G1 X117.854 Y106.772 E801.87153
G1 X118.001 Y106.684 E801.87438
G1 X119.7 Y106.683 E801.90263
G1 X119.7 Y100.3 E802.00878
G1 X112 Y100.3 E802.13683
G1 X112 Y101.971 E802.16462
G1 X111.861 Y102.153 E802.16843
G1 X111.732 Y102.198 E802.1707
G1 X110.027 Y102.195 E802.19906
G1 X109.904 Y102.142 E802.20128
G1 X109.782 Y101.926 E802.20541
G1 X109.78 Y100.3 E802.23245
G1 X109.347 Y100.3 E802.23965
G1 X109.346 Y101.926 E802.26669
G1 X109.224 Y102.142 E802.27082
G1 X109.063 Y102.199 E802.27366
G1 X107.352 Y102.199 E802.30211
G1 X107.2 Y102.137 E802.30484
G1 X107.085 Y101.976 E802.30813
G1 X107.085 Y100.3 E802.336
G1 X100.301 Y100.301 E802.44882
G1 X100.3 Y119.7 E802.77143
G1 X119.7 Y119.7 E803.09405
G0 F9000 X119.9 Y119.9
;TYPE:WALL-OUTER
G1 F1500 X119.9 Y112.235 E803.22152
G1 X118.031 Y112.226 E803.2526
G1 X117.966 Y112.169 E803.25404
G1 X117.969 Y110.428 E803.28299
G1 X118.015 Y110.351 E803.28449
G1 X119.9 Y110.353 E803.31583
G1 X119.9 Y108.775 E803.34208
G1 X118.068 Y108.775 E803.37254
G1 X117.969 Y108.695 E803.37466
G1 X117.973 Y106.95 E803.40368
G1 X118.029 Y106.884 E803.40512
G1 X119.9 Y106.883 E803.43623
G1 X119.9 Y100.1 E803.54903
G1 X111.8 Y100.1 E803.68374
G1 X111.795 Y101.933 E803.71422
G1 X111.723 Y101.997 E803.71582
G1 X110.033 Y102 E803.74393
G1 X109.982 Y101.908 E803.74568
G1 X109.98 Y100.1 E803.77574
G1 X109.147 Y100.1 E803.7896
G1 X109.146 Y101.908 E803.81966
G1 X109.096 Y101.998 E803.82138
G1 X107.374 Y102 E803.85001
G1 X107.29 Y101.933 E803.8518
G1 X107.285 Y100.1 E803.88228
G1 X100.101 Y100.101 E804.00175
G1 X100.1 Y119.9 E804.33101
G1 X119.9 Y119.9 E804.66029
G0 F9000 X119.9 Y119.7
G0 X119.53 Y119.53
G0 X119.316 Y113.14
G0 X119.317 Y112.818
;TYPE:SKIN
G1 F1470.6 X117.948 Y112.812 E804.68351
G0 F9000 X117.747 Y113.014
G1 F1500 X119.52 Y113.021 E804.713
G1 X119.52 Y112.615 E804.71975
G1 X117.963 Y112.611 E804.74564
G1 X117.75 Y112.496 E804.74967
G1 X117.747 Y113.014 E804.75828
G0 F9000 X117.627 Y113.014
G0 X117.655 Y109.98
G0 X117.746 Y110.08
G1 F1500 X117.748 Y109.045 E804.77549
G1 X118.037 Y109.15 E804.78061
G1 X119.52 Y109.155 E804.80527
G1 X119.52 Y109.973 E804.81887
G1 X118.039 Y109.976 E804.8435
G1 X117.746 Y110.08 E804.84867
G0 F9000 X118.073 Y109.87
G1 F1500 X117.847 Y109.644 E804.85399
G0 F9000 X117.847 Y109.362
G1 F1500 X118.356 Y109.87 E804.86595
G0 F9000 X118.639 Y109.871
G1 F1500 X118.023 Y109.255 E804.88043
G0 F9000 X118.306 Y109.255
G1 F1500 X118.923 Y109.872 E804.89494
G0 F9000 X119.206 Y109.872
G1 F1500 X118.588 Y109.255 E804.90947
G0 F9000 X118.871 Y109.255
G1 F1500 X119.419 Y109.802 E804.92234
G0 F9000 X119.419 Y109.519
G1 F1500 X119.154 Y109.255 E804.92856
G0 F9000 X119.154 Y108.975
G0 X117.84 Y108.903
G0 X117.84 Y106.756
G0 X119.628 Y106.611
G0 X119.628 Y106.017
G0 X119.301 Y105.945
G0 X119.301 Y106.284
G1 F1265.8 X117.969 Y106.286 E804.95481
G0 F9000 X117.748 Y106.662
G1 F1500 X117.978 Y106.504 E804.95945
G1 X119.52 Y106.503 E804.9851
G1 X119.52 Y106.065 E804.99238
G1 X117.75 Y106.068 E805.02182
G1 X117.748 Y106.662 E805.03169
G0 F9000 X117.568 Y106.662
G0 X112.781 Y101.975
G0 X112.417 Y101.975
G1 F1056.3 X112.419 Y100.719 E805.06136
G0 F9000 X112.779 Y100.719
G0 X112.709 Y102.267
G0 X112.17 Y102.309
G0 X112.05 Y102.219
G1 F1500 X112.661 Y102.219 E805.07152
G1 X112.658 Y100.48 E805.10044
G1 X112.18 Y100.48 E805.10838
G1 X112.18 Y101.914 E805.13223
G1 X112.114 Y102.139 E805.13613
G1 X112.05 Y102.219 E805.13784
G0 F9000 X112.17 Y102.339
G0 X109.854 Y102.127
G0 X109.848 Y100.521
G0 X109.564 Y100.3
G0 X109.564 Y100.517
G1 F967.7 X109.564 Y101.314 E805.15838
G1 F785.3 X109.564 Y102.111 E805.1837
G0 F9000 X109.564 Y102.339
G0 X106.957 Y102.328
G0 X106.455 Y102.268
G0 X106.384 Y102.008
G0 X106.714 Y102.009
G1 F1408.5 X106.705 Y101.949 E805.18477
G1 F1470.6 X106.705 Y100.681 E805.20628
G0 F9000 X106.384 Y100.68
G0 X106.455 Y102.268
G0 X106.915 Y102.31
G0 X107.033 Y102.219
G1 F1500 X106.965 Y102.128 E805.20817
G1 X106.906 Y101.916 E805.21183
G1 X106.905 Y100.48 E805.23571
G1 X106.504 Y100.48 E805.24238
G1 X106.504 Y102.219 E805.2713
G1 X107.033 Y102.219 E805.28009
G0 F9000 X106.844 Y102.44
;MESH:NONMESH
G0 F300 X106.844 Y102.44 Z12.5
G0 F9000 X100.5 Y100.568
G0 X100.339 Y100.568
;TIME_ELAPSED:1810.037903
;LAYER:61
;TYPE:FILL
;MESH:xyzCalibration_cube.stl
G1 F6000 X119.43 Y119.659 E805.72908
G0 F9000 X119.43 Y119.5
G0 X116.895 Y119.5
G0 X116.895 Y119.66
G1 F6000 X118.639 Y113.15 E805.84116
G0 F9000 X118.638 Y113.251
G0 X119.5 Y113.454
G0 X119.658 Y113.454
G1 F6000 X100.34 Y118.631 E806.17376
G0 F9000 X100.5 Y118.631
G0 X100.5 Y117.539
G0 X100.339 Y117.539
G1 F6000 X102.459 Y119.659 E806.22362
G0 F9000 X102.459 Y119.5
G0 X101.366 Y119.5
G0 X101.366 Y119.659
G1 F6000 X106.37 Y100.986 E806.54511
G0 F9000 X106.369 Y101.486
G1 F6000 X100.34 Y103.102 E806.64891
G0 F9000 X100.5 Y103.102
G0 X100.5 Y104.811
G0 X100.339 Y104.811
G1 F6000 X115.187 Y119.659 E806.99811
G0 F9000 X115.187 Y119.5
G0 X113.79 Y119.5
G0 X113.79 Y119.659
G1 F6000 X118.967 Y100.338 E807.33076
G0 F9000 X119.659 Y101.031
G1 F6000 X100.34 Y106.207 E807.66336
G0 F9000 X100.5 Y106.207
G0 X100.5 Y109.054
G0 X100.339 Y109.054
G1 F6000 X110.945 Y119.659 E807.91279
G0 F9000 X110.684 Y119.659
G1 F6000 X115.861 Y100.339 E808.24542
G0 F9000 X115.861 Y100.5
G0 X117.081 Y100.5
G0 X117.081 Y100.339
G1 F6000 X119.659 Y102.917 E808.30605
G0 F9000 X119.5 Y102.917
G0 X119.5 Y104.137
G0 X119.659 Y104.137
G1 F6000 X100.34 Y109.313 E808.63866
G0 F9000 X100.5 Y109.313
G0 X100.5 Y111.898
G0 X100.34 Y111.898
G1 F6000 X103.437 Y100.339 E808.83766
G0 F9000 X104.354 Y100.34
G1 F6000 X119.659 Y115.645 E809.19761
G0 F9000 X119.658 Y116.56
G1 F6000 X108.093 Y119.659 E809.39672
G0 F9000 X107.578 Y119.659
G1 F6000 X112.246 Y102.239 E809.69664
G0 F9000 X112.246 Y102.34
G0 X110.496 Y102.4
G0 X110.496 Y102.24
G1 F6000 X117.726 Y109.47 E809.86668
G1 X117.738 Y109.482
G1 X117.921 Y109.665 E809.87098
G0 F9000 X117.921 Y109.566
G0 X117.567 Y110.865
G0 X117.726 Y110.866
G1 F6000 X100.34 Y115.525 E810.17032
G0 F9000 X100.5 Y115.525
G0 X100.5 Y113.296
G0 X100.339 Y113.296
G1 F6000 X106.702 Y119.659 E810.31996
G0 F9000 X106.702 Y119.5
G0 X104.472 Y119.5
G0 X104.472 Y119.659
G1 F6000 X109.14 Y102.237 E810.61991
G0 F9000 X109.14 Y102.4
G0 X112.256 Y102.327
G0 X112.835 Y102.268
G0 X112.838 Y100.5
G0 X112.838 Y100.339
G1 F6000 X118.425 Y105.926 E810.75131
G0 F9000 X118.426 Y105.826
G0 X117.702 Y105.9
G0 X117.568 Y107.76
G0 X117.729 Y107.76
G1 F6000 X100.34 Y112.419 E811.05069
G0 F9000 X100.5 Y112.419
G0 X117.698 Y109.637
G0 X119.573 Y109.568
G0 X119.573 Y109.667
G1 F6000 X119.623 Y109.481 E811.05389
G0 F9000 X119.53 Y109.552
G0 X117.698 Y109.637
G0 X117.639 Y110.133
G0 X117.638 Y112.671
G0 X117.688 Y113.081
G0 X119.53 Y119.53
G0 X119.7 Y119.7
;TYPE:WALL-INNER
G1 F1500 X119.7 Y112.548 E811.17283
G1 X117.993 Y112.544 E811.20122
G1 X117.861 Y112.464 E811.20378
G1 X117.767 Y112.276 E811.20728
G1 X117.77 Y110.512 E811.23662
G1 X117.886 Y110.322 E811.24032
G1 X118.068 Y110.262 E811.2435
G1 X119.7 Y110.264 E811.27065
G1 X119.7 Y108.858 E811.29403
G1 X118.069 Y108.858 E811.32115
G1 X117.887 Y108.798 E811.32434
G1 X117.771 Y108.597 E811.3282
G1 X117.769 Y106.788 E811.35828
G1 X117.856 Y106.651 E811.36098
G1 X118.003 Y106.565 E811.36381
G1 X119.7 Y106.563 E811.39203
G1 X119.7 Y100.3 E811.49619
G1 X112.128 Y100.3 E811.62211
G1 X112.128 Y101.967 E811.64983
G1 X112.057 Y102.094 E811.65225
G1 X111.861 Y102.198 E811.65594
G1 X110.154 Y102.196 E811.68433
G1 X110.007 Y102.124 E811.68705
G1 X109.908 Y101.926 E811.69073
G1 X109.906 Y100.3 E811.71777
G1 X109.234 Y100.3 E811.72895
G1 X109.232 Y101.926 E811.75599
G1 X109.135 Y102.124 E811.75966
G1 X108.956 Y102.2 E811.76289
G1 X107.24 Y102.199 E811.79143
G1 X107.086 Y102.136 E811.79419
G1 X107.015 Y102.055 E811.79599
G1 X106.973 Y101.899 E811.79867
G1 X106.973 Y100.3 E811.82526
G1 X100.301 Y100.301 E811.93622
G1 X100.3 Y119.7 E812.25883
G1 X119.7 Y119.7 E812.58145
G0 F9000 X119.9 Y119.9
;TYPE:WALL-OUTER
G1 F1500 X119.9 Y112.348 E812.70704
G1 X118.032 Y112.339 E812.73811
G1 X117.966 Y112.283 E812.73954
G1 X117.97 Y110.536 E812.7686
G1 X118.019 Y110.462 E812.77007
G1 X119.9 Y110.464 E812.80135
G1 X119.9 Y108.658 E812.83139
G1 X118.02 Y108.658 E812.86265
G1 X117.969 Y108.571 E812.86433
G1 X117.973 Y106.831 E812.89327
G1 X118.04 Y106.768 E812.8948
G1 X119.9 Y106.763 E812.92573
G1 X119.9 Y100.1 E813.03653
G1 X111.928 Y100.1 E813.16911
G1 X111.923 Y101.932 E813.19958
G1 X111.871 Y101.999 E813.20099
G1 X110.185 Y101.998 E813.22902
G1 X110.108 Y101.909 E813.23098
G1 X110.106 Y100.1 E813.26106
G1 X109.034 Y100.1 E813.27889
G1 X109.033 Y101.909 E813.30898
G1 X108.989 Y102 E813.31066
G1 X107.262 Y102 E813.33938
G1 X107.178 Y101.932 E813.34117
G1 X107.173 Y100.1 E813.37164
G1 X100.101 Y100.101 E813.48925
G1 X100.1 Y119.9 E813.81851
G1 X119.9 Y119.9 E814.14778
G0 F9000 X119.9 Y119.7
G0 X119.53 Y119.53
G0 X119.316 Y113.252
G0 X119.317 Y112.93
;TYPE:SKIN
G1 F1456.3 X117.95 Y112.927 E814.1712
G0 F9000 X117.748 Y113.13
G1 F1500 X119.52 Y113.133 E814.20067
G1 X119.52 Y112.728 E814.2074
G1 X117.966 Y112.724 E814.23325
G1 X117.747 Y112.601 E814.23742
G1 X117.748 Y113.13 E814.24622
G0 F9000 X117.747 Y113.25
G0 X117.664 Y112.891
G0 X117.626 Y109.896
G0 X117.956 Y109.896
G1 F1442.3 X118.022 Y109.885 E814.24738
G1 F1515.2 X119.322 Y109.886 E814.26878
G0 F9000 X119.323 Y109.568
G0 X117.698 Y109.637
G0 X117.656 Y110.091
G0 X117.746 Y110.181
G1 F1500 X118.054 Y110.083 E814.27415
G1 X119.52 Y110.084 E814.29853
G1 X119.52 Y109.688 E814.30512
G1 X117.747 Y109.686 E814.33461
G1 X117.746 Y110.181 E814.34284
G0 F9000 X117.973 Y109.238
G1 F1271.2 X118.074 Y109.25 E814.34483
G1 F1339.3 X119.308 Y109.25 E814.36782
G0 F9000 X119.308 Y109.583
G0 X117.86 Y109.518
G0 X117.748 Y109.462
G1 F1500 X119.52 Y109.462 E814.39729
G1 X119.52 Y109.038 E814.40434
G1 X118.04 Y109.033 E814.42895
G1 X117.748 Y108.909 E814.43422
G1 X117.748 Y109.462 E814.44342
G0 F9000 X117.627 Y109.462
G0 X117.64 Y106.437
G0 X117.702 Y105.9
G0 X117.975 Y105.827
G0 X117.975 Y106.172
G1 F1229.5 X119.301 Y106.164 E814.47032
G0 F9000 X119.301 Y105.825
G0 X117.702 Y105.9
G0 X117.66 Y106.395
G0 X117.75 Y106.515
G1 F1500 X117.864 Y106.432 E814.47267
G1 X118.049 Y106.386 E814.47584
G1 X119.52 Y106.383 E814.5003
G1 X119.52 Y105.945 E814.50759
G1 X117.75 Y105.948 E814.53702
G1 X117.75 Y106.515 E814.54645
G0 F9000 X117.66 Y106.395
G0 X112.547 Y102.34
G0 X112.547 Y101.981
G1 F1071.4 X112.547 Y100.719 E814.57583
G0 F9000 X112.907 Y100.719
G0 X112.835 Y102.268
G0 X112.298 Y102.31
G0 X112.181 Y102.219
G1 F1500 X112.787 Y102.22 E814.58591
G1 X112.786 Y100.48 E814.61485
G1 X112.308 Y100.48 E814.6228
G1 X112.308 Y102.019 E814.64839
G1 X112.181 Y102.219 E814.65233
G0 F9000 X112.298 Y102.31
G0 X109.796 Y102.339
G0 X109.796 Y102.179
G1 F1071.4 X109.347 Y102.178 E814.66278
G1 X109.442 Y101.985 E814.66779
G1 F1119.4 X109.442 Y100.508 E814.70071
G1 F1167.3 X109.698 Y100.508 E814.70618
G1 F1119.4 X109.7 Y101.985 E814.73909
G1 F1071.4 X109.796 Y102.179 E814.74413
G0 F9000 X109.796 Y102.339
G0 X106.845 Y102.328
G0 X106.342 Y102.269
G0 X106.271 Y102.009
G0 X106.601 Y102.01
G1 F1401.9 X106.592 Y101.953 E814.74516
G1 F1456.3 X106.592 Y100.681 E814.76695
G0 F9000 X106.271 Y100.68
G0 X106.342 Y102.269
G0 X106.803 Y102.311
G0 X106.923 Y102.22
G1 F1500 X106.851 Y102.124 E814.76894
G1 X106.794 Y101.917 E814.77251
G1 X106.793 Y100.48 E814.79641
G1 X106.391 Y100.48 E814.80309
G1 X106.39 Y102.221 E814.83205
G1 X106.923 Y102.22 E814.84091
G0 F9000 X106.732 Y102.441
;MESH:NONMESH
G0 F300 X106.732 Y102.441 Z12.7
G0 F9000 X100.47 Y100.47
G0 X100.339 Y100.368
;TIME_ELAPSED:1833.843592
;LAYER:62
;TYPE:FILL
;MESH:xyzCalibration_cube.stl
G1 F6000 X119.631 Y119.659 E815.29462
G0 F9000 X119.53 Y119.53
G0 X116.748 Y119.5
G0 X116.748 Y119.66
G1 F6000 X118.462 Y113.262 E815.40477
G0 F9000 X118.461 Y113.364
G0 X119.5 Y113.601
G0 X119.658 Y113.601
G1 F6000 X100.34 Y118.778 E815.73736
G0 F9000 X100.5 Y118.778
G0 X101.219 Y119.5
G0 X101.219 Y119.659
G1 F6000 X106.258 Y100.855 E816.06111
G0 F9000 X106.257 Y101.663
G1 F6000 X100.34 Y103.249 E816.16298
G0 F9000 X100.5 Y103.249
G0 X100.5 Y104.61
G0 X100.339 Y104.61
G1 F6000 X115.388 Y119.659 E816.51691
G0 F9000 X115.388 Y119.5
G0 X113.643 Y119.5
G0 X113.643 Y119.659
G1 F6000 X118.82 Y100.338 E816.84956
G0 F9000 X118.82 Y100.5
G0 X119.5 Y101.178
G0 X119.659 Y101.178
G1 F6000 X100.34 Y106.354 E817.18216
G0 F9000 X100.5 Y106.354
G0 X100.5 Y108.853
G0 X100.339 Y108.853
G1 F6000 X111.145 Y119.659 E817.4363
G0 F9000 X110.537 Y119.659
G1 F6000 X115.714 Y100.339 E817.76893
G0 F9000 X115.714 Y100.5
G0 X117.282 Y100.5
G0 X117.282 Y100.339
G1 F6000 X119.659 Y102.717 E817.82485
G0 F9000 X119.5 Y102.717
G0 X119.5 Y104.284
G0 X119.659 Y104.284
G1 F6000 X100.34 Y109.46 E818.15745
G0 F9000 X100.5 Y109.46
G0 X100.5 Y111.35
G0 X100.34 Y111.35
G1 F6000 X103.29 Y100.339 E818.34703
G0 F9000 X103.29 Y100.5
G0 X104.554 Y100.5
G0 X104.554 Y100.34
G1 F6000 X106.258 Y102.043 E818.38709
G0 F9000 X106.455 Y102.241
G1 F6000 X119.659 Y115.445 E818.69763
G0 F9000 X119.5 Y115.445
G0 X119.5 Y116.707
G0 X119.658 Y116.707
G1 F6000 X108.642 Y119.659 E818.88729
G0 F9000 X108.642 Y119.5
G0 X107.431 Y119.5
G0 X107.431 Y119.659
G1 F6000 X112.099 Y102.239 E819.1872
G0 F9000 X112.099 Y102.4
G0 X110.696 Y102.4
G0 X110.696 Y102.239
G1 F6000 X117.726 Y109.269 E819.35254
G0 F9000 X117.823 Y109.366
G1 F6000 X118.233 Y109.776 E819.36218
G0 F9000 X118.233 Y109.677
G0 X119.396 Y109.679
G0 X119.396 Y109.778
G1 F6000 X119.507 Y109.364 E819.36931
G0 F9000 X119.507 Y109.466
G0 X117.699 Y109.394
G0 X117.569 Y107.906
G0 X117.732 Y107.906
G1 F6000 X100.34 Y112.566 E819.66874
G0 F9000 X100.339 Y113.096
G1 F6000 X106.903 Y119.659 E819.82311
G0 F9000 X106.903 Y119.5
G0 X104.325 Y119.5
G0 X104.325 Y119.659
G1 F6000 X108.993 Y102.237 E820.12305
G0 F9000 X108.993 Y102.4
G0 X112.384 Y102.327
G0 X112.963 Y102.268
G0 X113.039 Y100.5
G0 X113.039 Y100.339
G1 F6000 X118.506 Y105.806 E820.25163
G0 F9000 X118.507 Y105.706
G0 X117.703 Y105.779
G0 X117.668 Y106.084
G0 X117.567 Y111.012
G0 X117.726 Y111.013
G1 F6000 X100.34 Y115.672 E820.55096
G0 F9000 X100.5 Y115.672
G0 X100.5 Y117.338
G0 X100.339 Y117.338
G1 F6000 X102.66 Y119.659 E820.60555
G0 F9000 X102.66 Y119.5
G0 X119.53 Y119.53
G0 X119.7 Y119.7
;TYPE:WALL-INNER
G1 F1500 X119.7 Y112.661 E820.72261
G1 X118.065 Y112.657 E820.7498
G1 X117.906 Y112.611 E820.75255
G1 X117.828 Y112.541 E820.75429
G1 X117.767 Y112.389 E820.75702
G1 X117.767 Y110.649 E820.78595
G1 X117.797 Y110.54 E820.78783
G1 X117.898 Y110.424 E820.79039
G1 X118.068 Y110.373 E820.79334
G1 X119.7 Y110.375 E820.82048
G1 X119.7 Y108.741 E820.84766
G1 X118.069 Y108.741 E820.87478
G1 X117.9 Y108.69 E820.87772
G1 X117.772 Y108.49 E820.88166
G1 X117.772 Y106.697 E820.91148
G1 X117.818 Y106.579 E820.91359
G1 X117.931 Y106.478 E820.91611
G1 X118.068 Y106.445 E820.91845
G1 X119.7 Y106.443 E820.94559
G1 X119.7 Y100.3 E821.04775
G1 X112.256 Y100.3 E821.17155
G1 X112.256 Y101.969 E821.1993
G1 X112.175 Y102.106 E821.20195
G1 X112.025 Y102.192 E821.20482
G1 X110.32 Y102.2 E821.23318
G1 X110.114 Y102.105 E821.23695
G1 X110.034 Y101.927 E821.2402
G1 X110.033 Y100.3 E821.26725
G1 X109.121 Y100.3 E821.28242
G1 X109.12 Y101.927 E821.30948
G1 X109.04 Y102.105 E821.31272
G1 X108.842 Y102.2 E821.31637
G1 X107.127 Y102.199 E821.34489
G1 X106.972 Y102.134 E821.34769
G1 X106.901 Y102.052 E821.34949
G1 X106.86 Y101.899 E821.35213
G1 X106.86 Y100.3 E821.37872
G1 X100.301 Y100.301 E821.4878
G1 X100.3 Y119.7 E821.8104
G1 X119.7 Y119.7 E822.13303
G0 F9000 X119.9 Y119.9
;TYPE:WALL-OUTER
G1 F1500 X119.9 Y112.461 E822.25674
G1 X118.065 Y112.457 E822.28725
G1 X117.966 Y112.409 E822.28908
G1 X117.969 Y110.649 E822.31835
G1 X118.022 Y110.573 E822.31989
G1 X119.9 Y110.575 E822.35112
G1 X119.9 Y108.541 E822.38495
G1 X118.022 Y108.541 E822.41618
G1 X117.97 Y108.456 E822.41784
G1 X117.97 Y106.7 E822.44704
G1 X118.041 Y106.648 E822.4485
G1 X119.9 Y106.643 E822.47942
G1 X119.9 Y100.1 E822.58823
G1 X112.056 Y100.1 E822.71868
G1 X112.051 Y101.931 E822.74913
G1 X111.979 Y101.997 E822.75075
G1 X110.32 Y102 E822.77834
G1 X110.234 Y101.909 E822.78042
G1 X110.233 Y100.1 E822.81051
G1 X108.921 Y100.1 E822.83232
G1 X108.92 Y101.958 E822.86322
G1 X108.82 Y102 E822.86503
G1 X107.122 Y102 E822.89326
G1 X107.06 Y101.938 E822.89472
G1 X107.06 Y100.1 E822.92529
G1 X100.101 Y100.101 E823.04102
G1 X100.1 Y119.9 E823.37028
G1 X119.9 Y119.9 E823.69955
G0 F9000 X119.9 Y119.7
G0 X119.53 Y119.53
G0 X119.315 Y113.367
G0 X119.316 Y113.045
;TYPE:SKIN
G1 F1456.3 X117.949 Y113.039 E823.72297
G0 F9000 X117.747 Y113.241
G1 F1500 X119.52 Y113.248 E823.75245
G1 X119.52 Y112.841 E823.75922
G1 X117.967 Y112.837 E823.78505
G1 X117.747 Y112.713 E823.78925
G1 X117.747 Y113.241 E823.79803
G0 F9000 X117.627 Y113.241
G0 X117.639 Y110.244
G0 X117.698 Y109.748
G0 X117.956 Y109.677
G0 X117.955 Y110.005
G1 F1428.6 X118.017 Y109.995 E823.79912
G1 F1507.5 X119.322 Y109.997 E823.82072
G0 F9000 X119.323 Y109.679
G0 X117.698 Y109.748
G0 X117.656 Y110.202
G0 X117.746 Y110.329
G1 F1500 X117.824 Y110.262 E823.82243
G1 X118.04 Y110.196 E823.82618
G1 X119.52 Y110.195 E823.8508
G1 X119.52 Y109.799 E823.85738
G1 X117.746 Y109.796 E823.88688
G1 X117.746 Y110.329 E823.89575
G0 F9000 X117.656 Y110.202
G0 X117.627 Y109.122
G0 X117.971 Y109.122
G1 F1276.6 X118.071 Y109.133 E823.89771
G1 F1339.3 X119.308 Y109.133 E823.92075
G0 F9000 X119.308 Y109.466
G0 X117.86 Y109.401
G0 X117.748 Y109.345
G1 F1500 X119.52 Y109.345 E823.95022
G1 X119.52 Y108.921 E823.95727
G1 X118.071 Y108.921 E823.98137
G1 X117.824 Y108.852 E823.98563
G1 X117.748 Y108.792 E823.98724
G1 X117.748 Y109.345 E823.99644
G0 F9000 X117.627 Y109.345
G0 X117.641 Y106.317
G0 X117.703 Y105.779
G0 X117.97 Y105.706
G0 X117.97 Y106.046
G1 F1260.5 X119.301 Y106.045 E824.02278
G0 F9000 X119.301 Y105.706
G0 X117.703 Y105.779
G0 X117.66 Y106.275
G0 X117.754 Y106.38
G1 F1500 X117.981 Y106.265 E824.02701
G1 X119.52 Y106.263 E824.05261
G1 X119.52 Y105.826 E824.05987
G1 X117.751 Y105.827 E824.08929
G1 X117.754 Y106.38 E824.09849
G0 F9000 X117.66 Y106.275
G0 X113.035 Y101.98
G0 X112.675 Y101.98
G1 F1071.4 X112.675 Y100.719 E824.12785
G0 F9000 X113.035 Y100.719
G0 X112.963 Y102.268
G0 X112.426 Y102.31
G0 X112.317 Y102.217
G1 F1500 X112.915 Y102.22 E824.13779
G1 X112.914 Y100.48 E824.16673
G1 X112.436 Y100.48 E824.17468
G1 X112.436 Y101.986 E824.19972
G1 X112.317 Y102.217 E824.20404
G0 F9000 X112.426 Y102.31
G0 X109.693 Y102.339
G0 X109.693 Y102.029
G1 F1685.4 X109.666 Y101.938 E824.20545
G1 F1694.9 X109.665 Y100.668 E824.22414
G1 X109.489 Y100.668 E824.22673
G1 X109.488 Y101.938 E824.24542
G1 F1685.4 X109.461 Y102.029 E824.24683
G1 X109.693 Y102.029 E824.25026
G0 F9000 X109.973 Y102.219
G1 F1500 X109.855 Y101.954 E824.25509
G1 X109.853 Y100.48 E824.2796
G1 X109.301 Y100.48 E824.28878
G1 X109.299 Y101.954 E824.31329
G1 X109.181 Y102.219 E824.31812
G1 X109.973 Y102.219 E824.33129
G0 F9000 X109.864 Y102.309
G0 X106.732 Y102.328
G0 X106.23 Y102.269
G0 X106.159 Y102.01
G0 X106.488 Y102.011
G1 F1408.5 X106.48 Y101.953 E824.33232
G1 F1470.6 X106.48 Y100.681 E824.3539
G0 F9000 X106.159 Y100.68
G0 X106.23 Y102.269
G0 X106.69 Y102.311
G0 X106.81 Y102.22
G1 F1500 X106.736 Y102.119 E824.35598
G1 X106.681 Y101.917 E824.35946
G1 X106.68 Y100.48 E824.38336
G1 X106.279 Y100.48 E824.39003
G1 X106.278 Y102.221 E824.41898
G1 X106.81 Y102.22 E824.42783
G0 F9000 X106.619 Y102.441
;MESH:NONMESH
G0 F300 X106.619 Y102.441 Z12.9
G0 F9000 X100.511 Y100.5
G0 X100.511 Y100.34
;TIME_ELAPSED:1858.145507
;LAYER:63
;TYPE:FILL
;MESH:xyzCalibration_cube.stl
G1 F6000 X119.659 Y119.488 E824.87816
G0 F9000 X119.5 Y119.488
G0 X119.5 Y116.853
G0 X119.659 Y116.853
G1 F6000 X109.189 Y119.658 E825.05842
G0 F9000 X109.189 Y119.5
G0 X110.391 Y119.5
G0 X110.391 Y119.659
G1 F6000 X115.568 Y100.339 E825.39105
G0 F9000 X115.568 Y100.5
G0 X117.482 Y100.5
G0 X117.482 Y100.34
G1 F6000 X119.659 Y102.517 E825.44225
G0 F9000 X119.5 Y102.517
G0 X119.5 Y101.324
G0 X119.658 Y101.324
G1 F6000 X100.34 Y106.5 E825.77484
G0 F9000 X100.5 Y106.5
G0 X100.5 Y104.412
G0 X100.34 Y104.412
G1 F6000 X115.587 Y119.658 E826.13341
G0 F9000 X115.587 Y119.5
G0 X116.603 Y119.5
G0 X116.603 Y119.659
G1 F6000 X118.286 Y113.376 E826.24158
G0 F9000 X117.789 Y113.375
G1 F6000 X119.659 Y115.245 E826.28556
G0 F9000 X119.5 Y115.245
G0 X119.5 Y113.747
G0 X119.658 Y113.747
G1 F6000 X100.339 Y118.924 E826.61817
G0 F9000 X100.5 Y118.924
G0 X101.073 Y119.5
G0 X101.073 Y119.659
G1 F6000 X106.145 Y100.73 E826.94407
G0 F9000 X106.046 Y100.73
G0 X106.046 Y101.731
G0 X106.145 Y101.731
G1 F6000 X104.754 Y100.34 E826.97678
G0 F9000 X104.754 Y100.5
G0 X103.144 Y100.5
G0 X103.144 Y100.339
G1 F6000 X100.34 Y110.804 E827.15696
G0 F9000 X100.5 Y110.804
G0 X100.5 Y109.606
G0 X100.34 Y109.606
G1 F6000 X119.658 Y104.43 E827.48955
G0 F9000 X119.5 Y104.43
G0 X118.587 Y105.587
G0 X118.586 Y105.687
G1 F6000 X113.239 Y100.34 E827.6153
G0 F9000 X113.239 Y100.5
G0 X113.091 Y102.268
G0 X111.953 Y102.4
G0 X111.953 Y102.236
G1 F6000 X107.285 Y119.658 E827.91525
G0 F9000 X107.101 Y119.658
G1 F6000 X100.34 Y112.897 E828.07426
G0 F9000 X100.34 Y112.712
G1 F6000 X117.728 Y108.053 E828.37362
G0 F9000 X117.569 Y108.053
G0 X117.628 Y109.071
G0 X117.727 Y109.071
G1 F6000 X110.896 Y102.239 E828.53429
G0 F9000 X110.896 Y102.4
G0 X108.847 Y102.4
G0 X108.847 Y102.237
G1 F6000 X104.179 Y119.659 E828.83424
G0 F9000 X104.179 Y119.5
G0 X102.858 Y119.5
G0 X102.858 Y119.658
G1 F6000 X100.34 Y117.14 E828.89346
G0 F9000 X100.5 Y117.14
G0 X100.5 Y115.818
G0 X100.34 Y115.818
G1 F6000 X117.727 Y111.159 E829.1928
G0 F9000 X117.568 Y111.158
G0 X117.698 Y109.86
G0 X118.545 Y109.79
G0 X118.545 Y109.889
G1 F6000 X117.905 Y109.249 E829.20785
G0 F9000 X117.905 Y109.349
G0 X119.22 Y109.791
G0 X119.22 Y109.89
G1 F6000 X119.392 Y109.248 E829.21891
G0 F9000 X119.392 Y109.349
G0 X117.698 Y109.86
G0 X117.665 Y110.141
G0 X117.628 Y113.313
G0 X117.727 Y113.313
G1 F6000 X106.655 Y102.241 E829.4793
G0 F9000 X106.143 Y101.84
G1 F6000 X100.34 Y103.395 E829.57921
G0 F9000 X100.5 Y103.395
G0 X100.5 Y108.654
G0 X100.34 Y108.654
G1 F6000 X111.344 Y119.658 E829.83801
G0 F9000 X111.344 Y119.5
G0 X113.497 Y119.5
G0 X113.497 Y119.659
G1 F6000 X118.674 Y100.339 E830.17064
G0 F9000 X118.674 Y100.5
G0 X117.703 Y105.661
G0 X117.641 Y106.198
G0 X117.638 Y112.898
G0 X117.688 Y113.307
G0 X119.53 Y119.53
G0 X119.7 Y119.7
;TYPE:WALL-INNER
G1 F1500 X119.7 Y112.774 E830.28582
G1 X118.065 Y112.771 E830.31301
G1 X117.908 Y112.727 E830.31572
G1 X117.829 Y112.656 E830.31749
G1 X117.767 Y112.503 E830.32023
G1 X117.769 Y110.714 E830.34998
G1 X117.911 Y110.529 E830.35386
G1 X118.069 Y110.485 E830.35659
G1 X119.7 Y110.486 E830.38371
G1 X119.7 Y108.624 E830.41468
G1 X118.069 Y108.624 E830.4418
G1 X117.911 Y108.58 E830.44453
G1 X117.772 Y108.373 E830.44868
G1 X117.772 Y106.578 E830.47853
G1 X117.818 Y106.461 E830.48062
G1 X117.934 Y106.357 E830.48321
G1 X118.068 Y106.326 E830.48549
G1 X119.7 Y106.324 E830.51264
G1 X119.7 Y100.3 E830.61281
G1 X112.384 Y100.3 E830.73448
G1 X112.384 Y101.968 E830.76222
G1 X112.302 Y102.107 E830.7649
G1 X112.118 Y102.198 E830.76832
G1 X110.408 Y102.196 E830.79675
G1 X110.227 Y102.088 E830.80026
G1 X110.162 Y101.926 E830.80316
G1 X110.159 Y100.3 E830.8302
G1 X109.008 Y100.3 E830.84934
G1 X109.006 Y101.926 E830.87638
G1 X108.941 Y102.088 E830.87929
G1 X108.794 Y102.2 E830.88236
G1 X107.008 Y102.198 E830.91206
G1 X106.826 Y102.103 E830.91548
G1 X106.748 Y101.967 E830.91808
G1 X106.748 Y100.3 E830.94581
G1 X100.301 Y100.301 E831.05302
G1 X100.301 Y119.699 E831.37561
G1 X119.7 Y119.7 E831.69822
G0 F9000 X119.9 Y119.9
;TYPE:WALL-OUTER
G1 F1500 X119.9 Y112.574 E831.82005
G1 X118.033 Y112.566 E831.8511
G1 X117.966 Y112.482 E831.85288
G1 X117.972 Y110.753 E831.88164
G1 X118.026 Y110.685 E831.88308
G1 X119.9 Y110.686 E831.91425
G1 X119.9 Y108.424 E831.95186
G1 X118.025 Y108.424 E831.98304
G1 X117.97 Y108.341 E831.9847
G1 X117.97 Y106.61 E832.01349
G1 X118.068 Y106.526 E832.01563
G1 X119.9 Y106.524 E832.0461
G1 X119.9 Y100.1 E832.15293
G1 X112.184 Y100.1 E832.28125
G1 X112.18 Y101.93 E832.31168
G1 X112.108 Y101.997 E832.31332
G1 X110.436 Y101.998 E832.34112
G1 X110.361 Y101.909 E832.34306
G1 X110.359 Y100.1 E832.37314
G1 X108.808 Y100.1 E832.39894
G1 X108.807 Y101.909 E832.42902
G1 X108.732 Y101.998 E832.43096
G1 X107.034 Y102 E832.45919
G1 X106.952 Y101.93 E832.46099
G1 X106.948 Y100.1 E832.49142
G1 X100.101 Y100.101 E832.60529
G1 X100.101 Y119.899 E832.93453
G1 X119.9 Y119.9 E833.26379
G0 F9000 X119.9 Y119.7
G0 X119.53 Y119.53
G0 X119.315 Y113.48
G0 X119.316 Y113.158
;TYPE:SKIN
G1 F1463.4 X118.067 Y113.153 E833.28508
G1 F1408.5 X117.96 Y113.141 E833.28698
G0 F9000 X117.748 Y113.354
G1 F1500 X119.52 Y113.361 E833.31645
G1 X119.52 Y112.954 E833.32322
G1 X118.039 Y112.948 E833.34785
G1 X117.839 Y112.891 E833.35131
G1 X117.748 Y112.823 E833.3532
G1 X117.748 Y113.354 E833.36203
G0 F9000 X117.628 Y113.354
G0 X117.64 Y110.357
G0 X117.698 Y109.86
G0 X117.969 Y109.789
G0 X117.968 Y110.094
G1 F1388.9 X117.928 Y110.117 E833.36286
G1 X117.968 Y110.14 E833.36369
G1 F1421.8 X117.988 Y110.107 E833.36436
G1 F1492.5 X119.322 Y110.108 E833.38666
G0 F9000 X119.323 Y109.791
G0 X117.698 Y109.86
G0 X117.656 Y110.315
G0 X117.747 Y110.444
G1 F1500 X117.843 Y110.363 E833.38875
G1 X118.052 Y110.306 E833.39235
G1 X119.52 Y110.306 E833.41676
G1 X119.52 Y109.911 E833.42333
G1 X117.746 Y109.908 E833.45283
G1 X117.747 Y110.444 E833.46175
G0 F9000 X117.656 Y110.315
G0 X117.628 Y109.008
G0 X117.969 Y109.008
G1 F1293.1 X119.308 Y109.017 E833.48758
G0 F9000 X119.308 Y109.349
G0 X117.861 Y109.284
G0 X117.749 Y109.228
G1 F1500 X119.52 Y109.229 E833.51703
G1 X119.52 Y108.805 E833.52408
G1 X118.043 Y108.801 E833.54864
G1 X117.749 Y108.677 E833.55395
G1 X117.749 Y109.228 E833.56311
G0 F9000 X117.628 Y109.228
G0 X117.631 Y105.934
G0 X117.976 Y105.934
G1 F1229.5 X119.301 Y105.925 E833.59
G0 F9000 X119.301 Y105.586
G0 X117.703 Y105.661
G0 X117.661 Y106.156
G0 X117.752 Y106.282
G1 F1500 X117.875 Y106.189 E833.59256
G1 X118.053 Y106.147 E833.5956
G1 X119.52 Y106.144 E833.62
G1 X119.52 Y105.706 E833.62728
G1 X117.751 Y105.709 E833.6567
G1 X117.752 Y106.282 E833.66623
G0 F9000 X117.661 Y106.156
G0 X113.163 Y101.98
G0 X112.803 Y101.98
G1 F1071.4 X112.803 Y100.719 E833.69559
G0 F9000 X113.163 Y100.719
G0 X113.091 Y102.268
G0 X112.554 Y102.31
G0 X112.439 Y102.219
G1 F1500 X113.043 Y102.22 E833.70563
G1 X113.042 Y100.48 E833.73457
G1 X112.564 Y100.48 E833.74252
G1 X112.564 Y102.014 E833.76803
G1 X112.439 Y102.219 E833.77202
G0 F9000 X112.554 Y102.31
G0 X109.991 Y102.309
G0 X110.087 Y102.218
G1 F1500 X109.082 Y102.219 E833.78874
G1 X109.186 Y101.93 E833.79384
G1 X109.188 Y100.48 E833.81796
G1 X109.979 Y100.48 E833.83111
G1 X109.982 Y101.932 E833.85526
G1 X110.087 Y102.218 E833.86032
G0 F9000 X109.881 Y101.967
G1 F1500 X109.732 Y102.116 E833.86383
G0 F9000 X109.448 Y102.118
G1 F1500 X109.88 Y101.685 E833.874
G0 F9000 X109.879 Y101.404
G1 F1500 X109.285 Y101.998 E833.88797
G1 X109.284 Y101.998
G1 X109.255 Y102.028 E833.88866
G0 F9000 X109.286 Y101.714
G1 F1500 X109.878 Y101.121 E833.9026
G0 F9000 X109.878 Y100.839
G1 F1500 X109.286 Y101.431 E833.91652
G0 F9000 X109.286 Y101.148
G1 F1500 X109.854 Y100.58 E833.92988
G0 F9000 X109.571 Y100.58
G1 F1500 X109.287 Y100.864 E833.93656
G0 F9000 X109.008 Y100.863
G0 X108.935 Y102.128
G0 X106.82 Y102.128
G0 X106.676 Y100.372
G0 X106.118 Y100.372
G0 X106.046 Y100.68
G0 X106.367 Y100.681
G1 F1477.8 X106.368 Y102.018 E833.95913
G0 F9000 X106.694 Y102.22
G1 F1500 X106.568 Y101.996 E833.9634
G1 X106.568 Y100.48 E833.98861
G1 X106.166 Y100.48 E833.9953
G1 X106.166 Y102.221 E834.02425
G1 X106.694 Y102.22 E834.03303
G0 F9000 X106.507 Y102.441
;MESH:NONMESH
G0 F300 X106.507 Y102.441 Z13.1
G0 F9000 X100.5 Y100.436
G0 X100.339 Y100.436
;TIME_ELAPSED:1883.090030
;LAYER:64
;TYPE:FILL
;MESH:xyzCalibration_cube.stl
G1 F6000 X100.703 Y100.339 E834.0393
G1 X100.711 Y100.339
G1 X119.659 Y119.287 E834.48492
G1 X119.658 Y119.296
G1 X119.561 Y119.66 E834.49119
G0 F9000 X119.561 Y119.5
G0 X119.5 Y117
G0 X119.659 Y117
G1 F6000 X109.738 Y119.658 E834.66199
G0 F9000 X110.244 Y119.659
G1 F6000 X115.421 Y100.339 E834.99462
G0 F9000 X115.421 Y100.5
G0 X113.439 Y100.5
G0 X113.439 Y100.339
G1 F6000 X118.667 Y105.567 E835.11758
G0 F9000 X118.668 Y105.467
G0 X119.5 Y104.577
G0 X119.658 Y104.577
G1 F6000 X100.34 Y109.753 E835.45017
G0 F9000 X100.339 Y110.258
G1 F6000 X102.997 Y100.338 E835.62096
G0 F9000 X102.997 Y100.5
G0 X104.954 Y100.5
G0 X104.954 Y100.339
G1 F6000 X106.032 Y101.418 E835.64632
G0 F9000 X106.032 Y102.016
G1 F6000 X100.339 Y103.542 E835.74434
G0 F9000 X100.339 Y104.21
G1 F6000 X115.788 Y119.658 E836.10767
G0 F9000 X116.456 Y119.659
G1 F6000 X118.109 Y113.488 E836.21391
G1 X118.105 Y113.49
G1 X119.659 Y115.044 E836.25045
G0 F9000 X119.5 Y115.044
G0 X119.5 Y113.894
G0 X119.659 Y113.894
G1 F6000 X100.339 Y119.071 E836.58308
G0 F9000 X100.926 Y119.659
G1 F6000 X106.032 Y100.603 E836.91116
G0 F9000 X105.934 Y100.603
G0 X106.005 Y102.269
G0 X106.855 Y102.4
G0 X106.855 Y102.241
G1 F6000 X117.726 Y113.112 E837.16683
G0 F9000 X117.628 Y113.112
G0 X117.568 Y111.305
G0 X117.726 Y111.306
G1 F6000 X100.34 Y115.965 E837.46617
G0 F9000 X100.34 Y116.939
G1 F6000 X103.059 Y119.658 E837.53011
G0 F9000 X104.032 Y119.658
G1 F6000 X108.7 Y102.237 E837.83004
G0 F9000 X108.7 Y102.4
G0 X111.093 Y102.4
G0 X111.093 Y102.236
G1 F6000 X117.727 Y108.87 E837.98607
G0 F9000 X117.989 Y109.132
G1 F6000 X118.857 Y110 E838.00648
G0 F9000 X119.043 Y110.001
G1 F6000 X119.276 Y109.131 E838.02146
G0 F9000 X119.276 Y109.232
G0 X117.7 Y109.16
G0 X117.569 Y108.2
G0 X117.726 Y108.2
G1 F6000 X100.34 Y112.859 E838.32079
G0 F9000 X100.34 Y112.696
G1 F6000 X107.302 Y119.658 E838.48453
G0 F9000 X107.138 Y119.658
G1 F6000 X111.807 Y102.235 E838.78449
G0 F9000 X111.807 Y102.4
G0 X113.219 Y102.268
G0 X117.682 Y100.5
G0 X117.682 Y100.339
G1 F6000 X119.659 Y102.316 E838.83099
G0 F9000 X119.659 Y101.471
G1 F6000 X100.34 Y106.647 E839.1636
G0 F9000 X100.5 Y106.647
G0 X100.5 Y108.453
G0 X100.339 Y108.453
G1 F6000 X111.545 Y119.658 E839.42713
G0 F9000 X111.545 Y119.5
G0 X113.35 Y119.5
G0 X113.35 Y119.659
G1 F6000 X118.527 Y100.339 E839.75976
G0 F9000 X118.527 Y100.5
G0 X117.641 Y106.078
G0 X117.639 Y113.011
G0 X117.689 Y113.421
G0 X119.53 Y119.53
G0 X119.7 Y119.7
;TYPE:WALL-INNER
G1 F1500 X119.7 Y112.888 E839.87305
G1 X118.066 Y112.884 E839.90022
G1 X117.912 Y112.841 E839.90288
G1 X117.804 Y112.73 E839.90545
G1 X117.768 Y112.617 E839.90743
G1 X117.768 Y110.823 E839.93726
G1 X117.921 Y110.633 E839.94132
G1 X118.069 Y110.596 E839.94385
G1 X119.7 Y110.598 E839.97098
G1 X119.7 Y108.507 E840.00575
G1 X118.071 Y108.508 E840.03284
G1 X117.846 Y108.408 E840.03694
G1 X117.774 Y108.259 E840.03969
G1 X117.772 Y106.457 E840.06966
G1 X117.818 Y106.341 E840.07173
G1 X117.938 Y106.235 E840.07439
G1 X118.068 Y106.206 E840.07661
G1 X119.7 Y106.204 E840.10375
G1 X119.7 Y100.3 E840.20193
G1 X112.511 Y100.3 E840.32149
G1 X112.512 Y101.967 E840.34921
G1 X112.431 Y102.105 E840.35187
G1 X112.246 Y102.198 E840.35531
G1 X110.536 Y102.201 E840.38375
G1 X110.341 Y102.074 E840.38762
G1 X110.287 Y101.927 E840.39023
G1 X110.285 Y100.3 E840.41728
G1 X108.895 Y100.3 E840.4404
G1 X108.893 Y101.927 E840.46746
G1 X108.84 Y102.074 E840.47005
G1 X108.649 Y102.2 E840.47386
G1 X106.895 Y102.198 E840.50303
G1 X106.711 Y102.101 E840.50649
G1 X106.635 Y101.967 E840.50905
G1 X106.635 Y100.3 E840.53677
G1 X100.3 Y100.3 E840.64212
G1 X100.301 Y119.699 E840.96473
G1 X119.7 Y119.7 E841.28734
G0 F9000 X119.9 Y119.9
;TYPE:WALL-OUTER
G1 F1500 X119.9 Y112.688 E841.40727
G1 X118.024 Y112.684 E841.43847
G1 X117.967 Y112.595 E841.44023
G1 X117.973 Y110.862 E841.46905
G1 X118.029 Y110.796 E841.47049
G1 X119.9 Y110.798 E841.5016
G1 X119.9 Y108.307 E841.54303
G1 X118.071 Y108.308 E841.57344
G1 X117.971 Y108.225 E841.57561
G1 X117.97 Y106.489 E841.60448
G1 X118.035 Y106.406 E841.60623
G1 X119.9 Y106.404 E841.63724
G1 X119.9 Y100.1 E841.74208
G1 X112.311 Y100.1 E841.86829
G1 X112.308 Y101.929 E841.8987
G1 X112.236 Y101.997 E841.90035
G1 X110.54 Y102.001 E841.92855
G1 X110.487 Y101.909 E841.93032
G1 X110.485 Y100.1 E841.9604
G1 X108.695 Y100.1 E841.99017
G1 X108.694 Y101.909 E842.02025
G1 X108.642 Y102 E842.022
G1 X106.921 Y102 E842.05062
G1 X106.839 Y101.93 E842.05241
G1 X106.835 Y100.1 E842.08284
G1 X100.1 Y100.1 E842.19485
G1 X100.101 Y119.899 E842.52411
G1 X119.9 Y119.9 E842.85336
G0 F9000 X119.9 Y119.7
G0 X119.53 Y119.53
G0 X119.316 Y113.592
G0 X119.317 Y113.27
;TYPE:SKIN
G1 F1456.3 X117.953 Y113.267 E842.87673
G0 F9000 X117.748 Y113.47
G1 F1500 X119.52 Y113.473 E842.9062
G1 X119.52 Y113.068 E842.91293
G1 X117.968 Y113.064 E842.93874
G1 X117.748 Y112.915 E842.94316
G1 X117.748 Y113.47 E842.95239
G0 F9000 X117.628 Y113.47
G0 X117.64 Y110.467
G0 X117.699 Y109.971
G0 X117.968 Y109.9
G0 X117.967 Y110.204
G1 F1388.9 X117.927 Y110.227 E842.95322
G1 X117.967 Y110.25 E842.95405
G1 F1421.8 X117.987 Y110.218 E842.95471
G1 F1492.5 X119.322 Y110.22 E842.97702
G0 F9000 X119.323 Y109.902
G0 X117.699 Y109.971
G0 X117.657 Y110.425
G0 X117.748 Y110.562
G1 F1500 X117.858 Y110.465 E842.97946
G1 X118.052 Y110.417 E842.98279
G1 X119.52 Y110.418 E843.0072
G1 X119.52 Y110.022 E843.01378
G1 X117.747 Y110.019 E843.04327
G1 X117.748 Y110.562 E843.0523
G0 F9000 X117.657 Y110.425
G0 X117.628 Y108.892
G0 X117.968 Y108.892
G1 F1298.7 X119.308 Y108.9 E843.07804
G0 F9000 X119.308 Y109.232
G0 X117.861 Y109.167
G0 X117.749 Y109.111
G1 F1500 X119.52 Y109.112 E843.10749
G1 X119.52 Y108.688 E843.11454
G1 X118.046 Y108.686 E843.13905
G1 X117.86 Y108.639 E843.14224
G1 X117.75 Y108.561 E843.14449
G1 X117.749 Y109.111 E843.15363
G0 F9000 X117.628 Y109.111
G0 X117.631 Y105.814
G0 X117.976 Y105.814
G1 F1229.5 X119.301 Y105.805 E843.18052
G0 F9000 X119.301 Y105.466
G0 X117.703 Y105.541
G0 X117.661 Y106.036
G0 X117.752 Y106.163
G1 F1500 X117.881 Y106.064 E843.18322
G1 X118.053 Y106.027 E843.18615
G1 X119.52 Y106.024 E843.21054
G1 X119.52 Y105.586 E843.21783
G1 X117.751 Y105.589 E843.24725
G1 X117.752 Y106.163 E843.25679
G0 F9000 X117.661 Y106.036
G0 X113.291 Y101.976
G0 X112.927 Y101.976
G1 F1056.3 X112.931 Y100.72 E843.28645
G0 F9000 X113.291 Y100.72
G0 X113.219 Y102.268
G0 X112.682 Y102.31
G0 X112.558 Y102.219
G1 F1500 X113.171 Y102.22 E843.29665
G1 X113.17 Y100.48 E843.32558
G1 X112.691 Y100.48 E843.33355
G1 X112.692 Y101.915 E843.35741
G1 X112.639 Y102.113 E843.36082
G1 X112.558 Y102.219 E843.36304
G0 F9000 X112.682 Y102.31
G0 X110.117 Y102.309
G0 X110.232 Y102.219
G1 F1500 X108.949 Y102.219 E843.38438
G1 X109.068 Y101.968 E843.38899
G1 X109.075 Y100.48 E843.41374
G1 X110.105 Y100.48 E843.43087
G1 X110.113 Y101.966 E843.45558
G1 X110.232 Y102.219 E843.46023
G0 F9000 X110.117 Y102.309
G0 X109.134 Y102.339
G0 X109.134 Y102.063
G1 F1500 X109.173 Y102.102 E843.46115
G0 F9000 X109.173 Y101.819
G1 F1500 X109.472 Y102.118 E843.46818
G0 F9000 X109.754 Y102.118
G1 F1500 X109.173 Y101.536 E843.48186
G0 F9000 X109.173 Y101.254
G1 F1500 X110.007 Y102.087 E843.50146
G1 X110.008 Y102.088
G1 X110.037 Y102.117 E843.50214
G0 F9000 X110.006 Y101.804
G1 F1500 X109.173 Y100.971 E843.52173
G0 F9000 X109.173 Y100.688
G1 F1500 X110.006 Y101.52 E843.54131
G0 F9000 X110.004 Y101.236
G1 F1500 X109.348 Y100.58 E843.55674
G0 F9000 X109.631 Y100.58
G1 F1500 X110.003 Y100.952 E843.56549
G0 F9000 X110.003 Y100.669
G1 F1500 X109.914 Y100.58 E843.56758
G0 F9000 X109.914 Y100.3
G0 X108.833 Y100.402
G0 X108.822 Y102.128
G0 X106.707 Y102.128
G0 X106.563 Y100.372
G0 X106.006 Y100.372
G0 X105.934 Y100.68
G0 X106.255 Y100.681
G1 F1485.1 X106.255 Y102.018 E843.59004
G0 F9000 X106.582 Y102.22
G1 F1500 X106.455 Y101.995 E843.59433
G1 X106.455 Y100.48 E843.61953
G1 X106.054 Y100.48 E843.6262
G1 X106.053 Y102.221 E843.65515
G1 X106.582 Y102.22 E843.66395
G0 F9000 X106.394 Y102.441
;MESH:NONMESH
G0 F300 X106.394 Y102.441 Z13.3
G0 F9000 X100.5 Y100.582
G0 X100.34 Y100.582
;TIME_ELAPSED:1907.585927
;LAYER:65
;TYPE:FILL
;MESH:xyzCalibration_cube.stl
G1 F6000 X101.247 Y100.339 E843.67956
G0 F9000 X100.911 Y100.339
G1 F6000 X119.659 Y119.088 E844.1205
G0 F9000 X119.659 Y118.751
G1 F6000 X119.415 Y119.659 E844.13614
G0 F9000 X119.415 Y119.5
G0 X119.5 Y117.146
G0 X119.659 Y117.146
G1 F6000 X110.28 Y119.659 E844.29761
G0 F9000 X110.098 Y119.659
G1 F6000 X115.275 Y100.339 E844.63024
G0 F9000 X115.275 Y100.5
G0 X113.639 Y100.5
G0 X113.639 Y100.34
G1 F6000 X118.747 Y105.448 E844.75037
G0 F9000 X118.748 Y105.348
G0 X119.5 Y104.723
G0 X119.658 Y104.723
G1 F6000 X100.34 Y109.899 E845.08296
G0 F9000 X100.339 Y109.715
G1 F6000 X102.851 Y100.339 E845.24439
G0 F9000 X102.851 Y100.5
G0 X105.153 Y100.5
G0 X105.153 Y100.339
G1 F6000 X105.92 Y101.106 E845.26242
G0 F9000 X105.92 Y100.478
G1 F6000 X100.78 Y119.659 E845.59266
G0 F9000 X100.339 Y119.217
G1 F6000 X119.659 Y114.04 E845.92529
G0 F9000 X119.659 Y114.845
G1 F6000 X118.418 Y113.604 E845.95447
G0 F9000 X117.933 Y113.601
G1 F6000 X116.309 Y119.659 E846.05878
G0 F9000 X115.988 Y119.659
G1 F6000 X100.339 Y104.011 E846.4268
G0 F9000 X100.34 Y103.688
G1 F6000 X105.918 Y102.193 E846.52284
G0 F9000 X105.821 Y102.193
G0 X107.051 Y102.4
G0 X107.051 Y102.237
G1 F6000 X117.727 Y112.913 E846.77392
G0 F9000 X117.568 Y112.912
G0 X117.568 Y111.451
G0 X117.727 Y111.452
G1 F6000 X100.339 Y116.111 E847.07329
G0 F9000 X100.339 Y116.739
G1 F6000 X103.26 Y119.659 E847.14197
G0 F9000 X103.886 Y119.66
G1 F6000 X108.554 Y102.238 E847.44192
G0 F9000 X108.554 Y102.4
G0 X109.414 Y102.267
G0 X109.486 Y101.265
G0 X109.386 Y101.264
G1 F6000 X109.739 Y101.169 E847.448
G0 F9000 X109.739 Y100.682
G1 F6000 X109.396 Y100.339 E847.45607
G0 F9000 X109.396 Y100.5
G0 X109.715 Y102.267
G0 X111.292 Y102.4
G0 X111.292 Y102.236
G1 F6000 X117.727 Y108.67 E847.6074
G0 F9000 X117.726 Y108.346
G1 F6000 X100.34 Y113.005 E847.90673
G0 F9000 X100.339 Y112.496
G1 F6000 X107.502 Y119.659 E848.07519
G0 F9000 X106.992 Y119.659
G1 F6000 X111.661 Y102.235 E848.37518
G0 F9000 X111.661 Y102.4
G0 X113.347 Y102.268
G0 X117.882 Y100.5
G0 X117.882 Y100.34
G1 F6000 X119.659 Y102.117 E848.41697
G0 F9000 X119.658 Y101.617
G1 F6000 X100.34 Y106.793 E848.74956
G0 F9000 X100.5 Y106.793
G0 X100.5 Y108.253
G0 X100.339 Y108.253
G1 F6000 X111.745 Y119.659 E849.01781
G0 F9000 X111.745 Y119.5
G0 X113.204 Y119.5
G0 X113.204 Y119.659
G1 F6000 X118.381 Y100.339 E849.35044
G0 F9000 X118.381 Y100.5
G0 X117.642 Y105.959
G0 X117.642 Y108.519
G0 X117.7 Y109.043
G0 X118.071 Y109.115
G0 X118.071 Y109.014
G1 F6000 X119.168 Y110.112 E849.37625
G0 F9000 X118.868 Y110.111
G1 F6000 X119.162 Y109.014 E849.39514
G0 F9000 X119.162 Y109.115
G0 X117.699 Y110.082
G0 X117.64 Y110.578
G0 X117.639 Y113.124
G0 X117.689 Y113.534
G0 X119.53 Y119.53
G0 X119.7 Y119.7
;TYPE:WALL-INNER
G1 F1500 X119.7 Y113.001 E849.50654
G1 X118.066 Y112.997 E849.53372
G1 X117.914 Y112.956 E849.53634
G1 X117.832 Y112.885 E849.53814
G1 X117.768 Y112.73 E849.54093
G1 X117.768 Y110.982 E849.57
G1 X117.816 Y110.843 E849.57244
G1 X117.93 Y110.739 E849.57501
G1 X118.069 Y110.707 E849.57738
G1 X119.7 Y110.709 E849.60451
G1 X119.7 Y108.391 E849.64305
G1 X118.071 Y108.391 E849.67014
G1 X117.854 Y108.3 E849.67406
G1 X117.77 Y108.155 E849.67684
G1 X117.773 Y106.338 E849.70706
G1 X117.82 Y106.22 E849.70917
G1 X117.974 Y106.087 E849.71256
G1 X119.7 Y106.085 E849.74126
G1 X119.7 Y100.3 E849.83747
G1 X112.639 Y100.3 E849.95489
G1 X112.64 Y101.965 E849.98258
G1 X112.56 Y102.104 E849.98525
G1 X112.375 Y102.198 E849.9887
G1 X110.689 Y102.2 E850.01674
G1 X110.572 Y102.166 E850.01876
G1 X110.458 Y102.061 E850.02134
G1 X110.414 Y101.926 E850.0237
G1 X110.411 Y100.3 E850.05074
G1 X108.782 Y100.3 E850.07783
G1 X108.78 Y101.926 E850.10487
G1 X108.736 Y102.061 E850.10723
G1 X108.54 Y102.2 E850.11123
G1 X106.783 Y102.198 E850.14045
G1 X106.597 Y102.099 E850.14395
G1 X106.523 Y101.964 E850.14651
G1 X106.523 Y100.3 E850.17419
G1 X100.3 Y100.3 E850.27767
G1 X100.3 Y119.7 E850.6003
G1 X119.7 Y119.7 E850.92292
G0 F9000 X119.9 Y119.9
;TYPE:WALL-OUTER
G1 F1500 X119.9 Y112.801 E851.04098
G1 X118.036 Y112.793 E851.07198
G1 X117.967 Y112.737 E851.07345
G1 X117.972 Y110.976 E851.10274
G1 X118.031 Y110.907 E851.10425
G1 X119.9 Y110.909 E851.13533
G1 X119.9 Y108.191 E851.18053
G1 X118.036 Y108.191 E851.21153
G1 X117.971 Y108.109 E851.21327
G1 X117.971 Y106.37 E851.24219
G1 X118.069 Y106.287 E851.24433
G1 X119.9 Y106.285 E851.27478
G1 X119.9 Y100.1 E851.37763
G1 X112.439 Y100.1 E851.50171
G1 X112.436 Y101.928 E851.53211
G1 X112.364 Y101.997 E851.53377
G1 X110.682 Y101.996 E851.56174
G1 X110.613 Y101.942 E851.5632
G1 X110.611 Y100.1 E851.59383
G1 X108.582 Y100.1 E851.62757
G1 X108.581 Y101.909 E851.65766
G1 X108.533 Y102 E851.65937
G1 X106.809 Y102 E851.68804
G1 X106.727 Y101.929 E851.68984
G1 X106.723 Y100.1 E851.72026
G1 X100.1 Y100.1 E851.8304
G1 X100.1 Y119.9 E852.15967
G1 X119.9 Y119.9 E852.48895
G0 F9000 X119.9 Y119.7
G0 X119.53 Y119.53
G0 X119.315 Y113.707
G0 X119.316 Y113.385
;TYPE:SKIN
G1 F1449.3 X118.043 Y113.378 E852.51086
G1 F1395.3 X117.962 Y113.368 E852.51232
G0 F9000 X117.749 Y113.581
G1 F1500 X119.52 Y113.588 E852.54177
G1 X119.52 Y113.181 E852.54854
G1 X118.04 Y113.174 E852.57315
G1 X117.846 Y113.12 E852.5765
G1 X117.749 Y113.049 E852.5785
G1 X117.749 Y113.581 E852.58735
G0 F9000 X117.628 Y113.581
G0 X117.64 Y110.578
G0 X117.699 Y110.082
G0 X117.967 Y110.011
G0 X117.966 Y110.316
G1 F1401.9 X117.928 Y110.338 E852.58813
G1 X117.966 Y110.36 E852.58891
G1 F1435.4 X117.986 Y110.329 E852.58955
G1 F1500 X119.322 Y110.331 E852.61177
G0 F9000 X119.323 Y110.013
G0 X117.699 Y110.082
G0 X117.657 Y110.536
G0 X117.749 Y110.665
G1 F1500 X117.871 Y110.571 E852.61433
G1 X118.055 Y110.528 E852.61747
G1 X119.52 Y110.529 E852.64184
G1 X119.52 Y110.133 E852.64842
G1 X117.747 Y110.13 E852.67791
G1 X117.749 Y110.665 E852.6868
G0 F9000 X117.657 Y110.536
G0 X117.681 Y110.278
G0 X117.968 Y109.115
G0 X117.968 Y108.776
G1 F1298.7 X119.308 Y108.783 E852.71254
G0 F9000 X119.308 Y109.115
G0 X117.861 Y109.05
G0 X117.748 Y108.995
G1 F1500 X119.52 Y108.995 E852.74201
G1 X119.52 Y108.571 E852.74906
G1 X118.049 Y108.569 E852.77352
G1 X117.872 Y108.526 E852.77655
G1 X117.749 Y108.432 E852.77913
G1 X117.748 Y108.995 E852.78849
G0 F9000 X117.628 Y108.995
G0 X117.642 Y105.959
G0 X117.704 Y105.422
G0 X117.977 Y105.349
G0 X117.977 Y105.695
G1 F1229.5 X119.301 Y105.686 E852.81535
G0 F9000 X119.301 Y105.347
G0 X117.704 Y105.422
G0 X117.661 Y105.917
G0 X117.752 Y106.043
G1 F1500 X117.886 Y105.943 E852.81813
G1 X118.054 Y105.908 E852.82099
G1 X119.52 Y105.905 E852.84537
G1 X119.52 Y105.467 E852.85265
G1 X117.752 Y105.47 E852.88205
G1 X117.752 Y106.043 E852.89158
G0 F9000 X117.661 Y105.917
G0 X113.419 Y101.98
G0 X113.059 Y101.98
G1 F1071.4 X113.059 Y100.719 E852.92094
G0 F9000 X113.419 Y100.719
G0 X113.347 Y102.268
G0 X112.81 Y102.31
G0 X112.691 Y102.219
G1 F1500 X113.299 Y102.22 E852.93105
G1 X113.298 Y100.48 E852.95999
G1 X112.819 Y100.48 E852.96795
G1 X112.82 Y101.976 E852.99283
G1 X112.691 Y102.219 E852.99741
G0 F9000 X112.81 Y102.31
G0 X110.285 Y102.328
G0 X109.715 Y102.267
G0 X109.642 Y101.982
G0 X110 Y101.982
G1 F1102.9 X109.996 Y100.716 E853.02604
G0 F9000 X109.64 Y100.716
G0 X109.715 Y102.267
G0 X110.243 Y102.31
G0 X110.358 Y102.219
G1 F1500 X110.234 Y101.947 E853.03101
G1 X110.231 Y100.48 E853.05541
G1 X109.76 Y100.48 E853.06324
G1 X109.763 Y102.219 E853.09216
G1 X110.358 Y102.219 E853.10206
G0 F9000 X110.243 Y102.31
G0 X109.486 Y102.012
G0 X109.158 Y102.011
G1 F1428.6 X109.164 Y100.683 E853.12525
G0 F9000 X109.486 Y100.684
G0 X109.414 Y102.267
G0 X108.951 Y102.31
G0 X108.835 Y102.219
G1 F1500 X109.366 Y102.219 E853.13408
G1 X109.366 Y100.481 E853.16298
G1 X108.962 Y100.481 E853.1697
G1 X108.96 Y101.949 E853.19411
G1 X108.835 Y102.219 E853.19906
G0 F9000 X108.951 Y102.31
G0 X106.143 Y102.341
G0 X106.143 Y102.019
G1 F1477.8 X106.142 Y100.681 E853.22164
G0 F9000 X105.821 Y100.68
G0 X105.892 Y102.269
G0 X106.353 Y102.311
G0 X106.472 Y102.221
G1 F1500 X106.343 Y101.992 E853.22601
G1 X106.343 Y100.48 E853.25116
G1 X105.941 Y100.48 E853.25784
G1 X105.941 Y102.22 E853.28678
G1 X106.472 Y102.221 E853.29561
G0 F9000 X106.282 Y102.441
;MESH:NONMESH
G0 F300 X106.282 Y102.441 Z13.5
G0 F9000 X100.5 Y100.728
G0 X100.34 Y100.728
;TIME_ELAPSED:1932.273864
;LAYER:66
;TYPE:FILL
;MESH:xyzCalibration_cube.stl
G1 F6000 X101.792 Y100.339 E853.32061
G0 F9000 X101.11 Y100.339
G1 F6000 X119.659 Y118.888 E853.75685
G0 F9000 X119.659 Y118.206
G1 F6000 X119.269 Y119.659 E853.78187
G0 F9000 X119.269 Y119.5
G0 X119.5 Y117.292
G0 X119.658 Y117.292
G1 F6000 X110.827 Y119.659 E853.93392
G0 F9000 X109.952 Y119.659
G1 F6000 X115.129 Y100.338 E854.26656
G0 F9000 X115.129 Y100.5
G0 X113.838 Y100.5
G0 X113.838 Y100.339
G1 F6000 X118.826 Y105.327 E854.38387
G0 F9000 X117.94 Y105.329
G1 F6000 X119.659 Y104.869 E854.41346
G0 F9000 X119.5 Y104.869
G0 X117.704 Y105.302
G0 X117.73 Y105.386
G1 F6000 X100.339 Y110.045 E854.71288
G0 F9000 X100.339 Y109.169
G1 F6000 X102.705 Y100.339 E854.8649
G0 F9000 X102.705 Y100.5
G0 X105.353 Y100.5
G0 X105.353 Y100.339
G1 F6000 X105.808 Y100.795 E854.87561
G0 F9000 X105.808 Y100.351
G1 F6000 X100.635 Y119.658 E855.20801
G0 F9000 X100.34 Y119.363
G1 F6000 X119.658 Y114.186 E855.54061
G0 F9000 X119.659 Y114.646
G1 F6000 X118.731 Y113.718 E855.56243
G0 F9000 X117.757 Y113.713
G1 F6000 X116.163 Y119.659 E855.66481
G1 X116.186 Y119.658
G1 X100.339 Y103.811 E856.03751
G1 X100.34 Y103.834
G1 X106.287 Y102.24 E856.1399
G0 F9000 X107.252 Y102.239
G1 F6000 X117.726 Y112.713 E856.38623
G0 F9000 X117.568 Y112.712
G0 X117.568 Y111.597
G0 X117.727 Y111.598
G1 F6000 X100.34 Y116.257 E856.68558
G0 F9000 X100.34 Y116.54
G1 F6000 X103.458 Y119.658 E856.75891
G0 F9000 X103.741 Y119.658
G1 F6000 X108.408 Y102.238 E857.05882
G0 F9000 X108.408 Y102.401
G0 X109.301 Y102.268
G0 X109.373 Y101.441
G0 X109.273 Y101.44
G1 F6000 X109.866 Y101.281 E857.06903
G0 F9000 X109.866 Y100.609
G1 F6000 X109.596 Y100.34 E857.07537
G0 F9000 X109.596 Y100.5
G0 X109.841 Y102.268
G0 X111.495 Y102.401
G0 X111.495 Y102.239
G1 F6000 X117.728 Y108.472 E857.22196
G1 X117.728 Y108.492
G1 X100.339 Y113.151 E857.52134
G0 F9000 X100.34 Y112.297
G1 F6000 X107.7 Y119.658 E857.69444
G0 F9000 X106.846 Y119.659
G1 F6000 X111.514 Y102.238 E857.99438
G0 F9000 X111.514 Y102.401
G0 X113.476 Y102.268
G0 X118.081 Y100.5
G0 X118.081 Y100.339
G1 F6000 X119.659 Y101.918 E858.0315
G0 F9000 X119.658 Y101.763
G1 F6000 X100.34 Y106.939 E858.36409
G0 F9000 X100.5 Y106.939
G0 X100.5 Y108.054
G0 X100.339 Y108.054
G1 F6000 X111.944 Y119.658 E858.63701
G0 F9000 X111.944 Y119.5
G0 X113.058 Y119.5
G0 X113.058 Y119.659
G1 F6000 X118.235 Y100.338 E858.96966
G0 F9000 X118.235 Y100.5
G0 X117.642 Y105.839
G0 X117.642 Y108.402
G0 X117.701 Y108.926
G0 X118.154 Y108.998
G0 X118.154 Y108.897
G1 F6000 X119.479 Y110.223 E859.00083
G0 F9000 X118.692 Y110.221
G1 F6000 X119.047 Y108.897 E859.02363
G0 F9000 X119.047 Y108.998
G0 X117.699 Y110.193
G0 X117.64 Y110.689
G0 X117.639 Y113.238
G0 X117.689 Y113.647
G0 X119.53 Y119.53
G0 X119.7 Y119.7
;TYPE:WALL-INNER
G1 F1500 X119.7 Y113.114 E859.13315
G1 X118.066 Y113.111 E859.16033
G1 X117.917 Y113.072 E859.16289
G1 X117.834 Y113.001 E859.1647
G1 X117.768 Y112.844 E859.16754
G1 X117.769 Y111.041 E859.19752
G1 X117.861 Y110.9 E859.20032
G1 X118.069 Y110.818 E859.20404
G1 X119.7 Y110.82 E859.23116
G1 X119.7 Y108.274 E859.2735
G1 X118.071 Y108.274 E859.30059
G1 X117.863 Y108.192 E859.30431
G1 X117.77 Y108.024 E859.3075
G1 X117.774 Y106.217 E859.33755
G1 X117.821 Y106.098 E859.33968
G1 X117.977 Y105.967 E859.34307
G1 X119.7 Y105.965 E859.37172
G1 X119.7 Y100.3 E859.46593
G1 X112.767 Y100.3 E859.58123
G1 X112.767 Y101.959 E859.60882
G1 X112.64 Y102.146 E859.61258
G1 X112.503 Y102.199 E859.61502
G1 X110.782 Y102.196 E859.64364
G1 X110.641 Y102.127 E859.64625
G1 X110.54 Y101.928 E859.64996
G1 X110.538 Y100.3 E859.67704
G1 X108.669 Y100.3 E859.70812
G1 X108.668 Y101.928 E859.73519
G1 X108.567 Y102.127 E859.7389
G1 X108.416 Y102.198 E859.74168
G1 X106.669 Y102.199 E859.77073
G1 X106.483 Y102.098 E859.77425
G1 X106.41 Y101.964 E859.77679
G1 X106.41 Y100.3 E859.80446
G1 X100.3 Y100.3 E859.90607
G1 X100.301 Y119.699 E860.22868
G1 X119.7 Y119.7 E860.55128
G0 F9000 X119.9 Y119.9
;TYPE:WALL-OUTER
G1 F1500 X119.9 Y112.914 E860.66746
G1 X118.036 Y112.907 E860.69846
G1 X117.967 Y112.84 E860.70006
G1 X117.973 Y111.084 E860.72926
G1 X118.033 Y111.018 E860.73074
G1 X119.9 Y111.02 E860.76179
G1 X119.9 Y108.074 E860.81079
G1 X118.036 Y108.074 E860.84178
G1 X117.971 Y107.992 E860.84352
G1 X117.971 Y106.25 E860.87249
G1 X118.039 Y106.167 E860.87428
G1 X119.9 Y106.165 E860.90523
G1 X119.9 Y100.1 E861.00609
G1 X112.567 Y100.1 E861.12804
G1 X112.567 Y101.938 E861.1586
G1 X112.499 Y102 E861.16013
G1 X110.806 Y101.996 E861.18829
G1 X110.74 Y101.941 E861.18972
G1 X110.738 Y100.1 E861.22033
G1 X108.469 Y100.1 E861.25807
G1 X108.468 Y101.941 E861.28868
G1 X108.402 Y101.996 E861.29011
G1 X106.696 Y102.001 E861.31848
G1 X106.613 Y101.929 E861.32031
G1 X106.61 Y100.1 E861.35072
G1 X100.1 Y100.1 E861.45899
G1 X100.101 Y119.899 E861.78825
G1 X119.9 Y119.9 E862.1175
G0 F9000 X119.9 Y119.7
G0 X119.53 Y119.53
G0 X119.315 Y113.82
G0 X119.316 Y113.498
;TYPE:SKIN
G1 F1463.4 X117.951 Y113.492 E862.14077
G0 F9000 X117.749 Y113.694
G1 F1500 X119.52 Y113.701 E862.17022
G1 X119.52 Y113.294 E862.17699
G1 X117.971 Y113.291 E862.20275
G1 X117.749 Y113.169 E862.20696
G1 X117.749 Y113.694 E862.2157
G0 F9000 X117.629 Y113.694
G0 X117.64 Y110.689
G0 X117.699 Y110.193
G0 X117.969 Y110.122
G0 X117.968 Y110.426
G1 F1388.9 X117.928 Y110.449 E862.21652
G1 X117.968 Y110.472 E862.21735
G1 F1421.8 X117.988 Y110.44 E862.21802
G1 F1492.5 X119.322 Y110.442 E862.24031
G0 F9000 X119.323 Y110.124
G0 X117.699 Y110.193
G0 X117.657 Y110.647
G0 X117.748 Y110.787
G1 F1500 X117.883 Y110.677 E862.24321
G1 X118.055 Y110.639 E862.24614
G1 X119.52 Y110.64 E862.2705
G1 X119.52 Y110.244 E862.27708
G1 X117.747 Y110.241 E862.30657
G1 X117.748 Y110.787 E862.31565
G0 F9000 X117.657 Y110.647
G0 X117.629 Y108.658
G0 X117.969 Y108.658
G1 F1304.3 X119.308 Y108.666 E862.34126
G0 F9000 X119.308 Y108.998
G0 X117.862 Y108.933
G0 X117.75 Y108.877
G1 F1500 X119.52 Y108.878 E862.37069
G1 X119.52 Y108.454 E862.37774
G1 X118.052 Y108.452 E862.40216
G1 X117.837 Y108.39 E862.40588
G1 X117.75 Y108.306 E862.40789
G1 X117.75 Y108.877 E862.41739
G0 F9000 X117.629 Y108.877
G0 X117.632 Y105.575
G0 X117.977 Y105.575
G1 F1229.5 X119.301 Y105.566 E862.44425
G0 F9000 X119.301 Y105.227
G0 X117.704 Y105.302
G0 X117.662 Y105.797
G0 X117.753 Y105.924
G1 F1500 X117.894 Y105.821 E862.44715
G1 X118.053 Y105.788 E862.44985
G1 X119.52 Y105.785 E862.47425
G1 X119.52 Y105.347 E862.48153
G1 X117.753 Y105.351 E862.51092
G1 X117.753 Y105.924 E862.52045
G0 F9000 X117.662 Y105.797
G0 X113.187 Y102.34
G0 X113.187 Y101.98
G1 F1067.6 X113.186 Y100.719 E862.54991
G0 F9000 X113.546 Y100.719
G0 X113.476 Y102.268
G0 X112.937 Y102.31
G0 X112.819 Y102.22
G1 F1500 X113.428 Y102.22 E862.56004
G1 X113.425 Y100.48 E862.58897
G1 X112.947 Y100.48 E862.59692
G1 X112.947 Y102.007 E862.62232
G1 X112.819 Y102.22 E862.62645
G0 F9000 X112.937 Y102.31
G0 X110.412 Y102.329
G0 X109.841 Y102.268
G0 X109.768 Y101.982
G0 X110.126 Y101.982
G1 F1098.9 X110.123 Y100.716 E862.65519
G0 F9000 X109.766 Y100.716
G0 X109.841 Y102.268
G0 X110.37 Y102.31
G0 X110.485 Y102.22
G1 F1500 X110.361 Y101.948 E862.66016
G1 X110.358 Y100.48 E862.68457
G1 X109.887 Y100.48 E862.69241
G1 X109.89 Y102.219 E862.72133
G1 X110.485 Y102.22 E862.73122
G0 F9000 X110.37 Y102.31
G0 X109.045 Y102.34
G0 X109.045 Y102.012
G1 F1428.6 X109.051 Y100.683 E862.75443
G0 F9000 X109.373 Y100.684
G0 X109.301 Y102.268
G0 X108.838 Y102.31
G0 X108.722 Y102.219
G1 F1500 X109.253 Y102.22 E862.76326
G1 X109.253 Y100.481 E862.79218
G1 X108.849 Y100.481 E862.7989
G1 X108.847 Y101.951 E862.82334
G1 X108.722 Y102.219 E862.82826
G0 F9000 X108.838 Y102.31
G0 X106.031 Y102.341
G0 X106.031 Y102.019
G1 F1492.5 X106.03 Y100.681 E862.85062
G0 F9000 X105.709 Y100.68
G0 X105.78 Y102.269
G0 X106.24 Y102.311
G0 X106.354 Y102.22
G1 F1500 X106.23 Y101.991 E862.85495
G1 X106.23 Y100.48 E862.88008
G1 X105.829 Y100.48 E862.88675
G1 X105.829 Y102.22 E862.91569
G1 X106.354 Y102.22 E862.92442
G0 F9000 X106.169 Y102.441
;MESH:NONMESH
G0 F300 X106.169 Y102.441 Z13.7
G0 F9000 X100.5 Y100.875
G0 X100.34 Y100.875
;TIME_ELAPSED:1957.068733
;LAYER:67
;TYPE:FILL
;MESH:xyzCalibration_cube.stl
G1 F6000 X102.34 Y100.339 E862.95885
G0 F9000 X102.558 Y100.339
G1 F6000 X100.339 Y108.621 E863.10144
G0 F9000 X100.339 Y107.853
G1 F6000 X112.145 Y119.659 E863.3791
G0 F9000 X112.911 Y119.659
G1 F6000 X118.088 Y100.338 E863.71174
G0 F9000 X118.281 Y100.339
G1 F6000 X119.659 Y101.717 E863.74415
G0 F9000 X119.658 Y101.91
G1 F6000 X100.34 Y107.086 E864.07674
G0 F9000 X100.5 Y107.086
G0 X100.5 Y103.981
G0 X100.34 Y103.981
G1 F6000 X106.845 Y102.237 E864.18874
G0 F9000 X107.454 Y102.239
G1 F6000 X117.727 Y112.513 E864.43036
G0 F9000 X117.728 Y113.272
G1 F6000 X116.016 Y119.659 E864.54032
G0 F9000 X116.388 Y119.659
G1 F6000 X100.339 Y103.61 E864.91777
G0 F9000 X100.5 Y103.61
G0 X101.312 Y100.5
G0 X101.312 Y100.34
G1 F6000 X119.659 Y118.687 E865.34926
G0 F9000 X119.5 Y118.687
G0 X119.5 Y117.658
G0 X119.659 Y117.658
G1 F6000 X119.122 Y119.659 E865.38372
G0 F9000 X119.122 Y119.5
G0 X119.5 Y117.439
G0 X119.658 Y117.439
G1 F6000 X111.374 Y119.659 E865.52634
G0 F9000 X111.374 Y119.5
G0 X109.805 Y119.5
G0 X109.805 Y119.66
G1 F6000 X114.982 Y100.338 E865.859
G0 F9000 X114.039 Y100.339
G1 F6000 X118.907 Y105.207 E865.97349
G1 X118.942 Y105.208
G1 X119.658 Y105.016 E865.98582
G0 F9000 X119.5 Y105.016
G0 X117.704 Y105.181
G0 X117.632 Y105.533
G0 X117.73 Y105.533
G1 F6000 X100.34 Y110.192 E866.28522
G0 F9000 X100.5 Y110.192
G0 X100.5 Y112.096
G0 X100.339 Y112.096
G1 F6000 X107.903 Y119.659 E866.4631
G0 F9000 X107.903 Y119.5
G0 X106.699 Y119.5
G0 X106.699 Y119.66
G1 F6000 X111.367 Y102.238 E866.76305
G0 F9000 X111.697 Y102.24
G1 F6000 X117.728 Y108.271 E866.90489
G0 F9000 X117.727 Y108.639
G1 F6000 X100.339 Y113.298 E867.20425
G0 F9000 X100.5 Y113.298
G0 X100.5 Y116.338
G0 X100.339 Y116.338
G1 F6000 X103.66 Y119.659 E867.28235
G1 X103.593 Y119.659
G1 X108.261 Y102.238 E867.58229
G0 F9000 X108.261 Y102.401
G0 X109.188 Y102.268
G0 X109.26 Y101.618
G0 X109.16 Y101.617
G1 F6000 X109.992 Y101.394 E867.59661
G0 F9000 X109.992 Y100.535
G1 F6000 X109.796 Y100.339 E867.60122
G0 F9000 X109.796 Y100.5
G0 X109.966 Y102.268
G0 X110.538 Y102.329
G0 X113.023 Y102.328
G0 X113.604 Y102.269
G0 X113.674 Y100.435
G0 X113.573 Y100.435
G1 F6000 X113.931 Y100.339 E867.60739
G0 F9000 X113.931 Y100.5
G0 X113.604 Y102.269
G0 X113.023 Y102.328
G0 X106.17 Y102.329
G0 X105.668 Y102.27
G0 X105.597 Y100.481
G0 X105.696 Y100.481
G1 F6000 X105.554 Y100.34 E867.61071
G0 F9000 X105.664 Y100.339
G1 F6000 X100.487 Y119.659 E867.94334
G0 F9000 X100.339 Y119.51
G1 F6000 X119.659 Y114.333 E868.27597
G0 F9000 X119.659 Y114.445
G1 F6000 X119.046 Y113.832 E868.29039
G0 F9000 X119.045 Y113.932
G0 X117.701 Y113.858
G0 X117.569 Y111.744
G0 X117.728 Y111.745
G1 F6000 X100.339 Y116.404 E868.58977
G0 F9000 X100.5 Y116.404
G0 X117.699 Y110.304
G0 X118.516 Y110.234
G0 X118.516 Y110.332
G1 F6000 X118.932 Y108.78 E868.61649
G0 F9000 X118.238 Y108.781
G1 F6000 X119.659 Y110.202 E868.64991
G0 F9000 X119.5 Y110.202
G0 X117.699 Y110.304
G0 X117.641 Y110.802
G0 X117.639 Y113.351
G0 X117.689 Y113.761
G0 X119.53 Y119.53
G0 X119.7 Y119.7
;TYPE:WALL-INNER
G1 F1500 X119.7 Y113.228 E868.75754
G1 X118.066 Y113.224 E868.78471
G1 X117.92 Y113.186 E868.78722
G1 X117.806 Y113.074 E868.78988
G1 X117.768 Y112.958 E868.79191
G1 X117.77 Y111.197 E868.82119
G1 X117.807 Y111.082 E868.8232
G1 X117.975 Y110.93 E868.82697
G1 X119.7 Y110.931 E868.85566
G1 X119.7 Y108.157 E868.90179
G1 X117.98 Y108.157 E868.93039
G1 X117.831 Y108.038 E868.93356
G1 X117.771 Y107.913 E868.93587
G1 X117.775 Y106.096 E868.96608
G1 X117.823 Y105.976 E868.96823
G1 X117.98 Y105.847 E868.97161
G1 X119.7 Y105.846 E869.00022
G1 X119.7 Y100.3 E869.09245
G1 X112.895 Y100.3 E869.20561
G1 X112.895 Y101.899 E869.23221
G1 X112.862 Y102.039 E869.2346
G1 X112.692 Y102.198 E869.23847
G1 X110.902 Y102.195 E869.26824
G1 X110.757 Y102.117 E869.27098
G1 X110.667 Y101.928 E869.27446
G1 X110.664 Y100.3 E869.30153
G1 X108.556 Y100.3 E869.33659
G1 X108.554 Y101.928 E869.36366
G1 X108.522 Y102.039 E869.36558
G1 X108.386 Y102.172 E869.36874
G1 X108.255 Y102.201 E869.37098
G1 X106.557 Y102.199 E869.39921
G1 X106.369 Y102.096 E869.40278
G1 X106.298 Y101.963 E869.40529
G1 X106.298 Y100.3 E869.43294
G1 X100.3 Y100.3 E869.53269
G1 X100.3 Y119.7 E869.85531
G1 X119.7 Y119.7 E870.17794
G0 F9000 X119.9 Y119.9
;TYPE:WALL-OUTER
G1 F1500 X119.9 Y113.028 E870.29222
G1 X118.037 Y113.02 E870.3232
G1 X117.967 Y112.936 E870.32502
G1 X117.973 Y111.199 E870.3539
G1 X118.035 Y111.13 E870.35545
G1 X119.9 Y111.131 E870.38646
G1 X119.9 Y107.957 E870.43925
G1 X118.039 Y107.957 E870.47019
G1 X117.973 Y107.882 E870.47186
G1 X117.972 Y106.13 E870.50099
G1 X118.041 Y106.047 E870.50279
G1 X119.9 Y106.046 E870.5337
G1 X119.9 Y100.1 E870.63258
G1 X112.695 Y100.1 E870.7524
G1 X112.692 Y101.928 E870.7828
G1 X112.607 Y102 E870.78466
G1 X110.92 Y102.001 E870.81271
G1 X110.866 Y101.91 E870.81447
G1 X110.864 Y100.1 E870.84457
G1 X108.356 Y100.1 E870.88628
G1 X108.355 Y101.91 E870.91638
G1 X108.301 Y102.001 E870.91814
G1 X106.584 Y102.001 E870.94669
G1 X106.498 Y101.935 E870.9485
G1 X106.498 Y100.1 E870.97901
G1 X100.1 Y100.1 E871.08541
G1 X100.1 Y119.9 E871.41469
G1 X119.9 Y119.9 E871.74396
G0 F9000 X119.9 Y119.7
G0 X119.53 Y119.53
G0 X119.316 Y113.932
G0 X119.317 Y113.61
;TYPE:SKIN
G1 F1463.4 X117.953 Y113.606 E871.76721
G0 F9000 X117.75 Y113.809
G1 F1500 X119.52 Y113.813 E871.79665
G1 X119.52 Y113.408 E871.80338
G1 X117.975 Y113.404 E871.82908
G1 X117.75 Y113.28 E871.83335
G1 X117.75 Y113.809 E871.84215
G0 F9000 X117.629 Y113.809
G0 X117.641 Y110.802
G0 X117.699 Y110.304
G0 X117.957 Y110.233
G0 X117.956 Y110.561
G1 F1442.3 X118.022 Y110.552 E871.8433
G1 F1507.5 X119.322 Y110.553 E871.86481
G0 F9000 X119.323 Y110.235
G0 X117.699 Y110.304
G0 X117.569 Y110.907
G0 X117.747 Y110.908
G1 F1500 X117.897 Y110.782 E871.86807
G1 X118.057 Y110.751 E871.87078
G1 X119.52 Y110.751 E871.89511
G1 X119.52 Y110.355 E871.90169
G1 X117.748 Y110.353 E871.93116
G1 X117.747 Y110.908 E871.94039
G0 F9000 X117.569 Y110.907
G0 X117.629 Y108.541
G0 X117.969 Y108.541
G1 F1298.7 X119.308 Y108.549 E871.96611
G0 F9000 X119.308 Y108.881
G0 X117.862 Y108.816
G0 X117.749 Y108.761
G1 F1500 X119.52 Y108.761 E871.99556
G1 X119.52 Y108.337 E872.00261
G1 X118.058 Y108.336 E872.02693
G1 X117.893 Y108.301 E872.02973
G1 X117.75 Y108.2 E872.03264
G1 X117.749 Y108.761 E872.04197
G0 F9000 X117.629 Y108.761
G0 X117.632 Y105.455
G0 X117.978 Y105.455
G1 F1229.5 X119.301 Y105.447 E872.06882
G0 F9000 X119.301 Y105.108
G0 X117.704 Y105.181
G0 X117.662 Y105.677
G0 X117.753 Y105.807
G1 F1500 X117.897 Y105.701 E872.07179
G1 X118.059 Y105.668 E872.07454
G1 X119.52 Y105.666 E872.09884
G1 X119.52 Y105.228 E872.10612
G1 X117.753 Y105.23 E872.1355
G1 X117.753 Y105.807 E872.1451
G0 F9000 X117.662 Y105.677
G0 X113.311 Y102.341
G0 X113.311 Y101.977
G1 F1052.6 X113.314 Y100.719 E872.17491
G0 F9000 X113.674 Y100.719
G0 X113.604 Y102.269
G0 X113.065 Y102.311
G0 X112.922 Y102.221
G1 F1500 X113.556 Y102.221 E872.18546
G1 X113.553 Y100.48 E872.21441
G1 X113.075 Y100.48 E872.22236
G1 X113.075 Y101.914 E872.24621
G1 X113.031 Y102.097 E872.24934
G1 X112.922 Y102.221 E872.25208
G0 F9000 X113.065 Y102.311
G0 X110.538 Y102.329
G0 X109.966 Y102.268
G0 X109.893 Y101.981
G0 X110.252 Y101.981
G1 F1098.9 X110.249 Y100.716 E872.2808
G0 F9000 X109.893 Y100.716
G0 X109.966 Y102.268
G0 X110.496 Y102.31
G0 X110.608 Y102.218
G1 F1500 X110.487 Y101.947 E872.28573
G1 X110.484 Y100.48 E872.31013
G1 X110.013 Y100.48 E872.31796
G1 X110.014 Y102.22 E872.3469
G1 X110.608 Y102.218 E872.35678
G0 F9000 X110.496 Y102.31
G0 X108.932 Y102.34
G0 X108.932 Y102.012
G1 F1428.6 X108.938 Y100.683 E872.37998
G0 F9000 X109.26 Y100.684
G0 X109.195 Y102.11
G0 X109.14 Y102.22
G1 F1500 X109.14 Y100.481 E872.4089
G1 X108.736 Y100.481 E872.41562
G1 X108.734 Y101.949 E872.44003
G1 X108.611 Y102.218 E872.44495
G1 X109.14 Y102.22 E872.45375
G0 F9000 X109.14 Y102.34
G0 X106.17 Y102.329
G0 X105.668 Y102.27
G0 X105.597 Y102.018
G0 X105.918 Y102.019
G1 F1485.1 X105.918 Y100.681 E872.47622
G0 F9000 X105.597 Y100.68
G0 X105.668 Y102.27
G0 X106.128 Y102.312
G0 X106.241 Y102.221
G1 F1500 X106.118 Y101.993 E872.48053
G1 X106.118 Y100.48 E872.50569
G1 X105.717 Y100.48 E872.51236
G1 X105.716 Y102.222 E872.54133
G1 X106.241 Y102.221 E872.55006
G0 F9000 X106.057 Y102.442
;MESH:NONMESH
G0 F300 X106.057 Y102.442 Z13.9
G0 F9000 X100.5 Y101.021
G0 X100.34 Y101.021
;TIME_ELAPSED:1982.664637
;LAYER:68
;TYPE:FILL
;MESH:xyzCalibration_cube.stl
G1 F6000 X102.881 Y100.34 E872.59381
G0 F9000 X102.412 Y100.339
G1 F6000 X100.34 Y108.072 E872.72695
G0 F9000 X100.339 Y107.654
G1 F6000 X112.345 Y119.659 E873.0093
G0 F9000 X112.765 Y119.66
G1 F6000 X117.942 Y100.338 E873.34196
G0 F9000 X118.481 Y100.339
G1 F6000 X119.659 Y101.517 E873.36966
G0 F9000 X119.658 Y102.056
G1 F6000 X100.339 Y107.232 E873.70227
G0 F9000 X100.5 Y107.232
G0 X100.5 Y104.127
G0 X100.34 Y104.127
G1 F6000 X107.388 Y102.238 E873.82362
G0 F9000 X107.653 Y102.239
G1 F6000 X117.73 Y112.316 E874.06061
G0 F9000 X117.73 Y112.719
G1 F6000 X115.87 Y119.659 E874.1801
G0 F9000 X116.587 Y119.659
G1 F6000 X100.339 Y103.411 E874.56223
G0 F9000 X100.5 Y103.411
G0 X101.511 Y100.5
G0 X101.511 Y100.34
G1 F6000 X119.659 Y118.488 E874.98904
G0 F9000 X119.658 Y117.585
G1 F6000 X111.919 Y119.659 E875.12228
G0 F9000 X111.919 Y119.5
G0 X109.659 Y119.5
G0 X109.659 Y119.66
G1 F6000 X114.836 Y100.338 E875.45494
G0 F9000 X114.476 Y100.339
G1 F6000 X113.7 Y100.547 E875.4683
G0 F9000 X114.238 Y100.339
G1 F6000 X118.987 Y105.088 E875.57999
G0 F9000 X118.988 Y104.988
G0 X117.705 Y105.063
G0 X117.731 Y105.528
G0 X117.731 Y105.678
G1 F6000 X100.339 Y110.338 E875.87942
G0 F9000 X100.5 Y110.338
G0 X100.5 Y111.896
G0 X100.339 Y111.896
G1 F6000 X108.102 Y119.659 E876.062
G0 F9000 X108.102 Y119.5
G0 X106.553 Y119.5
G0 X106.553 Y119.659
G1 F6000 X111.221 Y102.237 E876.36194
G0 F9000 X111.894 Y102.238
G1 F6000 X117.728 Y108.072 E876.49915
G0 F9000 X118.185 Y108.663
G1 F6000 X100.339 Y113.444 E876.8064
G0 F9000 X100.5 Y113.444
G0 X100.5 Y116.139
G0 X100.339 Y116.139
G1 F6000 X103.859 Y119.659 E876.88918
G0 F9000 X103.447 Y119.659
G1 F6000 X108.115 Y102.239 E877.1891
G0 F9000 X108.115 Y102.401
G0 X109.075 Y102.268
G0 X109.147 Y101.795
G0 X109.046 Y101.794
G1 F6000 X110.12 Y101.506 E877.20759
G0 F9000 X110.02 Y101.505
G0 X110.019 Y100.461
G0 X110.118 Y100.462
G1 F6000 X109.996 Y100.339 E877.21047
G0 F9000 X109.996 Y100.5
G0 X109.075 Y102.268
G0 X108.57 Y102.329
G0 X106.057 Y102.329
G0 X105.555 Y102.27
G0 X105.519 Y100.5
G0 X105.519 Y100.338
G1 F6000 X100.341 Y119.659 E877.54312
G1 X100.339 Y119.656
G1 X119.658 Y114.479 E877.87573
G0 F9000 X119.659 Y114.245
G1 F6000 X119.361 Y113.947 E877.88274
G0 F9000 X119.36 Y114.047
G0 X117.701 Y113.97
G0 X117.569 Y111.89
G0 X117.729 Y111.891
G1 F6000 X100.339 Y116.55 E878.18214
G0 F9000 X100.5 Y116.55
G0 X118.976 Y119.5
G0 X118.976 Y119.659
G1 F6000 X119.659 Y117.113 E878.22597
G0 F9000 X119.5 Y117.113
G0 X117.701 Y113.97
G0 X117.64 Y113.464
G0 X117.641 Y110.913
G0 X117.7 Y110.416
G0 X118.34 Y110.345
G0 X118.34 Y110.444
G1 F6000 X118.817 Y108.662 E878.25665
G0 F9000 X118.32 Y108.664
G1 F6000 X119.659 Y110.003 E878.28814
G0 F9000 X119.5 Y110.003
G0 X117.7 Y110.416
G0 X117.641 Y110.913
G0 X117.64 Y113.464
G0 X117.69 Y113.874
G0 X119.53 Y119.53
G0 X119.7 Y119.7
;TYPE:WALL-INNER
G1 F1500 X119.7 Y113.341 E878.39389
G1 X118.067 Y113.337 E878.42105
G1 X117.924 Y113.301 E878.4235
G1 X117.826 Y113.216 E878.42566
G1 X117.77 Y113.077 E878.42815
G1 X117.771 Y111.303 E878.45765
G1 X117.835 Y111.152 E878.46038
G1 X117.983 Y111.041 E878.46346
G1 X119.7 Y111.042 E878.49201
G1 X119.7 Y108.04 E878.54193
G1 X118.072 Y108.04 E878.56901
G1 X117.879 Y107.972 E878.57241
G1 X117.775 Y107.793 E878.57585
G1 X117.775 Y105.977 E878.60605
G1 X117.818 Y105.865 E878.60805
G1 X117.983 Y105.728 E878.61162
G1 X119.7 Y105.726 E878.64017
G1 X119.7 Y100.3 E878.7304
G1 X113.023 Y100.3 E878.84144
G1 X113.023 Y101.899 E878.86803
G1 X112.992 Y102.035 E878.87035
G1 X112.822 Y102.198 E878.87427
G1 X111.027 Y102.195 E878.90412
G1 X110.893 Y102.127 E878.90662
G1 X110.793 Y101.928 E878.91032
G1 X110.79 Y100.3 E878.9374
G1 X108.443 Y100.3 E878.97643
G1 X108.441 Y101.928 E879.0035
G1 X108.341 Y102.127 E879.00721
G1 X108.183 Y102.199 E879.01009
G1 X106.444 Y102.199 E879.03901
G1 X106.35 Y102.17 E879.04065
G1 X106.216 Y102.035 E879.04381
G1 X106.185 Y101.9 E879.04612
G1 X106.185 Y100.3 E879.07273
G1 X100.301 Y100.301 E879.17058
G1 X100.3 Y119.7 E879.49318
G1 X119.7 Y119.7 E879.81581
G0 F9000 X119.9 Y119.9
;TYPE:WALL-OUTER
G1 F1500 X119.9 Y113.141 E879.92821
G1 X118.039 Y113.133 E879.95916
G1 X117.968 Y113.051 E879.96096
G1 X117.974 Y111.308 E879.98995
G1 X118.071 Y111.241 E879.99191
G1 X119.9 Y111.242 E880.02232
G1 X119.9 Y107.84 E880.0789
G1 X118.044 Y107.84 E880.10977
G1 X117.972 Y107.758 E880.11158
G1 X117.972 Y105.985 E880.14107
G1 X118.04 Y105.928 E880.14254
G1 X119.9 Y105.926 E880.17347
G1 X119.9 Y100.1 E880.27036
G1 X112.823 Y100.1 E880.38805
G1 X112.823 Y101.933 E880.41853
G1 X112.736 Y102 E880.42036
G1 X111.058 Y101.996 E880.44827
G1 X110.992 Y101.94 E880.4497
G1 X110.99 Y100.1 E880.4803
G1 X108.243 Y100.1 E880.52599
G1 X108.242 Y101.91 E880.55609
G1 X108.152 Y102.001 E880.55822
G1 X106.45 Y102.001 E880.58652
G1 X106.385 Y101.936 E880.58805
G1 X106.385 Y100.1 E880.61858
G1 X100.101 Y100.101 E880.72308
G1 X100.1 Y119.9 E881.05234
G1 X119.9 Y119.9 E881.38162
G0 F9000 X119.9 Y119.7
G0 X119.53 Y119.53
G0 X119.315 Y114.047
G0 X119.316 Y113.725
;TYPE:SKIN
G1 F1463.4 X117.952 Y113.718 E881.40487
G0 F9000 X117.75 Y113.921
G1 F1500 X119.52 Y113.928 E881.43431
G1 X119.52 Y113.521 E881.44107
G1 X117.975 Y113.517 E881.46677
G1 X117.75 Y113.392 E881.47105
G1 X117.75 Y113.921 E881.47984
G0 F9000 X117.629 Y113.921
G0 X117.641 Y110.913
G0 X117.7 Y110.416
G0 X117.948 Y110.345
G0 X117.947 Y110.663
G1 F1530.6 X119.322 Y110.664 E881.50225
G0 F9000 X119.323 Y110.347
G0 X117.7 Y110.416
G0 X117.658 Y110.871
G0 X117.749 Y111.006
G1 F1500 X117.951 Y110.861 E881.50639
G1 X119.52 Y110.862 E881.53248
G1 X119.52 Y110.467 E881.53905
G1 X117.748 Y110.465 E881.56852
G1 X117.749 Y111.006 E881.57752
G0 F9000 X117.658 Y110.871
G0 X117.974 Y108.764
G0 X117.974 Y108.42
G1 F1271.2 X118.075 Y108.432 E881.57951
G1 F1339.3 X119.308 Y108.432 E881.60248
G0 F9000 X119.308 Y108.764
G0 X117.862 Y108.699
G0 X117.749 Y108.644
G1 F1500 X119.52 Y108.644 E881.63193
G1 X119.52 Y108.22 E881.63898
G1 X118.043 Y108.215 E881.66354
G1 X117.75 Y108.111 E881.66871
G1 X117.749 Y108.644 E881.67758
G0 F9000 X117.629 Y108.644
G0 X117.643 Y105.6
G0 X117.705 Y105.063
G0 X117.972 Y104.99
G0 X117.972 Y105.329
G1 F1260.5 X119.301 Y105.327 E881.70388
G0 F9000 X119.301 Y104.988
G0 X117.705 Y105.063
G0 X117.662 Y105.558
G0 X117.753 Y105.689
G1 F1500 X117.961 Y105.548 E881.70806
G1 X119.52 Y105.546 E881.73398
G1 X119.52 Y105.108 E881.74127
G1 X117.753 Y105.111 E881.77065
G1 X117.753 Y105.689 E881.78026
G0 F9000 X117.662 Y105.558
G0 X113.802 Y101.978
G0 X113.439 Y101.978
G1 F1060.1 X113.442 Y100.719 E881.80989
G0 F9000 X113.802 Y100.719
G0 X113.73 Y102.269
G0 X113.193 Y102.311
G0 X113.054 Y102.221
G1 F1500 X113.682 Y102.221 E881.82033
G1 X113.681 Y100.48 E881.84929
G1 X113.203 Y100.48 E881.85724
G1 X113.203 Y101.916 E881.88112
G1 X113.162 Y102.092 E881.88412
G1 X113.054 Y102.221 E881.88692
G0 F9000 X113.193 Y102.311
G0 X110.664 Y102.329
G0 X110.094 Y102.268
G0 X110.021 Y101.982
G0 X110.379 Y101.982
G1 F1102.9 X110.375 Y100.716 E881.91555
G0 F9000 X110.019 Y100.716
G0 X110.094 Y102.268
G0 X110.622 Y102.31
G0 X110.739 Y102.22
G1 F1500 X110.613 Y101.947 E881.92055
G1 X110.61 Y100.48 E881.94495
G1 X110.139 Y100.48 E881.95278
G1 X110.142 Y102.219 E881.9817
G1 X110.739 Y102.22 E881.99163
G0 F9000 X110.622 Y102.31
G0 X108.819 Y102.34
G0 X108.819 Y102.012
G1 F1428.6 X108.825 Y100.683 E882.01484
G0 F9000 X109.147 Y100.684
G0 X109.075 Y102.268
G0 X108.612 Y102.31
G0 X108.495 Y102.22
G1 F1500 X109.027 Y102.22 E882.02369
G1 X109.027 Y100.481 E882.0526
G1 X108.623 Y100.481 E882.05932
G1 X108.621 Y101.951 E882.08377
G1 X108.495 Y102.22 E882.08871
G0 F9000 X108.612 Y102.31
G0 X106.057 Y102.329
G0 X105.555 Y102.27
G0 X105.484 Y102.011
G0 X105.813 Y102.012
G1 F1408.5 X105.805 Y101.953 E882.08976
G1 F1470.6 X105.805 Y100.681 E882.11134
G0 F9000 X105.484 Y100.68
G0 X105.555 Y102.27
G0 X106.015 Y102.312
G0 X106.155 Y102.221
G1 F1500 X106.046 Y102.091 E882.11416
G1 X106.006 Y101.917 E882.11713
G1 X106.005 Y100.48 E882.14103
G1 X105.604 Y100.48 E882.1477
G1 X105.603 Y102.222 E882.17667
G1 X106.155 Y102.221 E882.18585
G0 F9000 X105.944 Y102.442
;MESH:NONMESH
G0 F300 X105.944 Y102.442 Z14.1
G0 F9000 X100.5 Y101.168
G0 X100.34 Y101.168
;TIME_ELAPSED:2008.009405
;LAYER:69
;TYPE:FILL
;MESH:xyzCalibration_cube.stl
G1 F6000 X103.43 Y100.34 E882.23905
G0 F9000 X103.43 Y100.5
G0 X102.265 Y100.5
G0 X102.265 Y100.339
G1 F6000 X100.34 Y107.523 E882.36273
G1 X100.339 Y107.453
G1 X112.545 Y119.659 E882.6498
G1 X112.618 Y119.66
G1 X117.795 Y100.338 E882.98246
G0 F9000 X118.682 Y100.339
G1 F6000 X119.659 Y101.317 E883.00545
G0 F9000 X119.658 Y102.203
G1 F6000 X100.339 Y107.379 E883.33805
G0 F9000 X100.5 Y107.379
G0 X100.5 Y104.274
G0 X100.34 Y104.274
G1 F6000 X107.937 Y102.238 E883.46885
G1 X107.968 Y102.238
G1 X103.3 Y119.659 E883.76878
G0 F9000 X104.06 Y119.659
G1 F6000 X100.339 Y115.938 E883.8563
G0 F9000 X100.339 Y116.697
G1 F6000 X117.729 Y112.038 E884.15569
G1 X117.73 Y112.116
G1 X107.853 Y102.239 E884.38798
G0 F9000 X107.853 Y102.401
G0 X108.962 Y102.268
G0 X109.034 Y101.972
G0 X108.933 Y101.971
G1 F6000 X110.245 Y101.619 E884.41057
G0 F9000 X110.146 Y101.618
G0 X110.22 Y102.268
G0 X111.074 Y102.401
G0 X111.074 Y102.238
G1 F6000 X106.406 Y119.659 E884.71051
G0 F9000 X106.406 Y119.5
G0 X108.303 Y119.5
G0 X108.303 Y119.659
G1 F6000 X100.339 Y111.696 E884.8978
G0 F9000 X100.5 Y111.696
G0 X100.5 Y110.485
G0 X100.339 Y110.485
G1 F6000 X117.731 Y105.825 E885.19723
G0 F9000 X117.571 Y105.825
G0 X117.705 Y104.943
G0 X119.069 Y104.868
G0 X119.068 Y104.968
G1 F6000 X114.439 Y100.339 E885.3061
G0 F9000 X114.689 Y100.338
G1 F6000 X109.512 Y119.66 E885.63876
G0 F9000 X109.512 Y119.5
G0 X112.468 Y119.5
G0 X112.468 Y119.659
G1 F6000 X119.658 Y117.732 E885.76255
G0 F9000 X119.659 Y118.287
G1 F6000 X101.712 Y100.34 E886.18463
G0 F9000 X101.712 Y100.5
G0 X100.5 Y103.21
G0 X100.339 Y103.21
G1 F6000 X116.788 Y119.659 E886.57149
G0 F9000 X116.788 Y119.5
G0 X115.723 Y119.5
G0 X115.723 Y119.659
G1 F6000 X117.73 Y112.172 E886.70039
G0 F9000 X117.569 Y112.171
G0 X117.7 Y110.527
G0 X118.163 Y110.456
G0 X118.163 Y110.555
G1 F6000 X118.701 Y108.546 E886.73498
G0 F9000 X118.405 Y108.547
G1 F6000 X119.659 Y109.802 E886.76448
G0 F9000 X119.5 Y109.802
G0 X119.167 Y108.648
G0 X119.167 Y108.546
G1 F6000 X100.339 Y113.591 E887.08864
G0 F9000 X100.5 Y113.591
G0 X100.5 Y119.117
G0 X100.34 Y119.117
G1 F6000 X105.371 Y100.339 E887.41193
G0 F9000 X105.371 Y100.5
G0 X105.443 Y102.27
G0 X105.945 Y102.329
G0 X108.457 Y102.329
G0 X108.911 Y102.274
G0 X110.197 Y100.5
G0 X110.197 Y100.34
G1 F6000 X110.245 Y100.387 E887.41305
G0 F9000 X110.175 Y100.47
G0 X110.22 Y102.268
G0 X112.096 Y102.401
G0 X112.096 Y102.239
G1 F6000 X117.729 Y107.871 E887.54552
G0 F9000 X117.571 Y107.871
G0 X117.64 Y113.578
G0 X117.701 Y114.083
G0 X119.5 Y114.626
G0 X119.658 Y114.626
G1 F6000 X100.875 Y119.659 E887.8689
G0 F9000 X100.875 Y119.5
G0 X118.829 Y119.5
G0 X118.829 Y119.659
G1 F6000 X119.659 Y116.564 E887.92219
G0 F9000 X119.5 Y116.564
G0 X117.701 Y114.083
G0 X115.023 Y100.5
G0 X115.023 Y100.339
G1 F6000 X113.829 Y100.659 E887.94275
G0 F9000 X113.93 Y100.659
G0 X117.701 Y114.083
G0 X119.53 Y119.53
G0 X119.7 Y119.7
;TYPE:WALL-INNER
G1 F1500 X119.7 Y113.454 E888.04662
G1 X118.004 Y113.451 E888.07482
G1 X117.828 Y113.332 E888.07835
G1 X117.77 Y113.191 E888.08089
G1 X117.771 Y111.41 E888.11051
G1 X117.841 Y111.255 E888.11334
G1 X117.989 Y111.152 E888.11633
G1 X119.7 Y111.154 E888.14479
G1 X119.7 Y107.923 E888.19852
G1 X117.987 Y107.923 E888.22701
G1 X117.818 Y107.786 E888.23063
G1 X117.775 Y107.677 E888.23257
G1 X117.775 Y105.856 E888.26286
G1 X117.826 Y105.733 E888.26507
G1 X117.986 Y105.608 E888.26845
G1 X119.7 Y105.606 E888.29695
G1 X119.7 Y100.3 E888.38519
G1 X113.151 Y100.3 E888.4941
G1 X113.151 Y101.899 E888.52069
G1 X113.083 Y102.092 E888.5241
G1 X112.888 Y102.198 E888.52779
G1 X111.178 Y102.199 E888.55623
G1 X111.057 Y102.155 E888.55837
G1 X110.952 Y102.041 E888.56094
G1 X110.919 Y101.928 E888.5629
G1 X110.916 Y100.3 E888.58998
G1 X108.33 Y100.3 E888.63298
G1 X108.328 Y101.928 E888.66005
G1 X108.236 Y102.119 E888.66358
G1 X108.063 Y102.2 E888.66676
G1 X106.331 Y102.199 E888.69556
G1 X106.237 Y102.169 E888.6972
G1 X106.102 Y102.031 E888.70041
G1 X106.073 Y101.9 E888.70264
G1 X106.073 Y100.3 E888.72925
G1 X100.301 Y100.301 E888.82524
G1 X100.3 Y119.7 E889.14785
G1 X119.7 Y119.7 E889.47047
G0 F9000 X119.9 Y119.9
;TYPE:WALL-OUTER
G1 F1500 X119.9 Y113.254 E889.58099
G1 X118.04 Y113.248 E889.61193
G1 X117.971 Y113.18 E889.61354
G1 X117.97 Y111.432 E889.64261
G1 X118.032 Y111.358 E889.64421
G1 X119.9 Y111.354 E889.67528
G1 X119.9 Y107.723 E889.73566
G1 X118.034 Y107.717 E889.76669
G1 X117.974 Y107.651 E889.76818
G1 X117.972 Y105.89 E889.79746
G1 X118.042 Y105.808 E889.79925
G1 X119.9 Y105.806 E889.83015
G1 X119.9 Y100.1 E889.92504
G1 X112.951 Y100.1 E890.04061
G1 X112.951 Y101.933 E890.07109
G1 X112.864 Y102 E890.07291
G1 X111.187 Y101.997 E890.1008
G1 X111.118 Y101.91 E890.10265
G1 X111.116 Y100.1 E890.13275
G1 X108.13 Y100.1 E890.18241
G1 X108.129 Y101.939 E890.21299
G1 X108.053 Y101.999 E890.2146
G1 X106.337 Y102.001 E890.24314
G1 X106.273 Y101.936 E890.24466
G1 X106.273 Y100.1 E890.27519
G1 X100.101 Y100.101 E890.37783
G1 X100.1 Y119.9 E890.70709
G1 X119.9 Y119.9 E891.03636
G0 F9000 X119.9 Y119.7
G0 X119.53 Y119.53
G0 X119.315 Y114.16
G0 X119.316 Y113.838
;TYPE:SKIN
G1 F1463.4 X117.952 Y113.831 E891.05961
G0 F9000 X117.749 Y114.034
G1 F1500 X119.52 Y114.041 E891.08907
G1 X119.52 Y113.634 E891.09583
G1 X117.976 Y113.631 E891.12151
G1 X117.75 Y113.504 E891.12582
G1 X117.749 Y114.034 E891.13464
G0 F9000 X117.629 Y114.034
G0 X117.628 Y110.786
G0 X117.958 Y110.786
G1 F1435.4 X118.023 Y110.775 E891.13578
G1 F1515.2 X119.322 Y110.776 E891.15717
G0 F9000 X119.323 Y110.458
G0 X117.7 Y110.527
G0 X117.658 Y110.981
G0 X117.748 Y111.074
G1 F1500 X118.057 Y110.973 E891.16257
G1 X119.52 Y110.974 E891.1869
G1 X119.52 Y110.578 E891.19349
G1 X117.748 Y110.576 E891.22296
G1 X117.748 Y111.074 E891.23124
G0 F9000 X117.658 Y110.981
G0 X117.976 Y108.648
G0 X117.976 Y108.303
G1 F1271.2 X118.076 Y108.315 E891.23322
G1 F1339.3 X119.308 Y108.315 E891.25616
G0 F9000 X119.308 Y108.648
G0 X117.863 Y108.583
G0 X117.751 Y108.527
G1 F1500 X119.52 Y108.527 E891.28558
G1 X119.52 Y108.103 E891.29263
G1 X118.042 Y108.098 E891.31721
G1 X117.752 Y107.976 E891.32244
G1 X117.751 Y108.527 E891.33161
G0 F9000 X117.63 Y108.527
G0 X117.643 Y105.48
G0 X117.705 Y104.943
G0 X117.972 Y104.87
G0 X117.972 Y105.209
G1 F1260.5 X119.301 Y105.207 E891.35791
G0 F9000 X119.301 Y104.868
G0 X117.705 Y104.943
G0 X117.663 Y105.438
G0 X117.754 Y105.569
G1 F1500 X117.962 Y105.428 E891.36209
G1 X119.52 Y105.426 E891.388
G1 X119.52 Y104.988 E891.39528
G1 X117.753 Y104.991 E891.42467
G1 X117.754 Y105.569 E891.43428
G0 F9000 X117.663 Y105.438
G0 X113.566 Y102.341
G0 X113.566 Y101.978
G1 F1056.3 X113.57 Y100.719 E891.46401
G0 F9000 X113.93 Y100.719
G0 X113.858 Y102.269
G0 X113.321 Y102.311
G0 X113.177 Y102.22
G1 F1500 X113.81 Y102.221 E891.47454
G1 X113.809 Y100.48 E891.50349
G1 X113.331 Y100.48 E891.51144
G1 X113.331 Y101.914 E891.53529
G1 X113.264 Y102.138 E891.53917
G1 X113.177 Y102.22 E891.54116
G0 F9000 X113.321 Y102.311
G0 X110.505 Y102.34
G0 X110.505 Y101.983
G1 F1102.9 X110.501 Y100.716 E891.56982
G0 F9000 X110.145 Y100.716
G0 X110.22 Y102.268
G0 X110.748 Y102.31
G0 X110.877 Y102.219
G1 F1500 X110.784 Y102.109 E891.57221
G1 X110.739 Y101.947 E891.57501
G1 X110.736 Y100.48 E891.59941
G1 X110.265 Y100.48 E891.60724
G1 X110.268 Y102.219 E891.63616
G1 X110.877 Y102.219 E891.64629
G0 F9000 X110.748 Y102.31
G0 X108.706 Y102.34
G0 X108.706 Y102.012
G1 F1428.6 X108.712 Y100.683 E891.66949
G0 F9000 X109.034 Y100.684
G0 X108.962 Y102.268
G0 X108.499 Y102.31
G0 X108.37 Y102.22
G1 F1500 X108.914 Y102.22 E891.67854
G1 X108.914 Y100.481 E891.70746
G1 X108.51 Y100.481 E891.71418
G1 X108.508 Y101.95 E891.73861
G1 X108.463 Y102.109 E891.74136
G1 X108.37 Y102.22 E891.74376
G0 F9000 X108.499 Y102.31
G0 X105.945 Y102.329
G0 X105.443 Y102.27
G0 X105.372 Y102.01
G0 X105.701 Y102.011
G1 F1421.8 X105.693 Y100.681 E891.7671
G0 F9000 X105.372 Y100.68
G0 X105.443 Y102.27
G0 X105.903 Y102.312
G0 X106.04 Y102.221
G1 F1500 X105.933 Y102.09 E891.76991
G1 X105.894 Y101.915 E891.77289
G1 X105.893 Y100.48 E891.79676
G1 X105.492 Y100.48 E891.80343
G1 X105.491 Y102.222 E891.8324
G1 X106.04 Y102.221 E891.84153
G0 F9000 X105.832 Y102.442
;MESH:NONMESH
G0 F300 X105.832 Y102.442 Z14.3
G0 F9000 X100.5 Y101.314
G0 X100.34 Y101.314
;TIME_ELAPSED:2034.230092
;LAYER:70
;TYPE:FILL
;MESH:xyzCalibration_cube.stl
G1 F6000 X103.979 Y100.339 E891.90418
G0 F9000 X103.979 Y100.5
G0 X105.225 Y100.5
G0 X105.225 Y100.339
G1 F6000 X100.34 Y118.572 E892.21809
G0 F9000 X100.5 Y118.572
G0 X101.424 Y119.5
G0 X101.424 Y119.658
G1 F6000 X119.658 Y114.772 E892.53202
G0 F9000 X119.5 Y114.772
G0 X119.5 Y116.02
G0 X119.659 Y116.02
G1 F6000 X118.683 Y119.659 E892.59467
G0 F9000 X118.683 Y119.5
G0 X116.987 Y119.5
G0 X116.987 Y119.658
G1 F6000 X100.339 Y103.011 E892.9862
G0 F9000 X100.5 Y103.011
G0 X100.5 Y104.42
G0 X100.339 Y104.42
G1 F6000 X108.474 Y102.24 E893.12626
G0 F9000 X108.82 Y102.147
G1 F6000 X110.372 Y101.732 E893.15297
G0 F9000 X110.928 Y102.239
G1 F6000 X106.26 Y119.658 E893.45287
G0 F9000 X106.26 Y119.5
G0 X104.258 Y119.5
G0 X104.258 Y119.658
G1 F6000 X100.34 Y115.739 E893.54503
G0 F9000 X100.5 Y115.739
G0 X100.5 Y116.843
G0 X100.34 Y116.843
G1 F6000 X117.729 Y112.183 E893.84441
G0 F9000 X117.73 Y111.916
G1 F6000 X108.055 Y102.241 E894.07196
G0 F9000 X107.822 Y102.239
G1 F6000 X103.154 Y119.658 E894.37186
G0 F9000 X103.154 Y119.5
G0 X108.501 Y119.5
G0 X108.501 Y119.658
G1 F6000 X100.34 Y111.497 E894.56379
G0 F9000 X100.34 Y110.631
G1 F6000 X117.735 Y105.97 E894.86327
G0 F9000 X117.572 Y105.97
G0 X117.572 Y107.673
G0 X117.729 Y107.673
G1 F6000 X112.295 Y102.239 E894.99107
G0 F9000 X112.295 Y102.401
G0 X113.986 Y102.269
G0 X114.058 Y100.771
G0 X113.957 Y100.771
G1 F6000 X115.568 Y100.339 E895.01881
G0 F9000 X114.638 Y100.339
G1 F6000 X119.148 Y104.849 E895.12488
G0 F9000 X119.546 Y104.849
G1 F6000 X119.659 Y104.428 E895.13213
G0 F9000 X119.5 Y104.428
G0 X119.5 Y102.349
G0 X119.658 Y102.349
G1 F6000 X100.339 Y107.526 E895.46474
G0 F9000 X100.339 Y107.253
G1 F6000 X112.744 Y119.658 E895.75649
G0 F9000 X113.013 Y119.659
G1 F6000 X119.658 Y117.878 E895.87089
G0 F9000 X119.659 Y118.088
G1 F6000 X101.911 Y100.34 E896.2883
G0 F9000 X102.119 Y100.339
G1 F6000 X100.339 Y106.983 E896.40269
G0 F9000 X100.5 Y106.983
G0 X100.5 Y113.737
G0 X100.34 Y113.737
G1 F6000 X119.658 Y108.561 E896.73528
G0 F9000 X119.5 Y108.561
G0 X119.5 Y109.602
G0 X119.659 Y109.602
G1 F6000 X118.487 Y108.43 E896.76284
G0 F9000 X118.587 Y108.429
G1 F6000 X117.988 Y110.665 E896.80134
G0 F9000 X117.73 Y111.625
G1 F6000 X115.577 Y119.66 E896.93967
G0 F9000 X115.577 Y119.5
G0 X112.472 Y119.5
G0 X112.472 Y119.659
G1 F6000 X117.649 Y100.338 E897.27232
G0 F9000 X117.649 Y100.5
G0 X118.881 Y100.5
G0 X118.881 Y100.339
G1 F6000 X119.659 Y101.117 E897.29062
G0 F9000 X119.5 Y101.117
G0 X114.543 Y100.5
G0 X114.543 Y100.338
G1 F6000 X109.366 Y119.659 E897.62326
G0 F9000 X109.366 Y119.5
G0 X119.53 Y119.53
G0 X119.7 Y119.7
;TYPE:WALL-INNER
G1 F1500 X119.7 Y113.568 E897.72524
G1 X118.006 Y113.564 E897.75341
G1 X117.873 Y113.493 E897.75591
G1 X117.77 Y113.305 E897.75948
G1 X117.77 Y111.529 E897.78901
G1 X117.844 Y111.363 E897.79204
G1 X117.986 Y111.263 E897.79492
G1 X119.7 Y111.265 E897.82343
G1 X119.7 Y107.806 E897.88095
G1 X117.985 Y107.806 E897.90947
G1 X117.822 Y107.674 E897.91296
G1 X117.776 Y107.56 E897.915
G1 X117.776 Y105.736 E897.94534
G1 X117.818 Y105.628 E897.94727
G1 X117.988 Y105.489 E897.95092
G1 X119.7 Y105.487 E897.97939
G1 X119.7 Y100.3 E898.06565
G1 X113.279 Y100.3 E898.17243
G1 X113.279 Y102 E898.2007
G1 X113.082 Y102.198 E898.20535
G1 X111.331 Y102.201 E898.23446
G1 X111.208 Y102.169 E898.23658
G1 X111.075 Y102.033 E898.23974
G1 X111.046 Y101.927 E898.24157
G1 X111.043 Y100.3 E898.26863
G1 X108.217 Y100.3 E898.31562
G1 X108.215 Y101.927 E898.34268
G1 X108.131 Y102.111 E898.34604
G1 X107.963 Y102.201 E898.34921
G1 X106.218 Y102.199 E898.37823
G1 X106.122 Y102.168 E898.37991
G1 X105.96 Y102 E898.38379
G1 X105.96 Y100.3 E898.41206
G1 X100.3 Y100.3 E898.50619
G1 X100.301 Y119.699 E898.8288
G1 X119.7 Y119.7 E899.1514
G0 F9000 X119.9 Y119.9
;TYPE:WALL-OUTER
G1 F1500 X119.9 Y113.368 E899.26003
G1 X118.04 Y113.361 E899.29096
G1 X117.968 Y113.278 E899.29279
G1 X117.975 Y111.526 E899.32193
G1 X118.041 Y111.463 E899.32344
G1 X119.9 Y111.465 E899.35436
G1 X119.9 Y107.606 E899.41853
G1 X118.022 Y107.606 E899.44976
G1 X117.973 Y107.524 E899.45135
G1 X117.973 Y105.771 E899.48051
G1 X118.036 Y105.695 E899.48215
G1 X119.9 Y105.687 E899.51315
G1 X119.9 Y100.1 E899.60606
G1 X113.079 Y100.1 E899.71949
G1 X113.079 Y101.934 E899.74999
G1 X113.013 Y102 E899.75154
G1 X111.309 Y102.001 E899.77988
G1 X111.245 Y101.935 E899.78141
G1 X111.243 Y100.1 E899.81193
G1 X108.017 Y100.1 E899.86558
G1 X108.016 Y101.91 E899.89568
G1 X107.929 Y102.001 E899.89777
G1 X106.246 Y102.001 E899.92576
G1 X106.16 Y101.932 E899.92759
G1 X106.16 Y100.1 E899.95806
G1 X100.1 Y100.1 E900.05884
G1 X100.101 Y119.899 E900.38809
G1 X119.9 Y119.9 E900.71735
G0 F9000 X119.9 Y119.7
G0 X119.53 Y119.53
G0 X119.317 Y114.272
G0 X119.318 Y113.951
;TYPE:SKIN
G1 F1463.4 X117.954 Y113.946 E900.7406
G0 F9000 X117.75 Y114.15
G1 F1500 X119.52 Y114.153 E900.77004
G1 X119.52 Y113.748 E900.77677
G1 X117.978 Y113.744 E900.80242
G1 X117.75 Y113.622 E900.80672
G1 X117.75 Y114.15 E900.8155
G0 F9000 X117.63 Y114.15
G0 X117.628 Y110.894
G0 X117.954 Y110.894
G1 F1456.3 X118.001 Y110.886 E900.81632
G1 F1515.2 X119.322 Y110.887 E900.83806
G0 F9000 X119.323 Y110.569
G0 X117.7 Y110.638
G0 X117.658 Y111.092
G0 X117.749 Y111.21
G1 F1500 X118.035 Y111.084 E900.84326
G1 X119.52 Y111.085 E900.86796
G1 X119.52 Y110.689 E900.87454
G1 X117.748 Y110.687 E900.90401
G1 X117.749 Y111.21 E900.91271
G0 F9000 X117.658 Y111.092
G0 X117.63 Y108.189
G0 X117.972 Y108.189
G1 F1287.6 X118.052 Y108.198 E900.91427
G1 F1339.3 X119.308 Y108.198 E900.93766
G0 F9000 X119.308 Y108.531
G0 X117.863 Y108.466
G0 X117.75 Y108.41
G1 F1500 X119.52 Y108.41 E900.9671
G1 X119.52 Y107.986 E900.97415
G1 X118.027 Y107.983 E900.99898
G1 X117.751 Y107.86 E901.004
G1 X117.75 Y108.41 E901.01315
G0 F9000 X117.63 Y108.41
G0 X117.644 Y105.361
G0 X117.705 Y104.824
G0 X117.972 Y104.751
G0 X117.972 Y105.09
G1 F1260.5 X119.301 Y105.088 E901.03945
G0 F9000 X119.301 Y104.749
G0 X117.705 Y104.824
G0 X117.663 Y105.319
G0 X117.754 Y105.454
G1 F1500 X117.968 Y105.309 E901.04375
G1 X119.52 Y105.307 E901.06956
G1 X119.52 Y104.869 E901.07684
G1 X117.753 Y104.872 E901.10623
G1 X117.754 Y105.454 E901.11591
G0 F9000 X117.663 Y105.319
G0 X113.694 Y102.341
G0 X113.694 Y101.978
G1 F1056.3 X113.698 Y100.719 E901.14564
G0 F9000 X114.058 Y100.719
G0 X113.986 Y102.269
G0 X113.449 Y102.311
G0 X113.303 Y102.22
G1 F1500 X113.938 Y102.221 E901.1562
G1 X113.937 Y100.48 E901.18515
G1 X113.459 Y100.48 E901.1931
G1 X113.459 Y101.915 E901.21696
G1 X113.422 Y102.081 E901.21979
G1 X113.303 Y102.22 E901.22284
G0 F9000 X113.449 Y102.311
G0 X110.917 Y102.329
G0 X110.346 Y102.268
G0 X110.273 Y101.983
G0 X110.631 Y101.983
G1 F1098.9 X110.628 Y100.716 E901.2516
G0 F9000 X110.271 Y100.716
G0 X110.346 Y102.268
G0 X110.875 Y102.311
G0 X111.012 Y102.22
G1 F1500 X110.907 Y102.096 E901.2543
G1 X110.866 Y101.949 E901.25684
G1 X110.863 Y100.48 E901.28127
G1 X110.392 Y100.48 E901.2891
G1 X110.394 Y102.22 E901.31804
G1 X111.012 Y102.22 E901.32831
G0 F9000 X110.875 Y102.311
G0 X108.921 Y102.013
G0 X108.593 Y102.012
G1 F1428.6 X108.599 Y100.683 E901.35152
G0 F9000 X108.921 Y100.684
G0 X108.849 Y102.268
G0 X108.386 Y102.311
G0 X108.259 Y102.22
G1 F1500 X108.801 Y102.22 E901.36053
G1 X108.801 Y100.481 E901.38945
G1 X108.397 Y100.481 E901.39617
G1 X108.395 Y101.953 E901.42065
G1 X108.334 Y102.135 E901.42384
G1 X108.259 Y102.22 E901.42573
G0 F9000 X108.386 Y102.311
G0 X105.832 Y102.329
G0 X105.33 Y102.27
G0 X105.259 Y102.01
G0 X105.588 Y102.011
G1 F1408.5 X105.58 Y101.95 E901.42682
G1 F1470.6 X105.58 Y100.681 E901.44834
G0 F9000 X105.259 Y100.68
G0 X105.33 Y102.27
G0 X105.79 Y102.312
G0 X105.93 Y102.221
G1 F1500 X105.818 Y102.081 E901.45132
G1 X105.781 Y101.916 E901.45414
G1 X105.78 Y100.48 E901.47802
G1 X105.379 Y100.48 E901.48469
G1 X105.378 Y102.222 E901.51366
G1 X105.93 Y102.221 E901.52284
G0 F9000 X105.719 Y102.442
;MESH:NONMESH
G0 F300 X105.719 Y102.442 Z14.5
G0 F9000 X100.5 Y101.461
G0 X100.34 Y101.461
;TIME_ELAPSED:2059.180232
;LAYER:71
;TYPE:FILL
;MESH:xyzCalibration_cube.stl
G1 F6000 X104.527 Y100.339 E901.59492
G0 F9000 X105.078 Y100.339
G1 F6000 X100.34 Y118.024 E901.8994
G0 F9000 X100.5 Y118.024
G0 X100.5 Y116.99
G0 X100.339 Y116.99
G1 F6000 X117.73 Y112.33 E902.19881
G0 F9000 X117.73 Y111.715
G1 F6000 X108.255 Y102.241 E902.42164
G0 F9000 X107.676 Y102.236
G1 F6000 X103.007 Y119.659 E902.72161
G0 F9000 X103.007 Y119.5
G0 X101.969 Y119.5
G0 X101.969 Y119.659
G1 F6000 X119.658 Y114.919 E903.02616
G0 F9000 X119.659 Y115.47
G1 F6000 X118.536 Y119.659 E903.09828
G0 F9000 X118.536 Y119.5
G0 X117.188 Y119.5
G0 X117.188 Y119.659
G1 F6000 X100.339 Y102.81 E903.49454
G0 F9000 X100.5 Y102.81
G0 X100.5 Y104.567
G0 X100.339 Y104.567
G1 F6000 X110.498 Y101.845 E903.66945
G0 F9000 X110.781 Y102.24
G1 F6000 X106.113 Y119.659 E903.96935
G0 F9000 X106.113 Y119.5
G0 X104.46 Y119.5
G0 X104.46 Y119.659
G1 F6000 X100.339 Y115.538 E904.06627
G0 F9000 X100.5 Y115.538
G0 X100.5 Y113.884
G0 X100.339 Y113.884
G1 F6000 X119.659 Y108.708 E904.39889
G0 F9000 X119.659 Y109.402
G1 F6000 X118.571 Y108.313 E904.42449
G0 F9000 X118.471 Y108.312
G1 F6000 X117.811 Y110.777 E904.46693
G0 F9000 X117.727 Y111.09
G1 F6000 X115.43 Y119.66 E904.61448
G0 F9000 X115.43 Y119.5
G0 X113.561 Y119.5
G0 X113.561 Y119.659
G1 F6000 X119.658 Y118.025 E904.71945
G0 F9000 X119.659 Y117.887
G1 F6000 X102.111 Y100.339 E905.13215
G0 F9000 X101.972 Y100.339
G1 F6000 X100.339 Y106.435 E905.2371
G0 F9000 X100.339 Y107.053
G1 F6000 X112.946 Y119.659 E905.53359
G0 F9000 X112.325 Y119.66
G1 F6000 X117.502 Y100.338 E905.86625
G0 F9000 X117.502 Y100.5
G0 X116.116 Y100.5
G0 X116.116 Y100.339
G1 F6000 X114.085 Y100.884 E905.90122
G0 F9000 X114.085 Y101.498
G1 F6000 X114.396 Y100.338 E905.92119
G0 F9000 X114.839 Y100.339
G1 F6000 X119.229 Y104.729 E906.02444
G0 F9000 X119.431 Y104.729
G1 F6000 X119.659 Y103.878 E906.03909
G0 F9000 X119.5 Y103.878
G0 X119.5 Y102.496
G0 X119.658 Y102.496
G1 F6000 X100.339 Y107.673 E906.3717
G0 F9000 X100.5 Y107.673
G0 X100.5 Y110.778
G0 X100.339 Y110.778
G1 F6000 X117.735 Y106.117 E906.6712
G0 F9000 X117.572 Y106.117
G0 X117.572 Y107.472
G0 X117.729 Y107.472
G1 F6000 X112.497 Y102.239 E906.79426
G0 F9000 X112.497 Y102.401
G0 X113.886 Y102.341
G0 X113.886 Y102.239
G1 F6000 X109.219 Y119.659 E907.09417
G0 F9000 X108.703 Y119.659
G1 F6000 X100.339 Y111.295 E907.29088
G0 F9000 X100.5 Y111.295
G0 X119.082 Y100.5
G0 X119.082 Y100.339
G1 F6000 X119.659 Y100.916 E907.30445
G0 F9000 X119.5 Y100.916
G0 X117.706 Y104.704
G0 X117.644 Y105.241
G0 X117.641 Y113.804
G0 X117.691 Y114.214
G0 X119.53 Y119.53
G0 X119.7 Y119.7
;TYPE:WALL-INNER
G1 F1500 X119.7 Y113.681 E907.40455
G1 X118.068 Y113.677 E907.43169
G1 X117.934 Y113.646 E907.43397
G1 X117.831 Y113.561 E907.4362
G1 X117.771 Y113.418 E907.43877
G1 X117.772 Y111.636 E907.46841
G1 X117.886 Y111.436 E907.47224
G1 X118.038 Y111.375 E907.47496
G1 X119.7 Y111.376 E907.5026
G1 X119.7 Y107.689 E907.56392
G1 X118.04 Y107.688 E907.59152
G1 X117.888 Y107.627 E907.59425
G1 X117.777 Y107.444 E907.5978
G1 X117.776 Y105.616 E907.6282
G1 X117.83 Y105.49 E907.63048
G1 X117.992 Y105.369 E907.63385
G1 X119.7 Y105.367 E907.66225
G1 X119.7 Y100.3 E907.74652
G1 X113.406 Y100.3 E907.85119
G1 X113.407 Y101.991 E907.87931
G1 X113.293 Y102.137 E907.88239
G1 X113.166 Y102.2 E907.88474
G1 X111.422 Y102.198 E907.91375
G1 X111.326 Y102.165 E907.91544
G1 X111.171 Y101.998 E907.91922
G1 X111.169 Y100.3 E907.94746
G1 X108.105 Y100.3 E907.99842
G1 X108.103 Y101.998 E908.02665
G1 X107.948 Y102.165 E908.03044
G1 X107.845 Y102.199 E908.03225
G1 X106.106 Y102.199 E908.06117
G1 X106.009 Y102.168 E908.06286
G1 X105.848 Y101.996 E908.06678
G1 X105.848 Y100.3 E908.09498
G1 X100.3 Y100.3 E908.18725
G1 X100.3 Y119.7 E908.50987
G1 X119.7 Y119.7 E908.83249
G0 F9000 X119.9 Y119.9
;TYPE:WALL-OUTER
G1 F1500 X119.9 Y113.481 E908.93924
G1 X118.036 Y113.477 E908.97024
G1 X117.969 Y113.391 E908.97205
G1 X117.975 Y111.639 E909.00119
G1 X118.059 Y111.574 E909.00296
G1 X119.9 Y111.576 E909.03357
G1 X119.9 Y107.489 E909.10154
G1 X118.061 Y107.489 E909.13212
G1 X117.973 Y107.408 E909.13411
G1 X117.979 Y105.63 E909.16368
G1 X118.037 Y105.574 E909.16502
G1 X119.9 Y105.567 E909.196
G1 X119.9 Y100.1 E909.28692
G1 X113.206 Y100.1 E909.39824
G1 X113.207 Y101.957 E909.42912
G1 X113.108 Y102 E909.43092
G1 X111.461 Y102.001 E909.45831
G1 X111.371 Y101.91 E909.46044
G1 X111.369 Y100.1 E909.49054
G1 X107.905 Y100.1 E909.54814
G1 X107.903 Y101.933 E909.57863
G1 X107.817 Y102.001 E909.58045
G1 X106.111 Y102.001 E909.60882
G1 X106.048 Y101.933 E909.61036
G1 X106.048 Y100.1 E909.64084
G1 X100.1 Y100.1 E909.73976
G1 X100.1 Y119.9 E910.06904
G1 X119.9 Y119.9 E910.39831
G0 F9000 X119.9 Y119.7
G0 X119.53 Y119.53
G0 X119.315 Y114.387
G0 X119.316 Y114.065
;TYPE:SKIN
G1 F1415.1 X117.962 Y114.051 E910.42218
G0 F9000 X117.751 Y114.261
G1 F1500 X119.52 Y114.268 E910.4516
G1 X119.52 Y113.861 E910.45837
G1 X118.047 Y113.855 E910.48286
G1 X117.877 Y113.816 E910.48576
G1 X117.75 Y113.71 E910.48851
G1 X117.751 Y114.261 E910.49768
G0 F9000 X117.63 Y114.261
G0 X117.642 Y111.245
G0 X117.7 Y110.749
G0 X117.954 Y110.678
G0 X117.953 Y111.002
G1 F1492.5 X119.322 Y110.998 E910.52056
G0 F9000 X119.323 Y110.68
G0 X117.7 Y110.749
G0 X117.658 Y111.203
G0 X117.748 Y111.322
G1 F1500 X118.015 Y111.197 E910.52546
G1 X119.52 Y111.196 E910.55049
G1 X119.52 Y110.8 E910.55708
G1 X117.749 Y110.798 E910.58653
G1 X117.748 Y111.322 E910.59524
G0 F9000 X117.658 Y111.203
G0 X117.968 Y108.414
G0 X117.968 Y108.077
G1 F1315.8 X119.308 Y108.081 E910.62065
G0 F9000 X119.308 Y108.414
G0 X117.863 Y108.349
G0 X117.75 Y108.294
G1 F1500 X119.52 Y108.293 E910.65008
G1 X119.52 Y107.869 E910.65713
G1 X118.016 Y107.868 E910.68214
G1 X117.75 Y107.74 E910.68705
G1 X117.75 Y108.294 E910.69627
G0 F9000 X117.63 Y108.294
G0 X117.644 Y105.241
G0 X117.706 Y104.704
G0 X117.973 Y104.631
G0 X117.973 Y104.97
G1 F1260.5 X119.301 Y104.968 E910.72255
G0 F9000 X119.301 Y104.629
G0 X117.706 Y104.704
G0 X117.663 Y105.199
G0 X117.754 Y105.314
G1 F1500 X117.949 Y105.189 E910.7264
G1 X119.52 Y105.187 E910.75252
G1 X119.52 Y104.749 E910.75981
G1 X117.754 Y104.752 E910.78918
G1 X117.754 Y105.314 E910.79852
G0 F9000 X117.663 Y105.199
G0 X114.186 Y101.977
G0 X113.822 Y101.977
G1 F1056.3 X113.826 Y100.72 E910.82821
G0 F9000 X114.186 Y100.72
G0 X114.114 Y102.269
G0 X113.577 Y102.311
G0 X113.433 Y102.221
G1 F1500 X114.066 Y102.221 E910.83873
G1 X114.065 Y100.48 E910.86769
G1 X113.586 Y100.48 E910.87565
G1 X113.585 Y101.915 E910.89952
G1 X113.553 Y102.075 E910.90223
G1 X113.433 Y102.221 E910.90537
G0 F9000 X113.577 Y102.311
G0 X111.043 Y102.329
G0 X110.473 Y102.269
G0 X110.4 Y101.983
G0 X110.757 Y101.983
G1 F1098.9 X110.754 Y100.716 E910.93413
G0 F9000 X110.398 Y100.716
G0 X110.473 Y102.269
G0 X111.001 Y102.311
G0 X111.137 Y102.22
G1 F1500 X111.026 Y102.083 E910.93707
G1 X110.992 Y101.95 E910.93935
G1 X110.989 Y100.48 E910.9638
G1 X110.518 Y100.48 E910.97163
G1 X110.521 Y102.22 E911.00056
G1 X111.137 Y102.22 E911.01081
G0 F9000 X111.001 Y102.311
G0 X108.48 Y102.341
G0 X108.48 Y102.013
G1 F1435.4 X108.487 Y100.682 E911.03394
G0 F9000 X108.808 Y100.683
G0 X108.743 Y102.11
G0 X108.688 Y102.221
G1 F1500 X108.688 Y100.481 E911.06288
G1 X108.286 Y100.481 E911.06956
G1 X108.282 Y101.953 E911.09404
G1 X108.169 Y102.22 E911.09886
G1 X108.688 Y102.221 E911.10749
G0 F9000 X108.688 Y102.341
G0 X105.72 Y102.329
G0 X105.218 Y102.27
G0 X105.147 Y102.01
G0 X105.476 Y102.011
G1 F1408.5 X105.468 Y101.949 E911.1086
G1 F1470.6 X105.468 Y100.681 E911.13011
G0 F9000 X105.147 Y100.68
G0 X105.218 Y102.27
G0 X105.678 Y102.312
G0 X105.818 Y102.221
G1 F1500 X105.702 Y102.076 E911.1332
G1 X105.669 Y101.913 E911.13596
G1 X105.668 Y100.48 E911.15979
G1 X105.267 Y100.48 E911.16646
G1 X105.266 Y102.222 E911.19543
G1 X105.818 Y102.221 E911.20461
G0 F9000 X105.607 Y102.442
;MESH:NONMESH
G0 F300 X105.607 Y102.442 Z14.7
G0 F9000 X100.5 Y101.607
G0 X100.339 Y101.607
;TIME_ELAPSED:2083.918386
;LAYER:72
;TYPE:FILL
;MESH:xyzCalibration_cube.stl
G1 F6000 X105.071 Y100.339 E911.28608
G0 F9000 X104.932 Y100.338
G1 F6000 X100.34 Y117.478 E911.58117
G0 F9000 X100.34 Y117.136
G1 F6000 X117.731 Y112.476 E911.88059
G0 F9000 X117.728 Y111.514
G1 F6000 X108.455 Y102.241 E912.09868
G0 F9000 X107.529 Y102.239
G1 F6000 X102.861 Y119.658 E912.39858
G0 F9000 X102.518 Y119.658
G1 F6000 X119.658 Y115.065 E912.69367
G0 F9000 X119.659 Y114.926
G1 F6000 X118.39 Y119.66 E912.77518
G0 F9000 X118.39 Y119.5
G0 X117.387 Y119.5
G0 X117.387 Y119.658
G1 F6000 X100.339 Y102.611 E913.17611
G0 F9000 X100.5 Y102.611
G0 X100.5 Y104.713
G0 X100.339 Y104.713
G1 F6000 X110.624 Y101.957 E913.35318
G0 F9000 X110.635 Y102.239
G1 F6000 X105.967 Y119.658 E913.65309
G0 F9000 X105.967 Y119.5
G0 X104.658 Y119.5
G0 X104.658 Y119.658
G1 F6000 X100.34 Y115.339 E913.75465
G0 F9000 X100.5 Y115.339
G0 X100.5 Y114.03
G0 X100.34 Y114.03
G1 F6000 X119.658 Y108.854 E914.08724
G0 F9000 X119.659 Y109.202
G1 F6000 X118.653 Y108.197 E914.11089
G0 F9000 X118.356 Y108.195
G1 F6000 X115.285 Y119.659 E914.30826
G0 F9000 X115.285 Y119.5
G0 X114.107 Y119.5
G0 X114.107 Y119.659
G1 F6000 X119.659 Y118.171 E914.40385
G0 F9000 X119.659 Y117.688
G1 F6000 X102.311 Y100.34 E914.81184
G0 F9000 X101.827 Y100.338
G1 F6000 X100.339 Y105.889 E914.90742
G0 F9000 X100.339 Y106.853
G1 F6000 X113.144 Y119.658 E915.20857
G0 F9000 X112.179 Y119.659
G1 F6000 X117.356 Y100.338 E915.54122
G0 F9000 X116.661 Y100.339
G1 F6000 X114.213 Y100.995 E915.58336
G0 F9000 X114.213 Y100.478
G1 F6000 X114.25 Y100.339 E915.58575
G0 F9000 X115.039 Y100.339
G1 F6000 X119.309 Y104.61 E915.68619
G1 X119.317 Y104.61
G1 X119.659 Y103.335 E915.70814
G0 F9000 X119.659 Y102.642
G1 F6000 X100.34 Y107.818 E916.04075
G0 F9000 X100.5 Y107.818
G0 X100.5 Y110.924
G0 X100.34 Y110.924
G1 F6000 X117.733 Y106.264 E916.3402
G0 F9000 X117.572 Y106.264
G0 X117.572 Y107.275
G0 X117.731 Y107.275
G1 F6000 X112.697 Y102.24 E916.4586
G0 F9000 X112.697 Y102.402
G0 X113.74 Y102.341
G0 X113.74 Y102.24
G1 F6000 X109.073 Y119.659 E916.7585
G0 F9000 X108.901 Y119.658
G1 F6000 X100.34 Y111.097 E916.95984
G0 F9000 X100.5 Y111.097
G0 X100.5 Y119.582
G0 X100.34 Y119.582
G1 F6000 X100.416 Y119.658 E916.96163
G0 F9000 X100.416 Y119.5
G0 X119.5 Y100.717
G0 X119.659 Y100.717
G1 F6000 X119.281 Y100.339 E916.97052
G0 F9000 X119.281 Y100.5
G0 X117.706 Y104.583
G0 X117.644 Y105.121
G0 X117.641 Y113.918
G0 X117.691 Y114.327
G0 X119.53 Y119.53
G0 X119.7 Y119.7
;TYPE:WALL-INNER
G1 F1500 X119.7 Y113.794 E917.06873
G1 X118.068 Y113.791 E917.09587
G1 X117.938 Y113.761 E917.09809
G1 X117.832 Y113.677 E917.10034
G1 X117.771 Y113.532 E917.10296
G1 X117.772 Y111.743 E917.13271
G1 X117.886 Y111.548 E917.13647
G1 X118.023 Y111.489 E917.13895
G1 X119.7 Y111.487 E917.16684
G1 X119.7 Y107.572 E917.23194
G1 X118.025 Y107.569 E917.2598
G1 X117.851 Y107.476 E917.26308
G1 X117.777 Y107.328 E917.26583
G1 X117.776 Y105.495 E917.29631
G1 X117.883 Y105.315 E917.2998
G1 X118.003 Y105.249 E917.30207
G1 X119.7 Y105.248 E917.33029
G1 X119.7 Y100.3 E917.41258
G1 X113.534 Y100.3 E917.51512
G1 X113.535 Y101.989 E917.54321
G1 X113.424 Y102.135 E917.54626
G1 X113.297 Y102.201 E917.54864
G1 X111.515 Y102.201 E917.57827
G1 X111.371 Y102.1 E917.5812
G1 X111.298 Y101.929 E917.58429
G1 X111.295 Y100.3 E917.61138
G1 X107.992 Y100.3 E917.66631
G1 X107.989 Y101.998 E917.69455
G1 X107.841 Y102.162 E917.69822
G1 X107.714 Y102.202 E917.70044
G1 X105.993 Y102.199 E917.72906
G1 X105.797 Y102.085 E917.73283
G1 X105.736 Y101.901 E917.73605
G1 X105.736 Y100.3 E917.76268
G1 X100.3 Y100.3 E917.85308
G1 X100.301 Y119.699 E918.17568
G1 X119.7 Y119.7 E918.49829
G0 F9000 X119.9 Y119.9
;TYPE:WALL-OUTER
G1 F1500 X119.9 Y113.594 E918.60316
G1 X118.017 Y113.591 E918.63447
G1 X117.969 Y113.505 E918.63611
G1 X117.972 Y111.762 E918.6651
G1 X118.054 Y111.687 E918.66695
G1 X119.9 Y111.687 E918.69765
G1 X119.9 Y107.372 E918.7694
G1 X118.039 Y107.371 E918.80035
G1 X117.973 Y107.291 E918.80208
G1 X117.979 Y105.51 E918.8317
G1 X118.039 Y105.454 E918.83306
G1 X119.9 Y105.448 E918.86401
G1 X119.9 Y100.1 E918.95295
G1 X113.334 Y100.1 E919.06214
G1 X113.335 Y101.93 E919.09257
G1 X113.263 Y101.998 E919.09422
G1 X111.57 Y102.003 E919.12238
G1 X111.497 Y101.911 E919.12433
G1 X111.495 Y100.1 E919.15445
G1 X107.792 Y100.1 E919.21603
G1 X107.791 Y101.933 E919.24651
G1 X107.698 Y102.002 E919.24844
G1 X106.021 Y102.001 E919.27632
G1 X105.936 Y101.951 E919.27796
G1 X105.936 Y100.1 E919.30875
G1 X100.1 Y100.1 E919.4058
G1 X100.101 Y119.899 E919.73506
G1 X119.9 Y119.9 E920.06432
G0 F9000 X119.9 Y119.7
G0 X119.53 Y119.53
G0 X119.316 Y114.5
G0 X119.317 Y114.178
;TYPE:SKIN
G1 F1415.1 X117.961 Y114.164 E920.08822
G0 F9000 X117.751 Y114.374
G1 F1500 X119.52 Y114.381 E920.11764
G1 X119.52 Y113.974 E920.12441
G1 X118.046 Y113.969 E920.14892
G1 X117.88 Y113.931 E920.15175
G1 X117.751 Y113.825 E920.15453
G1 X117.751 Y114.374 E920.16366
G0 F9000 X117.63 Y114.374
G0 X117.642 Y111.358
G0 X117.701 Y110.861
G0 X117.954 Y110.79
G0 X117.953 Y111.113
G1 F1507.5 X119.323 Y111.109 E920.18633
G0 F9000 X119.324 Y110.792
G0 X117.701 Y110.861
G0 X117.659 Y111.316
G0 X117.75 Y111.436
G1 F1500 X117.995 Y111.311 E920.1909
G1 X119.52 Y111.307 E920.21626
G1 X119.52 Y110.912 E920.22283
G1 X117.749 Y110.91 E920.25228
G1 X117.75 Y111.436 E920.26103
G0 F9000 X117.659 Y111.316
G0 X117.631 Y107.961
G0 X117.967 Y107.961
G1 F1321.6 X119.308 Y107.964 E920.28634
G0 F9000 X119.308 Y108.297
G0 X117.864 Y108.232
G0 X117.751 Y108.177
G1 F1500 X119.52 Y108.176 E920.31576
G1 X119.52 Y107.752 E920.32281
G1 X117.998 Y107.748 E920.34812
G1 X117.752 Y107.625 E920.3527
G1 X117.751 Y108.177 E920.36188
G0 F9000 X117.631 Y108.177
G0 X117.644 Y105.121
G0 X117.706 Y104.583
G0 X117.974 Y104.51
G0 X117.974 Y104.85
G1 F1260.5 X119.301 Y104.849 E920.38814
G0 F9000 X119.301 Y104.51
G0 X117.706 Y104.583
G0 X117.664 Y105.079
G0 X117.755 Y105.195
G1 F1500 X117.954 Y105.069 E920.39206
G1 X119.52 Y105.068 E920.4181
G1 X119.52 Y104.63 E920.42538
G1 X117.754 Y104.631 E920.45475
G1 X117.755 Y105.195 E920.46413
G0 F9000 X117.664 Y105.079
G0 X114.314 Y101.977
G0 X113.95 Y101.977
G1 F1052.6 X113.953 Y100.72 E920.49392
G0 F9000 X114.314 Y100.72
G0 X114.242 Y102.269
G0 X113.705 Y102.311
G0 X113.582 Y102.221
G1 F1500 X114.194 Y102.221 E920.5041
G1 X114.193 Y100.48 E920.53305
G1 X113.714 Y100.48 E920.54102
G1 X113.713 Y101.915 E920.56488
G1 X113.684 Y102.07 E920.5675
G1 X113.582 Y102.221 E920.57053
G0 F9000 X113.705 Y102.311
G0 X111.169 Y102.33
G0 X110.599 Y102.269
G0 X110.526 Y101.983
G0 X110.883 Y101.983
G1 F1098.9 X110.88 Y100.716 E920.59929
G0 F9000 X110.524 Y100.716
G0 X110.599 Y102.269
G0 X111.127 Y102.311
G0 X111.263 Y102.221
G1 F1500 X111.153 Y102.083 E920.60223
G1 X111.118 Y101.953 E920.60447
G1 X111.115 Y100.48 E920.62896
G1 X110.644 Y100.48 E920.6368
G1 X110.647 Y102.221 E920.66575
G1 X111.263 Y102.221 E920.67599
G0 F9000 X111.127 Y102.311
G0 X108.367 Y102.341
G0 X108.367 Y102.013
G1 F1435.4 X108.374 Y100.682 E920.69912
G0 F9000 X108.695 Y100.683
G0 X108.63 Y102.11
G0 X108.575 Y102.221
G1 F1500 X108.575 Y100.481 E920.72806
G1 X108.173 Y100.481 E920.73475
G1 X108.169 Y101.953 E920.75923
G1 X108.059 Y102.22 E920.76403
G1 X108.575 Y102.221 E920.77261
G0 F9000 X108.575 Y102.341
G0 X105.608 Y102.33
G0 X105.105 Y102.27
G0 X105.034 Y102.01
G0 X105.364 Y102.011
G1 F1401.9 X105.355 Y101.95 E920.77371
G1 F1456.3 X105.355 Y100.681 E920.79544
G0 F9000 X105.034 Y100.68
G0 X105.105 Y102.27
G0 X105.566 Y102.312
G0 X105.707 Y102.221
G1 F1500 X105.588 Y102.072 E920.79861
G1 X105.557 Y101.914 E920.80129
G1 X105.556 Y100.48 E920.82514
G1 X105.154 Y100.48 E920.83182
G1 X105.153 Y102.222 E920.86079
G1 X105.707 Y102.221 E920.87001
G0 F9000 X105.495 Y102.442
;MESH:NONMESH
G0 F300 X105.495 Y102.442 Z14.9
G0 F9000 X101.681 Y100.5
G0 X101.681 Y100.338
;TIME_ELAPSED:2108.498731
;LAYER:73
;TYPE:FILL
;MESH:xyzCalibration_cube.stl
G1 F6000 X100.339 Y105.345 E920.95621
G0 F9000 X100.34 Y104.858
G1 F6000 X110.752 Y102.069 E921.13547
G0 F9000 X110.751 Y101.261
G1 F6000 X105.821 Y119.659 E921.45222
G0 F9000 X104.859 Y119.659
G1 F6000 X100.339 Y115.139 E921.55853
G0 F9000 X100.34 Y114.176
G1 F6000 X119.658 Y109 E921.89112
G1 X119.659 Y109.003
G1 X118.735 Y108.079 E921.91285
G0 F9000 X118.242 Y108.079
G1 F6000 X115.139 Y119.659 E922.11222
G0 F9000 X114.65 Y119.659
G1 F6000 X119.659 Y118.317 E922.19846
G0 F9000 X119.659 Y117.488
G1 F6000 X102.51 Y100.339 E922.60178
G0 F9000 X102.51 Y100.5
G0 X104.786 Y100.5
G0 X104.786 Y100.338
G1 F6000 X100.339 Y116.935 E922.88752
G0 F9000 X100.339 Y117.282
G1 F6000 X117.731 Y112.622 E923.18695
G0 F9000 X117.57 Y112.621
G0 X117.629 Y111.314
G0 X117.728 Y111.314
G1 F6000 X108.481 Y102.068 E923.40442
G0 F9000 X108.582 Y102.069
G0 X107.383 Y102.402
G0 X107.383 Y102.239
G1 F6000 X102.715 Y119.66 E923.70435
G0 F9000 X103.058 Y119.659
G1 F6000 X119.659 Y115.211 E923.99016
G0 F9000 X119.624 Y114.511
G1 F6000 X118.244 Y119.66 E924.07881
G0 F9000 X117.587 Y119.659
G1 F6000 X100.339 Y102.411 E924.48446
G0 F9000 X100.339 Y101.753
G1 F6000 X105.02 Y100.499 E924.56505
G0 F9000 X104.922 Y100.499
G0 X100.5 Y106.654
G0 X100.339 Y106.654
G1 F6000 X113.344 Y119.659 E924.87091
G0 F9000 X113.344 Y119.5
G0 X112.033 Y119.5
G0 X112.033 Y119.659
G1 F6000 X117.21 Y100.338 E925.20355
G1 X117.206 Y100.339
G1 X114.341 Y101.107 E925.25288
G0 F9000 X114.442 Y101.107
G0 X115.238 Y100.5
G0 X115.238 Y100.339
G1 F6000 X119.388 Y104.489 E925.35048
G0 F9000 X119.203 Y104.49
G1 F6000 X119.659 Y102.789 E925.37977
G1 X119.658 Y102.788
G1 X100.34 Y107.964 E925.71236
G0 F9000 X100.5 Y107.964
G0 X100.5 Y110.896
G0 X100.339 Y110.896
G1 F6000 X109.102 Y119.659 E925.91845
G0 F9000 X108.927 Y119.659
G1 F6000 X113.594 Y102.241 E926.21833
G0 F9000 X112.897 Y102.241
G1 F6000 X117.732 Y107.076 E926.33204
G0 F9000 X117.734 Y106.409
G1 F6000 X100.34 Y111.07 E926.63151
G0 F9000 X100.5 Y111.07
G0 X100.5 Y119.382
G0 X100.339 Y119.382
G1 F6000 X100.617 Y119.659 E926.63804
G0 F9000 X100.617 Y119.5
G0 X119.5 Y100.518
G0 X119.659 Y100.518
G1 F6000 X119.481 Y100.339 E926.64224
G0 F9000 X119.481 Y100.5
G0 X117.706 Y104.465
G0 X117.645 Y105.002
G0 X117.641 Y114.031
G0 X117.691 Y114.441
G0 X119.53 Y119.53
G0 X119.7 Y119.7
;TYPE:WALL-INNER
G1 F1500 X119.7 Y113.908 E926.73856
G1 X118.068 Y113.904 E926.7657
G1 X117.88 Y113.838 E926.76901
G1 X117.771 Y113.646 E926.77268
G1 X117.773 Y111.85 E926.80255
G1 X117.85 Y111.691 E926.80549
G1 X118.009 Y111.603 E926.80851
G1 X119.7 Y111.599 E926.83663
G1 X119.7 Y107.455 E926.90555
G1 X118.011 Y107.449 E926.93364
G1 X117.887 Y107.392 E926.93591
G1 X117.778 Y107.212 E926.9394
G1 X117.777 Y105.375 E926.96995
G1 X117.834 Y105.247 E926.97228
G1 X118 Y105.13 E926.97566
G1 X119.7 Y105.128 E927.00393
G1 X119.7 Y100.3 E927.08422
G1 X113.662 Y100.3 E927.18464
G1 X113.662 Y101.985 E927.21266
G1 X113.554 Y102.133 E927.2157
G1 X113.424 Y102.201 E927.21814
G1 X111.685 Y102.2 E927.24706
G1 X111.496 Y102.1 E927.25062
G1 X111.424 Y101.929 E927.2537
G1 X111.421 Y100.3 E927.28079
G1 X107.879 Y100.3 E927.3397
G1 X107.876 Y101.929 E927.36679
G1 X107.804 Y102.1 E927.36987
G1 X107.603 Y102.201 E927.37362
G1 X105.88 Y102.199 E927.40227
G1 X105.682 Y102.082 E927.40609
G1 X105.623 Y101.901 E927.40926
G1 X105.623 Y100.3 E927.43588
G1 X100.3 Y100.3 E927.52441
G1 X100.3 Y119.7 E927.84703
G1 X119.7 Y119.7 E928.16965
G0 F9000 X119.9 Y119.9
;TYPE:WALL-OUTER
G1 F1500 X119.9 Y113.708 E928.27263
G1 X118.037 Y113.704 E928.30361
G1 X117.969 Y113.618 E928.30543
G1 X117.971 Y111.877 E928.33438
G1 X118.071 Y111.797 E928.33651
G1 X119.9 Y111.799 E928.36693
G1 X119.9 Y107.255 E928.4425
G1 X118.052 Y107.253 E928.47323
G1 X117.974 Y107.174 E928.47508
G1 X117.974 Y105.411 E928.5044
G1 X118.042 Y105.334 E928.5061
G1 X119.9 Y105.328 E928.537
G1 X119.9 Y100.1 E928.62394
G1 X113.462 Y100.1 E928.73101
G1 X113.462 Y101.9 E928.76094
G1 X113.396 Y102.001 E928.76295
G1 X111.689 Y101.997 E928.79134
G1 X111.623 Y101.911 E928.79314
G1 X111.621 Y100.1 E928.82326
G1 X107.679 Y100.1 E928.88881
G1 X107.677 Y101.935 E928.91933
G1 X107.586 Y102.002 E928.92121
G1 X105.884 Y102.001 E928.94951
G1 X105.823 Y101.933 E928.95103
G1 X105.823 Y100.1 E928.98151
G1 X100.1 Y100.1 E929.07669
G1 X100.1 Y119.9 E929.40596
G1 X119.9 Y119.9 E929.73524
G0 F9000 X119.9 Y119.7
G0 X119.53 Y119.53
G0 X119.317 Y114.612
G0 X119.318 Y114.291
;TYPE:SKIN
G1 F1415.1 X117.962 Y114.279 E929.75914
G0 F9000 X117.75 Y114.49
G1 F1500 X119.52 Y114.493 E929.78858
G1 X119.52 Y114.088 E929.79531
G1 X118.048 Y114.082 E929.81979
G1 X117.846 Y114.028 E929.82327
G1 X117.751 Y113.953 E929.82528
G1 X117.75 Y114.49 E929.83421
G0 F9000 X117.63 Y114.49
G0 X117.642 Y111.468
G0 X117.701 Y110.972
G0 X117.952 Y110.901
G0 X117.951 Y111.222
G1 F1500 X119.322 Y111.221 E929.85701
G0 F9000 X119.323 Y110.903
G0 X117.701 Y110.972
G0 X117.659 Y111.426
G0 X117.749 Y111.547
G1 F1500 X118 Y111.418 E929.86171
G1 X119.52 Y111.419 E929.88698
G1 X119.52 Y111.023 E929.89357
G1 X117.749 Y111.02 E929.92302
G1 X117.749 Y111.547 E929.93179
G0 F9000 X117.659 Y111.426
G0 X117.631 Y107.845
G0 X117.965 Y107.845
G1 F1333.3 X119.308 Y107.847 E929.95691
G0 F9000 X119.308 Y108.18
G0 X117.864 Y108.115
G0 X117.752 Y108.059
G1 F1500 X119.52 Y108.059 E929.98631
G1 X119.52 Y107.635 E929.99336
G1 X118.001 Y107.634 E930.01863
G1 X117.752 Y107.499 E930.02334
G1 X117.752 Y108.059 E930.03265
G0 F9000 X117.631 Y108.059
G0 X117.634 Y104.732
G0 X117.973 Y104.732
G1 F1265.8 X119.301 Y104.729 E930.05882
G0 F9000 X119.301 Y104.39
G0 X117.706 Y104.465
G0 X117.664 Y104.96
G0 X117.753 Y105.081
G1 F1500 X117.986 Y104.95 E930.06326
G1 X119.52 Y104.948 E930.08878
G1 X119.52 Y104.51 E930.09606
G1 X117.755 Y104.514 E930.12541
G1 X117.753 Y105.081 E930.13484
G0 F9000 X117.664 Y104.96
G0 X114.443 Y101.981
G0 X114.082 Y101.981
G1 F1067.6 X114.081 Y100.719 E930.16433
G0 F9000 X114.441 Y100.719
G0 X114.371 Y102.27
G0 X113.832 Y102.312
G0 X113.708 Y102.221
G1 F1500 X114.323 Y102.222 E930.17456
G1 X114.32 Y100.48 E930.20352
G1 X113.842 Y100.48 E930.21147
G1 X113.842 Y102.007 E930.23687
G1 X113.708 Y102.221 E930.24107
G0 F9000 X113.832 Y102.312
G0 X111.295 Y102.33
G0 X110.725 Y102.269
G0 X110.652 Y101.984
G0 X111.009 Y101.984
G1 F1098.9 X111.006 Y100.716 E930.26985
G0 F9000 X110.65 Y100.716
G0 X110.725 Y102.269
G0 X111.253 Y102.311
G0 X111.384 Y102.221
G1 F1500 X111.283 Y102.094 E930.27255
G1 X111.244 Y101.951 E930.27501
G1 X111.241 Y100.48 E930.29948
G1 X110.77 Y100.48 E930.30731
G1 X110.773 Y102.221 E930.33626
G1 X111.384 Y102.221 E930.34642
G0 F9000 X111.253 Y102.311
G0 X108.582 Y102.013
G0 X108.255 Y102.012
G1 F1442.3 X108.261 Y100.682 E930.36943
G0 F9000 X108.582 Y100.683
G0 X108.51 Y102.269
G0 X108.047 Y102.311
G0 X107.925 Y102.22
G1 F1500 X108.462 Y102.22 E930.37836
G1 X108.462 Y100.481 E930.40728
G1 X108.06 Y100.481 E930.41396
G1 X108.056 Y101.957 E930.43851
G1 X108.001 Y102.128 E930.4415
G1 X107.925 Y102.22 E930.44348
G0 F9000 X108.047 Y102.311
G0 X105.495 Y102.33
G0 X104.993 Y102.27
G0 X104.922 Y102.009
G0 X105.253 Y102.01
G1 F1401.9 X105.243 Y101.951 E930.44454
G1 F1470.6 X105.243 Y100.681 E930.46609
G0 F9000 X104.922 Y100.68
G0 X104.993 Y102.27
G0 X105.453 Y102.312
G0 X105.542 Y102.221
G1 F1500 X105.444 Y101.916 E930.47142
G1 X105.443 Y100.48 E930.4953
G1 X105.042 Y100.48 E930.50196
G1 X105.041 Y102.222 E930.53093
G1 X105.542 Y102.221 E930.53927
G0 F9000 X105.382 Y102.442
;MESH:NONMESH
G0 F300 X105.382 Y102.442 Z15.1
G0 F9000 X101.534 Y100.5
G0 X101.534 Y100.338
;TIME_ELAPSED:2133.172675
;LAYER:74
;TYPE:FILL
;MESH:xyzCalibration_cube.stl
G1 F6000 X100.339 Y104.796 E930.61602
G0 F9000 X100.34 Y105.005
G1 F6000 X110.876 Y102.182 E930.79741
G0 F9000 X110.778 Y102.181
G0 X110.851 Y100.5
G0 X110.851 Y100.339
G1 F6000 X105.674 Y119.658 E931.13003
G0 F9000 X105.059 Y119.658
G1 F6000 X100.34 Y114.939 E931.24101
G0 F9000 X100.34 Y114.323
G1 F6000 X119.659 Y109.146 E931.57362
G0 F9000 X119.659 Y108.802
G1 F6000 X118.819 Y107.962 E931.59338
G0 F9000 X118.126 Y107.962
G1 F6000 X114.992 Y119.659 E931.79476
G0 F9000 X115.2 Y119.659
G1 F6000 X119.659 Y118.464 E931.87153
G0 F9000 X119.5 Y118.464
G0 X119.5 Y117.287
G0 X119.659 Y117.287
G1 F6000 X102.711 Y100.339 E932.27012
G0 F9000 X102.711 Y100.5
G0 X104.639 Y100.5
G0 X104.639 Y100.338
G1 F6000 X100.34 Y116.385 E932.54639
G0 F9000 X100.5 Y116.385
G0 X100.5 Y117.429
G0 X100.339 Y117.429
G1 F6000 X117.732 Y112.769 E932.84584
G0 F9000 X117.57 Y112.768
G0 X117.629 Y111.114
G0 X117.728 Y111.114
G1 F6000 X108.368 Y101.754 E933.06598
G0 F9000 X108.469 Y101.755
G0 X108.397 Y102.269
G0 X107.236 Y102.402
G0 X107.236 Y102.239
G1 F6000 X102.568 Y119.659 E933.36589
G0 F9000 X102.568 Y119.5
G0 X103.611 Y119.5
G0 X103.611 Y119.658
G1 F6000 X119.658 Y115.358 E933.64217
G0 F9000 X119.446 Y114.625
G1 F6000 X118.097 Y119.659 E933.72884
G0 F9000 X117.787 Y119.658
G1 F6000 X100.339 Y102.21 E934.13919
G0 F9000 X100.339 Y101.9
G1 F6000 X105.02 Y100.646 E934.21978
G0 F9000 X104.922 Y100.646
G0 X100.5 Y106.453
G0 X100.339 Y106.453
G1 F6000 X113.545 Y119.658 E934.53035
G0 F9000 X113.545 Y119.5
G0 X111.886 Y119.5
G0 X111.886 Y119.659
G1 F6000 X117.063 Y100.339 E934.86298
G0 F9000 X117.755 Y100.339
G1 F6000 X114.341 Y101.254 E934.92176
G0 F9000 X114.442 Y101.254
G0 X114.371 Y102.27
G0 X113.447 Y102.402
G0 X113.447 Y102.24
G1 F6000 X108.78 Y119.658 E935.22164
G0 F9000 X109.301 Y119.658
G1 F6000 X100.34 Y110.696 E935.4324
G0 F9000 X100.34 Y111.217
G1 F6000 X117.734 Y106.556 E935.73187
G0 F9000 X117.733 Y106.877
G1 F6000 X113.098 Y102.241 E935.84089
G0 F9000 X113.098 Y102.402
G0 X114.371 Y102.27
G0 X115.439 Y100.5
G0 X115.439 Y100.339
G1 F6000 X119.589 Y104.489 E935.93849
G0 F9000 X119.056 Y104.49
G1 F6000 X119.659 Y102.24 E935.97723
G0 F9000 X119.658 Y102.935
G1 F6000 X100.34 Y108.111 E936.30982
G0 F9000 X100.5 Y108.111
G0 X100.5 Y119.182
G0 X100.34 Y119.182
G1 F6000 X100.816 Y119.658 E936.32102
G0 F9000 X100.816 Y119.5
G0 X119.53 Y119.53
G0 X119.7 Y119.7
;TYPE:WALL-INNER
G1 F1500 X119.7 Y114.021 E936.41546
G1 X117.972 Y114.017 E936.44419
G1 X117.802 Y113.856 E936.44809
G1 X117.771 Y113.759 E936.44978
G1 X117.772 Y111.969 E936.47955
G1 X117.803 Y111.869 E936.48129
G1 X117.917 Y111.749 E936.48404
G1 X118.017 Y111.708 E936.48584
G1 X119.7 Y111.71 E936.51383
G1 X119.7 Y107.338 E936.58654
G1 X118.02 Y107.338 E936.61447
G1 X117.869 Y107.259 E936.61731
G1 X117.773 Y107.118 E936.62014
G1 X117.778 Y105.254 E936.65114
G1 X117.889 Y105.072 E936.65469
G1 X118.009 Y105.01 E936.65693
G1 X119.7 Y105.008 E936.68506
G1 X119.7 Y100.3 E936.76335
G1 X113.79 Y100.3 E936.86163
G1 X113.79 Y101.982 E936.88961
G1 X113.685 Y102.13 E936.89262
G1 X113.555 Y102.201 E936.89509
G1 X111.808 Y102.2 E936.92414
G1 X111.691 Y102.157 E936.92621
G1 X111.552 Y101.945 E936.93043
G1 X111.548 Y100.3 E936.95779
G1 X107.766 Y100.3 E937.02068
G1 X107.762 Y101.945 E937.04804
G1 X107.691 Y102.1 E937.05087
G1 X107.544 Y102.201 E937.05384
G1 X105.767 Y102.199 E937.08339
G1 X105.568 Y102.079 E937.08725
G1 X105.511 Y101.901 E937.09036
G1 X105.511 Y100.3 E937.11699
G1 X100.3 Y100.3 E937.20365
G1 X100.301 Y119.699 E937.52625
G1 X119.7 Y119.7 E937.84886
G0 F9000 X119.9 Y119.9
;TYPE:WALL-OUTER
G1 F1500 X119.9 Y113.821 E937.94995
G1 X118.035 Y113.817 E937.98097
G1 X117.969 Y113.753 E937.9825
G1 X117.973 Y111.981 E938.01197
G1 X118.045 Y111.911 E938.01364
G1 X119.9 Y111.91 E938.04449
G1 X119.9 Y107.138 E938.12384
G1 X118.048 Y107.135 E938.15464
G1 X117.974 Y107.057 E938.15643
G1 X117.974 Y105.291 E938.1858
G1 X118.044 Y105.214 E938.18753
G1 X119.9 Y105.208 E938.2184
G1 X119.9 Y100.1 E938.30334
G1 X113.59 Y100.1 E938.40828
G1 X113.584 Y101.937 E938.43883
G1 X113.519 Y101.997 E938.4403
G1 X111.814 Y102.002 E938.46865
G1 X111.75 Y101.938 E938.47016
G1 X111.748 Y100.1 E938.50072
G1 X107.566 Y100.1 E938.57027
G1 X107.564 Y101.917 E938.60049
G1 X107.474 Y102.002 E938.60255
G1 X105.78 Y101.998 E938.63072
G1 X105.711 Y101.929 E938.63234
G1 X105.711 Y100.1 E938.66276
G1 X100.1 Y100.1 E938.75607
G1 X100.101 Y119.899 E939.08533
G1 X119.9 Y119.9 E939.41459
G0 F9000 X119.9 Y119.7
G0 X119.53 Y119.53
G0 X119.315 Y114.727
G0 X119.316 Y114.405
;TYPE:SKIN
G1 F1463.4 X118.071 Y114.399 E939.43581
G1 F1395.3 X117.966 Y114.386 E939.4377
G0 F9000 X117.751 Y114.601
G1 F1500 X119.52 Y114.608 E939.46712
G1 X119.52 Y114.201 E939.47389
G1 X118.034 Y114.191 E939.4986
G1 X117.753 Y114.092 E939.50355
G1 X117.751 Y114.601 E939.51202
G0 F9000 X117.631 Y114.601
G0 X117.642 Y111.579
G0 X117.701 Y111.083
G0 X117.951 Y111.012
G0 X117.95 Y111.332
G1 F1522.8 X119.322 Y111.332 E939.53449
G0 F9000 X119.323 Y111.014
G0 X117.701 Y111.083
G0 X117.659 Y111.537
G0 X117.75 Y111.666
G1 F1500 X117.986 Y111.529 E939.53903
G1 X119.52 Y111.53 E939.56454
G1 X119.52 Y111.134 E939.57113
G1 X117.75 Y111.132 E939.60056
G1 X117.75 Y111.666 E939.60944
G0 F9000 X117.659 Y111.537
G0 X117.631 Y107.729
G0 X117.965 Y107.729
G1 F1333.3 X119.308 Y107.73 E939.63457
G0 F9000 X119.308 Y108.063
G0 X117.864 Y107.998
G0 X117.752 Y107.942
G1 F1500 X119.52 Y107.942 E939.66397
G1 X119.52 Y107.518 E939.67102
G1 X117.992 Y107.518 E939.69643
G1 X117.752 Y107.398 E939.7009
G1 X117.752 Y107.942 E939.70994
G0 F9000 X117.631 Y107.942
G0 X117.634 Y104.888
G0 X117.787 Y104.888
G1 F1136.4 X117.786 Y104.545 E939.71747
G1 F1149.4 X119.491 Y104.539 E939.75447
G1 F1158.3 X119.491 Y104.799 E939.76007
G1 F1149.4 X117.956 Y104.803 E939.79339
G1 F1136.4 X117.787 Y104.888 E939.79754
G0 F9000 X117.634 Y104.888
G0 X113.912 Y102.342
G0 X113.912 Y102.183
G1 F1079.1 X114.008 Y102.023 E939.80185
G1 F1083 X114.008 Y100.518 E939.83652
G1 F1087 X114.282 Y100.518 E939.8428
G1 F1083 X114.284 Y102.183 E939.88115
G1 F1079.1 X113.912 Y102.183 E939.88975
G0 F9000 X113.912 Y102.342
G0 X111.136 Y102.341
G0 X111.136 Y101.984
G1 F1098.9 X111.132 Y100.716 E939.91854
G0 F9000 X110.776 Y100.716
G0 X110.851 Y102.269
G0 X111.38 Y102.311
G0 X111.499 Y102.221
G1 F1500 X111.373 Y101.964 E939.9233
G1 X111.367 Y100.48 E939.94798
G1 X110.896 Y100.48 E939.95581
G1 X110.899 Y102.221 E939.98476
G1 X111.499 Y102.221 E939.99474
G0 F9000 X111.38 Y102.311
G0 X108.143 Y102.341
G0 X108.143 Y102.015
G1 F1449.3 X108.148 Y100.682 E940.01768
G0 F9000 X108.469 Y100.683
G0 X108.397 Y102.269
G0 X107.934 Y102.311
G0 X107.821 Y102.221
G1 F1500 X108.349 Y102.221 E940.02646
G1 X108.349 Y100.481 E940.0554
G1 X107.947 Y100.481 E940.06209
G1 X107.94 Y101.975 E940.08693
G1 X107.821 Y102.221 E940.09148
G0 F9000 X107.934 Y102.311
G0 X105.384 Y102.342
G0 X105.384 Y102.19
G1 F1158.3 X105.073 Y102.19 E940.09817
G1 F1176.5 X105.065 Y101.94 E940.10348
G1 F1219.5 X105.064 Y100.502 E940.13289
G1 F1224.5 X105.309 Y100.502 E940.13788
G1 F1219.5 X105.309 Y101.919 E940.16687
G1 F1195.2 X105.384 Y102.19 E940.17274
G0 F9000 X105.27 Y102.443
;MESH:NONMESH
G0 F300 X105.27 Y102.443 Z15.3
G0 F9000 X101.388 Y100.5
G0 X101.388 Y100.339
;TIME_ELAPSED:2156.955837
;LAYER:75
;TYPE:FILL
;MESH:xyzCalibration_cube.stl
G1 F6000 X100.339 Y104.252 E940.24011
G0 F9000 X100.34 Y105.151
G1 F6000 X111.206 Y102.24 E940.42718
G0 F9000 X111.206 Y102.341
G0 X110.705 Y100.5
G0 X110.705 Y100.338
G1 F6000 X105.528 Y119.659 E940.75983
G0 F9000 X105.258 Y119.658
G1 F6000 X100.34 Y114.74 E940.87549
G0 F9000 X100.339 Y114.469
G1 F6000 X119.659 Y109.292 E941.20812
G0 F9000 X119.659 Y108.603
G1 F6000 X118.902 Y107.845 E941.22593
G0 F9000 X118.011 Y107.844
G1 F6000 X114.846 Y119.659 E941.42934
G0 F9000 X115.745 Y119.659
G1 F6000 X119.658 Y118.61 E941.49672
G0 F9000 X119.5 Y118.61
G0 X119.5 Y117.088
G0 X119.659 Y117.088
G1 F6000 X102.91 Y100.339 E941.89063
G0 F9000 X102.91 Y100.5
G0 X104.493 Y100.5
G0 X104.493 Y100.338
G1 F6000 X100.34 Y115.841 E942.15753
G0 F9000 X100.5 Y115.841
G0 X100.5 Y117.575
G0 X100.34 Y117.575
G1 F6000 X117.73 Y112.915 E942.45693
G0 F9000 X117.571 Y112.914
G0 X117.701 Y111.194
G0 X118.035 Y111.123
G0 X118.035 Y111.221
G1 F6000 X108.255 Y101.441 E942.68694
G0 F9000 X108.356 Y101.442
G0 X108.284 Y102.269
G0 X107.09 Y102.402
G0 X107.09 Y102.238
G1 F6000 X102.422 Y119.659 E942.98688
G0 F9000 X102.422 Y119.5
G0 X101.015 Y119.5
G0 X101.015 Y119.658
G1 F6000 X100.34 Y118.982 E943.00276
G0 F9000 X100.5 Y118.982
G0 X104.155 Y119.5
G0 X104.155 Y119.658
G1 F6000 X119.659 Y115.504 E943.26969
G0 F9000 X119.3 Y114.625
G1 F6000 X117.951 Y119.659 E943.35636
G1 X117.987 Y119.658
G1 X100.339 Y102.011 E943.7714
G1 X100.34 Y102.046
G1 X105.357 Y100.701 E943.85778
G0 F9000 X105.199 Y100.7
G0 X100.5 Y106.254
G0 X100.339 Y106.254
G1 F6000 X113.744 Y119.658 E944.17303
G0 F9000 X113.744 Y119.5
G0 X111.74 Y119.5
G0 X111.74 Y119.659
G1 F6000 X116.917 Y100.338 E944.50568
G0 F9000 X116.917 Y100.5
G0 X115.638 Y100.5
G0 X115.638 Y100.339
G1 F6000 X119.659 Y104.36 E944.60025
G0 F9000 X118.814 Y104.85
G1 F6000 X119.659 Y101.696 E944.65455
G0 F9000 X119.5 Y101.696
G0 X119.5 Y103.081
G0 X119.658 Y103.081
G1 F6000 X100.34 Y108.257 E944.98714
G0 F9000 X100.5 Y108.257
G0 X100.5 Y110.497
G0 X100.34 Y110.497
G1 F6000 X109.501 Y119.658 E945.20259
G0 F9000 X108.634 Y119.658
G1 F6000 X113.302 Y102.239 E945.50249
G1 X113.296 Y102.24
G1 X117.732 Y106.676 E945.60682
G1 X117.731 Y106.703
G1 X100.34 Y111.363 E945.90624
G0 F9000 X100.5 Y111.363
G0 X114.046 Y102.329
G0 X114.118 Y101.503
G0 X113.957 Y101.503
G1 F6000 X118.299 Y100.339 E945.98099
G0 F9000 X118.299 Y100.5
G0 X117.645 Y104.763
G0 X117.642 Y114.258
G0 X119.53 Y119.53
G0 X119.7 Y119.7
;TYPE:WALL-INNER
G1 F1500 X119.7 Y114.134 E946.07356
G1 X118.069 Y114.131 E946.10068
G1 X117.886 Y114.069 E946.10389
G1 X117.772 Y113.874 E946.10765
G1 X117.775 Y112.064 E946.13775
G1 X117.867 Y111.898 E946.14091
G1 X118.005 Y111.819 E946.14355
G1 X119.7 Y111.821 E946.17174
G1 X119.7 Y107.221 E946.24824
G1 X118.006 Y107.221 E946.27641
G1 X117.869 Y107.142 E946.27904
G1 X117.778 Y106.979 E946.28214
G1 X117.778 Y105.134 E946.31282
G1 X117.838 Y105.003 E946.31522
G1 X118.013 Y104.891 E946.31868
G1 X119.7 Y104.889 E946.34673
G1 X119.7 Y100.3 E946.42305
G1 X113.918 Y100.3 E946.5192
G1 X113.918 Y101.979 E946.54712
G1 X113.816 Y102.128 E946.55013
G1 X113.684 Y102.201 E946.55263
G1 X111.929 Y102.203 E946.58182
G1 X111.813 Y102.155 E946.58391
G1 X111.681 Y101.96 E946.58782
G1 X111.674 Y100.3 E946.61543
G1 X107.653 Y100.3 E946.6823
G1 X107.646 Y101.96 E946.70991
G1 X107.577 Y102.1 E946.7125
G1 X107.382 Y102.201 E946.71615
G1 X105.654 Y102.199 E946.74489
G1 X105.453 Y102.076 E946.74881
G1 X105.398 Y101.901 E946.75186
G1 X105.398 Y100.3 E946.77848
G1 X100.3 Y100.3 E946.86326
G1 X100.301 Y119.699 E947.18587
G1 X119.7 Y119.7 E947.50848
G0 F9000 X119.9 Y119.9
;TYPE:WALL-OUTER
G1 F1500 X119.9 Y113.934 E947.60769
G1 X118.04 Y113.931 E947.63862
G1 X117.97 Y113.846 E947.64046
G1 X117.974 Y112.091 E947.66964
G1 X118.029 Y112.019 E947.67115
G1 X119.9 Y112.021 E947.70226
G1 X119.9 Y107.021 E947.78541
G1 X118.043 Y107.017 E947.8163
G1 X117.974 Y106.941 E947.818
G1 X117.974 Y105.172 E947.84742
G1 X118.045 Y105.094 E947.84918
G1 X119.9 Y105.089 E947.88002
G1 X119.9 Y100.1 E947.96299
G1 X113.718 Y100.1 E948.0658
G1 X113.713 Y101.936 E948.09633
G1 X113.648 Y101.997 E948.09781
G1 X111.932 Y102.003 E948.12635
G1 X111.877 Y101.922 E948.12798
G1 X111.874 Y100.1 E948.15828
G1 X107.453 Y100.1 E948.2318
G1 X107.45 Y101.922 E948.2621
G1 X107.396 Y102.001 E948.26369
G1 X105.667 Y101.998 E948.29245
G1 X105.604 Y101.938 E948.29389
G1 X105.598 Y100.1 E948.32446
G1 X100.1 Y100.1 E948.41589
G1 X100.101 Y119.899 E948.74515
G1 X119.9 Y119.9 E949.07441
G0 F9000 X119.9 Y119.7
G0 X119.53 Y119.53
G0 X117.631 Y114.569
G0 X117.784 Y114.569
;TYPE:SKIN
G1 F1136.4 X117.783 Y114.25 E949.08141
G1 F1162.8 X118.034 Y114.331 E949.08707
G1 F1204.8 X119.497 Y114.337 E949.11736
G1 F1214.6 X119.497 Y114.585 E949.12245
G1 F1219.5 X118.074 Y114.58 E949.15156
G1 F1181.1 X117.784 Y114.569 E949.15769
G0 F9000 X117.631 Y114.569
G0 X117.643 Y111.69
G0 X117.701 Y111.194
G0 X117.95 Y111.123
G0 X117.949 Y111.442
G1 F1530.6 X119.322 Y111.443 E949.18007
G0 F9000 X119.323 Y111.125
G0 X117.701 Y111.194
G0 X117.659 Y111.648
G0 X117.75 Y111.793
G1 F1500 X117.976 Y111.639 E949.18462
G1 X119.52 Y111.641 E949.21029
G1 X119.52 Y111.245 E949.21688
G1 X117.75 Y111.243 E949.24631
G1 X117.75 Y111.793 E949.25546
G0 F9000 X117.659 Y111.648
G0 X117.632 Y107.613
G0 X117.965 Y107.613
G1 F1339.3 X119.308 Y107.613 E949.28047
G0 F9000 X119.308 Y107.946
G0 X117.864 Y107.881
G0 X117.752 Y107.826
G1 F1500 X119.52 Y107.825 E949.30988
G1 X119.52 Y107.401 E949.31693
G1 X117.984 Y107.401 E949.34247
G1 X117.753 Y107.271 E949.34688
G1 X117.752 Y107.826 E949.35611
G0 F9000 X117.632 Y107.826
G0 X110.978 Y102.269
G0 X110.905 Y101.985
G0 X111.261 Y101.985
G1 F1107 X111.259 Y100.715 E949.38473
G0 F9000 X110.903 Y100.715
G0 X110.978 Y102.269
G0 X111.506 Y102.311
G0 X111.633 Y102.22
G1 F1500 X111.496 Y101.967 E949.38951
G1 X111.494 Y100.48 E949.41424
G1 X111.023 Y100.48 E949.42207
G1 X111.026 Y102.221 E949.45103
G1 X111.633 Y102.22 E949.46112
G0 F9000 X111.506 Y102.311
G0 X108.356 Y102.016
G0 X108.031 Y102.015
G1 F1456.3 X108.035 Y100.682 E949.48395
G0 F9000 X108.356 Y100.683
G0 X108.284 Y102.269
G0 X107.821 Y102.311
G0 X107.693 Y102.22
G1 F1500 X108.236 Y102.22 E949.49298
G1 X108.236 Y100.481 E949.5219
G1 X107.834 Y100.481 E949.52859
G1 X107.83 Y101.976 E949.55345
G1 X107.693 Y102.22 E949.5581
G0 F9000 X107.892 Y102.441
;MESH:NONMESH
G0 F300 X107.892 Y102.441 Z15.5
G0 F9000 X105.27 Y102.33
G0 X101.241 Y100.5
G0 X101.241 Y100.339
;TIME_ELAPSED:2179.865067
;LAYER:76
;TYPE:FILL
;MESH:xyzCalibration_cube.stl
G1 F6000 X100.339 Y103.704 E949.61604
G0 F9000 X100.5 Y103.704
G0 X100.5 Y102.193
G0 X100.34 Y102.193
G1 F6000 X105.244 Y100.879 E949.70047
G0 F9000 X105.087 Y100.878
G0 X104.346 Y100.5
G0 X104.346 Y100.338
G1 F6000 X100.339 Y115.293 E949.95795
G0 F9000 X100.339 Y114.616
G1 F6000 X119.658 Y109.44 E950.29055
G0 F9000 X119.5 Y109.44
G0 X119.5 Y108.402
G0 X119.659 Y108.402
G1 F6000 X118.985 Y107.728 E950.3064
G0 F9000 X118.985 Y107.829
G0 X117.896 Y107.829
G0 X117.896 Y107.727
G1 F6000 X114.699 Y119.659 E950.51183
G0 F9000 X113.946 Y119.659
G1 F6000 X100.339 Y106.053 E950.83184
G0 F9000 X100.34 Y105.298
G1 F6000 X111.749 Y102.241 E951.02826
G0 F9000 X111.632 Y102.312
G0 X113.155 Y102.402
G0 X113.155 Y102.239
G1 F6000 X108.487 Y119.659 E951.32818
G0 F9000 X108.487 Y119.5
G0 X109.703 Y119.5
G0 X109.703 Y119.659
G1 F6000 X100.339 Y110.295 E951.54841
G0 F9000 X100.5 Y110.295
G0 X100.5 Y111.51
G0 X100.34 Y111.51
G1 F6000 X117.732 Y106.85 E951.84784
G0 F9000 X117.733 Y106.476
G1 F6000 X113.498 Y102.241 E951.94744
G0 F9000 X114.085 Y101.615
G1 F6000 X118.848 Y100.339 E952.02944
G0 F9000 X118.848 Y100.5
G0 X119.5 Y101.147
G0 X119.659 Y101.147
G1 F6000 X118.699 Y104.73 E952.09113
G0 F9000 X118.699 Y104.569
G0 X119.5 Y104.159
G0 X119.659 Y104.159
G1 F6000 X115.84 Y100.34 E952.18095
G0 F9000 X116.77 Y100.339
G1 F6000 X111.593 Y119.659 E952.51357
G0 F9000 X111.593 Y119.5
G0 X116.293 Y119.5
G0 X116.293 Y119.659
G1 F6000 X119.658 Y118.757 E952.57151
G0 F9000 X119.5 Y118.757
G0 X118.188 Y119.5
G0 X118.188 Y119.659
G1 F6000 X100.339 Y101.81 E952.99129
G0 F9000 X100.5 Y101.81
G0 X103.111 Y100.5
G0 X103.111 Y100.339
G1 F6000 X119.659 Y116.887 E953.38047
G0 F9000 X119.5 Y116.887
G0 X119.5 Y115.651
G0 X119.659 Y115.651
G1 F6000 X104.7 Y119.659 E953.63802
G0 F9000 X105.381 Y119.66
G1 F6000 X110.558 Y100.338 E953.97068
G0 F9000 X110.558 Y100.5
G0 X108.243 Y101.129
G0 X108.142 Y101.128
G1 F6000 X118.348 Y111.333 E954.2107
G0 F9000 X118.348 Y111.234
G0 X117.702 Y111.305
G0 X117.571 Y113.06
G0 X117.733 Y113.061
G1 F6000 X100.339 Y117.722 E954.51016
G0 F9000 X100.5 Y117.722
G0 X100.5 Y118.781
G0 X100.339 Y118.781
G1 F6000 X101.218 Y119.659 E954.53083
G0 F9000 X101.218 Y119.5
G0 X102.275 Y119.5
G0 X102.275 Y119.659
G1 F6000 X106.943 Y102.238 E954.83076
G0 F9000 X106.943 Y102.402
G0 X100.5 Y108.404
G0 X100.34 Y108.404
G1 F6000 X119.658 Y103.228 E955.16335
G0 F9000 X119.5 Y103.228
G0 X117.646 Y104.643
G0 X117.642 Y114.371
G0 X119.243 Y114.446
G0 X119.244 Y114.286
G1 F6000 X117.804 Y119.659 E955.25586
G0 F9000 X117.804 Y119.5
G0 X105.46 Y119.5
G0 X105.46 Y119.659
G1 F6000 X100.339 Y114.538 E955.37629
G0 F9000 X100.5 Y114.538
G0 X119.53 Y119.53
G0 X119.7 Y119.7
;TYPE:WALL-INNER
G1 F1500 X119.7 Y114.248 E955.46696
G1 X118.069 Y114.244 E955.49408
G1 X117.889 Y114.184 E955.49724
G1 X117.772 Y113.987 E955.50105
G1 X117.771 Y112.208 E955.53064
G1 X117.821 Y112.064 E955.53317
G1 X117.909 Y111.977 E955.53523
G1 X118.072 Y111.931 E955.53804
G1 X119.7 Y111.932 E955.56512
G1 X119.7 Y107.104 E955.64541
G1 X118.075 Y107.104 E955.67243
G1 X117.912 Y107.057 E955.67525
G1 X117.779 Y106.863 E955.67917
G1 X117.779 Y105.013 E955.70993
G1 X117.895 Y104.829 E955.71355
G1 X118.017 Y104.771 E955.71579
G1 X119.7 Y104.769 E955.74378
G1 X119.7 Y100.3 E955.8181
G1 X114.046 Y100.3 E955.91213
G1 X114.046 Y101.975 E955.93998
G1 X113.947 Y102.125 E955.94297
G1 X113.814 Y102.201 E955.94552
G1 X112.053 Y102.199 E955.97481
G1 X111.936 Y102.153 E955.9769
G1 X111.802 Y101.955 E955.98087
G1 X111.8 Y100.3 E956.0084
G1 X107.54 Y100.3 E956.07924
G1 X107.538 Y101.955 E956.10676
G1 X107.431 Y102.133 E956.11022
G1 X107.271 Y102.201 E956.11311
G1 X105.541 Y102.199 E956.14188
G1 X105.339 Y102.073 E956.14584
G1 X105.286 Y101.901 E956.14883
G1 X105.286 Y100.3 E956.17545
G1 X100.3 Y100.3 E956.25837
G1 X100.3 Y119.7 E956.581
G1 X119.7 Y119.7 E956.90362
G0 F9000 X119.9 Y119.9
;TYPE:WALL-OUTER
G1 F1500 X119.9 Y114.048 E957.00094
G1 X118.04 Y114.044 E957.03187
G1 X117.97 Y113.959 E957.0337
G1 X117.973 Y112.207 E957.06284
G1 X118.038 Y112.136 E957.06444
G1 X119.9 Y112.132 E957.0954
G1 X119.9 Y106.904 E957.18235
G1 X118.041 Y106.899 E957.21326
G1 X117.975 Y106.824 E957.21492
G1 X117.975 Y105.051 E957.24441
G1 X118.048 Y104.974 E957.24617
G1 X119.9 Y104.969 E957.27697
G1 X119.9 Y100.1 E957.35794
G1 X113.846 Y100.1 E957.45862
G1 X113.841 Y101.934 E957.48912
G1 X113.777 Y101.997 E957.49061
G1 X112.056 Y102 E957.51923
G1 X112.004 Y101.927 E957.52072
G1 X112 Y100.1 E957.55111
G1 X107.34 Y100.1 E957.6286
G1 X107.336 Y101.927 E957.65899
G1 X107.263 Y102 E957.6607
G1 X105.554 Y101.998 E957.68912
G1 X105.491 Y101.936 E957.69059
G1 X105.486 Y100.1 E957.72113
G1 X100.1 Y100.1 E957.8107
G1 X100.1 Y119.9 E958.13997
G1 X119.9 Y119.9 E958.46925
G0 F9000 X119.9 Y119.7
G0 X119.53 Y119.53
G0 X117.642 Y114.371
G0 X117.643 Y111.803
G0 X117.702 Y111.305
G0 X119.323 Y111.236
G0 X119.322 Y111.554
;TYPE:SKIN
G1 F1530.6 X117.95 Y111.553 E958.49161
G0 F9000 X117.75 Y111.877
G1 F1500 X117.97 Y111.751 E958.49582
G1 X119.52 Y111.752 E958.5216
G1 X119.52 Y111.356 E958.52819
G1 X117.751 Y111.354 E958.55761
G1 X117.75 Y111.877 E958.5663
G0 F9000 X117.66 Y111.761
G0 X117.632 Y107.496
G0 X117.965 Y107.496
G1 F1339.3 X119.308 Y107.496 E958.59132
G0 F9000 X119.308 Y107.829
G0 X117.864 Y107.764
G0 X117.753 Y107.708
G1 F1500 X119.52 Y107.708 E958.6207
G1 X119.52 Y107.284 E958.62775
G1 X117.977 Y107.284 E958.65341
G1 X117.753 Y107.158 E958.65769
G1 X117.753 Y107.708 E958.66683
G0 F9000 X117.632 Y107.708
G0 X111.104 Y102.269
G0 X111.031 Y101.985
G0 X111.387 Y101.985
G1 F1107 X111.385 Y100.715 E958.69545
G0 F9000 X111.029 Y100.715
G0 X111.104 Y102.269
G0 X111.632 Y102.312
G0 X111.745 Y102.221
G1 F1500 X111.622 Y101.972 E958.70007
G1 X111.62 Y100.48 E958.72488
G1 X111.149 Y100.48 E958.73272
G1 X111.152 Y102.221 E958.76167
G1 X111.745 Y102.221 E958.77153
G0 F9000 X111.632 Y102.312
G0 X108.242 Y102.018
G0 X107.918 Y102.017
G1 F1463.4 X107.922 Y100.682 E958.79429
G0 F9000 X108.244 Y100.683
G0 X108.17 Y102.269
G0 X107.708 Y102.312
G0 X107.595 Y102.221
G1 F1500 X108.122 Y102.221 E958.80305
G1 X108.124 Y100.48 E958.832
G1 X107.72 Y100.48 E958.83872
G1 X107.717 Y101.983 E958.86372
G1 X107.595 Y102.221 E958.86816
G0 F9000 X107.779 Y102.442
;MESH:NONMESH
G0 F300 X107.779 Y102.442 Z15.7
G0 F9000 X105.158 Y102.33
G0 X101.095 Y100.5
G0 X101.095 Y100.339
;TIME_ELAPSED:2203.047150
;LAYER:77
;TYPE:FILL
;MESH:xyzCalibration_cube.stl
G1 F6000 X100.339 Y103.158 E958.9167
G0 F9000 X100.34 Y102.339
G1 F6000 X105.131 Y101.055 E958.99919
G0 F9000 X104.974 Y101.054
G0 X104.2 Y100.5
G0 X104.2 Y100.339
G1 F6000 X100.339 Y114.748 E959.24726
G1 X100.339 Y114.762
G1 X119.658 Y109.586 E959.57987
G0 F9000 X119.5 Y109.586
G0 X119.5 Y108.202
G0 X119.659 Y108.202
G1 F6000 X119.068 Y107.611 E959.59377
G0 F9000 X119.068 Y107.712
G0 X117.781 Y107.712
G0 X117.781 Y107.61
G1 F6000 X114.553 Y119.659 E959.80121
G0 F9000 X114.145 Y119.659
G1 F6000 X100.339 Y105.853 E960.12591
G0 F9000 X100.34 Y105.445
G1 F6000 X112.305 Y102.239 E960.33191
G0 F9000 X113.009 Y102.238
G1 F6000 X108.341 Y119.66 E960.63186
G0 F9000 X108.341 Y119.5
G0 X109.902 Y119.5
G0 X109.902 Y119.659
G1 F6000 X100.339 Y110.096 E960.85676
G0 F9000 X100.5 Y110.096
G0 X100.5 Y108.55
G0 X100.34 Y108.55
G1 F6000 X119.658 Y103.374 E961.18935
G0 F9000 X119.659 Y103.96
G1 F6000 X116.039 Y100.339 E961.2745
G0 F9000 X116.624 Y100.338
G1 F6000 X111.447 Y119.659 E961.60715
G0 F9000 X111.447 Y119.5
G0 X116.838 Y119.5
G0 X116.838 Y119.659
G1 F6000 X119.658 Y118.903 E961.6557
G0 F9000 X119.5 Y118.903
G0 X118.388 Y119.5
G0 X118.388 Y119.659
G1 F6000 X100.339 Y101.611 E962.08017
G0 F9000 X100.5 Y101.611
G0 X103.311 Y100.5
G0 X103.311 Y100.339
G1 F6000 X119.659 Y116.688 E962.46466
G0 F9000 X119.658 Y115.797
G1 F6000 X105.246 Y119.659 E962.71279
G1 X105.235 Y119.659
G1 X110.412 Y100.338 E963.04544
G0 F9000 X110.412 Y100.5
G0 X108.131 Y100.817
G0 X108.03 Y100.816
G1 F6000 X118.66 Y111.446 E963.29544
G0 F9000 X118.66 Y111.347
G0 X117.702 Y111.417
G0 X117.571 Y113.207
G0 X117.732 Y113.208
G1 F6000 X100.339 Y117.868 E963.59489
G0 F9000 X100.339 Y118.581
G1 F6000 X101.417 Y119.659 E963.62024
G0 F9000 X102.129 Y119.659
G1 F6000 X106.797 Y102.238 E963.92017
G0 F9000 X106.797 Y102.402
G0 X113.697 Y102.402
G0 X113.697 Y102.241
G1 F6000 X117.733 Y106.276 E964.01508
G0 F9000 X117.731 Y106.996
G1 F6000 X100.339 Y111.656 E964.31451
G0 F9000 X100.5 Y111.656
G0 X100.5 Y114.339
G0 X100.339 Y114.339
G1 F6000 X105.66 Y119.659 E964.43964
G0 F9000 X105.66 Y119.5
G0 X117.658 Y119.5
G0 X117.658 Y119.659
G1 F6000 X119.068 Y114.398 E964.53022
G0 F9000 X119.067 Y114.558
G0 X117.642 Y114.484
G0 X117.646 Y104.523
G0 X118.585 Y104.45
G0 X118.585 Y104.61
G1 F6000 X119.659 Y100.602 E964.59923
G0 F9000 X119.393 Y100.339
G1 F6000 X114.213 Y101.727 E964.68841
G0 F9000 X114.374 Y101.727
G0 X117.642 Y114.484
G0 X119.53 Y119.53
G0 X119.7 Y119.7
;TYPE:WALL-INNER
G1 F1500 X119.7 Y114.361 E964.7772
G1 X118.069 Y114.357 E964.80432
G1 X117.892 Y114.299 E964.80742
G1 X117.773 Y114.1 E964.81127
G1 X117.777 Y112.279 E964.84156
G1 X117.84 Y112.149 E964.84396
G1 X117.989 Y112.042 E964.84701
G1 X119.7 Y112.043 E964.87546
G1 X119.7 Y106.987 E964.95955
G1 X117.996 Y106.987 E964.98788
G1 X117.869 Y106.907 E964.99038
G1 X117.779 Y106.747 E964.99343
G1 X117.779 Y104.892 E965.02428
G1 X117.898 Y104.707 E965.02794
G1 X118.022 Y104.651 E965.0302
G1 X119.7 Y104.65 E965.05811
G1 X119.7 Y100.3 E965.13045
G1 X114.174 Y100.3 E965.22235
G1 X114.174 Y101.9 E965.24895
G1 X114.132 Y102.056 E965.25164
G1 X113.943 Y102.201 E965.2556
G1 X112.176 Y102.198 E965.28499
G1 X111.97 Y102.056 E965.28915
G1 X111.929 Y101.903 E965.29178
G1 X111.926 Y100.3 E965.31844
G1 X107.427 Y100.3 E965.39326
G1 X107.425 Y101.966 E965.42096
G1 X107.35 Y102.102 E965.42355
G1 X107.202 Y102.2 E965.4265
G1 X105.428 Y102.199 E965.456
G1 X105.224 Y102.07 E965.46002
G1 X105.173 Y101.901 E965.46295
G1 X105.173 Y100.3 E965.48958
G1 X100.3 Y100.3 E965.57061
G1 X100.3 Y119.7 E965.89324
G1 X119.7 Y119.7 E966.21586
G0 F9000 X119.9 Y119.9
;TYPE:WALL-OUTER
G1 F1500 X119.9 Y114.161 E966.3113
G1 X118.021 Y114.157 E966.34255
G1 X117.971 Y114.072 E966.34419
G1 X117.975 Y112.311 E966.37347
G1 X118.034 Y112.248 E966.37491
G1 X119.9 Y112.243 E966.40594
G1 X119.9 Y106.787 E966.49667
G1 X118.037 Y106.781 E966.52766
G1 X117.975 Y106.707 E966.52926
G1 X117.975 Y104.931 E966.5588
G1 X118.05 Y104.853 E966.5606
G1 X119.9 Y104.85 E966.59136
G1 X119.9 Y100.1 E966.67036
G1 X113.974 Y100.1 E966.76891
G1 X113.97 Y101.932 E966.79937
G1 X113.913 Y102.001 E966.80086
G1 X112.205 Y102 E966.82926
G1 X112.129 Y101.945 E966.83082
G1 X112.126 Y100.1 E966.86151
G1 X107.227 Y100.1 E966.94298
G1 X107.221 Y101.931 E966.97343
G1 X107.147 Y102 E966.97511
G1 X105.458 Y102.001 E967.0032
G1 X105.378 Y101.935 E967.00492
G1 X105.373 Y100.1 E967.03544
G1 X100.1 Y100.1 E967.12313
G1 X100.1 Y119.9 E967.4524
G1 X119.9 Y119.9 E967.78168
G0 F9000 X119.9 Y119.7
G0 X119.53 Y119.53
G0 X117.642 Y114.484
G0 X117.643 Y111.914
G0 X117.702 Y111.417
G0 X119.323 Y111.348
G0 X119.322 Y111.665
;TYPE:SKIN
G1 F1530.6 X117.949 Y111.664 E967.80406
G0 F9000 X117.751 Y112.015
G1 F1500 X117.965 Y111.862 E967.80843
G1 X119.52 Y111.863 E967.83429
G1 X119.52 Y111.468 E967.84086
G1 X117.75 Y111.465 E967.8703
G1 X117.751 Y112.015 E967.87944
G0 F9000 X117.66 Y111.872
G0 X117.968 Y107.712
G0 X117.968 Y107.379
G1 F1339.3 X119.308 Y107.379 E967.9044
G0 F9000 X119.308 Y107.712
G0 X117.864 Y107.647
G0 X117.753 Y107.591
G1 F1500 X119.52 Y107.591 E967.93379
G1 X119.52 Y107.167 E967.94084
G1 X117.973 Y107.167 E967.96656
G1 X117.753 Y107.038 E967.9708
G1 X117.753 Y107.591 E967.98
G0 F9000 X117.632 Y107.591
G0 X111.515 Y102.342
G0 X111.515 Y101.987
G1 F1111.1 X111.511 Y100.716 E968.00854
G0 F9000 X111.155 Y100.716
G0 X111.23 Y102.27
G0 X111.76 Y102.312
G0 X111.875 Y102.22
G1 F1500 X111.749 Y102.015 E968.01254
G1 X111.746 Y100.48 E968.03806
G1 X111.275 Y100.48 E968.0459
G1 X111.278 Y102.222 E968.07487
G1 X111.875 Y102.22 E968.0848
G0 F9000 X111.76 Y102.312
G0 X107.806 Y102.342
G0 X107.806 Y102.019
G1 F1470.6 X107.809 Y100.682 E968.10747
G0 F9000 X108.131 Y100.683
G0 X108.057 Y102.27
G0 X107.595 Y102.312
G0 X107.457 Y102.222
G1 F1500 X108.009 Y102.222 E968.11665
G1 X108.011 Y100.48 E968.14562
G1 X107.607 Y100.48 E968.15234
G1 X107.605 Y101.995 E968.17754
G1 X107.457 Y102.222 E968.18204
G0 F9000 X107.666 Y102.442
;MESH:NONMESH
G0 F300 X107.666 Y102.442 Z15.9
G0 F9000 X105.045 Y102.33
G0 X100.948 Y100.5
G0 X100.948 Y100.339
;TIME_ELAPSED:2225.763420
;LAYER:78
;TYPE:FILL
;MESH:xyzCalibration_cube.stl
G1 F6000 X100.339 Y102.614 E968.22121
G0 F9000 X100.34 Y102.485
G1 F6000 X105.02 Y101.231 E968.30178
G0 F9000 X105.02 Y101.849
G1 F6000 X103.511 Y100.34 E968.33727
G0 F9000 X104.054 Y100.339
G1 F6000 X100.339 Y114.204 E968.57598
G1 X100.339 Y114.139
G1 X105.859 Y119.659 E968.7058
G1 X105.79 Y119.659
G1 X119.658 Y115.943 E968.94457
G0 F9000 X119.659 Y116.488
G1 F6000 X105.409 Y102.239 E969.27969
G0 F9000 X105.409 Y102.402
G0 X106.651 Y102.402
G0 X106.651 Y102.24
G1 F6000 X101.983 Y119.659 E969.57959
G0 F9000 X101.616 Y119.659
G1 F6000 X100.339 Y118.382 E969.60963
G0 F9000 X100.339 Y118.014
G1 F6000 X117.731 Y113.354 E969.90906
G0 F9000 X117.571 Y113.353
G0 X117.642 Y114.598
G0 X118.891 Y114.671
G0 X118.892 Y114.511
G1 F6000 X117.512 Y119.659 E969.99769
G0 F9000 X117.382 Y119.659
G1 F6000 X119.658 Y119.049 E970.03688
G0 F9000 X119.5 Y119.049
G0 X118.587 Y119.5
G0 X118.587 Y119.659
G1 F6000 X100.339 Y101.411 E970.46604
G0 F9000 X100.5 Y101.411
G0 X100.5 Y105.591
G0 X100.339 Y105.591
G1 F6000 X112.84 Y102.241 E970.68127
G1 X112.862 Y102.24
G1 X108.195 Y119.659 E970.98117
G0 F9000 X108.195 Y119.5
G0 X110.102 Y119.5
G0 X110.102 Y119.659
G1 F6000 X100.339 Y109.897 E971.21077
G0 F9000 X100.5 Y109.897
G0 X100.5 Y108.696
G0 X100.339 Y108.696
G1 F6000 X119.658 Y103.52 E971.54337
G0 F9000 X119.659 Y103.76
G1 F6000 X116.238 Y100.339 E971.62383
G0 F9000 X116.478 Y100.338
G1 F6000 X111.301 Y119.66 E971.95649
G0 F9000 X111.301 Y119.5
G0 X114.344 Y119.5
G0 X114.344 Y119.659
G1 F6000 X100.339 Y105.654 E972.28587
G0 F9000 X100.5 Y105.654
G0 X100.5 Y111.802
G0 X100.339 Y111.802
G1 F6000 X117.732 Y107.142 E972.58531
G0 F9000 X117.732 Y107.247
G1 F6000 X114.407 Y119.66 E972.79902
G0 F9000 X114.407 Y119.5
G0 X117.702 Y111.528
G0 X118.97 Y111.458
G0 X118.97 Y111.557
G1 F6000 X107.917 Y100.504 E973.05897
G1 X107.918 Y100.454
G1 X108.347 Y100.339 E973.06636
G0 F9000 X108.347 Y100.5
G0 X110.266 Y100.5
G0 X110.266 Y100.339
G1 F6000 X105.089 Y119.659 E973.39898
G0 F9000 X105.089 Y119.5
G0 X100.5 Y114.908
G0 X100.339 Y114.908
G1 F6000 X119.659 Y109.731 E973.73161
G0 F9000 X119.5 Y109.731
G0 X119.5 Y108.003
G0 X119.659 Y108.003
G1 F6000 X119.151 Y107.495 E973.74356
G0 F9000 X119.15 Y107.595
G0 X117.705 Y107.523
G0 X117.574 Y106.077
G0 X117.733 Y106.077
G1 F6000 X113.897 Y102.241 E973.83378
G0 F9000 X114.342 Y101.839
G1 F6000 X119.658 Y100.414 E973.9253
G0 F9000 X119.584 Y100.338
G1 F6000 X118.471 Y104.491 E973.9968
G0 F9000 X118.471 Y104.331
G0 X117.646 Y104.404
G0 X117.642 Y114.598
G0 X119.53 Y119.53
G0 X119.7 Y119.7
;TYPE:WALL-INNER
G1 F1500 X119.7 Y114.474 E974.08371
G1 X117.989 Y114.471 E974.11217
G1 X117.842 Y114.368 E974.11515
G1 X117.773 Y114.215 E974.11794
G1 X117.772 Y112.426 E974.1477
G1 X117.824 Y112.281 E974.15026
G1 X117.98 Y112.153 E974.15361
G1 X119.7 Y112.155 E974.18222
G1 X119.7 Y106.87 E974.27011
G1 X117.983 Y106.87 E974.29866
G1 X117.827 Y106.742 E974.30202
G1 X117.774 Y106.627 E974.30412
G1 X117.779 Y104.772 E974.33497
G1 X117.846 Y104.636 E974.33749
G1 X118.01 Y104.538 E974.34067
G1 X119.7 Y104.53 E974.36877
G1 X119.7 Y100.3 E974.43912
G1 X114.301 Y100.3 E974.52891
G1 X114.302 Y101.968 E974.55664
G1 X114.21 Y102.119 E974.55958
G1 X114.073 Y102.202 E974.56225
G1 X112.322 Y102.201 E974.59137
G1 X112.16 Y102.131 E974.5943
G1 X112.055 Y101.978 E974.59739
G1 X112.053 Y100.3 E974.62529
G1 X107.314 Y100.3 E974.7041
G1 X107.312 Y101.978 E974.73201
G1 X107.207 Y102.131 E974.73509
G1 X107.078 Y102.2 E974.73753
G1 X105.315 Y102.199 E974.76685
G1 X105.109 Y102.067 E974.77092
G1 X105.061 Y101.901 E974.77379
G1 X105.061 Y100.3 E974.80041
G1 X100.3 Y100.3 E974.87959
G1 X100.3 Y119.7 E975.20221
G1 X119.7 Y119.7 E975.52484
G0 F9000 X119.9 Y119.9
;TYPE:WALL-OUTER
G1 F1500 X119.9 Y114.274 E975.6184
G1 X118.033 Y114.265 E975.64945
G1 X117.974 Y114.202 E975.65088
G1 X117.974 Y112.426 E975.68042
G1 X118.041 Y112.353 E975.68206
G1 X119.9 Y112.355 E975.71298
G1 X119.9 Y106.67 E975.80752
G1 X118.044 Y106.67 E975.83839
G1 X117.978 Y106.601 E975.83997
G1 X117.975 Y104.812 E975.86973
G1 X118.052 Y104.734 E975.87155
G1 X119.9 Y104.73 E975.90228
G1 X119.9 Y100.1 E975.97928
G1 X114.101 Y100.1 E976.07572
G1 X114.098 Y101.931 E976.10617
G1 X114.034 Y101.997 E976.10769
G1 X112.336 Y102.001 E976.13593
G1 X112.26 Y101.935 E976.13761
G1 X112.253 Y100.1 E976.16812
G1 X107.114 Y100.1 E976.25358
G1 X107.107 Y101.935 E976.2841
G1 X107.052 Y102.002 E976.28554
G1 X105.321 Y102.001 E976.31433
G1 X105.265 Y101.933 E976.31579
G1 X105.261 Y100.1 E976.34628
G1 X100.1 Y100.1 E976.4321
G1 X100.1 Y119.9 E976.76138
G1 X119.9 Y119.9 E977.09066
G0 F9000 X119.9 Y119.7
G0 X119.53 Y119.53
G0 X117.642 Y114.598
G0 X117.643 Y112.024
G0 X117.702 Y111.528
G0 X119.323 Y111.459
G0 X119.322 Y111.777
;TYPE:SKIN
G1 F1522.8 X118.018 Y111.778 E977.11202
G1 F1456.3 X117.957 Y111.785 E977.11307
G0 F9000 X117.751 Y112.104
G1 F1500 X117.898 Y112.006 E977.11601
G1 X118.06 Y111.974 E977.11875
G1 X119.52 Y111.975 E977.14303
G1 X119.52 Y111.579 E977.14962
G1 X117.75 Y111.577 E977.17905
G1 X117.751 Y112.104 E977.18782
G0 F9000 X117.66 Y111.982
G0 X117.633 Y107.254
G0 X117.973 Y107.254
G1 F1293.1 X119.308 Y107.262 E977.21357
G0 F9000 X119.308 Y107.595
G0 X117.865 Y107.53
G0 X117.754 Y107.474
G1 F1500 X119.52 Y107.474 E977.24294
G1 X119.52 Y107.05 E977.24999
G1 X118.059 Y107.049 E977.27429
G1 X117.899 Y107.016 E977.277
G1 X117.753 Y106.899 E977.28011
G1 X117.754 Y107.474 E977.28968
G0 F9000 X117.633 Y107.474
G0 X111.356 Y102.27
G0 X111.283 Y101.985
G0 X111.639 Y101.985
G1 F1098.9 X111.637 Y100.716 E977.31848
G0 F9000 X111.281 Y100.716
G0 X111.356 Y102.27
G0 X111.885 Y102.312
G0 X112.026 Y102.221
G1 F1500 X111.875 Y101.993 E977.32303
G1 X111.873 Y100.48 E977.34819
G1 X111.401 Y100.48 E977.35604
G1 X111.404 Y102.222 E977.38501
G1 X112.026 Y102.221 E977.39536
G0 F9000 X111.885 Y102.312
G0 X108.016 Y102.02
G0 X107.694 Y102.019
G1 F1477.8 X107.696 Y100.682 E977.41792
G0 F9000 X108.018 Y100.683
G0 X107.944 Y102.27
G0 X107.482 Y102.312
G0 X107.369 Y102.221
G1 F1500 X107.896 Y102.221 E977.42669
G1 X107.898 Y100.48 E977.45564
G1 X107.494 Y100.48 E977.46236
G1 X107.492 Y102.003 E977.48769
G1 X107.369 Y102.221 E977.49185
G0 F9000 X107.553 Y102.442
;MESH:NONMESH
G0 F300 X107.553 Y102.442 Z16.1
G0 F9000 X104.933 Y102.33
G0 X100.801 Y100.5
G0 X100.801 Y100.339
;TIME_ELAPSED:2248.331896
;LAYER:79
;TYPE:FILL
;MESH:xyzCalibration_cube.stl
G1 F6000 X100.339 Y102.065 E977.52156
G0 F9000 X100.34 Y102.632
G1 F6000 X105.02 Y101.378 E977.60214
G0 F9000 X105.02 Y101.649
G1 F6000 X103.711 Y100.339 E977.63293
G0 F9000 X103.907 Y100.339
G1 F6000 X100.34 Y113.654 E977.86217
G0 F9000 X100.34 Y113.939
G1 F6000 X106.058 Y119.658 E977.99666
G0 F9000 X106.342 Y119.658
G1 F6000 X119.658 Y116.09 E978.22592
G0 F9000 X119.659 Y116.287
G1 F6000 X117.957 Y114.585 E978.26595
G0 F9000 X117.748 Y114.377
G1 F6000 X105.613 Y102.241 E978.55136
G0 F9000 X106.504 Y102.241
G1 F6000 X101.837 Y119.658 E978.85122
G1 X101.816 Y119.658
G1 X100.34 Y118.182 E978.88593
G1 X100.34 Y118.161
G1 X117.732 Y113.5 E979.18537
G0 F9000 X117.572 Y113.499
G0 X117.643 Y114.711
G0 X118.714 Y114.785
G0 X118.715 Y114.624
G1 F6000 X117.365 Y119.659 E979.27206
G0 F9000 X117.932 Y119.659
G1 F6000 X119.658 Y119.196 E979.30178
G0 F9000 X118.787 Y119.658
G1 F6000 X100.339 Y101.211 E979.73564
G0 F9000 X100.5 Y101.211
G0 X100.5 Y105.453
G0 X100.339 Y105.453
G1 F6000 X114.544 Y119.658 E980.06972
G0 F9000 X114.26 Y119.659
G1 F6000 X117.732 Y106.701 E980.29281
G0 F9000 X117.731 Y107.289
G1 F6000 X100.34 Y111.949 E980.59223
G0 F9000 X100.5 Y111.949
G0 X100.5 Y109.696
G0 X100.339 Y109.696
G1 F6000 X110.302 Y119.658 E980.82653
G0 F9000 X111.154 Y119.659
G1 F6000 X116.331 Y100.338 E981.15917
G0 F9000 X116.439 Y100.339
G1 F6000 X119.659 Y103.56 E981.23491
G0 F9000 X119.658 Y103.667
G1 F6000 X100.339 Y108.843 E981.56752
G0 F9000 X100.5 Y108.843
G0 X100.5 Y105.738
G0 X100.34 Y105.738
G1 F6000 X113.388 Y102.241 E981.79217
G0 F9000 X112.715 Y102.241
G1 F6000 X108.048 Y119.659 E982.09205
G0 F9000 X108.048 Y119.5
G0 X104.942 Y119.5
G0 X104.942 Y119.658
G1 F6000 X110.119 Y100.339 E982.42466
G0 F9000 X110.119 Y100.5
G0 X108.895 Y100.5
G0 X108.895 Y100.339
G1 F6000 X107.804 Y100.632 E982.44345
G0 F9000 X107.954 Y100.34
G1 F6000 X119.283 Y111.669 E982.70989
G0 F9000 X119.506 Y111.669
G1 F6000 X119.659 Y111.098 E982.71972
G0 F9000 X119.5 Y111.098
G0 X119.5 Y109.878
G0 X119.659 Y109.878
G1 F6000 X100.34 Y115.055 E983.05233
G0 F9000 X100.5 Y115.055
G0 X114.098 Y102.342
G0 X114.098 Y102.241
G1 F6000 X117.732 Y105.875 E983.1378
G0 F9000 X117.633 Y105.875
G0 X117.706 Y104.465
G0 X118.325 Y104.392
G0 X118.324 Y104.492
G1 F6000 X119.437 Y100.338 E983.20931
G0 F9000 X119.658 Y100.561
G1 F6000 X114.342 Y101.986 E983.30084
G0 F9000 X114.443 Y101.986
G0 X117.705 Y107.406
G0 X119.234 Y107.478
G0 X119.234 Y107.377
G1 F6000 X119.659 Y107.802 E983.31084
G0 F9000 X119.5 Y107.802
G0 X117.702 Y111.639
G0 X117.644 Y112.135
G0 X117.643 Y114.711
G0 X119.53 Y119.53
G0 X119.7 Y119.7
;TYPE:WALL-INNER
G1 F1500 X119.7 Y114.588 E983.39585
G1 X118.07 Y114.584 E983.42296
G1 X117.898 Y114.53 E983.42595
G1 X117.774 Y114.328 E983.4299
G1 X117.773 Y112.534 E983.45973
G1 X117.848 Y112.363 E983.46284
G1 X117.998 Y112.264 E983.46582
G1 X119.7 Y112.267 E983.49413
G1 X119.7 Y100.3 E983.69314
G1 X100.3 Y100.3 E984.01576
G1 X100.301 Y119.699 E984.33837
G1 X119.7 Y119.7 E984.66098
G0 F9000 X119.9 Y119.9
;TYPE:WALL-OUTER
G1 F1500 X119.9 Y114.388 E984.75264
G1 X118.036 Y114.378 E984.78364
G1 X117.975 Y114.315 E984.7851
G1 X117.973 Y112.545 E984.81453
G1 X118.039 Y112.469 E984.81621
G1 X119.9 Y112.467 E984.84716
G1 X119.9 Y100.1 E985.05282
G1 X100.1 Y100.1 E985.3821
G1 X100.101 Y119.899 E985.71136
G1 X119.9 Y119.9 E986.04061
G0 F9000 X119.9 Y119.7
G0 X119.53 Y119.53
G0 X117.643 Y114.711
G0 X117.644 Y112.135
G0 X117.702 Y111.639
G0 X119.323 Y111.57
G0 X119.322 Y111.888
;TYPE:SKIN
G1 F1507.5 X118.021 Y111.886 E986.06214
G1 F1435.4 X117.959 Y111.895 E986.06323
G0 F9000 X117.751 Y112.216
G1 F1500 X117.846 Y112.143 E986.06522
G1 X118.057 Y112.085 E986.06886
G1 X119.52 Y112.086 E986.09319
G1 X119.52 Y111.69 E986.09978
G1 X117.75 Y111.687 E986.12921
G1 X117.751 Y112.216 E986.13801
G0 F9000 X117.66 Y112.093
G0 X117.633 Y107.357
G0 X117.754 Y107.357
G1 F1500 X117.754 Y104.513 E986.18531
G1 X119.52 Y104.511 E986.21467
G1 X119.52 Y107.357 E986.262
G1 X117.754 Y107.357 E986.29137
G0 F9000 X117.633 Y107.357
G0 X119.3 Y107.478
G0 X119.3 Y107.256
G1 F1500 X119.419 Y107.137 E986.29417
G0 F9000 X119.419 Y106.855
G1 F1500 X119.017 Y107.256 E986.30361
G0 F9000 X118.734 Y107.256
G1 F1500 X119.419 Y106.572 E986.31971
G0 F9000 X119.419 Y106.289
G1 F1500 X118.451 Y107.256 E986.34247
G0 F9000 X118.168 Y107.256
G1 F1500 X119.419 Y106.006 E986.37188
G0 F9000 X119.419 Y105.723
G1 F1500 X117.886 Y107.256 E986.40793
G0 F9000 X117.853 Y107.006
G1 F1500 X119.419 Y105.44 E986.44476
G0 F9000 X119.419 Y105.158
G1 F1500 X117.853 Y106.723 E986.48158
G0 F9000 X117.853 Y106.44
G1 F1500 X119.419 Y104.875 E986.5184
G0 F9000 X119.4 Y104.61
G1 F1500 X117.853 Y106.157 E986.55478
G0 F9000 X117.853 Y105.875
G1 F1500 X119.117 Y104.61 E986.58452
G0 F9000 X118.834 Y104.611
G1 F1500 X117.853 Y105.592 E986.60759
G0 F9000 X117.853 Y105.309
G1 F1500 X118.551 Y104.611 E986.62401
G0 F9000 X118.267 Y104.612
G1 F1500 X117.853 Y105.026 E986.63374
G0 F9000 X117.853 Y104.743
G1 F1500 X117.985 Y104.612 E986.63683
G0 F9000 X117.985 Y104.392
G0 X111.531 Y102.342
G0 X111.531 Y102.222
G1 F1500 X111.529 Y100.48 E986.6658
G1 X114.32 Y100.48 E986.71222
G1 X114.322 Y102.222 E986.74119
G1 X111.531 Y102.222 E986.7876
G0 F9000 X111.531 Y102.342
G0 X111.408 Y100.786
G0 X111.628 Y100.786
G1 F1500 X111.834 Y100.58 E986.79245
G0 F9000 X112.117 Y100.58
G1 F1500 X111.628 Y101.068 E986.80394
G0 F9000 X111.629 Y101.351
G1 F1500 X112.4 Y100.58 E986.82207
G0 F9000 X112.683 Y100.58
G1 F1500 X111.63 Y101.633 E986.84683
G0 F9000 X111.63 Y101.916
G1 F1500 X112.965 Y100.58 E986.87824
G0 F9000 X113.248 Y100.58
G1 F1500 X111.706 Y102.122 E986.91451
G0 F9000 X111.989 Y102.122
G1 F1500 X113.531 Y100.58 E986.95077
G0 F9000 X113.814 Y100.58
G1 F1500 X112.272 Y102.122 E986.98704
G0 F9000 X112.555 Y102.122
G1 F1500 X114.097 Y100.58 E987.02331
G0 F9000 X114.218 Y100.741
G1 F1500 X112.837 Y102.122 E987.05578
G0 F9000 X113.12 Y102.122
G1 F1500 X114.218 Y101.024 E987.08161
G0 F9000 X114.219 Y101.306
G1 F1500 X113.403 Y102.122 E987.1008
G0 F9000 X113.686 Y102.122
G1 F1500 X114.219 Y101.589 E987.11333
G0 F9000 X114.22 Y101.871
G1 F1500 X113.969 Y102.122 E987.11924
G0 F9000 X113.969 Y102.342
G0 X107.783 Y102.342
G0 X107.783 Y102.222
G1 F1500 X105.042 Y102.222 E987.16482
G1 X105.042 Y100.48 E987.19379
G1 X107.785 Y100.48 E987.23941
G1 X107.783 Y102.222 E987.26838
G0 F9000 X107.464 Y102.121
G1 F1500 X107.682 Y101.903 E987.2735
G0 F9000 X107.682 Y101.621
G1 F1500 X107.181 Y102.121 E987.28527
G0 F9000 X106.898 Y102.121
G1 F1500 X107.683 Y101.337 E987.30372
G0 F9000 X107.683 Y101.054
G1 F1500 X106.616 Y102.121 E987.32882
G0 F9000 X106.333 Y102.121
G1 F1500 X107.683 Y100.771 E987.36057
G0 F9000 X107.591 Y100.58
G1 F1500 X106.05 Y102.121 E987.39681
G0 F9000 X105.767 Y102.121
G1 F1500 X107.309 Y100.58 E987.43306
G0 F9000 X107.026 Y100.58
G1 F1500 X105.484 Y102.121 E987.46932
G0 F9000 X105.201 Y102.121
G1 F1500 X106.743 Y100.58 E987.50557
G0 F9000 X106.46 Y100.58
G1 F1500 X105.141 Y101.899 E987.53659
G0 F9000 X105.141 Y101.616
G1 F1500 X106.177 Y100.58 E987.56096
G0 F9000 X105.894 Y100.58
G1 F1500 X105.141 Y101.334 E987.57868
G0 F9000 X105.141 Y101.051
G1 F1500 X105.612 Y100.58 E987.58976
G0 F9000 X105.329 Y100.58
G1 F1500 X105.141 Y100.768 E987.59418
G0 F9000 X104.822 Y100.767
;MESH:NONMESH
G0 F300 X104.822 Y100.767 Z16.3
G0 F9000 X100.655 Y100.5
G0 X100.655 Y100.339
;TIME_ELAPSED:2274.395172
;LAYER:80
;TYPE:FILL
;MESH:xyzCalibration_cube.stl
G1 F6000 X100.339 Y101.52 E987.61451
G0 F9000 X100.339 Y101.011
G1 F6000 X118.987 Y119.659 E988.05308
G0 F9000 X118.476 Y119.659
G1 F6000 X119.659 Y119.342 E988.07345
G0 F9000 X119.5 Y119.342
G0 X117.219 Y119.5
G0 X117.219 Y119.66
G1 F6000 X118.569 Y114.622 E988.16019
G0 F9000 X118.195 Y114.624
G1 F6000 X119.659 Y116.088 E988.19462
G0 F9000 X119.659 Y116.236
G1 F6000 X106.884 Y119.659 E988.41456
G0 F9000 X106.259 Y119.659
G1 F6000 X100.339 Y113.739 E988.55379
G0 F9000 X100.339 Y113.11
G1 F6000 X103.761 Y100.339 E988.77366
G0 F9000 X103.91 Y100.339
G1 F6000 X105.02 Y101.45 E988.79978
G1 X105.019 Y101.524
G1 X100.339 Y102.778 E988.88036
G0 F9000 X100.5 Y102.778
G0 X100.5 Y105.254
G0 X100.339 Y105.254
G1 F6000 X114.745 Y119.659 E989.21915
G0 F9000 X114.114 Y119.66
G1 F6000 X117.732 Y106.155 E989.45166
G0 F9000 X117.731 Y105.675
G1 F6000 X114.298 Y102.241 E989.53241
G0 F9000 X114.342 Y102.131
G1 F6000 X119.658 Y100.707 E989.62393
G0 F9000 X119.291 Y100.338
G1 F6000 X118.178 Y104.492 E989.69545
G0 F9000 X118.179 Y104.392
G0 X119.5 Y103.813
G0 X119.658 Y103.813
G1 F6000 X100.339 Y108.989 E990.02806
G0 F9000 X100.339 Y109.496
G1 F6000 X110.502 Y119.659 E990.26708
G0 F9000 X111.008 Y119.659
G1 F6000 X116.185 Y100.338 E990.59972
G0 F9000 X116.638 Y100.339
G1 F6000 X119.659 Y103.36 E990.67077
G0 F9000 X119.5 Y103.36
G0 X117.706 Y104.465
G0 X117.705 Y107.289
G0 X119.316 Y107.361
G0 X119.316 Y107.26
G1 F6000 X119.659 Y107.603 E990.67884
G0 F9000 X119.5 Y107.603
G0 X118.386 Y107.361
G0 X118.386 Y107.26
G1 F6000 X100.339 Y112.095 E990.98954
G0 F9000 X100.5 Y112.095
G0 X100.5 Y115.201
G0 X100.339 Y115.201
G1 F6000 X119.658 Y110.025 E991.32215
G0 F9000 X119.659 Y110.555
G1 F6000 X119.331 Y111.78 E991.34324
G0 F9000 X119.593 Y111.78
G1 F6000 X108.153 Y100.339 E991.6123
G0 F9000 X107.691 Y100.808
G1 F6000 X109.441 Y100.339 E991.64243
G0 F9000 X109.973 Y100.338
G1 F6000 X104.796 Y119.659 E991.97508
G0 F9000 X104.796 Y119.5
G0 X102.017 Y119.5
G0 X102.017 Y119.659
G1 F6000 X100.339 Y117.982 E992.01453
G0 F9000 X100.339 Y118.307
G1 F6000 X117.728 Y113.648 E992.31391
G0 F9000 X117.73 Y114.159
G1 F6000 X105.812 Y102.241 E992.5942
G0 F9000 X106.358 Y102.24
G1 F6000 X101.69 Y119.659 E992.8941
G0 F9000 X101.69 Y119.5
G0 X107.902 Y119.5
G0 X107.902 Y119.659
G1 F6000 X112.569 Y102.24 E993.194
G0 F9000 X112.569 Y102.342
G0 X113.933 Y102.342
G0 X113.933 Y102.241
G1 F6000 X100.339 Y105.884 E993.42804
G0 F9000 X100.5 Y105.884
G0 X119.53 Y119.53
G0 X119.7 Y119.7
;TYPE:WALL-INNER
G1 F1500 X119.7 Y100.3 E993.75067
G1 X100.3 Y100.3 E994.07329
G1 X100.3 Y119.7 E994.39591
G1 X119.7 Y119.7 E994.71854
G0 F9000 X119.9 Y119.9
;TYPE:WALL-OUTER
G1 F1500 X119.9 Y100.1 E995.04781
G1 X100.1 Y100.1 E995.37709
G1 X100.1 Y119.9 E995.70636
G1 X119.9 Y119.9 E996.03564
G0 F9000 X119.9 Y119.7
G0 X119.53 Y119.53
G0 X117.751 Y114.722
G0 X117.752 Y114.602
;TYPE:SKIN
G1 F1500 X117.752 Y111.799 E996.08225
G1 X119.52 Y111.801 E996.11166
G1 X119.52 Y114.606 E996.1583
G1 X117.752 Y114.602 E996.1877
G0 F9000 X117.851 Y114.457
G1 F1500 X117.896 Y114.502 E996.18876
G0 F9000 X118.179 Y114.502
G1 F1500 X117.851 Y114.174 E996.19648
G0 F9000 X117.851 Y113.891
G1 F1500 X118.463 Y114.503 E996.21087
G0 F9000 X118.745 Y114.503
G1 F1500 X117.851 Y113.608 E996.23191
G0 F9000 X117.851 Y113.325
G1 F1500 X119.029 Y114.503 E996.25961
G0 F9000 X119.312 Y114.503
G1 F1500 X117.851 Y113.043 E996.29396
G0 F9000 X117.851 Y112.76
G1 F1500 X119.419 Y114.327 E996.33083
G0 F9000 X119.419 Y114.045
G1 F1500 X117.851 Y112.477 E996.3677
G0 F9000 X117.851 Y112.194
G1 F1500 X119.419 Y113.762 E996.40458
G0 F9000 X119.419 Y113.479
G1 F1500 X117.851 Y111.911 E996.44146
G0 F9000 X118.122 Y111.899
G1 F1500 X119.419 Y113.196 E996.47196
G0 F9000 X119.419 Y112.913
G1 F1500 X118.405 Y111.9 E996.4958
G0 F9000 X118.688 Y111.9
G1 F1500 X119.419 Y112.63 E996.51298
G0 F9000 X119.419 Y112.347
G1 F1500 X118.972 Y111.901 E996.52348
G0 F9000 X119.254 Y111.901
G1 F1500 X119.419 Y112.065 E996.52735
G0 F9000 X119.42 Y111.681
G0 X117.633 Y107.24
G0 X117.754 Y107.24
G1 F1500 X117.754 Y104.513 E996.5727
G1 X119.52 Y104.511 E996.60207
G1 X119.52 Y107.24 E996.64745
G1 X117.754 Y107.24 E996.67682
G0 F9000 X117.888 Y107.14
G1 F1500 X117.852 Y107.104 E996.67766
G0 F9000 X117.852 Y106.821
G1 F1500 X118.17 Y107.14 E996.68516
G0 F9000 X118.453 Y107.14
G1 F1500 X117.852 Y106.539 E996.69929
G0 F9000 X117.852 Y106.256
G1 F1500 X118.736 Y107.14 E996.72008
G0 F9000 X119.019 Y107.14
G1 F1500 X117.852 Y105.973 E996.74753
G0 F9000 X117.852 Y105.69
G1 F1500 X119.302 Y107.14 E996.78163
G0 F9000 X119.419 Y106.974
G1 F1500 X117.852 Y105.407 E996.81848
G0 F9000 X117.852 Y105.124
G1 F1500 X119.419 Y106.691 E996.85533
G0 F9000 X119.419 Y106.408
G1 F1500 X117.852 Y104.842 E996.89218
G0 F9000 X117.906 Y104.612
G1 F1500 X119.419 Y106.126 E996.92777
G0 F9000 X119.419 Y105.843
G1 F1500 X118.189 Y104.612 E996.95671
G0 F9000 X118.471 Y104.612
G1 F1500 X119.419 Y105.56 E996.97901
G0 F9000 X119.419 Y105.277
G1 F1500 X118.754 Y104.612 E996.99465
G0 F9000 X119.036 Y104.611
G1 F1500 X119.419 Y104.994 E997.00365
G0 F9000 X119.419 Y104.711
G1 F1500 X119.319 Y104.611 E997.00601
G0 F9000 X119.319 Y104.39
G0 X111.657 Y102.342
G0 X111.657 Y102.222
G1 F1500 X111.655 Y100.48 E997.03498
G1 X114.32 Y100.48 E997.07929
G1 X114.322 Y102.222 E997.10826
G1 X111.657 Y102.222 E997.15258
G0 F9000 X112.021 Y102.122
G1 F1500 X111.755 Y101.855 E997.15885
G0 F9000 X111.754 Y101.572
G1 F1500 X112.304 Y102.122 E997.17179
G0 F9000 X112.587 Y102.122
G1 F1500 X111.754 Y101.289 E997.19138
G0 F9000 X111.753 Y101.005
G1 F1500 X112.87 Y102.122 E997.21765
G0 F9000 X113.153 Y102.122
G1 F1500 X111.753 Y100.723 E997.25056
G0 F9000 X111.893 Y100.58
G1 F1500 X113.436 Y102.122 E997.28684
G0 F9000 X113.719 Y102.122
G1 F1500 X112.176 Y100.58 E997.32312
G0 F9000 X112.459 Y100.58
G1 F1500 X114.001 Y102.122 E997.35938
G0 F9000 X114.221 Y102.058
G1 F1500 X112.742 Y100.58 E997.39415
G0 F9000 X113.025 Y100.58
G1 F1500 X114.221 Y101.776 E997.42228
G0 F9000 X114.22 Y101.492
G1 F1500 X113.308 Y100.58 E997.44373
G0 F9000 X113.591 Y100.58
G1 F1500 X114.22 Y101.209 E997.45852
G0 F9000 X114.219 Y100.926
G1 F1500 X113.873 Y100.58 E997.46666
G0 F9000 X114.156 Y100.58
G1 F1500 X114.219 Y100.643 E997.46814
G0 F9000 X114.441 Y100.643
G0 X114.371 Y102.27
G0 X107.67 Y102.342
G0 X107.67 Y102.222
G1 F1500 X105.042 Y102.222 E997.51185
G1 X105.042 Y100.48 E997.54082
G1 X107.672 Y100.48 E997.58455
G1 X107.67 Y102.222 E997.61352
G0 F9000 X107.67 Y102.342
G0 X107.792 Y100.784
G0 X107.571 Y100.783
G1 F1500 X107.368 Y100.58 E997.6183
G0 F9000 X107.085 Y100.58
G1 F1500 X107.571 Y101.066 E997.62973
G0 F9000 X107.57 Y101.348
G1 F1500 X106.802 Y100.58 E997.64779
G0 F9000 X106.519 Y100.58
G1 F1500 X107.57 Y101.63 E997.67249
G0 F9000 X107.57 Y101.913
G1 F1500 X106.237 Y100.58 E997.70385
G0 F9000 X105.954 Y100.58
G1 F1500 X107.495 Y102.121 E997.74009
G0 F9000 X107.212 Y102.121
G1 F1500 X105.671 Y100.58 E997.77633
G0 F9000 X105.388 Y100.58
G1 F1500 X106.93 Y102.121 E997.81258
G0 F9000 X106.647 Y102.121
G1 F1500 X105.141 Y100.615 E997.848
G0 F9000 X105.141 Y100.898
G1 F1500 X106.364 Y102.121 E997.87676
G0 F9000 X106.081 Y102.121
G1 F1500 X105.141 Y101.181 E997.89887
G0 F9000 X105.141 Y101.464
G1 F1500 X105.798 Y102.121 E997.91432
G0 F9000 X105.515 Y102.121
G1 F1500 X105.141 Y101.747 E997.92312
G0 F9000 X105.141 Y102.029
G1 F1500 X105.233 Y102.121 E997.92528
G0 F9000 X105.233 Y102.442
;MESH:NONMESH
G0 F300 X105.233 Y102.442 Z16.5
G0 F9000 X100.508 Y100.5
G0 X100.508 Y100.339
;TIME_ELAPSED:2301.210940
;LAYER:81
;TYPE:FILL
;MESH:xyzCalibration_cube.stl
G1 F6000 X100.339 Y100.972 E997.93618
G0 F9000 X100.339 Y100.81
G1 F6000 X119.188 Y119.659 E998.37948
G0 F9000 X119.024 Y119.659
G1 F6000 X119.658 Y119.489 E998.39039
G0 F9000 X119.5 Y119.489
G0 X117.072 Y119.5
G0 X117.072 Y119.66
G1 F6000 X118.422 Y114.622 E998.47713
G1 X118.396 Y114.624
G1 X119.659 Y115.887 E998.50684
G0 F9000 X119.659 Y116.383
G1 F6000 X107.432 Y119.659 E998.71734
G0 F9000 X107.755 Y119.659
G1 F6000 X112.422 Y102.24 E999.01724
G0 F9000 X112.422 Y102.342
G0 X114.371 Y102.27
G0 X114.341 Y102.084
G1 F6000 X117.733 Y105.476 E999.09701
G0 F9000 X117.733 Y105.602
G1 F6000 X113.967 Y119.66 E999.33904
G0 F9000 X114.945 Y119.659
G1 F6000 X100.339 Y105.053 E999.68255
G0 F9000 X100.339 Y106.031
G1 F6000 X119.658 Y100.854 E1000.01517
G0 F9000 X119.144 Y100.338
G1 F6000 X118.031 Y104.492 E1000.08668
G0 F9000 X118.032 Y104.392
G0 X119.5 Y103.96
G0 X119.658 Y103.96
G1 F6000 X100.339 Y109.136 E1000.41929
G0 F9000 X100.339 Y109.296
G1 F6000 X110.703 Y119.659 E1000.66303
G0 F9000 X110.861 Y119.659
G1 F6000 X116.038 Y100.338 E1000.99567
G0 F9000 X116.839 Y100.339
G1 F6000 X119.659 Y103.159 E1001.06199
G0 F9000 X119.5 Y103.159
G0 X117.706 Y104.465
G0 X117.706 Y107.172
G0 X119.4 Y107.244
G0 X119.4 Y107.143
G1 F6000 X119.659 Y107.402 E1001.06808
G0 F9000 X119.374 Y107.142
G1 F6000 X100.339 Y112.242 E1001.3958
G0 F9000 X100.339 Y112.562
G1 F6000 X103.614 Y100.339 E1001.60624
G0 F9000 X104.111 Y100.339
G1 F6000 X105.02 Y101.249 E1001.62763
G0 F9000 X105.019 Y101.671
G1 F6000 X100.34 Y102.925 E1001.70819
G0 F9000 X100.5 Y102.925
G0 X106.013 Y102.342
G0 X106.013 Y102.241
G1 F6000 X117.73 Y113.958 E1001.98375
G0 F9000 X117.728 Y113.795
G1 F6000 X100.339 Y118.454 E1002.28313
G0 F9000 X100.339 Y117.781
G1 F6000 X102.217 Y119.659 E1002.3273
G0 F9000 X101.543 Y119.659
G1 F6000 X106.211 Y102.241 E1002.62719
G0 F9000 X106.211 Y102.342
G0 X107.605 Y102.27
G0 X107.679 Y100.986
G0 X107.578 Y100.985
G1 F6000 X109.99 Y100.339 E1002.66871
G0 F9000 X109.826 Y100.339
G1 F6000 X104.649 Y119.659 E1003.00134
G0 F9000 X104.649 Y119.5
G0 X106.46 Y119.5
G0 X106.46 Y119.659
G1 F6000 X100.339 Y113.538 E1003.1453
G0 F9000 X100.5 Y113.538
G0 X100.5 Y115.348
G0 X100.339 Y115.348
G1 F6000 X119.658 Y110.172 E1003.4779
G0 F9000 X119.659 Y110.006
G1 F6000 X119.154 Y111.892 E1003.51037
G0 F9000 X119.659 Y111.645
G1 F6000 X108.354 Y100.339 E1003.77626
G0 F9000 X108.354 Y100.5
G0 X119.53 Y119.53
G0 X119.7 Y119.7
;TYPE:WALL-INNER
G1 F1500 X119.7 Y100.3 E1004.09888
G1 X100.3 Y100.3 E1004.42151
G1 X100.3 Y119.7 E1004.74413
G1 X119.7 Y119.7 E1005.06675
G0 F9000 X119.9 Y119.9
;TYPE:WALL-OUTER
G1 F1500 X119.9 Y100.1 E1005.39603
G1 X100.1 Y100.1 E1005.7253
G1 X100.1 Y119.9 E1006.05458
G1 X119.9 Y119.9 E1006.38386
G0 F9000 X119.9 Y119.7
G0 X119.53 Y119.53
G0 X117.751 Y114.722
G0 X117.752 Y114.602
;TYPE:SKIN
G1 F1500 X117.752 Y111.911 E1006.42861
G1 X119.52 Y111.913 E1006.45801
G1 X119.52 Y114.606 E1006.50279
G1 X117.752 Y114.602 E1006.5322
G0 F9000 X117.751 Y114.722
G0 X119.123 Y114.725
G0 X119.124 Y114.503
G1 F1500 X119.419 Y114.209 E1006.53912
G0 F9000 X119.419 Y113.926
G1 F1500 X118.842 Y114.503 E1006.55269
G0 F9000 X118.559 Y114.503
G1 F1500 X119.419 Y113.643 E1006.57292
G0 F9000 X119.419 Y113.36
G1 F1500 X118.277 Y114.502 E1006.59978
G0 F9000 X117.994 Y114.502
G1 F1500 X119.419 Y113.077 E1006.63329
G0 F9000 X119.419 Y112.794
G1 F1500 X117.851 Y114.362 E1006.67017
G0 F9000 X117.851 Y114.079
G1 F1500 X119.419 Y112.512 E1006.70703
G0 F9000 X119.419 Y112.229
G1 F1500 X117.851 Y113.796 E1006.7439
G0 F9000 X117.851 Y113.513
G1 F1500 X119.353 Y112.012 E1006.77921
G0 F9000 X119.07 Y112.012
G1 F1500 X117.851 Y113.231 E1006.80788
G0 F9000 X117.851 Y112.948
G1 F1500 X118.788 Y112.011 E1006.82992
G0 F9000 X118.505 Y112.011
G1 F1500 X117.851 Y112.665 E1006.8453
G0 F9000 X117.851 Y112.382
G1 F1500 X118.223 Y112.01 E1006.85405
G0 F9000 X117.94 Y112.01
G1 F1500 X117.851 Y112.099 E1006.85614
G0 F9000 X117.631 Y112.099
G0 X117.634 Y107.123
G0 X117.754 Y107.123
G1 F1500 X117.754 Y104.513 E1006.89954
G1 X119.52 Y104.511 E1006.92891
G1 X119.52 Y107.123 E1006.97235
G1 X117.754 Y107.123 E1007.00172
G0 F9000 X117.634 Y107.123
G0 X119.419 Y107.244
G0 X119.419 Y106.855
G1 F1500 X119.25 Y107.023 E1007.00568
G0 F9000 X118.967 Y107.023
G1 F1500 X119.419 Y106.572 E1007.0163
G0 F9000 X119.419 Y106.289
G1 F1500 X118.685 Y107.023 E1007.03356
G0 F9000 X118.402 Y107.023
G1 F1500 X119.419 Y106.006 E1007.05748
G0 F9000 X119.419 Y105.723
G1 F1500 X118.119 Y107.023 E1007.08806
G0 F9000 X117.853 Y107.006
G1 F1500 X119.419 Y105.44 E1007.12488
G0 F9000 X119.419 Y105.158
G1 F1500 X117.853 Y106.723 E1007.1617
G0 F9000 X117.853 Y106.44
G1 F1500 X119.419 Y104.875 E1007.19852
G0 F9000 X119.4 Y104.61
G1 F1500 X117.853 Y106.157 E1007.2349
G0 F9000 X117.853 Y105.875
G1 F1500 X119.117 Y104.61 E1007.26464
G0 F9000 X118.834 Y104.611
G1 F1500 X117.853 Y105.592 E1007.28772
G0 F9000 X117.853 Y105.309
G1 F1500 X118.551 Y104.611 E1007.30413
G0 F9000 X118.267 Y104.612
G1 F1500 X117.853 Y105.026 E1007.31387
G0 F9000 X117.853 Y104.743
G1 F1500 X117.985 Y104.612 E1007.31696
G0 F9000 X117.985 Y104.392
G0 X111.783 Y102.342
G0 X111.783 Y102.222
G1 F1500 X111.781 Y100.48 E1007.34593
G1 X114.32 Y100.48 E1007.38815
G1 X114.322 Y102.222 E1007.41712
G1 X111.783 Y102.222 E1007.45935
G0 F9000 X111.783 Y102.342
G0 X111.66 Y100.816
G0 X111.881 Y100.816
G1 F1500 X112.118 Y100.579 E1007.46492
G0 F9000 X112.4 Y100.579
G1 F1500 X111.881 Y101.098 E1007.47713
G0 F9000 X111.881 Y101.381
G1 F1500 X112.683 Y100.579 E1007.49599
G0 F9000 X112.966 Y100.579
G1 F1500 X111.882 Y101.663 E1007.52148
G0 F9000 X111.882 Y101.946
G1 F1500 X113.249 Y100.579 E1007.55363
G0 F9000 X113.532 Y100.579
G1 F1500 X111.989 Y102.122 E1007.58992
G0 F9000 X112.272 Y102.122
G1 F1500 X113.815 Y100.579 E1007.62621
G0 F9000 X114.098 Y100.579
G1 F1500 X112.555 Y102.122 E1007.6625
G0 F9000 X112.837 Y102.122
G1 F1500 X114.218 Y100.741 E1007.69498
G0 F9000 X114.218 Y101.024
G1 F1500 X113.12 Y102.122 E1007.7208
G0 F9000 X113.403 Y102.122
G1 F1500 X114.219 Y101.306 E1007.73999
G0 F9000 X114.219 Y101.589
G1 F1500 X113.686 Y102.122 E1007.75253
G0 F9000 X113.969 Y102.122
G1 F1500 X114.22 Y101.871 E1007.75843
G0 F9000 X114.443 Y101.871
G0 X114.371 Y102.27
G0 X107.557 Y102.342
G0 X107.557 Y102.222
G1 F1500 X105.042 Y102.222 E1007.80026
G1 X105.042 Y100.48 E1007.82923
G1 X107.559 Y100.48 E1007.87108
G1 X107.557 Y102.222 E1007.90005
G0 F9000 X107.456 Y101.847
G1 F1500 X107.181 Y102.121 E1007.90651
G0 F9000 X106.898 Y102.121
G1 F1500 X107.456 Y101.563 E1007.91963
G0 F9000 X107.456 Y101.281
G1 F1500 X106.616 Y102.121 E1007.93939
G0 F9000 X106.333 Y102.121
G1 F1500 X107.457 Y100.997 E1007.96582
G0 F9000 X107.457 Y100.714
G1 F1500 X106.05 Y102.121 E1007.99891
G0 F9000 X105.767 Y102.121
G1 F1500 X107.309 Y100.579 E1008.03518
G0 F9000 X107.026 Y100.579
G1 F1500 X105.484 Y102.121 E1008.07144
G0 F9000 X105.201 Y102.121
G1 F1500 X106.744 Y100.579 E1008.10772
G0 F9000 X106.461 Y100.579
G1 F1500 X105.141 Y101.899 E1008.13877
G0 F9000 X105.141 Y101.616
G1 F1500 X106.178 Y100.579 E1008.16315
G0 F9000 X105.895 Y100.579
G1 F1500 X105.141 Y101.334 E1008.1809
G0 F9000 X105.141 Y101.051
G1 F1500 X105.612 Y100.579 E1008.19199
G0 F9000 X105.329 Y100.579
G1 F1500 X105.141 Y100.768 E1008.19642
G0 F9000 X104.822 Y100.767
;MESH:NONMESH
G0 F300 X104.822 Y100.767 Z16.7
G0 F9000 X100.47 Y100.47
G0 X100.363 Y100.338
;TIME_ELAPSED:2327.618041
;LAYER:82
;TYPE:FILL
;MESH:xyzCalibration_cube.stl
G1 F6000 X100.339 Y100.427 E1008.19795
G0 F9000 X100.339 Y100.611
G1 F6000 X119.387 Y119.659 E1008.64593
G0 F9000 X119.57 Y119.659
G1 F6000 X119.659 Y119.635 E1008.64747
G0 F9000 X119.53 Y119.53
G0 X116.926 Y119.5
G0 X116.926 Y119.66
G1 F6000 X118.276 Y114.621 E1008.73422
G0 F9000 X118.595 Y114.624
G1 F6000 X119.659 Y115.688 E1008.75924
G0 F9000 X119.659 Y116.529
G1 F6000 X107.977 Y119.659 E1008.96037
G0 F9000 X107.609 Y119.659
G1 F6000 X112.277 Y102.24 E1009.26027
G0 F9000 X112.277 Y102.342
G0 X114.371 Y102.27
G0 X114.443 Y101.884
G0 X114.341 Y101.884
G1 F6000 X117.733 Y105.276 E1009.34004
G0 F9000 X117.733 Y105.057
G1 F6000 X113.821 Y119.659 E1009.59144
G0 F9000 X113.821 Y119.5
G0 X115.145 Y119.5
G0 X115.145 Y119.659
G1 F6000 X100.339 Y104.854 E1009.93964
G0 F9000 X100.5 Y104.854
G0 X100.5 Y106.177
G0 X100.339 Y106.177
G1 F6000 X119.659 Y101 E1010.27227
G0 F9000 X118.998 Y100.338
G1 F6000 X117.885 Y104.492 E1010.34379
G0 F9000 X117.732 Y104.622
G1 F6000 X100.339 Y109.282 E1010.64324
G0 F9000 X100.339 Y109.096
G1 F6000 X110.902 Y119.659 E1010.89166
G0 F9000 X110.715 Y119.659
G1 F6000 X115.892 Y100.339 E1011.22429
G0 F9000 X115.892 Y100.5
G0 X117.038 Y100.5
G0 X117.038 Y100.339
G1 F6000 X119.659 Y102.96 E1011.28593
G0 F9000 X119.5 Y102.96
G0 X119.5 Y104.106
G0 X119.658 Y104.106
G1 F6000 X118.218 Y104.492 E1011.31073
G0 F9000 X118.219 Y104.392
G0 X117.706 Y104.465
G0 X117.706 Y107.055
G0 X119.483 Y107.127
G0 X119.483 Y107.026
G1 F6000 X119.659 Y107.203 E1011.31488
G1 X119.658 Y107.212
G1 X100.34 Y112.388 E1011.64747
G0 F9000 X100.339 Y112.017
G1 F6000 X103.469 Y100.338 E1011.84854
G0 F9000 X104.31 Y100.339
G1 F6000 X105.02 Y101.049 E1011.86524
G0 F9000 X105.02 Y101.816
G1 F6000 X100.339 Y103.071 E1011.94584
G0 F9000 X100.5 Y103.071
G0 X106.065 Y102.342
G0 X106.065 Y102.24
G1 F6000 X101.397 Y119.659 E1012.24574
G0 F9000 X101.397 Y119.5
G0 X102.417 Y119.5
G0 X102.417 Y119.659
G1 F6000 X100.339 Y117.581 E1012.29461
G0 F9000 X100.5 Y117.581
G0 X100.5 Y118.6
G0 X100.34 Y118.6
G1 F6000 X117.728 Y113.941 E1012.59397
G0 F9000 X117.73 Y113.759
G1 F6000 X106.213 Y102.241 E1012.86485
G0 F9000 X106.213 Y102.342
G0 X107.492 Y102.27
G0 X107.565 Y101.162
G0 X107.465 Y101.161
G1 F6000 X110.534 Y100.339 E1012.91768
G0 F9000 X109.68 Y100.339
G1 F6000 X104.503 Y119.659 E1013.25031
G0 F9000 X104.503 Y119.5
G0 X106.659 Y119.5
G0 X106.659 Y119.659
G1 F6000 X100.339 Y113.339 E1013.39895
G0 F9000 X100.5 Y113.339
G0 X100.5 Y115.494
G0 X100.34 Y115.494
G1 F6000 X119.658 Y110.318 E1013.73154
G0 F9000 X119.659 Y109.461
G1 F6000 X118.978 Y112.003 E1013.7753
G0 F9000 X119.659 Y111.445
G1 F6000 X108.554 Y100.34 E1014.03648
G0 F9000 X108.554 Y100.5
G0 X119.53 Y119.53
G0 X119.7 Y119.7
;TYPE:WALL-INNER
G1 F1500 X119.7 Y100.3 E1014.3591
G1 X100.3 Y100.3 E1014.68172
G1 X100.3 Y119.7 E1015.00435
G1 X119.7 Y119.7 E1015.32697
G0 F9000 X119.9 Y119.9
;TYPE:WALL-OUTER
G1 F1500 X119.9 Y100.1 E1015.65624
G1 X100.1 Y100.1 E1015.98552
G1 X100.1 Y119.9 E1016.3148
G1 X119.9 Y119.9 E1016.64407
G0 F9000 X119.9 Y119.7
G0 X119.53 Y119.53
G0 X117.751 Y114.722
G0 X117.752 Y114.602
;TYPE:SKIN
G1 F1500 X117.752 Y112.022 E1016.68698
G1 X119.52 Y112.024 E1016.71638
G1 X119.52 Y114.606 E1016.75932
G1 X117.752 Y114.602 E1016.78872
G0 F9000 X117.851 Y114.457
G1 F1500 X117.896 Y114.502 E1016.78978
G0 F9000 X118.179 Y114.502
G1 F1500 X117.851 Y114.174 E1016.79749
G0 F9000 X117.851 Y113.891
G1 F1500 X118.463 Y114.503 E1016.81188
G0 F9000 X118.745 Y114.503
G1 F1500 X117.851 Y113.608 E1016.83292
G0 F9000 X117.851 Y113.325
G1 F1500 X119.029 Y114.503 E1016.86063
G0 F9000 X119.312 Y114.503
G1 F1500 X117.851 Y113.043 E1016.89498
G0 F9000 X117.851 Y112.76
G1 F1500 X119.419 Y114.328 E1016.93185
G0 F9000 X119.419 Y114.045
G1 F1500 X117.851 Y112.477 E1016.96873
G0 F9000 X117.851 Y112.194
G1 F1500 X119.419 Y113.762 E1017.00561
G0 F9000 X119.419 Y113.48
G1 F1500 X118.062 Y112.123 E1017.03752
G0 F9000 X118.345 Y112.123
G1 F1500 X119.419 Y113.197 E1017.06278
G0 F9000 X119.419 Y112.914
G1 F1500 X118.628 Y112.123 E1017.08138
G0 F9000 X118.912 Y112.123
G1 F1500 X119.419 Y112.631 E1017.09332
G0 F9000 X119.419 Y112.348
G1 F1500 X119.194 Y112.123 E1017.09861
G0 F9000 X119.195 Y111.904
G0 X117.634 Y107.006
G0 X117.754 Y107.006
G1 F1500 X117.754 Y104.513 E1017.14007
G1 X119.52 Y104.511 E1017.16944
G1 X119.52 Y107.006 E1017.21093
G1 X117.754 Y107.006 E1017.2403
G0 F9000 X117.936 Y106.906
G1 F1500 X117.852 Y106.821 E1017.24229
G0 F9000 X117.852 Y106.539
G1 F1500 X118.219 Y106.906 E1017.25092
G0 F9000 X118.502 Y106.906
G1 F1500 X117.852 Y106.256 E1017.2662
G0 F9000 X117.852 Y105.973
G1 F1500 X118.785 Y106.906 E1017.28815
G0 F9000 X119.068 Y106.906
G1 F1500 X117.852 Y105.69 E1017.31675
G0 F9000 X117.852 Y105.407
G1 F1500 X119.351 Y106.906 E1017.352
G0 F9000 X119.419 Y106.691
G1 F1500 X117.852 Y105.124 E1017.38885
G0 F9000 X117.852 Y104.842
G1 F1500 X119.419 Y106.408 E1017.42569
G0 F9000 X119.419 Y106.125
G1 F1500 X117.906 Y104.612 E1017.46128
G0 F9000 X118.189 Y104.612
G1 F1500 X119.419 Y105.842 E1017.49021
G0 F9000 X119.419 Y105.559
G1 F1500 X118.471 Y104.612 E1017.51249
G0 F9000 X118.754 Y104.612
G1 F1500 X119.419 Y105.276 E1017.52812
G0 F9000 X119.419 Y104.994
G1 F1500 X119.036 Y104.611 E1017.53713
G0 F9000 X119.319 Y104.611
G1 F1500 X119.419 Y104.711 E1017.53948
G0 F9000 X119.419 Y104.39
G0 X111.91 Y102.342
G0 X111.91 Y102.222
G1 F1500 X111.908 Y100.48 E1017.56845
G1 X114.32 Y100.48 E1017.60856
G1 X114.322 Y102.222 E1017.63753
G1 X111.91 Y102.222 E1017.67764
G0 F9000 X112.304 Y102.122
G1 F1500 X112.008 Y101.826 E1017.6846
G0 F9000 X112.007 Y101.542
G1 F1500 X112.587 Y102.122 E1017.69824
G0 F9000 X112.87 Y102.122
G1 F1500 X112.007 Y101.259 E1017.71854
G0 F9000 X112.007 Y100.976
G1 F1500 X113.153 Y102.122 E1017.74549
G0 F9000 X113.436 Y102.122
G1 F1500 X112.007 Y100.693 E1017.7791
G0 F9000 X112.176 Y100.58
G1 F1500 X113.719 Y102.122 E1017.81538
G0 F9000 X114.001 Y102.122
G1 F1500 X112.459 Y100.58 E1017.85164
G0 F9000 X112.742 Y100.58
G1 F1500 X114.221 Y102.058 E1017.88641
G0 F9000 X114.221 Y101.776
G1 F1500 X113.025 Y100.58 E1017.91454
G0 F9000 X113.308 Y100.58
G1 F1500 X114.22 Y101.492 E1017.93599
G0 F9000 X114.22 Y101.209
G1 F1500 X113.591 Y100.58 E1017.95078
G0 F9000 X113.873 Y100.58
G1 F1500 X114.219 Y100.926 E1017.95892
G0 F9000 X114.219 Y100.643
G1 F1500 X114.156 Y100.58 E1017.9604
G0 F9000 X114.441 Y100.58
G0 X114.371 Y102.27
G0 X107.444 Y102.342
G0 X107.444 Y102.222
G1 F1500 X105.042 Y102.222 E1018.00035
G1 X105.042 Y100.48 E1018.02932
G1 X107.446 Y100.48 E1018.0693
G1 X107.444 Y102.222 E1018.09827
G0 F9000 X107.444 Y102.342
G0 X107.566 Y100.84
G0 X107.345 Y100.839
G1 F1500 X107.085 Y100.58 E1018.10437
G0 F9000 X106.802 Y100.58
G1 F1500 X107.344 Y101.121 E1018.1171
G0 F9000 X107.344 Y101.404
G1 F1500 X106.519 Y100.58 E1018.13649
G0 F9000 X106.237 Y100.58
G1 F1500 X107.343 Y101.686 E1018.16251
G0 F9000 X107.343 Y101.969
G1 F1500 X105.954 Y100.58 E1018.19517
G0 F9000 X105.671 Y100.58
G1 F1500 X107.212 Y102.121 E1018.23142
G0 F9000 X106.93 Y102.121
G1 F1500 X105.388 Y100.58 E1018.26767
G0 F9000 X105.141 Y100.615
G1 F1500 X106.647 Y102.121 E1018.30309
G0 F9000 X106.364 Y102.121
G1 F1500 X105.141 Y100.898 E1018.33185
G0 F9000 X105.141 Y101.181
G1 F1500 X106.081 Y102.121 E1018.35396
G0 F9000 X105.798 Y102.121
G1 F1500 X105.141 Y101.464 E1018.36941
G0 F9000 X105.141 Y101.747
G1 F1500 X105.515 Y102.121 E1018.37821
G0 F9000 X105.233 Y102.121
G1 F1500 X105.141 Y102.029 E1018.38037
G0 F9000 X104.822 Y102.028
;MESH:NONMESH
G0 F300 X104.822 Y102.028 Z16.9
G0 F9000 X100.5 Y100.41
G0 X100.339 Y100.41
;TIME_ELAPSED:2354.032771
;LAYER:83
;TYPE:FILL
;MESH:xyzCalibration_cube.stl
G1 F6000 X119.588 Y119.659 E1018.83308
G0 F9000 X119.588 Y119.5
G0 X116.779 Y119.5
G0 X116.779 Y119.66
G1 F6000 X118.129 Y114.621 E1018.91983
G0 F9000 X117.728 Y114.088
G1 F6000 X100.34 Y118.747 E1019.21919
G0 F9000 X100.5 Y118.747
G0 X101.25 Y119.5
G0 X101.25 Y119.659
G1 F6000 X105.918 Y102.24 E1019.51909
G0 F9000 X106.413 Y102.241
G1 F6000 X117.73 Y113.558 E1019.78525
G0 F9000 X117.631 Y113.558
G0 X117.703 Y114.65
G0 X118.797 Y114.724
G0 X118.797 Y114.625
G1 F6000 X119.659 Y115.487 E1019.80553
G0 F9000 X119.5 Y115.487
G0 X119.5 Y116.676
G0 X119.659 Y116.676
G1 F6000 X108.526 Y119.659 E1019.9972
G0 F9000 X108.526 Y119.5
G0 X107.462 Y119.5
G0 X107.462 Y119.659
G1 F6000 X112.129 Y102.241 E1020.29708
G0 F9000 X112.129 Y102.342
G0 X111.081 Y100.5
G0 X111.081 Y100.339
G1 F6000 X107.352 Y101.339 E1020.36128
G0 F9000 X107.452 Y101.34
G0 X108.754 Y100.5
G0 X108.754 Y100.339
G1 F6000 X119.659 Y111.244 E1020.61775
G0 F9000 X119.658 Y110.465
G1 F6000 X100.34 Y115.641 E1020.95034
G0 F9000 X100.5 Y115.641
G0 X100.5 Y117.381
G0 X100.339 Y117.381
G1 F6000 X102.618 Y119.659 E1021.00393
G0 F9000 X102.618 Y119.5
G0 X104.356 Y119.5
G0 X104.356 Y119.659
G1 F6000 X109.533 Y100.338 E1021.33658
G0 F9000 X109.533 Y100.5
G0 X107.379 Y102.27
G0 X104.993 Y102.27
G0 X104.922 Y100.848
G0 X105.02 Y100.848
G1 F6000 X104.511 Y100.339 E1021.34855
G0 F9000 X104.511 Y100.5
G0 X103.322 Y100.5
G0 X103.322 Y100.338
G1 F6000 X100.339 Y111.469 E1021.54019
G0 F9000 X100.5 Y111.469
G0 X100.5 Y112.535
G0 X100.339 Y112.535
G1 F6000 X119.658 Y107.359 E1021.87279
G0 F9000 X119.659 Y107.002
G1 F6000 X119.566 Y106.909 E1021.87498
G0 F9000 X119.566 Y107.01
G0 X119.5 Y108.913
G0 X119.659 Y108.913
G1 F6000 X118.801 Y112.113 E1021.93008
G0 F9000 X118.801 Y112.014
G0 X117.706 Y106.938
G0 X117.634 Y105.076
G0 X117.733 Y105.076
G1 F6000 X114.34 Y101.683 E1022.00988
G0 F9000 X114.443 Y101.683
G0 X115.745 Y100.5
G0 X115.745 Y100.339
G1 F6000 X110.568 Y119.659 E1022.3425
G0 F9000 X111.103 Y119.659
G1 F6000 X100.339 Y108.895 E1022.59566
G0 F9000 X100.339 Y109.429
G1 F6000 X117.732 Y104.769 E1022.89511
G0 F9000 X117.734 Y104.507
G1 F6000 X113.674 Y119.659 E1023.15597
G0 F9000 X113.674 Y119.5
G0 X115.346 Y119.5
G0 X115.346 Y119.659
G1 F6000 X100.339 Y104.653 E1023.5089
G0 F9000 X100.5 Y104.653
G0 X100.5 Y103.218
G0 X100.339 Y103.218
G1 F6000 X105.019 Y101.964 E1023.58948
G0 F9000 X104.922 Y101.964
G0 X100.5 Y106.324
G0 X100.339 Y106.324
G1 F6000 X119.658 Y101.147 E1023.92209
G0 F9000 X119.5 Y101.147
G0 X118.851 Y100.5
G0 X118.851 Y100.338
G1 F6000 X117.738 Y104.492 E1023.99361
G0 F9000 X117.739 Y104.392
G0 X118.772 Y104.391
G0 X118.771 Y104.491
G1 F6000 X119.659 Y104.253 E1024.0089
G0 F9000 X119.5 Y104.253
G0 X119.5 Y102.759
G0 X119.659 Y102.759
G1 F6000 X117.239 Y100.339 E1024.06581
G0 F9000 X117.239 Y100.5
G0 X100.5 Y113.138
G0 X100.339 Y113.138
G1 F6000 X106.86 Y119.659 E1024.21917
G0 F9000 X106.86 Y119.5
G0 X119.53 Y119.53
G0 X119.7 Y119.7
;TYPE:WALL-INNER
G1 F1500 X119.7 Y100.3 E1024.5418
G1 X100.3 Y100.3 E1024.86442
G1 X100.3 Y119.7 E1025.18704
G1 X119.7 Y119.7 E1025.50967
G0 F9000 X119.9 Y119.9
;TYPE:WALL-OUTER
G1 F1500 X119.9 Y100.1 E1025.83894
G1 X100.1 Y100.1 E1026.16822
G1 X100.1 Y119.9 E1026.49749
G1 X119.9 Y119.9 E1026.82677
G0 F9000 X119.9 Y119.7
G0 X119.53 Y119.53
G0 X117.751 Y114.722
G0 X117.752 Y114.602
;TYPE:SKIN
G1 F1500 X117.752 Y112.133 E1026.86783
G1 X119.52 Y112.135 E1026.89723
G1 X119.52 Y114.606 E1026.93832
G1 X117.752 Y114.602 E1026.96773
G0 F9000 X117.751 Y114.722
G0 X119.123 Y114.725
G0 X119.124 Y114.503
G1 F1500 X119.419 Y114.209 E1026.97465
G0 F9000 X119.419 Y113.926
G1 F1500 X118.842 Y114.503 E1026.98822
G0 F9000 X118.559 Y114.503
G1 F1500 X119.419 Y113.643 E1027.00845
G0 F9000 X119.419 Y113.36
G1 F1500 X118.277 Y114.502 E1027.03531
G0 F9000 X117.994 Y114.502
G1 F1500 X119.419 Y113.077 E1027.06882
G0 F9000 X119.419 Y112.794
G1 F1500 X117.851 Y114.362 E1027.1057
G0 F9000 X117.851 Y114.079
G1 F1500 X119.419 Y112.512 E1027.14256
G0 F9000 X119.414 Y112.234
G1 F1500 X117.851 Y113.796 E1027.17931
G0 F9000 X117.851 Y113.513
G1 F1500 X119.131 Y112.234 E1027.2094
G0 F9000 X118.849 Y112.233
G1 F1500 X117.851 Y113.231 E1027.23287
G0 F9000 X117.851 Y112.948
G1 F1500 X118.566 Y112.233 E1027.24969
G0 F9000 X118.284 Y112.232
G1 F1500 X117.851 Y112.665 E1027.25987
G0 F9000 X117.851 Y112.382
G1 F1500 X118.001 Y112.232 E1027.2634
G0 F9000 X118.002 Y112.013
G0 X117.634 Y106.889
G0 X117.754 Y106.889
G1 F1500 X117.754 Y104.513 E1027.30291
G1 X119.52 Y104.511 E1027.33228
G1 X119.52 Y106.889 E1027.37183
G1 X117.754 Y106.889 E1027.4012
G0 F9000 X117.634 Y106.889
G0 X119.419 Y107.01
G0 X119.419 Y106.572
G1 F1500 X119.202 Y106.788 E1027.40629
G0 F9000 X118.919 Y106.788
G1 F1500 X119.419 Y106.289 E1027.41804
G0 F9000 X119.419 Y106.006
G1 F1500 X118.636 Y106.788 E1027.43644
G0 F9000 X118.354 Y106.788
G1 F1500 X119.419 Y105.723 E1027.46149
G0 F9000 X119.419 Y105.44
G1 F1500 X118.071 Y106.788 E1027.49319
G0 F9000 X117.853 Y106.723
G1 F1500 X119.419 Y105.158 E1027.53001
G0 F9000 X119.419 Y104.875
G1 F1500 X117.853 Y106.44 E1027.56682
G0 F9000 X117.853 Y106.157
G1 F1500 X119.4 Y104.61 E1027.60321
G0 F9000 X119.117 Y104.61
G1 F1500 X117.853 Y105.875 E1027.63295
G0 F9000 X117.853 Y105.592
G1 F1500 X118.834 Y104.611 E1027.65602
G0 F9000 X118.551 Y104.611
G1 F1500 X117.853 Y105.309 E1027.67243
G0 F9000 X117.853 Y105.026
G1 F1500 X118.267 Y104.612 E1027.68217
G0 F9000 X117.985 Y104.612
G1 F1500 X117.853 Y104.743 E1027.68526
G0 F9000 X117.634 Y104.743
G0 X112.036 Y102.342
G0 X112.036 Y102.222
G1 F1500 X112.034 Y100.48 E1027.71423
G1 X114.32 Y100.48 E1027.75225
G1 X114.322 Y102.222 E1027.78122
G1 X112.036 Y102.222 E1027.81924
G0 F9000 X112.036 Y102.342
G0 X111.913 Y100.846
G0 X112.133 Y100.846
G1 F1500 X112.4 Y100.58 E1027.8255
G0 F9000 X112.683 Y100.58
G1 F1500 X112.134 Y101.128 E1027.8384
G0 F9000 X112.134 Y101.411
G1 F1500 X112.965 Y100.58 E1027.85795
G0 F9000 X113.248 Y100.58
G1 F1500 X112.135 Y101.693 E1027.88412
G0 F9000 X112.135 Y101.976
G1 F1500 X113.531 Y100.58 E1027.91696
G0 F9000 X113.814 Y100.58
G1 F1500 X112.272 Y102.122 E1027.95322
G0 F9000 X112.555 Y102.122
G1 F1500 X114.097 Y100.58 E1027.98949
G0 F9000 X114.218 Y100.741
G1 F1500 X112.837 Y102.122 E1028.02197
G0 F9000 X113.12 Y102.122
G1 F1500 X114.218 Y101.024 E1028.04779
G0 F9000 X114.219 Y101.306
G1 F1500 X113.403 Y102.122 E1028.06698
G0 F9000 X113.686 Y102.122
G1 F1500 X114.219 Y101.589 E1028.07951
G0 F9000 X114.22 Y101.871
G1 F1500 X113.969 Y102.122 E1028.08542
G0 F9000 X113.969 Y102.342
G0 X107.331 Y102.342
G0 X107.331 Y102.222
G1 F1500 X105.042 Y102.222 E1028.12348
G1 X105.042 Y100.48 E1028.15245
G1 X107.333 Y100.48 E1028.19055
G1 X107.331 Y102.222 E1028.21952
G0 F9000 X107.229 Y102.073
G1 F1500 X107.181 Y102.121 E1028.22065
G0 F9000 X106.898 Y102.121
G1 F1500 X107.229 Y101.79 E1028.22844
G0 F9000 X107.23 Y101.507
G1 F1500 X106.616 Y102.121 E1028.24288
G0 F9000 X106.333 Y102.121
G1 F1500 X107.23 Y101.224 E1028.26397
G0 F9000 X107.231 Y100.94
G1 F1500 X106.05 Y102.121 E1028.29175
G0 F9000 X105.767 Y102.121
G1 F1500 X107.231 Y100.658 E1028.32617
G0 F9000 X107.026 Y100.579
G1 F1500 X105.484 Y102.121 E1028.36243
G0 F9000 X105.201 Y102.121
G1 F1500 X106.744 Y100.579 E1028.39871
G0 F9000 X106.461 Y100.579
G1 F1500 X105.141 Y101.899 E1028.42975
G0 F9000 X105.141 Y101.616
G1 F1500 X106.178 Y100.579 E1028.45414
G0 F9000 X105.895 Y100.579
G1 F1500 X105.141 Y101.334 E1028.47189
G0 F9000 X105.141 Y101.051
G1 F1500 X105.612 Y100.579 E1028.48298
G0 F9000 X105.329 Y100.579
G1 F1500 X105.141 Y100.768 E1028.48741
G0 F9000 X104.822 Y100.767
;MESH:NONMESH
G0 F300 X104.822 Y100.767 Z17.1
G0 F9000 X100.468 Y100.5
G0 X100.468 Y100.339
;TIME_ELAPSED:2381.207040
;LAYER:84
;TYPE:FILL
;MESH:xyzCalibration_cube.stl
G1 F6000 X107.38 Y107.251 E1028.64997
G0 F9000 X107.482 Y107.45
G1 F6000 X104.21 Y119.66 E1028.86019
G0 F9000 X104.21 Y119.5
G0 X102.817 Y119.5
G0 X102.817 Y119.659
G1 F6000 X100.339 Y117.181 E1028.91847
G0 F9000 X100.5 Y117.181
G0 X100.5 Y115.787
G0 X100.34 Y115.787
G1 F6000 X110.365 Y113.101 E1029.09106
G0 F9000 X110.276 Y113.145
G0 X110.35 Y114.365
G0 X110.35 Y114.464
G1 F6000 X100.339 Y104.453 E1029.32651
G0 F9000 X100.5 Y104.453
G0 X100.5 Y103.364
G0 X100.339 Y103.364
G1 F6000 X111.628 Y100.339 E1029.52087
G0 F9000 X112.493 Y100.338
G1 F6000 X111.601 Y103.667 E1029.57818
G0 F9000 X112.281 Y103.667
G1 F6000 X108.953 Y100.339 E1029.65645
G0 F9000 X109.387 Y100.338
G1 F6000 X108.495 Y103.667 E1029.71376
G0 F9000 X108.038 Y103.666
G1 F6000 X104.711 Y100.339 E1029.79201
G0 F9000 X104.711 Y100.5
G0 X103.176 Y100.5
G0 X103.176 Y100.338
G1 F6000 X100.339 Y110.924 E1029.97427
G0 F9000 X100.5 Y110.924
G0 X100.5 Y109.575
G0 X100.34 Y109.575
G1 F6000 X107.577 Y107.636 E1030.09887
G0 F9000 X107.488 Y107.68
G0 X105.944 Y104.519
G0 X105.957 Y103.639
G0 X114.48 Y103.64
G0 X114.48 Y105.888
G0 X109.868 Y107.001
G0 X109.778 Y107.046
G1 F6000 X114.208 Y105.859 E1030.17514
G1 X114.12 Y105.858
G1 X112.419 Y112.205 E1030.28441
G0 F9000 X112.508 Y112.379
G1 F6000 X119.659 Y119.53 E1030.45259
G0 F9000 X119.5 Y119.53
G0 X119.5 Y116.822
G0 X119.659 Y116.822
G1 F6000 X109.071 Y119.659 E1030.63488
G0 F9000 X109.071 Y119.5
G0 X110.422 Y119.5
G0 X110.422 Y119.659
G1 F6000 X111.227 Y116.656 E1030.68659
G0 F9000 X111.226 Y116.757
G0 X112.542 Y116.757
G0 X112.543 Y116.657
G1 F6000 X115.545 Y119.659 E1030.75719
G0 F9000 X115.545 Y119.5
G0 X116.634 Y119.5
G0 X116.634 Y119.659
G1 F6000 X117.983 Y114.622 E1030.84391
G0 F9000 X117.73 Y114.233
G1 F6000 X113.971 Y115.24 E1030.90862
G0 F9000 X114.062 Y115.195
G0 X112.664 Y112.464
G0 X112.574 Y112.509
G1 F6000 X119.658 Y110.611 E1031.03058
G0 F9000 X119.659 Y111.045
G1 F6000 X114.451 Y105.837 E1031.15307
G1 X114.451 Y105.794
G1 X119.658 Y104.399 E1031.24272
G0 F9000 X119.5 Y104.399
G0 X119.5 Y102.56
G0 X119.659 Y102.56
G1 F6000 X117.439 Y100.339 E1031.29494
G0 F9000 X117.439 Y100.5
G0 X118.705 Y100.5
G0 X118.705 Y100.339
G1 F6000 X113.528 Y119.659 E1031.62757
G0 F9000 X113.528 Y119.5
G0 X111.302 Y119.5
G0 X111.302 Y119.659
G1 F6000 X108.299 Y116.656 E1031.69819
G0 F9000 X108.121 Y116.656
G1 F6000 X107.316 Y119.659 E1031.7499
G0 F9000 X107.06 Y119.659
G1 F6000 X100.339 Y112.939 E1031.90795
G0 F9000 X100.34 Y112.681
G1 F6000 X108.971 Y110.368 E1032.05655
G0 F9000 X108.882 Y110.412
G0 X109.429 Y111.484
G0 X109.518 Y111.44
G1 F6000 X108.708 Y114.465 E1032.10863
G0 F9000 X108.708 Y114.365
G0 X106.039 Y114.437
G0 X106.038 Y116.685
G0 X108.686 Y116.757
G0 X108.687 Y116.656
G1 F6000 X100.339 Y118.893 E1032.25235
G0 F9000 X100.5 Y118.893
G0 X101.104 Y119.5
G0 X101.104 Y119.659
G1 F6000 X106.281 Y100.338 E1032.585
G0 F9000 X106.281 Y100.5
G0 X105.957 Y103.639
G0 X105.945 Y104.431
G0 X106.094 Y104.948
G0 X106.183 Y104.904
G1 F6000 X100.34 Y106.469 E1032.68559
G0 F9000 X100.5 Y106.469
G0 X100.5 Y108.696
G0 X100.339 Y108.696
G1 F6000 X106.107 Y114.464 E1032.82125
G0 F9000 X106.107 Y114.365
G0 X106.038 Y116.685
G0 X114.295 Y116.686
G0 X114.305 Y115.806
G0 X111.266 Y109.733
G0 X111.175 Y109.778
G1 F6000 X119.658 Y107.505 E1032.9673
G0 F9000 X119.659 Y106.802
G1 F6000 X113.196 Y100.339 E1033.1193
G0 F9000 X113.196 Y100.5
G0 X115.599 Y100.5
G0 X115.599 Y100.339
G1 F6000 X114.451 Y104.622 E1033.19304
G0 F9000 X114.552 Y104.622
G0 X114.48 Y105.888
G0 X111.014 Y105.96
G0 X111.014 Y105.858
G1 F6000 X110.381 Y108.222 E1033.23374
G0 F9000 X110.47 Y108.178
G0 X110.231 Y105.96
G0 X110.231 Y105.86
G1 F6000 X117.731 Y113.359 E1033.41011
G0 F9000 X117.632 Y113.359
G0 X117.704 Y112.195
G0 X118.626 Y112.126
G0 X118.626 Y112.224
G1 F6000 X119.659 Y108.367 E1033.47651
G0 F9000 X119.5 Y108.367
G0 X117.704 Y112.195
G0 X117.703 Y114.65
G0 X118.997 Y114.725
G0 X118.997 Y114.626
G1 F6000 X119.659 Y115.288 E1033.49208
G0 F9000 X119.5 Y115.288
G0 X117.703 Y114.65
G0 X117.704 Y112.195
G0 X119.5 Y101.293
G0 X119.658 Y101.293
G1 F6000 X110.8 Y103.667 E1033.64459
G0 F9000 X110.8 Y103.568
G0 X114.48 Y103.64
G0 X114.48 Y105.888
G0 X119.53 Y119.53
G0 X119.7 Y119.7
;TYPE:WALL-INNER
G1 F1500 X119.7 Y100.3 E1033.96722
G1 X100.3 Y100.3 E1034.28984
G1 X100.3 Y119.7 E1034.61246
G1 X119.7 Y119.7 E1034.93509
G0 F9000 X119.9 Y119.9
;TYPE:WALL-OUTER
G1 F1500 X119.9 Y100.1 E1035.26436
G1 X100.1 Y100.1 E1035.59364
G1 X100.1 Y119.9 E1035.92291
G1 X119.9 Y119.9 E1036.25219
G0 F9000 X119.9 Y119.7
G0 X119.53 Y119.53
G0 X117.632 Y114.601
G0 X117.752 Y114.602
;TYPE:SKIN
G1 F1500 X117.752 Y112.244 E1036.2914
G1 X119.52 Y112.248 E1036.3208
G1 X119.52 Y114.606 E1036.36002
G1 X117.752 Y114.602 E1036.38942
G0 F9000 X117.851 Y114.457
G1 F1500 X117.896 Y114.502 E1036.39048
G0 F9000 X118.179 Y114.502
G1 F1500 X117.851 Y114.174 E1036.39819
G0 F9000 X117.851 Y113.891
G1 F1500 X118.463 Y114.503 E1036.41258
G0 F9000 X118.745 Y114.503
G1 F1500 X117.851 Y113.608 E1036.43362
G0 F9000 X117.851 Y113.325
G1 F1500 X119.029 Y114.503 E1036.46133
G0 F9000 X119.312 Y114.503
G1 F1500 X117.851 Y113.043 E1036.49567
G0 F9000 X117.851 Y112.76
G1 F1500 X119.419 Y114.327 E1036.53254
G0 F9000 X119.419 Y114.045
G1 F1500 X117.851 Y112.477 E1036.56942
G0 F9000 X118.001 Y112.345
G1 F1500 X119.419 Y113.762 E1036.60275
G0 F9000 X119.419 Y113.479
G1 F1500 X118.285 Y112.345 E1036.62942
G0 F9000 X118.569 Y112.346
G1 F1500 X119.419 Y113.196 E1036.64941
G0 F9000 X119.419 Y112.913
G1 F1500 X118.852 Y112.347 E1036.66274
G0 F9000 X119.136 Y112.347
G1 F1500 X119.419 Y112.63 E1036.66939
G0 F9000 X119.7 Y112.63
G0 X119.628 Y112.2
G0 X117.591 Y112.082
G0 X114.246 Y116.757
G0 X114.247 Y116.638
G1 F1500 X106.087 Y116.637 E1036.80509
G1 X106.087 Y114.485 E1036.84088
G1 X110.949 Y114.484 E1036.92174
G1 X111.018 Y114.436 E1036.92314
G1 X111.021 Y114.339 E1036.92475
G1 X106.003 Y104.506 E1037.10834
G1 X106.006 Y103.688 E1037.12194
G1 X114.432 Y103.688 E1037.26206
G1 X114.432 Y105.84 E1037.29785
G1 X109.284 Y105.841 E1037.38346
G1 X109.216 Y105.888 E1037.38484
G1 X109.212 Y105.986 E1037.38647
G1 X114.247 Y115.819 E1037.57018
G1 X114.247 Y116.638 E1037.5838
G0 F9000 X114.246 Y116.757
G0 X106.352 Y116.757
G0 X106.353 Y116.536
G1 F1500 X106.186 Y116.369 E1037.58773
G0 F9000 X106.186 Y116.086
G1 F1500 X106.636 Y116.536 E1037.59831
G0 F9000 X106.919 Y116.536
G1 F1500 X106.186 Y115.803 E1037.61555
G0 F9000 X106.186 Y115.52
G1 F1500 X107.202 Y116.536 E1037.63945
G0 F9000 X107.485 Y116.536
G1 F1500 X106.186 Y115.237 E1037.67
G0 F9000 X106.186 Y114.955
G1 F1500 X107.768 Y116.536 E1037.70719
G0 F9000 X108.05 Y116.536
G1 F1500 X106.186 Y114.672 E1037.75103
G0 F9000 X106.382 Y114.584
G1 F1500 X108.333 Y116.536 E1037.79693
G0 F9000 X108.616 Y116.536
G1 F1500 X106.664 Y114.584 E1037.84284
G0 F9000 X106.947 Y114.584
G1 F1500 X108.899 Y116.536 E1037.88874
G0 F9000 X109.182 Y116.536
G1 F1500 X107.23 Y114.584 E1037.93465
G0 F9000 X107.513 Y114.584
G1 F1500 X109.465 Y116.536 E1037.98056
G0 F9000 X109.747 Y116.536
G1 F1500 X107.795 Y114.583 E1038.02648
G0 F9000 X108.078 Y114.583
G1 F1500 X110.03 Y116.536 E1038.0724
G0 F9000 X110.313 Y116.536
G1 F1500 X108.361 Y114.583 E1038.11832
G0 F9000 X108.644 Y114.583
G1 F1500 X110.596 Y116.536 E1038.16424
G0 F9000 X110.879 Y116.536
G1 F1500 X108.926 Y114.583 E1038.21017
G0 F9000 X109.209 Y114.583
G1 F1500 X111.162 Y116.536 E1038.2561
G0 F9000 X111.444 Y116.536
G1 F1500 X109.491 Y114.583 E1038.30203
G0 F9000 X109.774 Y114.583
G1 F1500 X111.727 Y116.536 E1038.34797
G0 F9000 X112.01 Y116.536
G1 F1500 X110.057 Y114.583 E1038.3939
G0 F9000 X110.34 Y114.583
G1 F1500 X112.293 Y116.536 E1038.43983
G0 F9000 X112.576 Y116.536
G1 F1500 X110.623 Y114.583 E1038.48576
G0 F9000 X110.906 Y114.583
G1 F1500 X112.859 Y116.536 E1038.53169
G0 F9000 X113.142 Y116.536
G1 F1500 X111.097 Y114.491 E1038.57979
G0 F9000 X111.034 Y114.145
G1 F1500 X113.424 Y116.536 E1038.63601
G0 F9000 X113.707 Y116.536
G1 F1500 X110.739 Y113.567 E1038.70582
G0 F9000 X110.444 Y112.99
G1 F1500 X113.99 Y116.536 E1038.78922
G0 F9000 X114.146 Y116.409
G1 F1500 X110.149 Y112.412 E1038.88322
G0 F9000 X109.855 Y111.835
G1 F1500 X114.146 Y116.126 E1038.98414
G0 F9000 X114.146 Y115.843
G1 F1500 X109.56 Y111.257 E1039.092
G0 F9000 X109.265 Y110.679
G1 F1500 X113.851 Y115.265 E1039.19985
G0 F9000 X113.554 Y114.685
G1 F1500 X108.97 Y110.102 E1039.30765
G0 F9000 X108.675 Y109.524
G1 F1500 X113.257 Y114.105 E1039.4154
G0 F9000 X112.96 Y113.525
G1 F1500 X108.381 Y108.946 E1039.52309
G0 F9000 X108.086 Y108.369
G1 F1500 X112.663 Y112.946 E1039.63073
G0 F9000 X112.366 Y112.366
G1 F1500 X107.791 Y107.791 E1039.73833
G0 F9000 X107.496 Y107.213
G1 F1500 X112.069 Y111.786 E1039.84588
G0 F9000 X111.772 Y111.206
G1 F1500 X107.202 Y106.636 E1039.95336
G0 F9000 X106.907 Y106.058
G1 F1500 X111.475 Y110.626 E1040.06079
G0 F9000 X111.178 Y110.047
G1 F1500 X106.612 Y105.481 E1040.16818
G0 F9000 X106.317 Y104.903
G1 F1500 X110.88 Y109.466 E1040.27549
G0 F9000 X110.583 Y108.886
G1 F1500 X106.102 Y104.405 E1040.38088
G0 F9000 X106.104 Y104.124
G1 F1500 X110.286 Y108.306 E1040.47923
G0 F9000 X109.989 Y107.727
G1 F1500 X106.104 Y103.842 E1040.5706
G0 F9000 X106.334 Y103.788
G1 F1500 X109.692 Y107.146 E1040.64958
G0 F9000 X109.395 Y106.566
G1 F1500 X106.616 Y103.788 E1040.71492
G0 F9000 X106.899 Y103.788
G1 F1500 X109.123 Y106.012 E1040.76723
G0 F9000 X109.188 Y105.794
G1 F1500 X107.182 Y103.788 E1040.81441
G0 F9000 X107.465 Y103.788
G1 F1500 X109.418 Y105.741 E1040.86034
G0 F9000 X109.701 Y105.741
G1 F1500 X107.748 Y103.788 E1040.90627
G0 F9000 X108.031 Y103.788
G1 F1500 X109.984 Y105.741 E1040.9522
G0 F9000 X110.266 Y105.741
G1 F1500 X108.313 Y103.788 E1040.99813
G0 F9000 X108.596 Y103.788
G1 F1500 X110.549 Y105.741 E1041.04406
G0 F9000 X110.832 Y105.741
G1 F1500 X108.879 Y103.788 E1041.09
G0 F9000 X109.162 Y103.788
G1 F1500 X111.114 Y105.74 E1041.1359
G0 F9000 X111.397 Y105.74
G1 F1500 X109.445 Y103.788 E1041.18181
G0 F9000 X109.728 Y103.788
G1 F1500 X111.68 Y105.74 E1041.22772
G0 F9000 X111.963 Y105.74
G1 F1500 X110.01 Y103.788 E1041.27364
G0 F9000 X110.293 Y103.788
G1 F1500 X112.246 Y105.74 E1041.31956
G0 F9000 X112.528 Y105.74
G1 F1500 X110.576 Y103.788 E1041.36547
G0 F9000 X110.859 Y103.788
G1 F1500 X112.811 Y105.74 E1041.41138
G0 F9000 X113.093 Y105.74
G1 F1500 X111.142 Y103.788 E1041.45727
G0 F9000 X111.425 Y103.788
G1 F1500 X113.376 Y105.74 E1041.50317
G0 F9000 X113.659 Y105.74
G1 F1500 X111.708 Y103.788 E1041.54906
G0 F9000 X111.99 Y103.788
G1 F1500 X113.942 Y105.74 E1041.59497
G0 F9000 X114.225 Y105.74
G1 F1500 X112.273 Y103.788 E1041.64088
G0 F9000 X112.556 Y103.788
G1 F1500 X114.331 Y105.563 E1041.68263
G0 F9000 X114.331 Y105.28
G1 F1500 X112.839 Y103.788 E1041.71772
G0 F9000 X113.122 Y103.788
G1 F1500 X114.331 Y104.997 E1041.74615
G0 F9000 X114.331 Y104.714
G1 F1500 X113.405 Y103.788 E1041.76793
G0 F9000 X113.687 Y103.788
G1 F1500 X114.331 Y104.431 E1041.78306
G0 F9000 X114.331 Y104.149
G1 F1500 X113.97 Y103.788 E1041.79155
G0 F9000 X114.253 Y103.788
G1 F1500 X114.331 Y103.866 E1041.79339
G0 F9000 X114.652 Y103.866
;MESH:NONMESH
G0 F300 X114.652 Y103.866 Z17.3
G0 F9000 X114.497 Y103.663
G0 X100.5 Y100.404
G0 X100.34 Y100.404
;TIME_ELAPSED:2423.380224
;LAYER:85
;TYPE:FILL
;MESH:xyzCalibration_cube.stl
G1 F6000 X100.583 Y100.338 E1041.79757
G1 X100.667 Y100.339
G1 X107.172 Y106.844 E1041.95056
G0 F9000 X107.386 Y107.262
G1 F6000 X104.064 Y119.659 E1042.164
G0 F9000 X104.064 Y119.5
G0 X103.016 Y119.5
G0 X103.016 Y119.659
G1 F6000 X100.339 Y116.982 E1042.22696
G0 F9000 X100.5 Y116.982
G0 X100.5 Y115.933
G0 X100.339 Y115.933
G1 F6000 X110.43 Y113.229 E1042.40069
G0 F9000 X110.342 Y113.273
G0 X110.549 Y114.365
G0 X110.549 Y114.463
G1 F6000 X100.339 Y104.254 E1042.6408
G0 F9000 X100.34 Y103.51
G1 F6000 X112.172 Y100.339 E1042.84451
G0 F9000 X112.347 Y100.338
G1 F6000 X111.455 Y103.667 E1042.90183
G0 F9000 X111.347 Y103.666
G1 F6000 X119.658 Y101.439 E1043.04492
G0 F9000 X119.659 Y102.36
G1 F6000 X117.638 Y100.339 E1043.09245
G0 F9000 X118.559 Y100.338
G1 F6000 X114.266 Y116.359 E1043.36828
G0 F9000 X114.186 Y116.656
G1 F6000 X113.382 Y119.659 E1043.41998
G0 F9000 X113.382 Y119.5
G0 X111.502 Y119.5
G0 X111.502 Y119.659
G1 F6000 X108.499 Y116.657 E1043.49059
G0 F9000 X107.975 Y116.657
G1 F6000 X107.17 Y119.66 E1043.54229
G1 X107.259 Y119.659
G1 X100.339 Y112.739 E1043.70504
G1 X100.339 Y112.827
G1 X109.037 Y110.497 E1043.85479
G0 F9000 X109.422 Y111.253
G1 F6000 X108.562 Y114.464 E1043.91007
G0 F9000 X108.562 Y114.365
G0 X106.306 Y114.365
G0 X106.306 Y114.463
G1 F6000 X100.339 Y108.497 E1044.05039
G0 F9000 X100.5 Y108.497
G0 X100.5 Y109.721
G0 X100.34 Y109.721
G1 F6000 X107.642 Y107.765 E1044.17611
G0 F9000 X107.553 Y107.809
G0 X105.944 Y104.519
G0 X105.954 Y103.639
G0 X114.48 Y103.639
G0 X114.48 Y105.888
G0 X109.934 Y107.13
G0 X109.843 Y107.175
G1 F6000 X119.658 Y104.545 E1044.34509
G0 F9000 X119.5 Y104.545
G0 X119.5 Y106.603
G0 X119.659 Y106.603
G1 F6000 X113.395 Y100.339 E1044.49241
G0 F9000 X113.395 Y100.5
G0 X115.453 Y100.5
G0 X115.453 Y100.338
G1 F6000 X114.452 Y104.075 E1044.55675
G0 F9000 X114.552 Y104.075
G0 X114.552 Y105.638
G0 X114.451 Y105.638
G1 F6000 X119.659 Y110.846 E1044.67923
G1 X119.659 Y110.756
G1 X112.639 Y112.637 E1044.80009
G0 F9000 X112.323 Y112.018
G1 F6000 X113.974 Y105.858 E1044.90615
G0 F9000 X113.974 Y105.96
G0 X114.48 Y105.888
G0 X114.48 Y103.639
G0 X112.48 Y103.567
G0 X112.48 Y103.666
G1 F6000 X109.153 Y100.339 E1044.9844
G1 X109.241 Y100.338
G1 X108.349 Y103.667 E1045.04171
G0 F9000 X108.237 Y103.666
G1 F6000 X104.91 Y100.339 E1045.11996
G0 F9000 X104.91 Y100.5
G0 X106.135 Y100.5
G0 X106.135 Y100.338
G1 F6000 X100.958 Y119.659 E1045.4526
G0 F9000 X100.339 Y119.039
G1 F6000 X109.23 Y116.657 E1045.60567
G0 F9000 X109.23 Y116.758
G0 X111.08 Y116.758
G0 X111.08 Y116.656
G1 F6000 X110.276 Y119.659 E1045.65737
G0 F9000 X109.616 Y119.659
G1 F6000 X119.658 Y116.968 E1045.83026
G0 F9000 X119.5 Y116.968
G0 X119.5 Y115.088
G0 X119.659 Y115.088
G1 F6000 X110.43 Y105.86 E1046.0473
G0 F9000 X110.868 Y105.858
G1 F6000 X110.285 Y108.035 E1046.08478
G0 F9000 X110.375 Y107.99
G0 X111.332 Y109.861
G0 X111.242 Y109.906
G1 F6000 X119.658 Y107.651 E1046.22968
G0 F9000 X119.659 Y107.824
G1 F6000 X116.488 Y119.659 E1046.43344
G0 F9000 X115.744 Y119.659
G1 F6000 X112.742 Y116.657 E1046.50404
G0 F9000 X112.742 Y116.758
G0 X114.295 Y116.686
G0 X114.304 Y115.894
G0 X114.128 Y115.324
G0 X114.037 Y115.369
G1 F6000 X119.659 Y113.862 E1046.60083
G0 F9000 X119.5 Y113.862
G0 X119.5 Y119.331
G0 X119.659 Y119.331
G1 F6000 X112.299 Y111.971 E1046.77393
G0 F9000 X112.389 Y111.926
G0 X114.48 Y105.888
G0 X114.48 Y103.639
G0 X105.954 Y103.639
G0 X105.945 Y104.431
G0 X106.159 Y105.076
G0 X106.248 Y105.032
G1 F6000 X100.34 Y106.615 E1046.87565
G0 F9000 X100.5 Y106.615
G0 X100.5 Y110.379
G0 X100.339 Y110.379
G1 F6000 X103.029 Y100.339 E1047.0485
G0 F9000 X103.029 Y100.5
G0 X114.48 Y103.639
G0 X119.5 Y119.416
G0 X119.659 Y119.416
G1 F6000 X119.593 Y119.659 E1047.05269
G0 F9000 X119.7 Y119.7
;TYPE:WALL-INNER
G1 F1500 X119.7 Y100.3 E1047.37531
G1 X100.3 Y100.3 E1047.69794
G1 X100.3 Y119.7 E1048.02056
G1 X119.7 Y119.7 E1048.34318
G0 F9000 X119.9 Y119.9
;TYPE:WALL-OUTER
G1 F1500 X119.9 Y100.1 E1048.67246
G1 X100.1 Y100.1 E1049.00173
G1 X100.1 Y119.9 E1049.33101
G1 X119.9 Y119.9 E1049.66028
G0 F9000 X119.9 Y119.7
G0 X119.53 Y119.53
G0 X114.367 Y116.638
G0 X114.247 Y116.638
;TYPE:SKIN
G1 F1500 X106.086 Y116.638 E1049.796
G1 X106.086 Y114.485 E1049.83181
G1 X110.949 Y114.484 E1049.91268
G1 X111.018 Y114.436 E1049.91408
G1 X111.021 Y114.339 E1049.91569
G1 X106.002 Y104.505 E1050.0993
G1 X106.002 Y103.687 E1050.1129
G1 X114.432 Y103.688 E1050.25309
G1 X114.432 Y105.84 E1050.28888
G1 X109.284 Y105.841 E1050.37449
G1 X109.216 Y105.888 E1050.37587
G1 X109.212 Y105.986 E1050.3775
G1 X114.247 Y115.819 E1050.56121
G1 X114.247 Y116.638 E1050.57483
G0 F9000 X113.979 Y116.536
G1 F1500 X114.146 Y116.369 E1050.57876
G0 F9000 X114.146 Y116.087
G1 F1500 X113.697 Y116.536 E1050.58932
G0 F9000 X113.414 Y116.536
G1 F1500 X114.133 Y115.817 E1050.60623
G0 F9000 X114.037 Y115.63
G1 F1500 X113.131 Y116.536 E1050.62754
G0 F9000 X112.848 Y116.536
G1 F1500 X113.941 Y115.443 E1050.65324
G0 F9000 X113.846 Y115.256
G1 F1500 X112.565 Y116.536 E1050.68336
G0 F9000 X112.282 Y116.536
G1 F1500 X113.75 Y115.069 E1050.71787
G0 F9000 X113.654 Y114.882
G1 F1500 X112 Y116.536 E1050.75677
G0 F9000 X111.717 Y116.536
G1 F1500 X113.558 Y114.695 E1050.80007
G0 F9000 X113.463 Y114.508
G1 F1500 X111.434 Y116.536 E1050.84778
G0 F9000 X111.151 Y116.536
G1 F1500 X113.366 Y114.321 E1050.89987
G0 F9000 X113.271 Y114.134
G1 F1500 X110.868 Y116.536 E1050.95637
G0 F9000 X110.585 Y116.536
G1 F1500 X113.175 Y113.947 E1051.01727
G0 F9000 X113.079 Y113.76
G1 F1500 X110.303 Y116.536 E1051.08256
G0 F9000 X110.02 Y116.536
G1 F1500 X112.983 Y113.573 E1051.15225
G0 F9000 X112.888 Y113.385
G1 F1500 X109.737 Y116.536 E1051.22635
G0 F9000 X109.454 Y116.536
G1 F1500 X112.792 Y113.199 E1051.30485
G0 F9000 X112.696 Y113.011
G1 F1500 X109.171 Y116.536 E1051.38775
G0 F9000 X108.888 Y116.536
G1 F1500 X110.843 Y114.582 E1051.43372
G0 F9000 X110.56 Y114.582
G1 F1500 X108.605 Y116.536 E1051.47968
G0 F9000 X108.323 Y116.536
G1 F1500 X110.277 Y114.582 E1051.52564
G0 F9000 X109.994 Y114.582
G1 F1500 X108.04 Y116.536 E1051.57159
G0 F9000 X107.757 Y116.536
G1 F1500 X109.711 Y114.582 E1051.61755
G0 F9000 X109.429 Y114.582
G1 F1500 X107.474 Y116.536 E1051.66351
G0 F9000 X107.191 Y116.536
G1 F1500 X109.145 Y114.583 E1051.70946
G0 F9000 X108.862 Y114.583
G1 F1500 X106.908 Y116.536 E1051.7554
G0 F9000 X106.626 Y116.536
G1 F1500 X108.579 Y114.583 E1051.80133
G0 F9000 X108.296 Y114.583
G1 F1500 X106.343 Y116.536 E1051.84726
G0 F9000 X106.186 Y116.41
G1 F1500 X108.014 Y114.583 E1051.89024
G0 F9000 X107.73 Y114.583
G1 F1500 X106.186 Y116.128 E1051.92657
G0 F9000 X106.186 Y115.845
G1 F1500 X107.447 Y114.583 E1051.95624
G0 F9000 X107.164 Y114.583
G1 F1500 X106.186 Y115.562 E1051.97925
G0 F9000 X106.186 Y115.279
G1 F1500 X106.882 Y114.583 E1051.99562
G0 F9000 X106.599 Y114.583
G1 F1500 X106.186 Y114.996 E1052.00533
G0 F9000 X106.186 Y114.713
G1 F1500 X106.316 Y114.583 E1052.00839
G0 F9000 X106.316 Y114.365
G0 X110.06 Y112.721
G0 X110.257 Y112.622
G1 F1500 X111.738 Y111.141 E1052.04322
G0 F9000 X111.642 Y110.954
G1 F1500 X110.162 Y112.434 E1052.07803
G0 F9000 X110.066 Y112.248
G1 F1500 X111.546 Y110.767 E1052.11285
G0 F9000 X111.45 Y110.58
G1 F1500 X109.97 Y112.06 E1052.14765
G0 F9000 X109.875 Y111.873
G1 F1500 X111.355 Y110.393 E1052.18246
G0 F9000 X111.259 Y110.206
G1 F1500 X109.779 Y111.686 E1052.21727
G0 F9000 X109.684 Y111.498
G1 F1500 X111.163 Y110.019 E1052.25205
G0 F9000 X111.067 Y109.832
G1 F1500 X109.588 Y111.311 E1052.28684
G0 F9000 X109.492 Y111.124
G1 F1500 X110.971 Y109.645 E1052.32162
G0 F9000 X110.875 Y109.458
G1 F1500 X109.397 Y110.937 E1052.35639
G0 F9000 X109.301 Y110.749
G1 F1500 X110.78 Y109.271 E1052.39116
G0 F9000 X110.684 Y109.084
G1 F1500 X109.206 Y110.562 E1052.42592
G0 F9000 X109.11 Y110.375
G1 F1500 X110.588 Y108.897 E1052.46068
G0 F9000 X110.492 Y108.71
G1 F1500 X109.015 Y110.187 E1052.49542
G0 F9000 X108.919 Y110.001
G1 F1500 X110.397 Y108.523 E1052.53018
G0 F9000 X110.3 Y108.336
G1 F1500 X108.823 Y109.813 E1052.56492
G0 F9000 X108.728 Y109.626
G1 F1500 X110.205 Y108.149 E1052.59965
G0 F9000 X110.109 Y107.962
G1 F1500 X108.632 Y109.438 E1052.63438
G0 F9000 X108.537 Y109.251
G1 F1500 X110.013 Y107.775 E1052.66909
G0 F9000 X109.917 Y107.588
G1 F1500 X108.441 Y109.064 E1052.70381
G0 F9000 X108.345 Y108.877
G1 F1500 X109.822 Y107.401 E1052.73853
G0 F9000 X109.726 Y107.214
G1 F1500 X108.25 Y108.69 E1052.77324
G0 F9000 X108.154 Y108.502
G1 F1500 X109.63 Y107.026 E1052.80796
G0 F9000 X109.534 Y106.84
G1 F1500 X108.059 Y108.315 E1052.84265
G0 F9000 X107.963 Y108.127
G1 F1500 X109.438 Y106.652 E1052.87734
G0 F9000 X109.342 Y106.466
G1 F1500 X107.867 Y107.941 E1052.91203
G0 F9000 X107.772 Y107.753
G1 F1500 X109.247 Y106.278 E1052.94672
G0 F9000 X109.151 Y106.091
G1 F1500 X107.676 Y107.566 E1052.98141
G0 F9000 X107.581 Y107.379
G1 F1500 X111.172 Y103.787 E1053.06587
G0 F9000 X111.455 Y103.787
G1 F1500 X109.501 Y105.741 E1053.11183
G0 F9000 X109.784 Y105.741
G1 F1500 X111.738 Y103.787 E1053.15778
G0 F9000 X112.021 Y103.787
G1 F1500 X110.067 Y105.741 E1053.20374
G0 F9000 X110.35 Y105.741
G1 F1500 X112.304 Y103.787 E1053.24969
G0 F9000 X112.586 Y103.787
G1 F1500 X110.633 Y105.741 E1053.29564
G0 F9000 X110.916 Y105.741
G1 F1500 X112.869 Y103.787 E1053.34158
G0 F9000 X113.152 Y103.787
G1 F1500 X111.199 Y105.74 E1053.38751
G0 F9000 X111.482 Y105.74
G1 F1500 X113.435 Y103.787 E1053.43344
G0 F9000 X113.718 Y103.787
G1 F1500 X111.765 Y105.74 E1053.47937
G0 F9000 X112.048 Y105.74
G1 F1500 X114.001 Y103.787 E1053.52531
G0 F9000 X114.284 Y103.787
G1 F1500 X112.33 Y105.74 E1053.57125
G0 F9000 X112.613 Y105.74
G1 F1500 X114.331 Y104.023 E1053.61164
G0 F9000 X114.331 Y104.306
G1 F1500 X112.897 Y105.74 E1053.64537
G0 F9000 X113.18 Y105.74
G1 F1500 X114.331 Y104.588 E1053.67245
G0 F9000 X114.331 Y104.871
G1 F1500 X113.463 Y105.74 E1053.69288
G0 F9000 X113.745 Y105.74
G1 F1500 X114.331 Y105.154 E1053.70666
G0 F9000 X114.331 Y105.437
G1 F1500 X114.028 Y105.74 E1053.71378
G0 F9000 X114.028 Y105.96
G0 X114.48 Y105.888
G0 X114.48 Y103.639
G0 X110.889 Y103.567
G0 X110.889 Y103.787
G1 F1500 X107.485 Y107.191 E1053.79384
G0 F9000 X107.39 Y107.004
G1 F1500 X110.607 Y103.787 E1053.8695
G0 F9000 X110.324 Y103.787
G1 F1500 X107.294 Y106.817 E1053.94076
G0 F9000 X107.198 Y106.63
G1 F1500 X110.042 Y103.787 E1054.00763
G0 F9000 X109.759 Y103.787
G1 F1500 X107.103 Y106.442 E1054.07009
G0 F9000 X107.007 Y106.255
G1 F1500 X109.476 Y103.787 E1054.12814
G0 F9000 X109.193 Y103.787
G1 F1500 X106.912 Y106.068 E1054.18179
G0 F9000 X106.816 Y105.88
G1 F1500 X108.91 Y103.787 E1054.23103
G0 F9000 X108.627 Y103.787
G1 F1500 X106.72 Y105.694 E1054.27587
G0 F9000 X106.625 Y105.506
G1 F1500 X108.345 Y103.787 E1054.31631
G0 F9000 X108.062 Y103.787
G1 F1500 X106.529 Y105.319 E1054.35236
G0 F9000 X106.434 Y105.131
G1 F1500 X107.779 Y103.787 E1054.38398
G0 F9000 X107.496 Y103.787
G1 F1500 X106.338 Y104.944 E1054.4112
G0 F9000 X106.243 Y104.757
G1 F1500 X107.213 Y103.787 E1054.43401
G0 F9000 X106.93 Y103.787
G1 F1500 X106.147 Y104.57 E1054.45243
G0 F9000 X106.101 Y104.333
G1 F1500 X106.647 Y103.787 E1054.46527
G0 F9000 X106.365 Y103.787
G1 F1500 X106.101 Y104.05 E1054.47147
G0 F9000 X105.882 Y104.05
G0 X105.954 Y103.639
G0 X114.48 Y103.639
G0 X114.48 Y105.888
G0 X112.032 Y111.229
G0 X111.833 Y111.329
G1 F1500 X110.353 Y112.809 E1054.50627
G0 F9000 X110.448 Y112.997
G1 F1500 X111.93 Y111.515 E1054.54113
G0 F9000 X112.025 Y111.703
G1 F1500 X110.544 Y113.184 E1054.57596
G0 F9000 X110.639 Y113.371
G1 F1500 X112.121 Y111.889 E1054.61081
G0 F9000 X112.217 Y112.077
G1 F1500 X110.735 Y113.558 E1054.64566
G0 F9000 X110.831 Y113.745
G1 F1500 X112.313 Y112.263 E1054.68051
G0 F9000 X112.408 Y112.451
G1 F1500 X110.926 Y113.933 E1054.71536
G0 F9000 X111.022 Y114.12
G1 F1500 X112.504 Y112.637 E1054.75023
G0 F9000 X112.6 Y112.825
G1 F1500 X111.109 Y114.315 E1054.78528
G0 F9000 X110.832 Y114.265
;MESH:NONMESH
G0 F300 X110.832 Y114.265 Z17.5
G0 F9000 X100.5 Y100.551
G0 X100.34 Y100.551
;TIME_ELAPSED:2464.279616
;LAYER:86
;TYPE:FILL
;MESH:xyzCalibration_cube.stl
G1 F6000 X101.131 Y100.339 E1054.7989
G0 F9000 X100.868 Y100.339
G1 F6000 X106.963 Y106.434 E1054.94225
G0 F9000 X107.289 Y107.074
G1 F6000 X103.917 Y119.66 E1055.15894
G0 F9000 X103.217 Y119.659
G1 F6000 X100.339 Y116.781 E1055.22662
G0 F9000 X100.339 Y116.08
G1 F6000 X106.064 Y114.546 E1055.32519
G0 F9000 X106.37 Y114.464
G1 F6000 X110.497 Y113.358 E1055.39624
G0 F9000 X110.408 Y113.402
G0 X110.749 Y114.365
G0 X110.749 Y114.463
G1 F6000 X100.339 Y104.053 E1055.64107
G0 F9000 X100.34 Y103.657
G1 F6000 X112.721 Y100.339 E1055.85423
G0 F9000 X112.2 Y100.338
G1 F6000 X111.308 Y103.667 E1055.91155
G0 F9000 X111.896 Y103.666
G1 F6000 X119.658 Y101.586 E1056.04518
G0 F9000 X119.659 Y102.159
G1 F6000 X117.839 Y100.339 E1056.08799
G0 F9000 X118.412 Y100.338
G1 F6000 X114.266 Y115.812 E1056.3544
G0 F9000 X114.104 Y115.498
G1 F6000 X119.659 Y114.009 E1056.45004
G0 F9000 X119.659 Y114.887
G1 F6000 X110.631 Y105.86 E1056.66235
G1 X110.721 Y105.858
G1 X110.188 Y107.846 E1056.69658
G0 F9000 X109.91 Y107.304
G1 F6000 X119.658 Y104.692 E1056.86441
G0 F9000 X119.5 Y104.692
G0 X119.5 Y106.402
G0 X119.659 Y106.402
G1 F6000 X113.596 Y100.339 E1057.007
G0 F9000 X113.596 Y100.5
G0 X115.306 Y100.5
G0 X115.306 Y100.338
G1 F6000 X114.414 Y103.667 E1057.06431
G0 F9000 X114.414 Y103.567
G0 X112.681 Y103.567
G0 X112.681 Y103.666
G1 F6000 X109.354 Y100.339 E1057.14256
G0 F9000 X109.094 Y100.338
G1 F6000 X108.202 Y103.667 E1057.19988
G0 F9000 X108.438 Y103.666
G1 F6000 X105.111 Y100.339 E1057.27812
G0 F9000 X105.988 Y100.338
G1 F6000 X100.811 Y119.659 E1057.61077
G0 F9000 X100.339 Y119.186
G1 F6000 X109.777 Y116.657 E1057.77326
G0 F9000 X109.777 Y116.758
G0 X108.7 Y116.758
G0 X108.7 Y116.657
G1 F6000 X111.703 Y119.659 E1057.84387
G0 F9000 X111.703 Y119.5
G0 X113.235 Y119.5
G0 X113.235 Y119.659
G1 F6000 X114.039 Y116.656 E1057.89557
G0 F9000 X114.039 Y116.758
G0 X112.943 Y116.758
G0 X112.943 Y116.657
G1 F6000 X115.945 Y119.659 E1057.96617
G0 F9000 X116.341 Y119.659
G1 F6000 X119.659 Y107.275 E1058.17938
G0 F9000 X119.658 Y107.798
G1 F6000 X111.308 Y110.035 E1058.32314
G0 F9000 X111.398 Y109.99
G0 X112.178 Y111.514
G0 X112.088 Y111.559
G1 F6000 X119.659 Y119.13 E1058.5012
G0 F9000 X119.659 Y118.867
G1 F6000 X119.446 Y119.659 E1058.51484
G0 F9000 X119.446 Y119.5
G0 X119.5 Y117.115
G0 X119.659 Y117.115
G1 F6000 X110.164 Y119.659 E1058.67831
G1 X110.129 Y119.659
G1 X110.933 Y116.656 E1058.73001
G0 F9000 X110.933 Y116.758
G0 X107.828 Y116.758
G0 X107.828 Y116.656
G1 F6000 X107.023 Y119.66 E1058.78173
G0 F9000 X107.46 Y119.659
G1 F6000 X100.339 Y112.538 E1058.9492
G0 F9000 X100.339 Y112.974
G1 F6000 X109.102 Y110.626 E1059.10007
G0 F9000 X109.326 Y111.064
G1 F6000 X108.415 Y114.464 E1059.15861
G0 F9000 X108.415 Y114.365
G0 X106.507 Y114.365
G0 X106.507 Y114.463
G1 F6000 X100.339 Y108.296 E1059.30366
G0 F9000 X100.5 Y108.296
G0 X100.5 Y106.762
G0 X100.34 Y106.762
G1 F6000 X106.314 Y105.162 E1059.40651
G0 F9000 X106.225 Y105.206
G0 X107.619 Y107.939
G0 X107.709 Y107.894
G1 F6000 X100.34 Y109.868 E1059.53338
G1 X100.339 Y109.831
G1 X102.882 Y100.339 E1059.6968
G0 F9000 X102.882 Y100.5
G0 X114.48 Y103.639
G0 X114.48 Y105.888
G0 X113.827 Y105.96
G0 X113.827 Y105.858
G1 F6000 X112.227 Y111.83 E1059.79961
G0 F9000 X112.317 Y111.785
G0 X112.796 Y112.721
G0 X112.706 Y112.766
G1 F6000 X119.658 Y110.904 E1059.9193
G0 F9000 X119.659 Y110.645
G1 F6000 X114.451 Y105.437 E1060.04179
G0 F9000 X114.552 Y105.437
G0 X119.53 Y119.53
G0 X119.7 Y119.7
;TYPE:WALL-INNER
G1 F1500 X119.7 Y100.3 E1060.36441
G1 X100.3 Y100.3 E1060.68703
G1 X100.3 Y119.7 E1061.00966
G1 X119.7 Y119.7 E1061.33228
G0 F9000 X119.9 Y119.9
;TYPE:WALL-OUTER
G1 F1500 X119.9 Y100.1 E1061.66155
G1 X100.1 Y100.1 E1061.99083
G1 X100.1 Y119.9 E1062.32011
G1 X119.9 Y119.9 E1062.64938
G0 F9000 X119.9 Y119.7
G0 X119.53 Y119.53
G0 X114.367 Y116.638
G0 X114.247 Y116.638
;TYPE:SKIN
G1 F1500 X106.086 Y116.638 E1062.7851
G1 X106.086 Y114.485 E1062.8209
G1 X110.949 Y114.484 E1062.90177
G1 X111.018 Y114.436 E1062.90317
G1 X111.021 Y114.339 E1062.90479
G1 X106.002 Y104.505 E1063.08839
G1 X106.002 Y103.687 E1063.102
G1 X114.432 Y103.688 E1063.24219
G1 X114.432 Y105.84 E1063.27798
G1 X109.284 Y105.841 E1063.36359
G1 X109.216 Y105.888 E1063.36496
G1 X109.212 Y105.986 E1063.3666
G1 X114.247 Y115.819 E1063.55031
G1 X114.247 Y116.638 E1063.56393
G0 F9000 X114.367 Y116.638
G0 X106.354 Y116.758
G0 X106.354 Y116.536
G1 F1500 X106.186 Y116.368 E1063.56788
G0 F9000 X106.186 Y116.085
G1 F1500 X106.637 Y116.536 E1063.57849
G0 F9000 X106.92 Y116.536
G1 F1500 X106.186 Y115.802 E1063.59575
G0 F9000 X106.186 Y115.52
G1 F1500 X107.203 Y116.536 E1063.61966
G0 F9000 X107.485 Y116.536
G1 F1500 X106.186 Y115.237 E1063.65021
G0 F9000 X106.186 Y114.954
G1 F1500 X107.768 Y116.536 E1063.68741
G0 F9000 X108.051 Y116.536
G1 F1500 X106.186 Y114.671 E1063.73128
G0 F9000 X106.381 Y114.583
G1 F1500 X108.334 Y116.536 E1063.77721
G0 F9000 X108.617 Y116.536
G1 F1500 X106.664 Y114.583 E1063.82314
G0 F9000 X106.947 Y114.583
G1 F1500 X108.9 Y116.536 E1063.86907
G0 F9000 X109.182 Y116.536
G1 F1500 X107.229 Y114.583 E1063.915
G0 F9000 X107.512 Y114.583
G1 F1500 X109.465 Y116.536 E1063.96093
G0 F9000 X109.748 Y116.536
G1 F1500 X107.795 Y114.583 E1064.00686
G0 F9000 X108.078 Y114.583
G1 F1500 X110.031 Y116.536 E1064.0528
G0 F9000 X110.314 Y116.536
G1 F1500 X108.361 Y114.583 E1064.09873
G0 F9000 X108.643 Y114.583
G1 F1500 X110.597 Y116.536 E1064.14467
G0 F9000 X110.88 Y116.536
G1 F1500 X108.926 Y114.583 E1064.19061
G0 F9000 X109.209 Y114.583
G1 F1500 X111.162 Y116.536 E1064.23655
G0 F9000 X111.445 Y116.536
G1 F1500 X109.491 Y114.583 E1064.28249
G0 F9000 X109.774 Y114.583
G1 F1500 X111.728 Y116.536 E1064.32843
G0 F9000 X112.011 Y116.536
G1 F1500 X110.057 Y114.583 E1064.37438
G0 F9000 X110.34 Y114.583
G1 F1500 X112.294 Y116.536 E1064.42032
G0 F9000 X112.577 Y116.536
G1 F1500 X110.623 Y114.583 E1064.46626
G0 F9000 X110.906 Y114.583
G1 F1500 X112.859 Y116.536 E1064.51219
G0 F9000 X113.142 Y116.536
G1 F1500 X111.097 Y114.491 E1064.56029
G0 F9000 X111.034 Y114.145
G1 F1500 X113.425 Y116.536 E1064.61652
G0 F9000 X113.708 Y116.536
G1 F1500 X110.739 Y113.567 E1064.68635
G0 F9000 X110.444 Y112.99
G1 F1500 X113.991 Y116.536 E1064.76976
G0 F9000 X114.146 Y116.409
G1 F1500 X110.149 Y112.412 E1064.86376
G0 F9000 X109.854 Y111.834
G1 F1500 X114.146 Y116.126 E1064.9647
G0 F9000 X114.146 Y115.843
G1 F1500 X109.559 Y111.256 E1065.07258
G0 F9000 X109.264 Y110.679
G1 F1500 X113.851 Y115.265 E1065.18045
G0 F9000 X113.553 Y114.684
G1 F1500 X108.97 Y110.101 E1065.28823
G0 F9000 X108.675 Y109.523
G1 F1500 X113.256 Y114.105 E1065.39598
G0 F9000 X112.959 Y113.525
G1 F1500 X108.38 Y108.946 E1065.50367
G0 F9000 X108.085 Y108.368
G1 F1500 X112.662 Y112.945 E1065.61132
G0 F9000 X112.365 Y112.365
G1 F1500 X107.79 Y107.79 E1065.71891
G0 F9000 X107.495 Y107.212
G1 F1500 X112.068 Y111.785 E1065.82646
G0 F9000 X111.771 Y111.205
G1 F1500 X107.2 Y106.635 E1065.93396
G0 F9000 X106.906 Y106.057
G1 F1500 X111.474 Y110.626 E1066.0414
G0 F9000 X111.177 Y110.046
G1 F1500 X106.611 Y105.479 E1066.1488
G0 F9000 X106.316 Y104.902
G1 F1500 X110.88 Y109.465 E1066.25612
G0 F9000 X110.583 Y108.885
G1 F1500 X106.1 Y104.403 E1066.36155
G0 F9000 X106.1 Y104.12
G1 F1500 X110.286 Y108.306 E1066.45999
G0 F9000 X109.989 Y107.726
G1 F1500 X106.1 Y103.837 E1066.55146
G0 F9000 X106.333 Y103.787
G1 F1500 X109.692 Y107.146 E1066.63046
G0 F9000 X109.395 Y106.566
G1 F1500 X106.616 Y103.787 E1066.69581
G0 F9000 X106.898 Y103.787
G1 F1500 X109.123 Y106.012 E1066.74814
G0 F9000 X109.188 Y105.794
G1 F1500 X107.181 Y103.787 E1066.79534
G0 F9000 X107.464 Y103.787
G1 F1500 X109.418 Y105.741 E1066.8413
G0 F9000 X109.701 Y105.741
G1 F1500 X107.747 Y103.787 E1066.88725
G0 F9000 X108.03 Y103.787
G1 F1500 X109.984 Y105.741 E1066.93321
G0 F9000 X110.266 Y105.741
G1 F1500 X108.313 Y103.787 E1066.97915
G0 F9000 X108.596 Y103.787
G1 F1500 X110.549 Y105.741 E1067.0251
G0 F9000 X110.832 Y105.741
G1 F1500 X108.878 Y103.787 E1067.07105
G0 F9000 X109.161 Y103.787
G1 F1500 X111.114 Y105.74 E1067.11698
G0 F9000 X111.397 Y105.74
G1 F1500 X109.444 Y103.787 E1067.16291
G0 F9000 X109.727 Y103.787
G1 F1500 X111.68 Y105.74 E1067.20885
G0 F9000 X111.963 Y105.74
G1 F1500 X110.01 Y103.787 E1067.25478
G0 F9000 X110.293 Y103.788
G1 F1500 X112.246 Y105.74 E1067.3007
G0 F9000 X112.528 Y105.74
G1 F1500 X110.576 Y103.788 E1067.3466
G0 F9000 X110.859 Y103.788
G1 F1500 X112.811 Y105.74 E1067.39251
G0 F9000 X113.093 Y105.74
G1 F1500 X111.142 Y103.788 E1067.43841
G0 F9000 X111.425 Y103.788
G1 F1500 X113.376 Y105.74 E1067.48431
G0 F9000 X113.659 Y105.74
G1 F1500 X111.708 Y103.788 E1067.5302
G0 F9000 X111.99 Y103.788
G1 F1500 X113.942 Y105.74 E1067.57611
G0 F9000 X114.225 Y105.74
G1 F1500 X112.273 Y103.788 E1067.62202
G0 F9000 X112.556 Y103.788
G1 F1500 X114.331 Y105.563 E1067.66376
G0 F9000 X114.331 Y105.28
G1 F1500 X112.839 Y103.788 E1067.69885
G0 F9000 X113.122 Y103.788
G1 F1500 X114.331 Y104.997 E1067.72729
G0 F9000 X114.331 Y104.714
G1 F1500 X113.405 Y103.788 E1067.74906
G0 F9000 X113.687 Y103.788
G1 F1500 X114.331 Y104.431 E1067.7642
G0 F9000 X114.331 Y104.149
G1 F1500 X113.97 Y103.788 E1067.77269
G0 F9000 X114.253 Y103.788
G1 F1500 X114.331 Y103.866 E1067.77452
G0 F9000 X114.652 Y103.866
;MESH:NONMESH
G0 F300 X114.652 Y103.866 Z17.7
G0 F9000 X114.497 Y103.662
G0 X100.5 Y100.697
G0 X100.34 Y100.697
;TIME_ELAPSED:2501.478383
;LAYER:87
;TYPE:FILL
;MESH:xyzCalibration_cube.stl
G1 F6000 X101.677 Y100.338 E1067.79755
G0 F9000 X101.068 Y100.339
G1 F6000 X106.755 Y106.027 E1067.93131
G0 F9000 X106.38 Y105.29
G1 F6000 X100.34 Y106.908 E1068.03529
G0 F9000 X100.5 Y106.908
G0 X100.5 Y108.096
G0 X100.339 Y108.096
G1 F6000 X106.706 Y114.463 E1068.18504
G0 F9000 X106.914 Y114.464
G1 F6000 X110.562 Y113.487 E1068.24784
G0 F9000 X110.473 Y113.531
G0 X110.949 Y114.365
G0 X110.949 Y114.463
G1 F6000 X100.339 Y103.854 E1068.49736
G1 X100.34 Y103.803
G1 X113.266 Y100.339 E1068.7199
G0 F9000 X113.796 Y100.339
G1 F6000 X119.659 Y106.203 E1068.85781
G0 F9000 X119.659 Y106.73
G1 F6000 X116.195 Y119.659 E1069.0804
G1 X116.145 Y119.659
G1 X113.142 Y116.657 E1069.15101
G0 F9000 X113.893 Y116.656
G1 F6000 X113.089 Y119.659 E1069.20271
G0 F9000 X113.089 Y119.5
G0 X111.902 Y119.5
G0 X111.902 Y119.659
G1 F6000 X108.9 Y116.657 E1069.27331
G0 F9000 X108.9 Y116.758
G0 X107.682 Y116.758
G0 X107.682 Y116.657
G1 F6000 X106.877 Y119.659 E1069.325
G0 F9000 X107.659 Y119.659
G1 F6000 X100.339 Y112.339 E1069.49716
G0 F9000 X100.339 Y113.12
G1 F6000 X109.168 Y110.755 E1069.64916
G0 F9000 X109.23 Y110.877
G1 F6000 X108.269 Y114.464 E1069.71092
G0 F9000 X108.269 Y114.365
G0 X106.038 Y114.437
G0 X105.966 Y114.692
G0 X106.065 Y114.692
G1 F6000 X100.339 Y116.226 E1069.8095
G0 F9000 X100.339 Y116.582
G1 F6000 X103.417 Y119.659 E1069.88188
G0 F9000 X103.771 Y119.659
G1 F6000 X107.194 Y106.886 E1070.10179
G0 F9000 X107.105 Y106.93
G0 X107.685 Y108.066
G0 X107.774 Y108.022
G1 F6000 X100.339 Y110.014 E1070.22979
G0 F9000 X100.339 Y109.286
G1 F6000 X102.736 Y100.339 E1070.38383
G0 F9000 X102.736 Y100.5
G0 X105.31 Y100.5
G0 X105.31 Y100.339
G1 F6000 X108.637 Y103.666 E1070.46207
G0 F9000 X108.057 Y103.666
G1 F6000 X108.948 Y100.338 E1070.51937
G0 F9000 X109.553 Y100.339
G1 F6000 X112.88 Y103.666 E1070.59761
G0 F9000 X112.442 Y103.666
G1 F6000 X119.658 Y101.732 E1070.72185
G0 F9000 X119.659 Y101.96
G1 F6000 X118.038 Y100.339 E1070.75998
G0 F9000 X118.266 Y100.338
G1 F6000 X114.17 Y115.625 E1071.02317
G1 X114.169 Y115.626
G1 X119.658 Y114.155 E1071.11767
G0 F9000 X119.659 Y114.688
G1 F6000 X110.831 Y105.86 E1071.32529
G0 F9000 X110.575 Y105.859
G1 F6000 X110.092 Y107.659 E1071.35628
G0 F9000 X109.975 Y107.432
G1 F6000 X119.658 Y104.838 E1071.52299
G0 F9000 X119.5 Y104.838
G0 X119.5 Y107.944
G0 X119.658 Y107.944
G1 F6000 X111.373 Y110.164 E1071.66563
G0 F9000 X111.464 Y110.119
G0 X111.969 Y111.106
G0 X111.879 Y111.151
G1 F6000 X119.659 Y118.931 E1071.84861
G0 F9000 X119.659 Y118.322
G1 F6000 X119.3 Y119.659 E1071.87163
G0 F9000 X119.3 Y119.5
G0 X119.5 Y117.261
G0 X119.658 Y117.261
G1 F6000 X110.709 Y119.659 E1072.0257
G0 F9000 X109.983 Y119.66
G1 F6000 X110.787 Y116.657 E1072.0774
G0 F9000 X110.323 Y116.657
G1 F6000 X100.339 Y119.332 E1072.24929
G0 F9000 X100.665 Y119.659
G1 F6000 X105.842 Y100.339 E1072.58192
G0 F9000 X105.842 Y100.5
G0 X112.054 Y100.5
G0 X112.054 Y100.338
G1 F6000 X111.162 Y103.667 E1072.63923
G0 F9000 X111.162 Y103.567
G0 X114.268 Y103.567
G0 X114.268 Y103.667
G1 F6000 X115.16 Y100.338 E1072.69655
G0 F9000 X115.16 Y100.5
G0 X114.552 Y105.237
G0 X114.451 Y105.237
G1 F6000 X119.659 Y110.445 E1072.81903
G0 F9000 X119.659 Y111.049
G1 F6000 X112.772 Y112.895 E1072.93761
G0 F9000 X112.862 Y112.85
G0 X112.221 Y111.597
G0 X112.131 Y111.642
G1 F6000 X113.681 Y105.858 E1073.03719
G0 F9000 X113.681 Y105.96
G0 X119.53 Y119.53
G0 X119.7 Y119.7
;TYPE:WALL-INNER
G1 F1500 X119.7 Y100.3 E1073.35981
G1 X100.3 Y100.3 E1073.68243
G1 X100.3 Y119.7 E1074.00506
G1 X119.7 Y119.7 E1074.32768
G0 F9000 X119.9 Y119.9
;TYPE:WALL-OUTER
G1 F1500 X119.9 Y100.1 E1074.65696
G1 X100.1 Y100.1 E1074.98623
G1 X100.1 Y119.9 E1075.31551
G1 X119.9 Y119.9 E1075.64478
G0 F9000 X119.9 Y119.7
G0 X119.53 Y119.53
G0 X114.367 Y116.638
G0 X114.247 Y116.638
;TYPE:SKIN
G1 F1500 X106.086 Y116.638 E1075.7805
G1 X106.086 Y114.485 E1075.81631
G1 X110.949 Y114.484 E1075.89718
G1 X111.018 Y114.436 E1075.89857
G1 X111.021 Y114.339 E1075.90019
G1 X106.002 Y104.505 E1076.0838
G1 X106.002 Y103.687 E1076.0974
G1 X114.432 Y103.688 E1076.23759
G1 X114.432 Y105.84 E1076.27338
G1 X109.284 Y105.841 E1076.35899
G1 X109.216 Y105.888 E1076.36037
G1 X109.212 Y105.986 E1076.362
G1 X114.247 Y115.819 E1076.54571
G1 X114.247 Y116.638 E1076.55933
G0 F9000 X113.979 Y116.536
G1 F1500 X114.146 Y116.369 E1076.56326
G0 F9000 X114.146 Y116.087
G1 F1500 X113.697 Y116.536 E1076.57382
G0 F9000 X113.414 Y116.536
G1 F1500 X114.133 Y115.817 E1076.59073
G0 F9000 X114.037 Y115.63
G1 F1500 X113.131 Y116.536 E1076.61204
G0 F9000 X112.848 Y116.536
G1 F1500 X113.941 Y115.443 E1076.63774
G0 F9000 X113.846 Y115.256
G1 F1500 X112.565 Y116.536 E1076.66786
G0 F9000 X112.282 Y116.536
G1 F1500 X113.75 Y115.069 E1076.70237
G0 F9000 X113.654 Y114.882
G1 F1500 X112 Y116.536 E1076.74127
G0 F9000 X111.717 Y116.536
G1 F1500 X113.558 Y114.695 E1076.78457
G0 F9000 X113.463 Y114.508
G1 F1500 X111.434 Y116.536 E1076.83228
G0 F9000 X111.151 Y116.536
G1 F1500 X113.366 Y114.321 E1076.88437
G0 F9000 X113.271 Y114.134
G1 F1500 X110.868 Y116.536 E1076.94087
G0 F9000 X110.585 Y116.536
G1 F1500 X113.175 Y113.947 E1077.00177
G0 F9000 X113.079 Y113.76
G1 F1500 X110.303 Y116.536 E1077.06706
G0 F9000 X110.02 Y116.536
G1 F1500 X112.983 Y113.573 E1077.13675
G0 F9000 X112.888 Y113.385
G1 F1500 X109.737 Y116.536 E1077.21085
G0 F9000 X109.454 Y116.536
G1 F1500 X112.792 Y113.199 E1077.28934
G0 F9000 X112.696 Y113.011
G1 F1500 X109.171 Y116.536 E1077.37225
G0 F9000 X108.888 Y116.536
G1 F1500 X110.843 Y114.582 E1077.41821
G0 F9000 X110.56 Y114.582
G1 F1500 X108.605 Y116.536 E1077.46418
G0 F9000 X108.323 Y116.536
G1 F1500 X110.277 Y114.582 E1077.51014
G0 F9000 X109.994 Y114.582
G1 F1500 X108.04 Y116.536 E1077.55609
G0 F9000 X107.757 Y116.536
G1 F1500 X109.711 Y114.582 E1077.60205
G0 F9000 X109.429 Y114.582
G1 F1500 X107.474 Y116.536 E1077.64801
G0 F9000 X107.191 Y116.536
G1 F1500 X109.145 Y114.583 E1077.69396
G0 F9000 X108.862 Y114.583
G1 F1500 X106.908 Y116.536 E1077.7399
G0 F9000 X106.626 Y116.536
G1 F1500 X108.579 Y114.583 E1077.78583
G0 F9000 X108.296 Y114.583
G1 F1500 X106.343 Y116.536 E1077.83176
G0 F9000 X106.186 Y116.41
G1 F1500 X108.014 Y114.583 E1077.87474
G0 F9000 X107.73 Y114.583
G1 F1500 X106.186 Y116.128 E1077.91107
G0 F9000 X106.186 Y115.845
G1 F1500 X107.447 Y114.583 E1077.94074
G0 F9000 X107.164 Y114.583
G1 F1500 X106.186 Y115.562 E1077.96375
G0 F9000 X106.186 Y115.279
G1 F1500 X106.882 Y114.583 E1077.98012
G0 F9000 X106.599 Y114.583
G1 F1500 X106.186 Y114.996 E1077.98983
G0 F9000 X106.186 Y114.713
G1 F1500 X106.316 Y114.583 E1077.99289
G0 F9000 X106.316 Y114.365
G0 X110.06 Y112.721
G0 X110.257 Y112.622
G1 F1500 X111.738 Y111.141 E1078.02772
G0 F9000 X111.642 Y110.954
G1 F1500 X110.162 Y112.434 E1078.06253
G0 F9000 X110.066 Y112.248
G1 F1500 X111.546 Y110.767 E1078.09735
G0 F9000 X111.45 Y110.58
G1 F1500 X109.97 Y112.06 E1078.13215
G0 F9000 X109.875 Y111.873
G1 F1500 X111.355 Y110.393 E1078.16696
G0 F9000 X111.259 Y110.206
G1 F1500 X109.779 Y111.686 E1078.20177
G0 F9000 X109.684 Y111.498
G1 F1500 X111.163 Y110.019 E1078.23655
G0 F9000 X111.067 Y109.832
G1 F1500 X109.588 Y111.311 E1078.27134
G0 F9000 X109.492 Y111.124
G1 F1500 X110.971 Y109.645 E1078.30612
G0 F9000 X110.875 Y109.458
G1 F1500 X109.397 Y110.937 E1078.34089
G0 F9000 X109.301 Y110.749
G1 F1500 X110.78 Y109.271 E1078.37566
G0 F9000 X110.684 Y109.084
G1 F1500 X109.206 Y110.562 E1078.41042
G0 F9000 X109.11 Y110.375
G1 F1500 X110.588 Y108.897 E1078.44518
G0 F9000 X110.492 Y108.71
G1 F1500 X109.015 Y110.187 E1078.47992
G0 F9000 X108.919 Y110.001
G1 F1500 X110.397 Y108.523 E1078.51468
G0 F9000 X110.3 Y108.336
G1 F1500 X108.823 Y109.813 E1078.54942
G0 F9000 X108.728 Y109.626
G1 F1500 X110.205 Y108.149 E1078.58415
G0 F9000 X110.109 Y107.962
G1 F1500 X108.632 Y109.438 E1078.61888
G0 F9000 X108.537 Y109.251
G1 F1500 X110.013 Y107.775 E1078.65359
G0 F9000 X109.917 Y107.588
G1 F1500 X108.441 Y109.064 E1078.68831
G0 F9000 X108.345 Y108.877
G1 F1500 X109.822 Y107.401 E1078.72303
G0 F9000 X109.726 Y107.214
G1 F1500 X108.25 Y108.69 E1078.75774
G0 F9000 X108.154 Y108.502
G1 F1500 X109.63 Y107.026 E1078.79246
G0 F9000 X109.534 Y106.84
G1 F1500 X108.059 Y108.315 E1078.82715
G0 F9000 X107.963 Y108.127
G1 F1500 X109.438 Y106.652 E1078.86184
G0 F9000 X109.342 Y106.466
G1 F1500 X107.867 Y107.941 E1078.89653
G0 F9000 X107.772 Y107.753
G1 F1500 X109.247 Y106.278 E1078.93122
G0 F9000 X109.151 Y106.091
G1 F1500 X107.676 Y107.566 E1078.96591
G0 F9000 X107.581 Y107.379
G1 F1500 X111.172 Y103.787 E1079.05037
G0 F9000 X111.455 Y103.787
G1 F1500 X109.501 Y105.741 E1079.09633
G0 F9000 X109.784 Y105.741
G1 F1500 X111.738 Y103.787 E1079.14228
G0 F9000 X112.021 Y103.787
G1 F1500 X110.067 Y105.741 E1079.18824
G0 F9000 X110.35 Y105.741
G1 F1500 X112.304 Y103.787 E1079.23419
G0 F9000 X112.586 Y103.787
G1 F1500 X110.633 Y105.741 E1079.28014
G0 F9000 X110.916 Y105.741
G1 F1500 X112.869 Y103.787 E1079.32608
G0 F9000 X113.152 Y103.787
G1 F1500 X111.199 Y105.74 E1079.37201
G0 F9000 X111.482 Y105.74
G1 F1500 X113.435 Y103.787 E1079.41794
G0 F9000 X113.718 Y103.787
G1 F1500 X111.765 Y105.74 E1079.46387
G0 F9000 X112.048 Y105.74
G1 F1500 X114.001 Y103.787 E1079.50981
G0 F9000 X114.284 Y103.787
G1 F1500 X112.33 Y105.74 E1079.55575
G0 F9000 X112.613 Y105.74
G1 F1500 X114.331 Y104.023 E1079.59614
G0 F9000 X114.331 Y104.306
G1 F1500 X112.897 Y105.74 E1079.62987
G0 F9000 X113.18 Y105.74
G1 F1500 X114.331 Y104.588 E1079.65695
G0 F9000 X114.331 Y104.871
G1 F1500 X113.463 Y105.74 E1079.67737
G0 F9000 X113.745 Y105.74
G1 F1500 X114.331 Y105.154 E1079.69116
G0 F9000 X114.331 Y105.437
G1 F1500 X114.028 Y105.74 E1079.69828
G0 F9000 X114.028 Y105.96
G0 X114.48 Y105.888
G0 X114.48 Y103.639
G0 X110.889 Y103.567
G0 X110.889 Y103.787
G1 F1500 X107.485 Y107.191 E1079.77834
G0 F9000 X107.39 Y107.004
G1 F1500 X110.607 Y103.787 E1079.854
G0 F9000 X110.324 Y103.787
G1 F1500 X107.294 Y106.817 E1079.92526
G0 F9000 X107.198 Y106.63
G1 F1500 X110.042 Y103.787 E1079.99213
G0 F9000 X109.759 Y103.787
G1 F1500 X107.103 Y106.442 E1080.05459
G0 F9000 X107.007 Y106.255
G1 F1500 X109.476 Y103.787 E1080.11264
G0 F9000 X109.193 Y103.787
G1 F1500 X106.912 Y106.068 E1080.16629
G0 F9000 X106.816 Y105.88
G1 F1500 X108.91 Y103.787 E1080.21552
G0 F9000 X108.627 Y103.787
G1 F1500 X106.72 Y105.694 E1080.26037
G0 F9000 X106.625 Y105.506
G1 F1500 X108.345 Y103.787 E1080.30081
G0 F9000 X108.062 Y103.787
G1 F1500 X106.529 Y105.319 E1080.33686
G0 F9000 X106.434 Y105.131
G1 F1500 X107.779 Y103.787 E1080.36848
G0 F9000 X107.496 Y103.787
G1 F1500 X106.338 Y104.944 E1080.3957
G0 F9000 X106.243 Y104.757
G1 F1500 X107.213 Y103.787 E1080.41851
G0 F9000 X106.93 Y103.787
G1 F1500 X106.147 Y104.57 E1080.43693
G0 F9000 X106.101 Y104.333
G1 F1500 X106.647 Y103.787 E1080.44977
G0 F9000 X106.365 Y103.787
G1 F1500 X106.101 Y104.05 E1080.45597
G0 F9000 X105.882 Y104.05
G0 X105.954 Y103.639
G0 X114.48 Y103.639
G0 X114.48 Y105.888
G0 X112.032 Y111.229
G0 X111.833 Y111.329
G1 F1500 X110.353 Y112.809 E1080.49077
G0 F9000 X110.448 Y112.997
G1 F1500 X111.93 Y111.515 E1080.52563
G0 F9000 X112.025 Y111.703
G1 F1500 X110.544 Y113.184 E1080.56046
G0 F9000 X110.639 Y113.371
G1 F1500 X112.121 Y111.889 E1080.59531
G0 F9000 X112.217 Y112.077
G1 F1500 X110.735 Y113.558 E1080.63016
G0 F9000 X110.831 Y113.745
G1 F1500 X112.313 Y112.263 E1080.66501
G0 F9000 X112.408 Y112.451
G1 F1500 X110.926 Y113.933 E1080.69986
G0 F9000 X111.022 Y114.12
G1 F1500 X112.504 Y112.637 E1080.73473
G0 F9000 X112.6 Y112.825
G1 F1500 X111.109 Y114.315 E1080.76978
G0 F9000 X110.832 Y114.265
;MESH:NONMESH
G0 F300 X110.832 Y114.265 Z17.9
G0 F9000 X100.5 Y100.844
G0 X100.34 Y100.844
;TIME_ELAPSED:2540.634232
;LAYER:88
;TYPE:FILL
;MESH:xyzCalibration_cube.stl
G1 F6000 X102.224 Y100.339 E1080.80222
G0 F9000 X102.589 Y100.339
G1 F6000 X100.339 Y108.737 E1080.94681
G0 F9000 X100.339 Y107.896
G1 F6000 X106.907 Y114.463 E1081.10126
G0 F9000 X107.463 Y114.464
G1 F6000 X110.628 Y113.616 E1081.15575
G0 F9000 X110.969 Y114.282
G1 F6000 X100.339 Y103.653 E1081.40574
G0 F9000 X100.34 Y103.95
G1 F6000 X113.814 Y100.339 E1081.63772
G0 F9000 X113.996 Y100.339
G1 F6000 X119.659 Y106.002 E1081.77091
G0 F9000 X119.659 Y106.182
G1 F6000 X116.048 Y119.659 E1082.00294
G0 F9000 X116.345 Y119.659
G1 F6000 X113.343 Y116.657 E1082.07354
G0 F9000 X113.746 Y116.656
G1 F6000 X112.942 Y119.659 E1082.12524
G0 F9000 X112.103 Y119.659
G1 F6000 X109.1 Y116.657 E1082.19585
G0 F9000 X109.1 Y116.758
G0 X110.64 Y116.758
G0 X110.64 Y116.656
G1 F6000 X109.836 Y119.66 E1082.24757
G0 F9000 X109.836 Y119.5
G0 X111.258 Y119.5
G0 X111.258 Y119.659
G1 F6000 X119.658 Y117.408 E1082.39219
G0 F9000 X119.659 Y117.774
G1 F6000 X119.153 Y119.659 E1082.42465
G0 F9000 X119.153 Y119.5
G0 X119.5 Y118.73
G0 X119.659 Y118.73
G1 F6000 X111.669 Y110.739 E1082.61257
G0 F9000 X111.44 Y110.293
G1 F6000 X119.658 Y108.091 E1082.75406
G0 F9000 X119.5 Y108.091
G0 X119.5 Y110.245
G0 X119.659 Y110.245
G1 F6000 X114.451 Y105.037 E1082.87654
G0 F9000 X114.552 Y105.037
G0 X114.48 Y105.888
G0 X113.534 Y105.96
G0 X113.534 Y105.858
G1 F6000 X112.034 Y111.454 E1082.97289
G0 F9000 X112.124 Y111.409
G0 X112.928 Y112.979
G0 X112.837 Y113.024
G1 F6000 X119.659 Y111.196 E1083.09034
G0 F9000 X119.5 Y111.196
G0 X119.5 Y114.302
G0 X119.659 Y114.302
G1 F6000 X114.236 Y115.755 E1083.18371
G0 F9000 X114.073 Y115.436
G1 F6000 X118.119 Y100.338 E1083.44365
G0 F9000 X118.239 Y100.339
G1 F6000 X119.659 Y101.759 E1083.47705
G0 F9000 X119.658 Y101.879
G1 F6000 X112.99 Y103.666 E1083.59185
G1 X113.081 Y103.666
G1 X109.754 Y100.339 E1083.67009
G0 F9000 X108.801 Y100.338
G1 F6000 X107.91 Y103.666 E1083.72739
G0 F9000 X108.838 Y103.666
G1 F6000 X105.511 Y100.339 E1083.80563
G0 F9000 X105.695 Y100.339
G1 F6000 X100.518 Y119.659 E1084.13826
G0 F9000 X100.339 Y119.479
G1 F6000 X110.871 Y116.657 E1084.31959
G0 F9000 X110.871 Y116.758
G0 X107.535 Y116.758
G0 X107.535 Y116.657
G1 F6000 X106.73 Y119.66 E1084.37129
G0 F9000 X106.73 Y119.5
G0 X107.86 Y119.5
G0 X107.86 Y119.659
G1 F6000 X100.339 Y112.138 E1084.54817
G0 F9000 X100.5 Y112.138
G0 X100.5 Y113.267
G0 X100.339 Y113.267
G1 F6000 X109.235 Y110.884 E1084.70133
G0 F9000 X109.134 Y110.688
G1 F6000 X108.122 Y114.464 E1084.76634
G0 F9000 X108.122 Y114.365
G0 X106.038 Y114.437
G0 X105.966 Y114.839
G0 X106.064 Y114.839
G1 F6000 X100.339 Y116.373 E1084.86491
G1 X100.339 Y116.381
G1 X103.618 Y119.659 E1084.94201
G1 X103.624 Y119.659
G1 X107.097 Y106.697 E1085.16518
G0 F9000 X107.008 Y106.741
G0 X106.457 Y105.661
G0 X106.546 Y105.617
G1 F6000 X101.269 Y100.339 E1085.28929
G0 F9000 X101.269 Y100.5
G0 X100.5 Y107.055
G0 X100.34 Y107.055
G1 F6000 X106.445 Y105.419 E1085.3944
G0 F9000 X106.356 Y105.463
G0 X107.751 Y108.196
G0 X107.84 Y108.152
G1 F6000 X100.339 Y110.161 E1085.52354
G0 F9000 X100.5 Y110.161
G0 X105.954 Y103.639
G0 X114.48 Y103.639
G0 X114.48 Y105.888
G0 X110.086 Y107.426
G0 X109.996 Y107.471
G1 F6000 X110.428 Y105.859 E1085.5513
G0 F9000 X111.032 Y105.86
G1 F6000 X119.659 Y114.487 E1085.75419
G0 F9000 X119.5 Y114.487
G0 X119.5 Y104.985
G0 X119.658 Y104.985
G1 F6000 X110.042 Y107.561 E1085.91974
G0 F9000 X110.132 Y107.516
G0 X114.48 Y105.888
G0 X114.48 Y103.639
G0 X111.015 Y103.567
G0 X111.015 Y103.667
G1 F6000 X111.907 Y100.338 E1085.97706
G0 F9000 X111.907 Y100.5
G0 X115.013 Y100.5
G0 X115.013 Y100.338
G1 F6000 X114.121 Y103.667 E1086.03437
G0 F9000 X114.121 Y103.567
G0 X114.444 Y103.632
G0 X119.53 Y119.53
G0 X119.7 Y119.7
;TYPE:WALL-INNER
G1 F1500 X119.7 Y100.3 E1086.35699
G1 X100.3 Y100.3 E1086.67962
G1 X100.3 Y119.7 E1087.00224
G1 X119.7 Y119.7 E1087.32486
G0 F9000 X119.9 Y119.9
;TYPE:WALL-OUTER
G1 F1500 X119.9 Y100.1 E1087.65414
G1 X100.1 Y100.1 E1087.98341
G1 X100.1 Y119.9 E1088.31269
G1 X119.9 Y119.9 E1088.64197
G0 F9000 X119.9 Y119.7
G0 X119.53 Y119.53
G0 X114.367 Y116.638
G0 X114.247 Y116.638
;TYPE:SKIN
G1 F1500 X106.086 Y116.638 E1088.77768
G1 X106.086 Y114.485 E1088.81349
G1 X110.949 Y114.484 E1088.89436
G1 X111.018 Y114.436 E1088.89576
G1 X111.021 Y114.339 E1088.89737
G1 X106.002 Y104.505 E1089.08098
G1 X106.002 Y103.687 E1089.09458
G1 X114.432 Y103.688 E1089.23477
G1 X114.432 Y105.84 E1089.27056
G1 X109.284 Y105.841 E1089.35617
G1 X109.216 Y105.888 E1089.35755
G1 X109.212 Y105.986 E1089.35918
G1 X114.247 Y115.819 E1089.54289
G1 X114.247 Y116.638 E1089.55651
G0 F9000 X114.367 Y116.638
G0 X106.354 Y116.758
G0 X106.354 Y116.536
G1 F1500 X106.186 Y116.368 E1089.56047
G0 F9000 X106.186 Y116.085
G1 F1500 X106.637 Y116.536 E1089.57107
G0 F9000 X106.92 Y116.536
G1 F1500 X106.186 Y115.802 E1089.58834
G0 F9000 X106.186 Y115.52
G1 F1500 X107.203 Y116.536 E1089.61224
G0 F9000 X107.485 Y116.536
G1 F1500 X106.186 Y115.237 E1089.64279
G0 F9000 X106.186 Y114.954
G1 F1500 X107.768 Y116.536 E1089.68
G0 F9000 X108.051 Y116.536
G1 F1500 X106.186 Y114.671 E1089.72386
G0 F9000 X106.381 Y114.583
G1 F1500 X108.334 Y116.536 E1089.76979
G0 F9000 X108.617 Y116.536
G1 F1500 X106.664 Y114.583 E1089.81572
G0 F9000 X106.947 Y114.583
G1 F1500 X108.9 Y116.536 E1089.86166
G0 F9000 X109.182 Y116.536
G1 F1500 X107.229 Y114.583 E1089.90759
G0 F9000 X107.512 Y114.583
G1 F1500 X109.465 Y116.536 E1089.95352
G0 F9000 X109.748 Y116.536
G1 F1500 X107.795 Y114.583 E1089.99945
G0 F9000 X108.078 Y114.583
G1 F1500 X110.031 Y116.536 E1090.04538
G0 F9000 X110.314 Y116.536
G1 F1500 X108.361 Y114.583 E1090.09131
G0 F9000 X108.643 Y114.583
G1 F1500 X110.597 Y116.536 E1090.13726
G0 F9000 X110.88 Y116.536
G1 F1500 X108.926 Y114.583 E1090.1832
G0 F9000 X109.209 Y114.583
G1 F1500 X111.162 Y116.536 E1090.22913
G0 F9000 X111.445 Y116.536
G1 F1500 X109.491 Y114.583 E1090.27507
G0 F9000 X109.774 Y114.583
G1 F1500 X111.728 Y116.536 E1090.32102
G0 F9000 X112.011 Y116.536
G1 F1500 X110.057 Y114.583 E1090.36696
G0 F9000 X110.34 Y114.583
G1 F1500 X112.294 Y116.536 E1090.4129
G0 F9000 X112.577 Y116.536
G1 F1500 X110.623 Y114.583 E1090.45885
G0 F9000 X110.906 Y114.583
G1 F1500 X112.859 Y116.536 E1090.50478
G0 F9000 X113.142 Y116.536
G1 F1500 X111.097 Y114.491 E1090.55287
G0 F9000 X111.034 Y114.145
G1 F1500 X113.425 Y116.536 E1090.60911
G0 F9000 X113.708 Y116.536
G1 F1500 X110.739 Y113.567 E1090.67893
G0 F9000 X110.444 Y112.99
G1 F1500 X113.991 Y116.536 E1090.76234
G0 F9000 X114.146 Y116.409
G1 F1500 X110.149 Y112.412 E1090.85635
G0 F9000 X109.854 Y111.834
G1 F1500 X114.146 Y116.126 E1090.95729
G0 F9000 X114.146 Y115.843
G1 F1500 X109.559 Y111.256 E1091.06517
G0 F9000 X109.264 Y110.679
G1 F1500 X113.851 Y115.265 E1091.17303
G0 F9000 X113.553 Y114.684
G1 F1500 X108.97 Y110.101 E1091.28082
G0 F9000 X108.675 Y109.523
G1 F1500 X113.256 Y114.105 E1091.38857
G0 F9000 X112.959 Y113.525
G1 F1500 X108.38 Y108.946 E1091.49626
G0 F9000 X108.085 Y108.368
G1 F1500 X112.662 Y112.945 E1091.6039
G0 F9000 X112.365 Y112.365
G1 F1500 X107.79 Y107.79 E1091.7115
G0 F9000 X107.495 Y107.212
G1 F1500 X112.068 Y111.785 E1091.81905
G0 F9000 X111.771 Y111.205
G1 F1500 X107.2 Y106.635 E1091.92654
G0 F9000 X106.906 Y106.057
G1 F1500 X111.474 Y110.626 E1092.03399
G0 F9000 X111.177 Y110.046
G1 F1500 X106.611 Y105.479 E1092.14138
G0 F9000 X106.316 Y104.902
G1 F1500 X110.88 Y109.465 E1092.24871
G0 F9000 X110.583 Y108.885
G1 F1500 X106.1 Y104.403 E1092.35413
G0 F9000 X106.1 Y104.12
G1 F1500 X110.286 Y108.306 E1092.45258
G0 F9000 X109.989 Y107.726
G1 F1500 X106.1 Y103.837 E1092.54404
G0 F9000 X106.333 Y103.787
G1 F1500 X109.692 Y107.146 E1092.62304
G0 F9000 X109.395 Y106.566
G1 F1500 X106.616 Y103.787 E1092.6884
G0 F9000 X106.898 Y103.787
G1 F1500 X109.123 Y106.012 E1092.74073
G0 F9000 X109.188 Y105.794
G1 F1500 X107.181 Y103.787 E1092.78793
G0 F9000 X107.464 Y103.787
G1 F1500 X109.418 Y105.741 E1092.83388
G0 F9000 X109.701 Y105.741
G1 F1500 X107.747 Y103.787 E1092.87984
G0 F9000 X108.03 Y103.787
G1 F1500 X109.984 Y105.741 E1092.92579
G0 F9000 X110.266 Y105.741
G1 F1500 X108.313 Y103.787 E1092.97174
G0 F9000 X108.596 Y103.787
G1 F1500 X110.549 Y105.741 E1093.01768
G0 F9000 X110.832 Y105.741
G1 F1500 X108.878 Y103.787 E1093.06364
G0 F9000 X109.161 Y103.787
G1 F1500 X111.114 Y105.74 E1093.10957
G0 F9000 X111.397 Y105.74
G1 F1500 X109.444 Y103.787 E1093.1555
G0 F9000 X109.727 Y103.787
G1 F1500 X111.68 Y105.74 E1093.20143
G0 F9000 X111.963 Y105.74
G1 F1500 X110.01 Y103.787 E1093.24736
G0 F9000 X110.293 Y103.788
G1 F1500 X112.246 Y105.74 E1093.29328
G0 F9000 X112.528 Y105.74
G1 F1500 X110.576 Y103.788 E1093.33919
G0 F9000 X110.859 Y103.788
G1 F1500 X112.811 Y105.74 E1093.3851
G0 F9000 X113.093 Y105.74
G1 F1500 X111.142 Y103.788 E1093.43099
G0 F9000 X111.425 Y103.788
G1 F1500 X113.376 Y105.74 E1093.47689
G0 F9000 X113.659 Y105.74
G1 F1500 X111.708 Y103.788 E1093.52279
G0 F9000 X111.99 Y103.788
G1 F1500 X113.942 Y105.74 E1093.56869
G0 F9000 X114.225 Y105.74
G1 F1500 X112.273 Y103.788 E1093.6146
G0 F9000 X112.556 Y103.788
G1 F1500 X114.331 Y105.563 E1093.65635
G0 F9000 X114.331 Y105.28
G1 F1500 X112.839 Y103.788 E1093.69144
G0 F9000 X113.122 Y103.788
G1 F1500 X114.331 Y104.997 E1093.71987
G0 F9000 X114.331 Y104.714
G1 F1500 X113.405 Y103.788 E1093.74165
G0 F9000 X113.687 Y103.788
G1 F1500 X114.331 Y104.431 E1093.75678
G0 F9000 X114.331 Y104.149
G1 F1500 X113.97 Y103.788 E1093.76527
G0 F9000 X114.253 Y103.788
G1 F1500 X114.331 Y103.866 E1093.76711
G0 F9000 X114.652 Y103.866
;MESH:NONMESH
G0 F300 X114.652 Y103.866 Z18.1
G0 F9000 X114.497 Y103.662
G0 X100.5 Y100.99
G0 X100.34 Y100.99
;TIME_ELAPSED:2579.041534
;LAYER:89
;TYPE:FILL
;MESH:xyzCalibration_cube.stl
G1 F6000 X102.763 Y100.34 E1093.80883
G0 F9000 X102.443 Y100.339
G1 F6000 X100.34 Y108.188 E1093.94396
G0 F9000 X100.34 Y107.697
G1 F6000 X107.106 Y114.463 E1094.10309
G0 F9000 X107.976 Y114.464
G1 F6000 X109.038 Y110.501 E1094.17132
G0 F9000 X109.299 Y111.012
G1 F6000 X100.34 Y113.413 E1094.32556
G0 F9000 X100.5 Y113.413
G0 X100.5 Y111.939
G0 X100.34 Y111.939
G1 F6000 X108.058 Y119.658 E1094.50709
G0 F9000 X108.058 Y119.5
G0 X106.584 Y119.5
G0 X106.584 Y119.659
G1 F6000 X107.389 Y116.656 E1094.55879
G0 F9000 X107.388 Y116.817
G0 X109.297 Y116.817
G0 X109.298 Y116.655
G1 F6000 X112.301 Y119.658 E1094.62942
G0 F9000 X112.796 Y119.659
G1 F6000 X113.602 Y116.652 E1094.68119
G1 X113.538 Y116.652
G1 X116.544 Y119.658 E1094.75189
G0 F9000 X115.901 Y119.659
G1 F6000 X119.659 Y105.637 E1094.9933
G0 F9000 X119.659 Y105.802
G1 F6000 X114.197 Y100.34 E1095.12176
G0 F9000 X114.357 Y100.34
G1 F6000 X100.341 Y104.095 E1095.36307
G0 F9000 X100.34 Y103.454
G1 F6000 X110.76 Y113.874 E1095.60813
G0 F9000 X110.693 Y113.745
G1 F6000 X108.008 Y114.464 E1095.65436
G0 F9000 X108.008 Y114.305
G0 X105.979 Y114.377
G0 X105.907 Y114.984
G0 X106.066 Y114.985
G1 F6000 X100.34 Y116.519 E1095.75294
G0 F9000 X100.34 Y116.182
G1 F6000 X103.816 Y119.658 E1095.83469
G0 F9000 X103.479 Y119.658
G1 F6000 X107.002 Y106.51 E1096.06105
G0 F9000 X106.86 Y106.581
G0 X106.369 Y105.619
G0 X106.511 Y105.548
G1 F6000 X100.34 Y107.201 E1096.1673
G0 F9000 X100.5 Y107.201
G0 X100.5 Y110.307
G0 X100.34 Y110.307
G1 F6000 X107.904 Y108.28 E1096.29752
G0 F9000 X107.763 Y108.351
G0 X105.884 Y104.532
G0 X105.896 Y103.579
G0 X114.54 Y103.58
G0 X114.54 Y105.948
G0 X110.043 Y107.212
G0 X109.9 Y107.284
G1 F6000 X110.282 Y105.859 E1096.32206
G0 F9000 X111.231 Y105.86
G1 F6000 X119.659 Y114.288 E1096.52027
G0 F9000 X119.658 Y114.448
G1 F6000 X114.266 Y115.893 E1096.61311
G0 F9000 X113.978 Y115.248
G1 F6000 X117.973 Y100.338 E1096.86981
G0 F9000 X118.439 Y100.34
G1 F6000 X119.659 Y101.56 E1096.8985
G0 F9000 X119.658 Y102.025
G1 F6000 X113.529 Y103.667 E1097.00402
G0 F9000 X113.281 Y103.667
G1 F6000 X109.954 Y100.34 E1097.08227
G0 F9000 X109.954 Y100.5
G0 X108.655 Y100.5
G0 X108.655 Y100.339
G1 F6000 X107.762 Y103.671 E1097.13963
G0 F9000 X107.763 Y103.508
G0 X109.041 Y103.508
G0 X109.04 Y103.669
G1 F6000 X105.711 Y100.34 E1097.21793
G0 F9000 X105.549 Y100.339
G1 F6000 X100.373 Y119.658 E1097.55053
G1 X100.34 Y119.625
G1 X111.429 Y116.653 E1097.74145
G0 F9000 X110.495 Y116.654
G1 F6000 X109.69 Y119.659 E1097.79319
G0 F9000 X109.69 Y119.5
G0 X111.804 Y119.5
G0 X111.804 Y119.659
G1 F6000 X119.658 Y117.554 E1097.92841
G0 F9000 X119.659 Y117.229
G1 F6000 X119.007 Y119.659 E1097.97025
G0 F9000 X119.007 Y119.5
G0 X119.5 Y118.53
G0 X119.659 Y118.53
G1 F6000 X111.459 Y110.331 E1098.16309
G0 F9000 X111.505 Y110.421
G1 F6000 X119.659 Y108.237 E1098.30347
G0 F9000 X119.5 Y108.237
G0 X119.5 Y110.045
G0 X119.659 Y110.045
G1 F6000 X114.448 Y104.834 E1098.42603
G0 F9000 X114.612 Y104.834
G0 X114.54 Y103.58
G0 X113.976 Y103.508
G0 X113.975 Y103.668
G1 F6000 X114.867 Y100.338 E1098.48336
G0 F9000 X114.867 Y100.5
G0 X111.761 Y100.5
G0 X111.761 Y100.338
G1 F6000 X110.869 Y103.669 E1098.5407
G0 F9000 X110.87 Y103.508
G0 X114.54 Y103.58
G0 X114.54 Y105.948
G0 X113.388 Y106.02
G0 X113.388 Y105.859
G1 F6000 X111.939 Y111.266 E1098.63379
G0 F9000 X112.081 Y111.194
G0 X113.047 Y113.08
G0 X112.904 Y113.152
G1 F6000 X119.658 Y111.342 E1098.75008
G0 F9000 X119.5 Y111.342
G0 X119.5 Y105.131
G0 X119.658 Y105.131
G1 F6000 X110.107 Y107.69 E1098.91451
G0 F9000 X110.251 Y107.618
G0 X114.54 Y105.948
G0 X114.54 Y103.58
G0 X105.896 Y103.579
G0 X105.885 Y104.437
G0 X106.196 Y105.281
G0 X106.338 Y105.21
G1 F6000 X101.469 Y100.34 E1099.02904
G0 F9000 X101.469 Y100.5
G0 X105.978 Y116.745
G0 X114.136 Y116.817
G0 X114.137 Y116.533
;TYPE:WALL-INNER
G1 F1500 X113.979 Y116.614 E1099.03199
G1 X106.406 Y116.618 E1099.15793
G1 X106.187 Y116.523 E1099.1619
G1 X106.109 Y116.361 E1099.16489
G1 X106.107 Y114.752 E1099.19165
G1 X106.23 Y114.562 E1099.19541
G1 X106.353 Y114.505 E1099.19767
G1 X111.127 Y114.505 E1099.27706
G1 X106.022 Y104.499 E1099.46386
G1 X106.023 Y103.954 E1099.47293
G1 X106.12 Y103.785 E1099.47617
G1 X106.271 Y103.711 E1099.47896
G1 X114.184 Y103.708 E1099.61056
G1 X114.303 Y103.775 E1099.61283
G1 X114.412 Y103.933 E1099.61602
G1 X114.412 Y105.577 E1099.64336
G1 X114.27 Y105.776 E1099.64743
G1 X114.169 Y105.815 E1099.64923
G1 X109.105 Y105.82 E1099.73344
G1 X114.228 Y115.825 E1099.92037
G1 X114.228 Y116.359 E1099.92925
G1 X114.137 Y116.533 E1099.93251
G0 F9000 X114.136 Y116.817
G0 X119.53 Y119.53
G0 X119.7 Y119.7
G1 F1500 X119.7 Y100.3 E1100.25514
G1 X100.301 Y100.301 E1100.57774
G1 X100.301 Y119.699 E1100.90033
G1 X119.7 Y119.7 E1101.22294
G0 F9000 X119.9 Y119.9
;TYPE:WALL-OUTER
G1 F1500 X119.9 Y100.1 E1101.55222
G1 X100.101 Y100.101 E1101.88148
G1 X100.101 Y119.899 E1102.21072
G1 X119.9 Y119.9 E1102.53998
G0 F9000 X119.9 Y119.7
G1 F1500 E1096.03998
G0 F9000 X119.53 Y119.53
G0 X113.944 Y116.817
G0 X113.945 Y116.417
G1 F1500 E1102.53998
G1 X106.376 Y116.418 E1102.66585
G1 X106.307 Y116.332 E1102.66768
G1 X106.31 Y114.779 E1102.69351
G1 X106.383 Y114.707 E1102.69521
G1 X111.453 Y114.705 E1102.77953
G1 X106.223 Y104.443 E1102.97107
G1 X106.226 Y103.982 E1102.97874
G1 X106.305 Y103.908 E1102.98054
G1 X114.147 Y103.914 E1103.11095
G1 X114.207 Y103.975 E1103.11237
G1 X114.209 Y105.548 E1103.13853
G1 X114.131 Y105.619 E1103.14029
G1 X108.778 Y105.62 E1103.22931
G1 X114.025 Y115.874 E1103.42086
G1 X114.028 Y116.318 E1103.42825
G1 X113.945 Y116.417 E1103.43039
G0 F9000 X113.745 Y116.417
G0 X113.744 Y116.917
;MESH:NONMESH
G0 F300 X113.744 Y116.917 Z18.3
G0 F9000 X105.978 Y116.745
G0 X100.5 Y101.137
G0 X100.34 Y101.137
;TIME_ELAPSED:2606.125268
;LAYER:90
;TYPE:FILL
;MESH:xyzCalibration_cube.stl
G1 F6000 X103.318 Y100.339 E1103.48167
G0 F9000 X103.318 Y100.5
G0 X102.296 Y100.5
G0 X102.296 Y100.339
G1 F6000 X100.339 Y107.643 E1103.60742
G0 F9000 X100.339 Y107.495
G1 F6000 X107.307 Y114.463 E1103.77129
G0 F9000 X107.829 Y114.464
G1 F6000 X108.942 Y110.312 E1103.84278
G0 F9000 X109.365 Y111.142
G1 F6000 X100.34 Y113.56 E1103.99816
G0 F9000 X100.5 Y113.56
G0 X100.5 Y111.739
G0 X100.34 Y111.739
G1 F6000 X108.259 Y119.658 E1104.1844
G0 F9000 X108.259 Y119.5
G0 X109.543 Y119.5
G0 X109.543 Y119.659
G1 F6000 X110.348 Y116.654 E1104.23614
G0 F9000 X109.499 Y116.655
G1 F6000 X112.502 Y119.658 E1104.30676
G0 F9000 X112.649 Y119.659
G1 F6000 X113.455 Y116.652 E1104.35853
G0 F9000 X113.739 Y116.652
G1 F6000 X116.745 Y119.658 E1104.42923
G0 F9000 X115.754 Y119.659
G1 F6000 X119.659 Y105.088 E1104.6801
G0 F9000 X119.658 Y105.278
G1 F6000 X110.173 Y107.819 E1104.8434
G0 F9000 X109.804 Y107.095
G1 F6000 X110.135 Y105.859 E1104.86468
G0 F9000 X110.135 Y106.02
G0 X111.432 Y106.02
G0 X111.432 Y105.86
G1 F6000 X119.659 Y114.087 E1105.05816
G0 F9000 X119.658 Y114.595
G1 F6000 X114.266 Y116.04 E1105.151
G0 F9000 X114.427 Y116.04
G0 X114.023 Y114.989
G0 X113.881 Y115.06
G1 F6000 X117.826 Y100.338 E1105.40446
G0 F9000 X118.639 Y100.339
G1 F6000 X119.659 Y101.359 E1105.42845
G0 F9000 X119.658 Y102.172
G1 F6000 X114.083 Y103.666 E1105.52443
G0 F9000 X113.828 Y103.667
G1 F6000 X114.72 Y100.338 E1105.58175
G0 F9000 X114.908 Y100.339
G1 F6000 X100.34 Y104.243 E1105.83256
G0 F9000 X100.339 Y103.253
G1 F6000 X110.551 Y113.465 E1106.07273
G0 F9000 X110.758 Y113.874
G1 F6000 X108.556 Y114.464 E1106.11065
G0 F9000 X108.556 Y114.305
G0 X110.872 Y114.336
G0 X110.935 Y114.464
G1 F6000 X110.978 Y114.303 E1106.11342
G0 F9000 X110.835 Y114.375
G0 X105.978 Y114.377
G0 X105.978 Y116.746
G0 X114.355 Y116.746
G0 X114.365 Y115.793
G0 X113.113 Y113.21
G0 X112.969 Y113.282
G1 F6000 X119.658 Y111.489 E1106.22858
G0 F9000 X119.5 Y111.489
G0 X119.5 Y109.844
G0 X119.659 Y109.844
G1 F6000 X114.448 Y104.634 E1106.35113
G0 F9000 X114.612 Y104.634
G0 X114.54 Y103.579
G0 X113.481 Y103.507
G0 X113.481 Y103.666
G1 F6000 X110.154 Y100.339 E1106.42937
G0 F9000 X110.154 Y100.5
G0 X111.614 Y100.5
G0 X111.614 Y100.338
G1 F6000 X110.722 Y103.669 E1106.48672
G0 F9000 X110.722 Y103.507
G0 X109.241 Y103.507
G0 X109.241 Y103.669
G1 F6000 X105.911 Y100.339 E1106.56503
G0 F9000 X105.402 Y100.339
G1 F6000 X100.34 Y119.232 E1106.89031
G0 F9000 X100.764 Y119.658
G1 F6000 X111.979 Y116.653 E1107.08339
G0 F9000 X111.979 Y116.818
G0 X112.353 Y119.5
G0 X112.353 Y119.659
G1 F6000 X119.658 Y117.701 E1107.20916
G0 F9000 X119.659 Y118.33
G1 F6000 X111.249 Y109.919 E1107.40697
G0 F9000 X111.571 Y110.551
G1 F6000 X119.659 Y108.384 E1107.54621
G0 F9000 X119.5 Y108.384
G0 X119.5 Y105.602
G0 X119.659 Y105.602
G1 F6000 X114.397 Y100.339 E1107.66998
G0 F9000 X114.397 Y100.5
G0 X114.54 Y103.579
G0 X114.54 Y105.948
G0 X113.241 Y106.02
G0 X113.241 Y105.859
G1 F6000 X111.842 Y111.077 E1107.75982
G0 F9000 X111.985 Y111.005
G0 X114.54 Y105.948
G0 X114.54 Y103.579
G0 X105.894 Y103.579
G0 X105.884 Y104.532
G0 X107.829 Y108.48
G0 X107.971 Y108.409
G1 F6000 X100.339 Y110.454 E1107.89122
G0 F9000 X100.5 Y110.454
G0 X100.5 Y107.348
G0 X100.339 Y107.348
G1 F6000 X106.577 Y105.677 E1107.99861
G0 F9000 X106.905 Y106.321
G1 F6000 X103.332 Y119.658 E1108.22823
G0 F9000 X104.016 Y119.658
G1 F6000 X100.34 Y115.981 E1108.3147
G0 F9000 X100.34 Y116.666
G1 F6000 X106.066 Y115.132 E1108.41328
G0 F9000 X105.906 Y115.132
G0 X105.978 Y116.746
G0 X107.242 Y116.818
G0 X107.242 Y116.656
G1 F6000 X106.437 Y119.659 E1108.46498
G0 F9000 X106.437 Y119.5
G0 X118.86 Y119.5
G0 X118.86 Y119.659
G1 F6000 X119.659 Y116.68 E1108.51627
G0 F9000 X119.5 Y116.68
G0 X114.54 Y103.579
G0 X107.615 Y103.507
G0 X107.615 Y103.671
G1 F6000 X108.508 Y100.339 E1108.57364
G0 F9000 X108.508 Y100.5
G0 X105.894 Y103.579
G0 X105.886 Y104.351
G0 X105.989 Y104.873
G0 X106.131 Y104.802
G1 F6000 X101.669 Y100.339 E1108.67859
G0 F9000 X101.669 Y100.5
G0 X105.978 Y116.746
G0 X114.137 Y116.818
G0 X114.137 Y116.533
;TYPE:WALL-INNER
G1 F1500 X113.979 Y116.614 E1108.68154
G1 X106.317 Y116.618 E1108.80896
G1 X106.187 Y116.524 E1108.81163
G1 X106.109 Y116.362 E1108.81462
G1 X106.106 Y114.752 E1108.8414
G1 X106.229 Y114.562 E1108.84516
G1 X106.352 Y114.505 E1108.84742
G1 X111.127 Y114.505 E1108.92682
G1 X106.022 Y104.499 E1109.11363
G1 X106.022 Y103.954 E1109.12269
G1 X106.119 Y103.785 E1109.12593
G1 X106.27 Y103.711 E1109.12873
G1 X114.184 Y103.707 E1109.26034
G1 X114.303 Y103.774 E1109.26261
G1 X114.412 Y103.932 E1109.2658
G1 X114.412 Y105.577 E1109.29316
G1 X114.27 Y105.776 E1109.29723
G1 X114.169 Y105.815 E1109.29903
G1 X109.105 Y105.82 E1109.38324
G1 X114.228 Y115.825 E1109.57017
G1 X114.228 Y116.359 E1109.57905
G1 X114.137 Y116.533 E1109.58231
G0 F9000 X114.137 Y116.818
G0 X119.53 Y119.53
G0 X119.7 Y119.7
G1 F1500 X119.7 Y100.3 E1109.90494
G1 X100.3 Y100.3 E1110.22756
G1 X100.301 Y119.699 E1110.55017
G1 X119.7 Y119.7 E1110.87277
G0 F9000 X119.9 Y119.9
;TYPE:WALL-OUTER
G1 F1500 X119.9 Y100.1 E1111.20205
G1 X100.1 Y100.1 E1111.53133
G1 X100.101 Y119.899 E1111.86058
G1 X119.9 Y119.9 E1112.18984
G0 F9000 X119.9 Y119.7
G1 F1500 E1105.68984
G0 F9000 X119.53 Y119.53
G0 X113.945 Y116.818
G0 X113.945 Y116.417
G1 F1500 E1112.18984
G1 X106.375 Y116.418 E1112.31573
G1 X106.307 Y116.333 E1112.31754
G1 X106.309 Y114.779 E1112.34339
G1 X106.382 Y114.707 E1112.34509
G1 X111.453 Y114.705 E1112.42942
G1 X106.223 Y104.443 E1112.62097
G1 X106.225 Y103.982 E1112.62863
G1 X106.304 Y103.908 E1112.63043
G1 X114.147 Y103.913 E1112.76086
G1 X114.207 Y103.974 E1112.76228
G1 X114.209 Y105.548 E1112.78846
G1 X114.131 Y105.619 E1112.79021
G1 X108.778 Y105.62 E1112.87923
G1 X114.025 Y115.874 E1113.07079
G1 X114.028 Y116.318 E1113.07817
G1 X113.945 Y116.417 E1113.08032
G0 F9000 X113.745 Y116.417
G0 X113.745 Y116.918
;MESH:NONMESH
G0 F300 X113.745 Y116.918 Z18.5
G0 F9000 X105.978 Y116.746
G0 X100.5 Y101.283
G0 X100.34 Y101.283
;TIME_ELAPSED:2634.222360
;LAYER:91
;TYPE:FILL
;MESH:xyzCalibration_cube.stl
G1 F6000 X103.863 Y100.339 E1113.14098
G0 F9000 X103.863 Y100.5
G0 X105.256 Y100.5
G0 X105.256 Y100.339
G1 F6000 X100.34 Y118.688 E1113.45688
G0 F9000 X100.5 Y118.688
G0 X101.308 Y119.5
G0 X101.308 Y119.658
G1 F6000 X112.525 Y116.653 E1113.65
G0 F9000 X113.309 Y116.652
G1 F6000 X112.503 Y119.659 E1113.70177
G0 F9000 X112.702 Y119.658
G1 F6000 X109.699 Y116.655 E1113.7724
G0 F9000 X110.202 Y116.654
G1 F6000 X109.397 Y119.659 E1113.82413
G0 F9000 X108.458 Y119.658
G1 F6000 X100.34 Y111.539 E1114.01507
G0 F9000 X100.34 Y110.6
G1 F6000 X108.037 Y108.538 E1114.14758
G0 F9000 X107.894 Y108.61
G0 X108.703 Y110.196
G0 X108.846 Y110.124
G1 F6000 X107.683 Y114.464 E1114.2223
G0 F9000 X107.507 Y114.463
G1 F6000 X100.339 Y107.296 E1114.39087
G0 F9000 X100.339 Y107.099
G1 F6000 X102.15 Y100.339 E1114.50726
G0 F9000 X101.868 Y100.339
G1 F6000 X105.986 Y104.458 E1114.60412
G0 F9000 X105.822 Y104.458
G0 X106.5 Y105.877
G0 X106.643 Y105.805
G1 F6000 X100.34 Y107.494 E1114.71263
G0 F9000 X100.5 Y107.494
G0 X100.5 Y104.389
G0 X100.339 Y104.389
G1 F6000 X115.452 Y100.339 E1114.97283
G0 F9000 X114.596 Y100.339
G1 F6000 X119.659 Y105.402 E1115.09191
G1 X119.659 Y105.424
G1 X110.239 Y107.948 E1115.25409
G0 F9000 X110.383 Y107.876
G0 X109.851 Y106.836
G0 X109.708 Y106.908
G1 F6000 X109.989 Y105.859 E1115.27215
G0 F9000 X109.989 Y106.02
G0 X111.631 Y106.02
G0 X111.631 Y105.86
G1 F6000 X119.659 Y113.888 E1115.46095
G0 F9000 X119.658 Y114.741
G1 F6000 X114.264 Y116.187 E1115.55382
G0 F9000 X113.938 Y116.652
G1 F6000 X116.944 Y119.658 E1115.62452
G0 F9000 X116.944 Y119.5
G0 X115.609 Y119.5
G0 X115.609 Y119.659
G1 F6000 X119.659 Y104.543 E1115.88477
G0 F9000 X119.5 Y104.543
G0 X119.5 Y102.318
G0 X119.658 Y102.318
G1 F6000 X114.326 Y103.747 E1115.97657
G0 F9000 X113.682 Y103.667
G1 F6000 X114.574 Y100.339 E1116.03387
G0 F9000 X114.574 Y100.5
G0 X111.468 Y100.5
G0 X111.468 Y100.339
G1 F6000 X110.576 Y103.669 E1116.0912
G0 F9000 X110.576 Y103.507
G0 X109.441 Y103.507
G0 X109.441 Y103.669
G1 F6000 X106.111 Y100.339 E1116.16951
G0 F9000 X106.111 Y100.5
G0 X108.362 Y100.5
G0 X108.362 Y100.339
G1 F6000 X107.469 Y103.671 E1116.22688
G0 F9000 X107.469 Y103.507
G0 X105.894 Y103.579
G0 X105.884 Y104.532
G0 X106.667 Y106.204
G0 X106.81 Y106.132
G1 F6000 X103.186 Y119.658 E1116.45975
G0 F9000 X103.186 Y119.5
G0 X104.216 Y119.5
G0 X104.216 Y119.658
G1 F6000 X100.34 Y115.782 E1116.55091
G0 F9000 X100.5 Y115.782
G0 X100.5 Y116.812
G0 X100.34 Y116.812
G1 F6000 X106.066 Y115.278 E1116.64949
G0 F9000 X105.906 Y115.278
G0 X105.978 Y116.746
G0 X107.096 Y116.818
G0 X107.096 Y116.656
G1 F6000 X106.291 Y119.658 E1116.70118
G0 F9000 X106.291 Y119.5
G0 X105.978 Y116.746
G0 X105.978 Y114.377
G0 X109.101 Y114.305
G0 X109.101 Y114.464
G1 F6000 X110.825 Y114.002 E1116.73086
G0 F9000 X110.882 Y114.116
G1 F6000 X110.789 Y114.464 E1116.73685
G0 F9000 X110.789 Y114.305
G0 X110.2 Y113.129
G0 X110.344 Y113.057
G1 F6000 X100.339 Y103.053 E1116.97214
G0 F9000 X100.5 Y103.053
G0 X110.353 Y100.5
G0 X110.353 Y100.339
G1 F6000 X113.68 Y103.666 E1117.05039
G0 F9000 X113.68 Y103.507
G0 X114.54 Y103.579
G0 X114.612 Y104.435
G0 X114.449 Y104.435
G1 F6000 X119.659 Y109.645 E1117.17292
G0 F9000 X119.5 Y109.645
G0 X119.5 Y108.53
G0 X119.658 Y108.53
G1 F6000 X111.637 Y110.679 E1117.31101
G0 F9000 X111.747 Y110.89
G1 F6000 X113.095 Y105.859 E1117.39763
G0 F9000 X113.095 Y106.02
G0 X111.183 Y109.439
G0 X111.039 Y109.511
G1 F6000 X119.659 Y118.13 E1117.60035
G0 F9000 X119.658 Y117.847
G1 F6000 X112.897 Y119.659 E1117.71675
G0 F9000 X112.897 Y119.5
G0 X114.355 Y116.746
G0 X114.364 Y115.888
G0 X113.927 Y114.801
G0 X113.785 Y114.873
G1 F6000 X117.68 Y100.338 E1117.967
G0 F9000 X117.68 Y100.5
G0 X118.839 Y100.5
G0 X118.839 Y100.339
G1 F6000 X119.659 Y101.16 E1117.98629
G0 F9000 X119.5 Y101.16
G0 X119.5 Y111.635
G0 X119.658 Y111.635
G1 F6000 X113.036 Y113.41 E1118.10031
G0 F9000 X113.179 Y113.338
G0 X114.365 Y115.793
G0 X114.355 Y116.746
G0 X105.978 Y116.746
G0 X105.978 Y114.377
G0 X109.288 Y111.341
G0 X109.43 Y111.27
G1 F6000 X100.34 Y113.706 E1118.25681
G0 F9000 X100.5 Y113.706
G0 X105.978 Y116.746
G0 X118.714 Y119.5
G0 X118.714 Y119.659
G1 F6000 X119.659 Y116.136 E1118.31747
G0 F9000 X119.5 Y116.136
G0 X119.53 Y119.53
G0 X119.7 Y119.7
;TYPE:WALL-INNER
G1 F1500 X119.7 Y100.3 E1118.64009
G1 X100.3 Y100.3 E1118.96271
G1 X100.301 Y119.699 E1119.28532
G1 X119.7 Y119.7 E1119.60793
G0 F9000 X119.53 Y119.53
G0 X114.137 Y116.818
G0 X114.137 Y116.533
G1 F1500 X113.979 Y116.614 E1119.61088
G1 X106.317 Y116.618 E1119.7383
G1 X106.187 Y116.524 E1119.74097
G1 X106.109 Y116.362 E1119.74396
G1 X106.106 Y114.752 E1119.77073
G1 X106.229 Y114.562 E1119.77449
G1 X106.352 Y114.505 E1119.77675
G1 X111.127 Y114.505 E1119.85616
G1 X106.022 Y104.499 E1120.04296
G1 X106.022 Y103.954 E1120.05203
G1 X106.119 Y103.785 E1120.05527
G1 X106.27 Y103.711 E1120.05806
G1 X114.184 Y103.707 E1120.18967
G1 X114.303 Y103.774 E1120.19195
G1 X114.412 Y103.932 E1120.19514
G1 X114.412 Y105.577 E1120.22249
G1 X114.27 Y105.776 E1120.22656
G1 X114.169 Y105.815 E1120.22836
G1 X109.105 Y105.82 E1120.31257
G1 X114.228 Y115.825 E1120.4995
G1 X114.228 Y116.359 E1120.50838
G1 X114.137 Y116.533 E1120.51165
G0 F9000 X113.945 Y116.417
;TYPE:WALL-OUTER
G1 F1500 X106.375 Y116.418 E1120.63754
G1 X106.307 Y116.333 E1120.63935
G1 X106.309 Y114.779 E1120.66519
G1 X106.382 Y114.707 E1120.6669
G1 X111.453 Y114.705 E1120.75123
G1 X106.223 Y104.443 E1120.94277
G1 X106.225 Y103.982 E1120.95044
G1 X106.304 Y103.908 E1120.95224
G1 X114.147 Y103.913 E1121.08267
G1 X114.207 Y103.974 E1121.08409
G1 X114.209 Y105.548 E1121.11027
G1 X114.131 Y105.619 E1121.11202
G1 X108.778 Y105.62 E1121.20104
G1 X114.025 Y115.874 E1121.39259
G1 X114.028 Y116.318 E1121.39998
G1 X113.945 Y116.417 E1121.40213
G0 F9000 X113.745 Y116.417
G1 F1500 E1114.90213
G0 F9000 X113.745 Y116.818
G0 X119.73 Y119.73
G0 X119.9 Y119.9
G1 F1500 E1121.40213
G1 X119.9 Y100.1 E1121.7314
G1 X100.1 Y100.1 E1122.06068
G1 X100.101 Y119.899 E1122.38994
G1 X119.9 Y119.9 E1122.71919
G0 F9000 X119.9 Y119.7
G0 X119.4 Y119.459
G1 F1500 E1116.21919
;MESH:NONMESH
G0 F300 X119.4 Y119.459 Z18.7
G0 F9000 X105.978 Y116.746
G0 X100.5 Y101.429
G0 X100.339 Y101.429
;TIME_ELAPSED:2662.203173
;LAYER:92
;TYPE:FILL
;MESH:xyzCalibration_cube.stl
G1 F1500 E1122.71919
G1 F6000 X104.408 Y100.339 E1122.78925
G0 F9000 X105.111 Y100.338
G1 F6000 X100.34 Y118.143 E1123.09579
G0 F9000 X100.5 Y118.143
G0 X100.5 Y116.958
G0 X100.34 Y116.958
G1 F6000 X106.067 Y115.423 E1123.19439
G0 F9000 X105.906 Y115.423
G0 X105.978 Y116.746
G0 X106.95 Y116.818
G0 X106.95 Y116.656
G1 F6000 X106.145 Y119.658 E1123.24608
G0 F9000 X106.145 Y119.5
G0 X104.415 Y119.5
G0 X104.415 Y119.658
G1 F6000 X100.34 Y115.582 E1123.34193
G0 F9000 X100.5 Y115.582
G0 X100.5 Y113.852
G0 X100.34 Y113.852
G1 F6000 X109.497 Y111.398 E1123.49959
G0 F9000 X109.354 Y111.47
G0 X109.992 Y112.722
G0 X110.136 Y112.65
G1 F6000 X100.339 Y102.854 E1123.72998
G0 F9000 X100.5 Y102.854
G0 X100.5 Y104.534
G0 X100.34 Y104.534
G1 F6000 X115.997 Y100.339 E1123.99955
G0 F9000 X115.997 Y100.5
G0 X114.795 Y100.5
G0 X114.795 Y100.339
G1 F6000 X119.659 Y105.203 E1124.11394
G0 F9000 X119.658 Y105.57
G1 F6000 X110.304 Y108.076 E1124.27498
G0 F9000 X110.448 Y108.003
G0 X110.974 Y109.03
G0 X110.83 Y109.102
G1 F6000 X119.659 Y117.931 E1124.48263
G1 X119.659 Y117.993
G1 X113.443 Y119.658 E1124.58964
G0 F9000 X112.901 Y119.658
G1 F6000 X109.898 Y116.655 E1124.66027
G0 F9000 X110.056 Y116.654
G1 F6000 X109.251 Y119.659 E1124.71201
G0 F9000 X108.658 Y119.658
G1 F6000 X100.34 Y111.34 E1124.90763
G0 F9000 X100.34 Y110.746
G1 F6000 X108.103 Y108.666 E1125.04128
G0 F9000 X107.96 Y108.738
G0 X108.608 Y110.008
G0 X108.75 Y109.936
G1 F6000 X107.537 Y114.464 E1125.11924
G0 F9000 X107.706 Y114.463
G1 F6000 X100.339 Y107.096 E1125.2925
G0 F9000 X100.339 Y106.554
G1 F6000 X102.005 Y100.338 E1125.39952
G1 X102.068 Y100.339
G1 X105.983 Y104.255 E1125.49161
G0 F9000 X105.822 Y104.255
G0 X105.894 Y103.579
G0 X107.323 Y103.507
G0 X107.323 Y103.67
G1 F6000 X108.216 Y100.338 E1125.54898
G0 F9000 X108.216 Y100.5
G0 X106.31 Y100.5
G0 X106.31 Y100.339
G1 F6000 X109.64 Y103.669 E1125.62729
G0 F9000 X110.43 Y103.669
G1 F6000 X111.322 Y100.339 E1125.68462
G0 F9000 X110.553 Y100.339
G1 F6000 X113.88 Y103.666 E1125.76287
G0 F9000 X113.536 Y103.667
G1 F6000 X114.428 Y100.339 E1125.82017
G0 F9000 X114.428 Y100.5
G0 X117.534 Y100.5
G0 X117.534 Y100.339
G1 F6000 X113.689 Y114.685 E1126.06716
G0 F9000 X113.831 Y114.614
G0 X113.244 Y113.466
G0 X113.101 Y113.538
G1 F6000 X119.658 Y111.781 E1126.18005
G0 F9000 X119.5 Y111.781
G0 X119.5 Y113.688
G0 X119.659 Y113.688
G1 F6000 X111.831 Y105.86 E1126.36416
G0 F9000 X111.831 Y106.02
G0 X112.949 Y106.02
G0 X112.949 Y105.859
G1 F6000 X111.651 Y110.703 E1126.44755
G0 F9000 X111.703 Y110.807
G1 F6000 X119.658 Y108.676 E1126.58451
G0 F9000 X119.659 Y109.445
G1 F6000 X114.45 Y104.236 E1126.70702
G0 F9000 X114.412 Y103.87
G1 F6000 X119.659 Y102.464 E1126.79735
G0 F9000 X119.5 Y102.464
G0 X119.5 Y100.96
G0 X119.659 Y100.96
G1 F6000 X119.038 Y100.339 E1126.81196
G0 F9000 X119.038 Y100.5
G0 X119.5 Y103.998
G0 X119.659 Y103.998
G1 F6000 X115.463 Y119.659 E1127.08159
G0 F9000 X115.463 Y119.5
G0 X117.144 Y119.5
G0 X117.144 Y119.658
G1 F6000 X114.085 Y116.599 E1127.15353
G0 F9000 X114.262 Y116.333
G1 F6000 X119.658 Y114.887 E1127.24643
G0 F9000 X119.659 Y115.59
G1 F6000 X118.568 Y119.66 E1127.31651
G0 F9000 X118.568 Y119.5
G0 X113.163 Y116.818
G0 X113.163 Y116.652
G1 F6000 X112.357 Y119.659 E1127.36828
G0 F9000 X112.357 Y119.5
G0 X113.071 Y116.818
G0 X113.071 Y116.652
G1 F6000 X101.853 Y119.658 E1127.56142
G0 F9000 X101.853 Y119.5
G0 X103.039 Y119.5
G0 X103.039 Y119.658
G1 F6000 X106.714 Y105.945 E1127.79751
G1 X106.709 Y105.934
G1 X100.34 Y107.64 E1127.90716
G0 F9000 X100.5 Y107.64
G0 X105.894 Y103.579
G0 X114.54 Y103.579
G0 X114.54 Y105.948
G0 X109.756 Y106.65
G0 X109.612 Y106.722
G1 F6000 X109.843 Y105.858 E1127.92204
G0 F9000 X109.843 Y106.02
G0 X114.365 Y115.793
G0 X114.355 Y116.746
G0 X105.978 Y116.746
G0 X105.978 Y114.377
G0 X110.644 Y113.999
G0 X110.787 Y113.927
G1 F6000 X110.643 Y114.463 E1127.93127
G0 F9000 X110.89 Y114.131
G1 F6000 X109.645 Y114.464 E1127.9527
G0 F9000 X109.645 Y114.305
G0 X105.978 Y114.377
G0 X105.978 Y116.746
G0 X114.137 Y116.818
G0 X114.137 Y116.533
;TYPE:WALL-INNER
G1 F1500 X113.979 Y116.614 E1127.95565
G1 X106.317 Y116.618 E1128.08307
G1 X106.187 Y116.524 E1128.08574
G1 X106.109 Y116.362 E1128.08873
G1 X106.106 Y114.752 E1128.1155
G1 X106.229 Y114.562 E1128.11927
G1 X106.352 Y114.505 E1128.12152
G1 X111.127 Y114.505 E1128.20093
G1 X106.022 Y104.499 E1128.38774
G1 X106.022 Y103.954 E1128.3968
G1 X106.119 Y103.785 E1128.40004
G1 X106.27 Y103.711 E1128.40284
G1 X114.184 Y103.707 E1128.53445
G1 X114.303 Y103.774 E1128.53672
G1 X114.412 Y103.932 E1128.53991
G1 X114.412 Y105.577 E1128.56727
G1 X114.27 Y105.776 E1128.57133
G1 X114.169 Y105.815 E1128.57313
G1 X109.105 Y105.82 E1128.65735
G1 X114.228 Y115.825 E1128.84427
G1 X114.228 Y116.359 E1128.85316
G1 X114.137 Y116.533 E1128.85642
G0 F9000 X114.137 Y116.818
G0 X119.53 Y119.53
G0 X119.7 Y119.7
G1 F1500 X119.7 Y100.3 E1129.17904
G1 X100.3 Y100.3 E1129.50167
G1 X100.301 Y119.699 E1129.82427
G1 X119.7 Y119.7 E1130.14688
G0 F9000 X119.9 Y119.9
;TYPE:WALL-OUTER
G1 F1500 X119.9 Y100.1 E1130.47616
G1 X100.1 Y100.1 E1130.80543
G1 X100.101 Y119.899 E1131.13469
G1 X119.9 Y119.9 E1131.46395
G0 F9000 X119.9 Y119.7
G1 F1500 E1124.96395
G0 F9000 X119.53 Y119.53
G0 X113.945 Y116.818
G0 X113.945 Y116.417
G1 F1500 E1131.46395
G1 X106.375 Y116.418 E1131.58984
G1 X106.307 Y116.333 E1131.59165
G1 X106.309 Y114.779 E1131.61749
G1 X106.382 Y114.707 E1131.6192
G1 X111.453 Y114.705 E1131.70353
G1 X106.223 Y104.443 E1131.89507
G1 X106.225 Y103.982 E1131.90274
G1 X106.304 Y103.908 E1131.90454
G1 X114.147 Y103.913 E1132.03497
G1 X114.207 Y103.974 E1132.03639
G1 X114.209 Y105.548 E1132.06257
G1 X114.131 Y105.619 E1132.06432
G1 X108.778 Y105.62 E1132.15334
G1 X114.025 Y115.874 E1132.34489
G1 X114.028 Y116.318 E1132.35228
G1 X113.945 Y116.417 E1132.35443
G0 F9000 X113.745 Y116.417
G0 X113.745 Y116.918
;MESH:NONMESH
G0 F300 X113.745 Y116.918 Z18.9
G0 F9000 X105.978 Y116.746
G0 X100.5 Y101.576
G0 X100.339 Y101.576
;TIME_ELAPSED:2689.695226
;LAYER:93
;TYPE:FILL
;MESH:xyzCalibration_cube.stl
G1 F6000 X104.956 Y100.339 E1132.43392
G1 X104.964 Y100.338
G1 X100.34 Y117.594 E1132.73101
G0 F9000 X100.34 Y117.105
G1 F6000 X106.067 Y115.57 E1132.82961
G0 F9000 X105.906 Y115.57
G0 X105.978 Y116.746
G0 X106.803 Y116.818
G0 X106.803 Y116.656
G1 F6000 X105.998 Y119.658 E1132.8813
G0 F9000 X105.998 Y119.5
G0 X104.616 Y119.5
G0 X104.616 Y119.658
G1 F6000 X100.34 Y115.382 E1132.98186
G0 F9000 X100.5 Y115.382
G0 X100.5 Y113.999
G0 X100.34 Y113.999
G1 F6000 X109.562 Y111.528 E1133.14063
G0 F9000 X109.926 Y112.24
G1 F6000 X100.339 Y102.653 E1133.36611
G0 F9000 X100.5 Y102.653
G0 X100.5 Y104.682
G0 X100.339 Y104.682
G1 F6000 X116.546 Y100.339 E1133.64514
G0 F9000 X117.387 Y100.339
G1 F6000 X113.593 Y114.497 E1133.88889
G0 F9000 X113.167 Y113.668
G1 F6000 X119.658 Y111.928 E1134.00065
G0 F9000 X119.5 Y111.928
G0 X119.5 Y113.487
G0 X119.659 Y113.487
G1 F6000 X112.031 Y105.86 E1134.18004
G0 F9000 X112.802 Y105.859
G1 F6000 X111.554 Y110.515 E1134.2602
G0 F9000 X111.769 Y110.937
G1 F6000 X119.658 Y108.823 E1134.39603
G0 F9000 X119.659 Y109.245
G1 F6000 X114.45 Y104.036 E1134.51853
G1 X114.451 Y104.006
G1 X119.659 Y102.611 E1134.6082
G0 F9000 X119.659 Y103.45
G1 F6000 X115.316 Y119.659 E1134.88726
G0 F9000 X115.316 Y119.5
G0 X113.991 Y119.5
G0 X113.991 Y119.659
G1 F6000 X119.659 Y118.14 E1134.98485
G0 F9000 X119.659 Y117.73
G1 F6000 X110.619 Y108.69 E1135.19745
G0 F9000 X110.371 Y108.205
G1 F6000 X119.658 Y105.717 E1135.35734
G0 F9000 X119.659 Y105.002
G1 F6000 X114.996 Y100.339 E1135.46701
G0 F9000 X114.281 Y100.339
G1 F6000 X113.389 Y103.667 E1135.52431
G0 F9000 X114.081 Y103.666
G1 F6000 X110.754 Y100.339 E1135.60255
G0 F9000 X111.175 Y100.339
G1 F6000 X110.283 Y103.669 E1135.65988
G0 F9000 X109.84 Y103.668
G1 F6000 X106.511 Y100.339 E1135.73818
G0 F9000 X106.511 Y100.5
G0 X108.069 Y100.5
G0 X108.069 Y100.339
G1 F6000 X107.176 Y103.671 E1135.79554
G0 F9000 X107.176 Y103.507
G0 X105.894 Y103.579
G0 X105.822 Y104.052
G0 X105.981 Y104.052
G1 F6000 X102.268 Y100.339 E1135.88287
G0 F9000 X101.858 Y100.338
G1 F6000 X100.339 Y106.005 E1135.98044
G0 F9000 X100.339 Y106.896
G1 F6000 X107.907 Y114.463 E1136.15841
G0 F9000 X107.39 Y114.465
G1 F6000 X108.654 Y109.748 E1136.23962
G0 F9000 X108.512 Y109.819
G0 X108.026 Y108.867
G0 X108.169 Y108.795
G1 F6000 X100.34 Y110.893 E1136.37442
G0 F9000 X100.34 Y111.139
G1 F6000 X108.859 Y119.658 E1136.57477
G0 F9000 X109.104 Y119.659
G1 F6000 X109.909 Y116.654 E1136.6265
G0 F9000 X110.099 Y116.655
G1 F6000 X113.102 Y119.658 E1136.69713
G0 F9000 X112.21 Y119.659
G1 F6000 X113.016 Y116.652 E1136.7489
G0 F9000 X113.621 Y116.652
G1 F6000 X102.402 Y119.658 E1136.94206
G0 F9000 X102.892 Y119.658
G1 F6000 X106.618 Y105.756 E1137.18141
G0 F9000 X106.775 Y106.063
G1 F6000 X100.34 Y107.787 E1137.2922
G0 F9000 X100.5 Y107.787
G0 X105.894 Y103.579
G0 X114.54 Y103.579
G0 X114.54 Y105.948
G0 X109.659 Y106.46
G0 X109.515 Y106.532
G1 F6000 X109.696 Y105.858 E1137.3038
G0 F9000 X109.696 Y106.02
G0 X114.365 Y115.793
G0 X114.355 Y116.746
G0 X105.978 Y116.746
G0 X105.978 Y114.377
G0 X110.548 Y113.811
G0 X110.69 Y113.739
G1 F6000 X110.496 Y114.464 E1137.31628
G0 F9000 X110.194 Y114.464
G1 F6000 X110.956 Y114.26 E1137.3294
G0 F9000 X110.813 Y114.332
G0 X105.978 Y114.377
G0 X105.978 Y116.746
G0 X114.355 Y116.746
G0 X114.427 Y116.498
G0 X114.194 Y116.498
G1 F6000 X119.658 Y115.034 E1137.42347
G1 X119.659 Y115.042
G1 X118.421 Y119.66 E1137.50298
G0 F9000 X118.421 Y119.5
G0 X117.345 Y119.5
G0 X117.345 Y119.658
G1 F6000 X114.191 Y116.505 E1137.57715
G0 F9000 X114.427 Y116.505
G0 X100.47 Y119.53
G0 X100.373 Y119.658
G1 F6000 X100.34 Y119.624 E1137.57794
G1 F1500 E1131.07794
G0 F9000 X100.47 Y119.53
G0 X105.894 Y103.579
G0 X119.239 Y100.5
G0 X119.239 Y100.339
G1 F1500 E1137.57794
G1 F6000 X119.659 Y100.759 E1137.58781
G0 F9000 X119.5 Y100.759
G0 X114.355 Y116.746
G0 X114.137 Y116.533
;TYPE:WALL-INNER
G1 F1500 X113.979 Y116.614 E1137.59077
G1 X106.317 Y116.618 E1137.71819
G1 X106.187 Y116.524 E1137.72085
G1 X106.109 Y116.362 E1137.72384
G1 X106.106 Y114.752 E1137.75062
G1 X106.229 Y114.562 E1137.75438
G1 X106.352 Y114.505 E1137.75664
G1 X111.127 Y114.505 E1137.83604
G1 X106.022 Y104.499 E1138.02285
G1 X106.022 Y103.954 E1138.03191
G1 X106.119 Y103.785 E1138.03515
G1 X106.27 Y103.711 E1138.03795
G1 X114.184 Y103.707 E1138.16956
G1 X114.303 Y103.774 E1138.17183
G1 X114.412 Y103.932 E1138.17502
G1 X114.412 Y105.577 E1138.20238
G1 X114.27 Y105.776 E1138.20645
G1 X114.169 Y105.815 E1138.20825
G1 X109.105 Y105.82 E1138.29246
G1 X114.228 Y115.825 E1138.47939
G1 X114.228 Y116.359 E1138.48827
G1 X114.137 Y116.533 E1138.49154
G0 F9000 X114.137 Y116.818
G0 X119.53 Y119.53
G0 X119.7 Y119.7
G1 F1500 X119.7 Y100.3 E1138.81416
G1 X100.3 Y100.3 E1139.13678
G1 X100.301 Y119.699 E1139.45939
G1 X119.7 Y119.7 E1139.782
G0 F9000 X119.9 Y119.9
;TYPE:WALL-OUTER
G1 F1500 X119.9 Y100.1 E1140.11127
G1 X100.1 Y100.1 E1140.44055
G1 X100.101 Y119.899 E1140.7698
G1 X119.9 Y119.9 E1141.09906
G0 F9000 X119.9 Y119.7
G1 F1500 E1134.59906
G0 F9000 X119.53 Y119.53
G0 X113.945 Y116.818
G0 X113.945 Y116.417
G1 F1500 E1141.09906
G1 X106.375 Y116.418 E1141.22495
G1 X106.307 Y116.333 E1141.22676
G1 X106.309 Y114.779 E1141.25261
G1 X106.382 Y114.707 E1141.25431
G1 X111.453 Y114.705 E1141.33864
G1 X106.223 Y104.443 E1141.53019
G1 X106.225 Y103.982 E1141.53785
G1 X106.304 Y103.908 E1141.53965
G1 X114.147 Y103.913 E1141.67008
G1 X114.207 Y103.974 E1141.67151
G1 X114.209 Y105.548 E1141.69768
G1 X114.131 Y105.619 E1141.69944
G1 X108.778 Y105.62 E1141.78846
G1 X114.025 Y115.874 E1141.98001
G1 X114.028 Y116.318 E1141.98739
G1 X113.945 Y116.417 E1141.98954
G0 F9000 X113.745 Y116.417
G0 X113.745 Y116.918
;MESH:NONMESH
G0 F300 X113.745 Y116.918 Z19.1
G0 F9000 X114.137 Y116.533
;TIME_ELAPSED:2717.212310
;LAYER:94
;TYPE:WALL-INNER
;MESH:xyzCalibration_cube.stl
G1 F1500 X113.979 Y116.614 E1141.99249
G1 X106.317 Y116.618 E1142.11991
G1 X106.187 Y116.524 E1142.12258
G1 X106.109 Y116.362 E1142.12557
G1 X106.106 Y114.752 E1142.15235
G1 X106.229 Y114.562 E1142.15611
G1 X106.352 Y114.505 E1142.15836
G1 X111.127 Y114.505 E1142.23777
G1 X106.022 Y104.499 E1142.42458
G1 X106.022 Y103.954 E1142.43364
G1 X106.119 Y103.785 E1142.43688
G1 X106.27 Y103.711 E1142.43968
G1 X114.184 Y103.707 E1142.57129
G1 X114.303 Y103.774 E1142.57356
G1 X114.412 Y103.932 E1142.57675
G1 X114.412 Y105.577 E1142.60411
G1 X114.27 Y105.776 E1142.60818
G1 X114.169 Y105.815 E1142.60998
G1 X109.105 Y105.82 E1142.69419
G1 X114.228 Y115.825 E1142.88112
G1 X114.228 Y116.359 E1142.89
G1 X114.137 Y116.533 E1142.89326
G1 F1500 E1136.39326
G0 F9000 X114.197 Y116.588
G0 X114.191 Y119.619
G0 X119.7 Y119.7
G1 F1500 E1142.89326
G1 X119.7 Y100.3 E1143.21589
G1 X100.3 Y100.3 E1143.53851
G1 X100.301 Y119.699 E1143.86112
G1 X119.7 Y119.7 E1144.18372
G0 F9000 X119.9 Y119.9
;TYPE:WALL-OUTER
G1 F1500 X119.9 Y100.1 E1144.513
G1 X100.1 Y100.1 E1144.84227
G1 X100.101 Y119.899 E1145.17153
G1 X119.9 Y119.9 E1145.50079
G0 F9000 X119.9 Y119.7
G1 F1500 E1139.00079
G0 F9000 X119.7 Y119.7
G0 X113.943 Y119.619
G0 X113.942 Y116.713
G0 X113.945 Y116.417
G1 F1500 E1145.50079
G1 X106.375 Y116.418 E1145.62668
G1 X106.307 Y116.333 E1145.62849
G1 X106.309 Y114.779 E1145.65433
G1 X106.382 Y114.707 E1145.65604
G1 X111.453 Y114.705 E1145.74037
G1 X106.223 Y104.443 E1145.93191
G1 X106.225 Y103.982 E1145.93958
G1 X106.304 Y103.908 E1145.94138
G1 X114.147 Y103.913 E1146.07181
G1 X114.207 Y103.974 E1146.07323
G1 X114.209 Y105.548 E1146.09941
G1 X114.131 Y105.619 E1146.10116
G1 X108.778 Y105.62 E1146.19018
G1 X114.025 Y115.874 E1146.38174
G1 X114.028 Y116.318 E1146.38912
G1 X113.945 Y116.417 E1146.39127
G0 F9000 X113.745 Y116.417
G1 F1500 E1139.89127
G0 F9000 X113.745 Y116.618
G0 X106.206 Y116.518
G0 X106.204 Y119.619
G0 X100.481 Y119.519
;TYPE:SKIN
G1 F1500 E1146.39127
G1 X100.48 Y100.48 E1146.70789
G1 X119.52 Y100.48 E1147.02453
G1 X119.52 Y119.519 E1147.34115
G1 X100.481 Y119.519 E1147.65777
G1 F1500 E1141.15777
G0 F9000 X100.479 Y119.699
G0 X106.26 Y119.619
G0 X106.408 Y116.699
G0 X106.225 Y116.762
G1 F1500 E1147.65777
G1 X106.39 Y116.796 E1147.66057
G1 X114.011 Y116.792 E1147.78731
G1 X114.268 Y116.663 E1147.79209
G1 X114.4 Y116.404 E1147.79692
G1 X114.406 Y115.876 E1147.8057
G1 X114.364 Y115.698 E1147.80874
G1 X109.398 Y106 E1147.98994
G1 X114.226 Y105.999 E1148.07023
G1 X114.452 Y105.86 E1148.07464
G1 X114.585 Y105.61 E1148.07935
G1 X114.587 Y103.878 E1148.10815
G1 X114.437 Y103.656 E1148.11261
G1 X114.232 Y103.527 E1148.11664
G1 X106.239 Y103.533 E1148.24956
G1 X105.995 Y103.649 E1148.25405
G1 X105.844 Y103.918 E1148.25918
G1 X105.849 Y104.553 E1148.26974
G1 X110.833 Y114.325 E1148.45217
G1 X106.385 Y114.327 E1148.52614
G1 X106.203 Y114.369 E1148.52925
G1 X106.047 Y114.487 E1148.5325
G1 X105.929 Y114.707 E1148.53665
G1 X105.931 Y116.386 E1148.56457
G1 X106.051 Y116.648 E1148.56936
G1 X106.225 Y116.762 E1148.57282
G1 F1500 E1142.07282
G0 F9000 X106.262 Y116.586
G0 X106.127 Y119.619
G0 X100.75 Y119.418
G1 F1500 E1148.57282
G1 X100.58 Y119.247 E1148.57683
G0 F9000 X100.58 Y118.965
G1 F1500 X101.033 Y119.418 E1148.58749
G0 F9000 X101.316 Y119.418
G1 F1500 X100.58 Y118.682 E1148.6048
G0 F9000 X100.58 Y118.399
G1 F1500 X101.599 Y119.418 E1148.62876
G0 F9000 X101.882 Y119.418
G1 F1500 X100.58 Y118.116 E1148.65938
G0 F9000 X100.58 Y117.833
G1 F1500 X102.164 Y119.418 E1148.69665
G0 F9000 X102.447 Y119.418
G1 F1500 X100.58 Y117.55 E1148.74057
G0 F9000 X100.58 Y117.268
G1 F1500 X102.73 Y119.418 E1148.79113
G0 F9000 X103.013 Y119.418
G1 F1500 X100.58 Y116.985 E1148.84835
G0 F9000 X100.58 Y116.702
G1 F1500 X103.296 Y119.418 E1148.91223
G0 F9000 X103.579 Y119.418
G1 F1500 X100.58 Y116.419 E1148.98276
G0 F9000 X100.58 Y116.136
G1 F1500 X103.861 Y119.418 E1149.05994
G0 F9000 X104.144 Y119.418
G1 F1500 X100.58 Y115.853 E1149.14377
G0 F9000 X100.58 Y115.57
G1 F1500 X104.427 Y119.418 E1149.23426
G0 F9000 X104.71 Y119.418
G1 F1500 X100.58 Y115.288 E1149.33139
G0 F9000 X100.58 Y115.005
G1 F1500 X104.993 Y119.418 E1149.43518
G0 F9000 X105.276 Y119.418
G1 F1500 X100.58 Y114.722 E1149.54562
G0 F9000 X100.58 Y114.439
G1 F1500 X105.559 Y119.418 E1149.66272
G0 F9000 X105.841 Y119.418
G1 F1500 X100.58 Y114.156 E1149.78646
G0 F9000 X100.58 Y113.873
G1 F1500 X106.124 Y119.418 E1149.91686
G0 F9000 X106.407 Y119.418
G1 F1500 X100.58 Y113.591 E1150.0539
G0 F9000 X100.58 Y113.308
G1 F1500 X106.69 Y119.418 E1150.1976
G0 F9000 X106.973 Y119.418
G1 F1500 X100.58 Y113.025 E1150.34795
G0 F9000 X100.58 Y112.742
G1 F1500 X107.256 Y119.418 E1150.50496
G0 F9000 X107.538 Y119.418
G1 F1500 X100.58 Y112.459 E1150.66861
G0 F9000 X100.58 Y112.176
G1 F1500 X107.821 Y119.418 E1150.83892
G0 F9000 X108.104 Y119.418
G1 F1500 X100.58 Y111.893 E1151.01589
G0 F9000 X100.58 Y111.611
G1 F1500 X108.387 Y119.418 E1151.1995
G0 F9000 X108.67 Y119.418
G1 F1500 X100.58 Y111.328 E1151.38976
G0 F9000 X100.58 Y111.045
G1 F1500 X105.831 Y116.297 E1151.51327
G0 F9000 X105.83 Y116.012
G1 F1500 X100.58 Y110.762 E1151.63674
G0 F9000 X100.58 Y110.479
G1 F1500 X105.829 Y115.729 E1151.7602
G0 F9000 X105.828 Y115.445
G1 F1500 X100.58 Y110.196 E1151.88364
G0 F9000 X100.579 Y109.913
G1 F1500 X105.827 Y115.161 E1152.00706
G0 F9000 X105.826 Y114.877
G1 F1500 X100.579 Y109.63 E1152.13046
G0 F9000 X100.579 Y109.347
G1 F1500 X105.859 Y114.627 E1152.25464
G0 F9000 X105.958 Y114.443
G1 F1500 X100.579 Y109.064 E1152.38115
G0 F9000 X100.579 Y108.782
G1 F1500 X106.111 Y114.313 E1152.51124
G0 F9000 X106.319 Y114.238
G1 F1500 X100.579 Y108.499 E1152.64622
G0 F9000 X100.579 Y108.216
G1 F1500 X106.59 Y114.227 E1152.78759
G0 F9000 X106.873 Y114.227
G1 F1500 X100.579 Y107.933 E1152.93562
G0 F9000 X100.579 Y107.65
G1 F1500 X107.155 Y114.226 E1153.09027
G0 F9000 X107.438 Y114.226
G1 F1500 X100.579 Y107.367 E1153.25159
G0 F9000 X100.579 Y107.084
G1 F1500 X107.721 Y114.226 E1153.41956
G0 F9000 X108.003 Y114.226
G1 F1500 X100.579 Y106.802 E1153.59416
G0 F9000 X100.579 Y106.519
G1 F1500 X108.286 Y114.226 E1153.77541
G0 F9000 X108.568 Y114.225
G1 F1500 X100.579 Y106.236 E1153.9633
G0 F9000 X100.579 Y105.953
G1 F1500 X108.851 Y114.225 E1154.15785
G0 F9000 X109.134 Y114.225
G1 F1500 X100.579 Y105.67 E1154.35905
G0 F9000 X100.579 Y105.387
G1 F1500 X109.416 Y114.224 E1154.56688
G0 F9000 X109.699 Y114.224
G1 F1500 X100.579 Y105.105 E1154.78136
G0 F9000 X100.579 Y104.822
G1 F1500 X109.981 Y114.223 E1155.00247
G0 F9000 X110.264 Y114.223
G1 F1500 X100.579 Y104.539 E1155.23023
G0 F9000 X100.579 Y104.256
G1 F1500 X110.546 Y114.223 E1155.46464
G0 F9000 X110.503 Y113.897
G1 F1500 X100.579 Y103.973 E1155.69804
G0 F9000 X100.579 Y103.69
G1 F1500 X110.208 Y113.32 E1155.92451
G0 F9000 X109.914 Y112.742
G1 F1500 X100.579 Y103.408 E1156.14404
G0 F9000 X100.579 Y103.125
G1 F1500 X109.619 Y112.164 E1156.35664
G0 F9000 X109.324 Y111.587
G1 F1500 X100.579 Y102.842 E1156.56231
G0 F9000 X100.579 Y102.559
G1 F1500 X109.029 Y111.009 E1156.76104
G0 F9000 X108.734 Y110.431
G1 F1500 X100.579 Y102.276 E1156.95283
G0 F9000 X100.579 Y101.993
G1 F1500 X108.439 Y109.853 E1157.13768
G0 F9000 X108.144 Y109.276
G1 F1500 X100.579 Y101.71 E1157.31561
G0 F9000 X100.579 Y101.428
G1 F1500 X107.85 Y108.698 E1157.4866
G0 F9000 X107.555 Y108.12
G1 F1500 X100.579 Y101.145 E1157.65066
G0 F9000 X100.579 Y100.862
G1 F1500 X107.26 Y107.543 E1157.80778
G0 F9000 X106.965 Y106.965
G1 F1500 X100.579 Y100.579 E1157.95797
G0 F9000 X100.863 Y100.58
G1 F1500 X106.67 Y106.387 E1158.09455
G0 F9000 X106.375 Y105.81
G1 F1500 X101.145 Y100.58 E1158.21755
G0 F9000 X101.428 Y100.58
G1 F1500 X106.08 Y105.232 E1158.32696
G0 F9000 X105.786 Y104.654
G1 F1500 X101.711 Y100.58 E1158.42278
G0 F9000 X101.994 Y100.58
G1 F1500 X105.744 Y104.33 E1158.51098
G0 F9000 X105.74 Y104.043
G1 F1500 X102.277 Y100.58 E1158.59242
G0 F9000 X102.56 Y100.58
G1 F1500 X105.789 Y103.809 E1158.66836
G0 F9000 X105.891 Y103.628
G1 F1500 X102.843 Y100.58 E1158.74005
G0 F9000 X103.125 Y100.58
G1 F1500 X106.056 Y103.51 E1158.80897
G0 F9000 X106.261 Y103.433
G1 F1500 X103.408 Y100.58 E1158.87606
G0 F9000 X103.691 Y100.58
G1 F1500 X106.544 Y103.433 E1158.94316
G0 F9000 X106.827 Y103.433
G1 F1500 X103.974 Y100.58 E1159.01026
G0 F9000 X104.257 Y100.58
G1 F1500 X107.109 Y103.432 E1159.07734
G0 F9000 X107.392 Y103.432
G1 F1500 X104.54 Y100.58 E1159.14441
G0 F9000 X104.822 Y100.58
G1 F1500 X107.675 Y103.432 E1159.2115
G0 F9000 X107.957 Y103.432
G1 F1500 X105.105 Y100.58 E1159.27857
G0 F9000 X105.388 Y100.58
G1 F1500 X108.24 Y103.432 E1159.34565
G0 F9000 X108.523 Y103.432
G1 F1500 X105.671 Y100.58 E1159.41272
G0 F9000 X105.954 Y100.58
G1 F1500 X108.805 Y103.431 E1159.47977
G0 F9000 X109.088 Y103.431
G1 F1500 X106.237 Y100.58 E1159.54682
G0 F9000 X106.519 Y100.58
G1 F1500 X109.371 Y103.431 E1159.61389
G0 F9000 X109.653 Y103.43
G1 F1500 X106.802 Y100.58 E1159.68092
G0 F9000 X107.085 Y100.58
G1 F1500 X109.936 Y103.43 E1159.74796
G0 F9000 X110.218 Y103.43
G1 F1500 X107.368 Y100.58 E1159.81499
G0 F9000 X107.651 Y100.58
G1 F1500 X110.5 Y103.429 E1159.882
G0 F9000 X110.783 Y103.429
G1 F1500 X107.934 Y100.58 E1159.949
G0 F9000 X108.217 Y100.58
G1 F1500 X111.065 Y103.429 E1160.01599
G0 F9000 X111.348 Y103.429
G1 F1500 X108.499 Y100.58 E1160.083
G0 F9000 X108.782 Y100.58
G1 F1500 X111.631 Y103.429 E1160.15
G0 F9000 X111.913 Y103.428
G1 F1500 X109.065 Y100.58 E1160.21698
G0 F9000 X109.348 Y100.58
G1 F1500 X112.196 Y103.428 E1160.28396
G0 F9000 X112.479 Y103.428
G1 F1500 X109.631 Y100.58 E1160.35094
G0 F9000 X109.914 Y100.58
G1 F1500 X112.761 Y103.427 E1160.4179
G0 F9000 X113.044 Y103.427
G1 F1500 X110.196 Y100.58 E1160.48487
G0 F9000 X110.479 Y100.58
G1 F1500 X113.327 Y103.427 E1160.55184
G0 F9000 X113.609 Y103.427
G1 F1500 X110.762 Y100.58 E1160.61879
G0 F9000 X111.045 Y100.58
G1 F1500 X113.892 Y103.427 E1160.68575
G0 F9000 X114.175 Y103.427
G1 F1500 X111.328 Y100.58 E1160.75271
G0 F9000 X111.611 Y100.58
G1 F1500 X119.419 Y108.388 E1160.93634
G0 F9000 X119.419 Y108.67
G1 F1500 X114.69 Y103.942 E1161.04755
G0 F9000 X114.689 Y104.224
G1 F1500 X119.419 Y108.953 E1161.15878
G0 F9000 X119.419 Y109.236
G1 F1500 X114.688 Y104.506 E1161.27003
G0 F9000 X114.687 Y104.787
G1 F1500 X119.419 Y109.519 E1161.38132
G0 F9000 X119.419 Y109.802
G1 F1500 X114.686 Y105.069 E1161.49263
G0 F9000 X114.684 Y105.351
G1 F1500 X119.419 Y110.085 E1161.60398
G0 F9000 X119.419 Y110.368
G1 F1500 X114.684 Y105.633 E1161.71534
G0 F9000 X114.585 Y105.817
G1 F1500 X119.419 Y110.65 E1161.82902
G0 F9000 X119.419 Y110.933
G1 F1500 X114.458 Y105.973 E1161.94568
G0 F9000 X114.288 Y106.086
G1 F1500 X119.419 Y111.216 E1162.06634
G0 F9000 X119.419 Y111.499
G1 F1500 X114.017 Y106.097 E1162.19339
G0 F9000 X113.734 Y106.097
G1 F1500 X119.419 Y111.782 E1162.32709
G0 F9000 X119.419 Y112.065
G1 F1500 X113.451 Y106.097 E1162.46745
G0 F9000 X113.168 Y106.097
G1 F1500 X119.419 Y112.347 E1162.61445
G0 F9000 X119.419 Y112.63
G1 F1500 X112.886 Y106.098 E1162.76809
G0 F9000 X112.603 Y106.098
G1 F1500 X119.419 Y112.913 E1162.92838
G0 F9000 X119.419 Y113.196
G1 F1500 X112.321 Y106.098 E1163.09531
G0 F9000 X112.038 Y106.098
G1 F1500 X119.419 Y113.479 E1163.2689
G0 F9000 X119.419 Y113.762
G1 F1500 X111.756 Y106.099 E1163.44912
G0 F9000 X111.473 Y106.099
G1 F1500 X119.419 Y114.045 E1163.636
G0 F9000 X119.419 Y114.327
G1 F1500 X111.19 Y106.099 E1163.82952
G0 F9000 X110.907 Y106.099
G1 F1500 X119.419 Y114.61 E1164.0297
G0 F9000 X119.419 Y114.893
G1 F1500 X110.625 Y106.099 E1164.23652
G0 F9000 X110.342 Y106.099
G1 F1500 X119.419 Y115.176 E1164.45
G0 F9000 X119.419 Y115.459
G1 F1500 X110.059 Y106.099 E1164.67013
G0 F9000 X109.776 Y106.099
G1 F1500 X119.419 Y115.742 E1164.89692
G0 F9000 X119.419 Y116.024
G1 F1500 X109.632 Y106.238 E1165.12708
G0 F9000 X109.93 Y106.819
G1 F1500 X119.419 Y116.307 E1165.35024
G0 F9000 X119.419 Y116.59
G1 F1500 X110.227 Y107.398 E1165.56642
G0 F9000 X110.525 Y107.979
G1 F1500 X119.419 Y116.873 E1165.77559
G0 F9000 X119.419 Y117.156
G1 F1500 X110.822 Y108.559 E1165.97778
G0 F9000 X111.119 Y109.139
G1 F1500 X119.419 Y117.439 E1166.17299
G0 F9000 X119.419 Y117.721
G1 F1500 X111.416 Y109.719 E1166.36119
G0 F9000 X111.714 Y110.3
G1 F1500 X119.419 Y118.004 E1166.54239
G0 F9000 X119.419 Y118.287
G1 F1500 X112.011 Y110.88 E1166.7166
G0 F9000 X112.309 Y111.46
G1 F1500 X119.419 Y118.57 E1166.88382
G0 F9000 X119.419 Y118.853
G1 F1500 X112.606 Y112.04 E1167.04405
G0 F9000 X112.903 Y112.62
G1 F1500 X119.419 Y119.136 E1167.1973
G0 F9000 X119.419 Y119.419
G1 F1500 X113.2 Y113.2 E1167.34356
G0 F9000 X113.497 Y113.78
G1 F1500 X119.135 Y119.418 E1167.47616
G0 F9000 X118.852 Y119.418
G1 F1500 X113.795 Y114.361 E1167.59509
G0 F9000 X114.092 Y114.94
G1 F1500 X118.569 Y119.418 E1167.70039
G0 F9000 X118.286 Y119.418
G1 F1500 X114.39 Y115.521 E1167.79203
G0 F9000 X114.503 Y115.917
G1 F1500 X118.004 Y119.418 E1167.87437
G0 F9000 X117.721 Y119.418
G1 F1500 X114.501 Y116.198 E1167.9501
G0 F9000 X114.48 Y116.46
G1 F1500 X117.438 Y119.418 E1168.01967
G0 F9000 X117.155 Y119.418
G1 F1500 X114.387 Y116.649 E1168.08478
G0 F9000 X114.241 Y116.787
G1 F1500 X116.872 Y119.418 E1168.14666
G0 F9000 X116.589 Y119.418
G1 F1500 X114.051 Y116.879 E1168.20636
G0 F9000 X113.779 Y116.891
G1 F1500 X116.307 Y119.418 E1168.2658
G0 F9000 X116.024 Y119.418
G1 F1500 X113.497 Y116.891 E1168.32523
G0 F9000 X113.214 Y116.891
G1 F1500 X115.741 Y119.418 E1168.38466
G0 F9000 X115.458 Y119.418
G1 F1500 X112.932 Y116.891 E1168.44408
G0 F9000 X112.649 Y116.891
G1 F1500 X115.175 Y119.418 E1168.5035
G0 F9000 X114.892 Y119.418
G1 F1500 X112.367 Y116.892 E1168.5629
G0 F9000 X112.084 Y116.892
G1 F1500 X114.609 Y119.418 E1168.62229
G0 F9000 X114.327 Y119.418
G1 F1500 X111.801 Y116.892 E1168.6817
G0 F9000 X111.519 Y116.893
G1 F1500 X114.044 Y119.418 E1168.74109
G0 F9000 X113.761 Y119.418
G1 F1500 X111.236 Y116.893 E1168.80047
G0 F9000 X110.954 Y116.893
G1 F1500 X113.478 Y119.418 E1168.85984
G0 F9000 X113.195 Y119.418
G1 F1500 X110.671 Y116.893 E1168.91921
G0 F9000 X110.388 Y116.893
G1 F1500 X112.912 Y119.418 E1168.97859
G0 F9000 X112.63 Y119.418
G1 F1500 X110.106 Y116.894 E1169.03795
G0 F9000 X109.823 Y116.894
G1 F1500 X112.347 Y119.418 E1169.09731
G0 F9000 X112.064 Y119.418
G1 F1500 X109.54 Y116.894 E1169.15667
G0 F9000 X109.258 Y116.895
G1 F1500 X111.781 Y119.418 E1169.21601
G0 F9000 X111.498 Y119.418
G1 F1500 X108.975 Y116.895 E1169.27534
G0 F9000 X108.693 Y116.896
G1 F1500 X111.215 Y119.418 E1169.33466
G0 F9000 X110.933 Y119.418
G1 F1500 X108.41 Y116.896 E1169.39398
G0 F9000 X108.127 Y116.896
G1 F1500 X110.65 Y119.418 E1169.45331
G0 F9000 X110.367 Y119.418
G1 F1500 X107.845 Y116.896 E1169.51262
G0 F9000 X107.562 Y116.896
G1 F1500 X110.084 Y119.418 E1169.57193
G0 F9000 X109.801 Y119.418
G1 F1500 X107.28 Y116.896 E1169.63124
G0 F9000 X106.997 Y116.897
G1 F1500 X109.518 Y119.418 E1169.69053
G0 F9000 X109.235 Y119.418
G1 F1500 X106.715 Y116.897 E1169.7498
G0 F9000 X106.432 Y116.897
G1 F1500 X108.953 Y119.418 E1169.80909
G0 F9000 X108.951 Y119.699
G0 X119.628 Y119.628
G0 X119.7 Y108.105
G0 X119.419 Y108.105
G1 F1500 X111.893 Y100.58 E1169.98608
G0 F9000 X112.176 Y100.58
G1 F1500 X119.419 Y107.822 E1170.15641
G0 F9000 X119.419 Y107.539
G1 F1500 X112.459 Y100.58 E1170.32009
G0 F9000 X112.742 Y100.58
G1 F1500 X119.419 Y107.256 E1170.47711
G0 F9000 X119.419 Y106.973
G1 F1500 X113.025 Y100.58 E1170.62748
G0 F9000 X113.308 Y100.58
G1 F1500 X119.419 Y106.691 E1170.7712
G0 F9000 X119.419 Y106.408
G1 F1500 X113.591 Y100.58 E1170.90826
G0 F9000 X113.873 Y100.58
G1 F1500 X119.419 Y106.125 E1171.03869
G0 F9000 X119.419 Y105.842
G1 F1500 X114.156 Y100.58 E1171.16245
G0 F9000 X114.439 Y100.58
G1 F1500 X119.419 Y105.559 E1171.27956
G0 F9000 X119.419 Y105.276
G1 F1500 X114.722 Y100.58 E1171.39002
G0 F9000 X115.005 Y100.58
G1 F1500 X119.419 Y104.994 E1171.49383
G0 F9000 X119.419 Y104.711
G1 F1500 X115.288 Y100.58 E1171.59098
G0 F9000 X115.57 Y100.58
G1 F1500 X119.419 Y104.428 E1171.68149
G0 F9000 X119.419 Y104.145
G1 F1500 X115.853 Y100.58 E1171.76535
G0 F9000 X116.136 Y100.58
G1 F1500 X119.419 Y103.862 E1171.84255
G0 F9000 X119.419 Y103.579
G1 F1500 X116.419 Y100.58 E1171.91309
G0 F9000 X116.702 Y100.58
G1 F1500 X119.419 Y103.296 E1171.97698
G0 F9000 X119.419 Y103.014
G1 F1500 X116.985 Y100.58 E1172.03422
G0 F9000 X117.268 Y100.58
G1 F1500 X119.419 Y102.731 E1172.08481
G0 F9000 X119.419 Y102.448
G1 F1500 X117.55 Y100.58 E1172.12876
G0 F9000 X117.833 Y100.58
G1 F1500 X119.419 Y102.165 E1172.16604
G0 F9000 X119.419 Y101.882
G1 F1500 X118.116 Y100.58 E1172.19668
G0 F9000 X118.399 Y100.58
G1 F1500 X119.419 Y101.599 E1172.22065
G0 F9000 X119.419 Y101.317
G1 F1500 X118.682 Y100.58 E1172.23799
G0 F9000 X118.965 Y100.58
G1 F1500 X119.419 Y101.034 E1172.24866
G0 F9000 X119.419 Y100.751
G1 F1500 X119.247 Y100.58 E1172.2527
G1 F1500 E1165.7527
;MESH:NONMESH
G0 F300 X119.247 Y100.58 Z19.3
G0 F9000 X119.247 Y100.3
G0 X114.197 Y100.4
G0 X114.204 Y103.627
G0 X114.137 Y116.533
;TIME_ELAPSED:2810.370219
;LAYER:95
;TYPE:WALL-INNER
;MESH:xyzCalibration_cube.stl
G1 F1500 E1172.2527
G1 X113.979 Y116.614 E1172.25565
G1 X106.317 Y116.618 E1172.38307
G1 X106.187 Y116.524 E1172.38574
G1 X106.109 Y116.362 E1172.38873
G1 X106.106 Y114.752 E1172.4155
G1 X106.229 Y114.562 E1172.41927
G1 X106.352 Y114.505 E1172.42152
G1 X111.127 Y114.505 E1172.50093
G1 X106.022 Y104.499 E1172.68774
G1 X106.022 Y103.954 E1172.6968
G1 X106.119 Y103.785 E1172.70004
G1 X106.27 Y103.711 E1172.70284
G1 X114.184 Y103.707 E1172.83445
G1 X114.303 Y103.774 E1172.83672
G1 X114.412 Y103.932 E1172.83991
G1 X114.412 Y105.577 E1172.86727
G1 X114.27 Y105.776 E1172.87133
G1 X114.169 Y105.815 E1172.87313
G1 X109.105 Y105.82 E1172.95735
G1 X114.228 Y115.825 E1173.14427
G1 X114.228 Y116.359 E1173.15316
G1 X114.137 Y116.533 E1173.15642
G1 F1500 E1166.65642
G0 F9000 X114.197 Y116.588
G0 X114.191 Y119.619
G0 X119.7 Y119.7
G1 F1500 E1173.15642
G1 X119.7 Y100.3 E1173.47904
G1 X100.3 Y100.3 E1173.80167
G1 X100.301 Y119.699 E1174.12427
G1 X119.7 Y119.7 E1174.44688
G0 F9000 X119.9 Y119.9
;TYPE:WALL-OUTER
G1 F1500 X119.9 Y100.1 E1174.77616
G1 X100.1 Y100.1 E1175.10543
G1 X100.101 Y119.899 E1175.43469
G1 X119.9 Y119.9 E1175.76395
G0 F9000 X119.9 Y119.7
G1 F1500 E1169.26395
G0 F9000 X119.7 Y119.7
G0 X113.943 Y119.619
G0 X113.942 Y116.713
G0 X113.945 Y116.417
G1 F1500 E1175.76395
G1 X106.375 Y116.418 E1175.88984
G1 X106.307 Y116.333 E1175.89165
G1 X106.309 Y114.779 E1175.91749
G1 X106.382 Y114.707 E1175.9192
G1 X111.453 Y114.705 E1176.00353
G1 X106.223 Y104.443 E1176.19507
G1 X106.225 Y103.982 E1176.20274
G1 X106.304 Y103.908 E1176.20454
G1 X114.147 Y103.913 E1176.33497
G1 X114.207 Y103.974 E1176.33639
G1 X114.209 Y105.548 E1176.36257
G1 X114.131 Y105.619 E1176.36432
G1 X108.778 Y105.62 E1176.45334
G1 X114.025 Y115.874 E1176.64489
G1 X114.028 Y116.318 E1176.65228
G1 X113.945 Y116.417 E1176.65443
G0 F9000 X113.745 Y116.417
G1 F1500 E1170.15443
G0 F9000 X113.745 Y116.618
G0 X106.206 Y116.518
G0 X106.204 Y119.619
G0 X100.481 Y119.519
;TYPE:SKIN
G1 F1500 E1176.65443
G1 X100.48 Y100.48 E1176.97105
G1 X119.52 Y100.48 E1177.28768
G1 X119.52 Y119.519 E1177.6043
G1 X100.481 Y119.519 E1177.92092
G1 F1500 E1171.42092
G0 F9000 X100.479 Y119.699
G0 X106.26 Y119.619
G0 X106.408 Y116.699
G0 X106.225 Y116.762
G1 F1500 E1177.92092
G1 X106.39 Y116.796 E1177.92372
G1 X114.011 Y116.792 E1178.05046
G1 X114.268 Y116.663 E1178.05524
G1 X114.4 Y116.404 E1178.06008
G1 X114.406 Y115.876 E1178.06886
G1 X114.364 Y115.698 E1178.0719
G1 X109.398 Y106 E1178.25309
G1 X114.226 Y105.999 E1178.33338
G1 X114.452 Y105.86 E1178.3378
G1 X114.585 Y105.61 E1178.34251
G1 X114.587 Y103.878 E1178.37131
G1 X114.437 Y103.656 E1178.37576
G1 X114.232 Y103.527 E1178.37979
G1 X106.239 Y103.533 E1178.51272
G1 X105.995 Y103.649 E1178.51721
G1 X105.844 Y103.918 E1178.52234
G1 X105.849 Y104.553 E1178.5329
G1 X110.833 Y114.325 E1178.71533
G1 X106.385 Y114.327 E1178.7893
G1 X106.203 Y114.369 E1178.7924
G1 X106.047 Y114.487 E1178.79566
G1 X105.929 Y114.707 E1178.79981
G1 X105.931 Y116.386 E1178.82773
G1 X106.051 Y116.648 E1178.83252
G1 X106.225 Y116.762 E1178.83598
G1 F1500 E1172.33598
G0 F9000 X106.262 Y116.586
G0 X113.993 Y116.694
G0 X113.991 Y119.619
G0 X119.3 Y119.419
G1 F1500 E1178.83598
G1 X119.419 Y119.3 E1178.83878
G0 F9000 X119.419 Y119.017
G1 F1500 X119.017 Y119.419 E1178.84823
G0 F9000 X118.734 Y119.419
G1 F1500 X119.419 Y118.734 E1178.86434
G0 F9000 X119.419 Y118.451
G1 F1500 X118.451 Y119.419 E1178.88711
G0 F9000 X118.168 Y119.419
G1 F1500 X119.419 Y118.168 E1178.91653
G0 F9000 X119.419 Y117.886
G1 F1500 X117.886 Y119.419 E1178.95258
G0 F9000 X117.603 Y119.419
G1 F1500 X119.419 Y117.603 E1178.99529
G0 F9000 X119.419 Y117.32
G1 F1500 X117.32 Y119.419 E1179.04466
G0 F9000 X117.037 Y119.419
G1 F1500 X119.419 Y117.037 E1179.10068
G0 F9000 X119.419 Y116.754
G1 F1500 X116.754 Y119.419 E1179.16336
G0 F9000 X116.471 Y119.419
G1 F1500 X119.419 Y116.471 E1179.23269
G0 F9000 X119.419 Y116.188
G1 F1500 X116.188 Y119.419 E1179.30868
G0 F9000 X115.906 Y119.419
G1 F1500 X119.419 Y115.906 E1179.3913
G0 F9000 X119.419 Y115.623
G1 F1500 X115.623 Y119.419 E1179.48057
G0 F9000 X115.34 Y119.419
G1 F1500 X119.419 Y115.34 E1179.57651
G0 F9000 X119.419 Y115.057
G1 F1500 X115.057 Y119.419 E1179.67909
G0 F9000 X114.774 Y119.419
G1 F1500 X119.419 Y114.774 E1179.78834
G0 F9000 X119.419 Y114.491
G1 F1500 X114.491 Y119.419 E1179.90424
G0 F9000 X114.209 Y119.419
G1 F1500 X119.419 Y114.209 E1180.02677
G0 F9000 X119.419 Y113.926
G1 F1500 X113.926 Y119.419 E1180.15595
G0 F9000 X113.643 Y119.419
G1 F1500 X119.419 Y113.643 E1180.2918
G0 F9000 X119.419 Y113.36
G1 F1500 X113.36 Y119.419 E1180.4343
G0 F9000 X113.077 Y119.419
G1 F1500 X119.419 Y113.077 E1180.58345
G0 F9000 X119.419 Y112.794
G1 F1500 X112.794 Y119.419 E1180.73926
G0 F9000 X112.512 Y119.419
G1 F1500 X119.419 Y112.512 E1180.9017
G0 F9000 X119.419 Y112.229
G1 F1500 X112.229 Y119.419 E1181.0708
G0 F9000 X111.946 Y119.419
G1 F1500 X119.419 Y111.946 E1181.24655
G0 F9000 X119.419 Y111.663
G1 F1500 X111.663 Y119.419 E1181.42896
G0 F9000 X111.38 Y119.419
G1 F1500 X113.909 Y116.89 E1181.48844
G0 F9000 X113.626 Y116.89
G1 F1500 X111.097 Y119.419 E1181.54792
G0 F9000 X110.814 Y119.419
G1 F1500 X113.343 Y116.89 E1181.6074
G0 F9000 X113.06 Y116.891
G1 F1500 X110.532 Y119.419 E1181.66685
G0 F9000 X110.249 Y119.419
G1 F1500 X112.777 Y116.891 E1181.72631
G0 F9000 X112.493 Y116.891
G1 F1500 X109.966 Y119.419 E1181.78575
G0 F9000 X109.683 Y119.419
G1 F1500 X112.21 Y116.891 E1181.84519
G0 F9000 X111.927 Y116.891
G1 F1500 X109.4 Y119.419 E1181.90463
G0 F9000 X109.117 Y119.419
G1 F1500 X111.644 Y116.892 E1181.96407
G0 F9000 X111.361 Y116.892
G1 F1500 X108.835 Y119.419 E1182.02349
G0 F9000 X108.552 Y119.419
G1 F1500 X111.078 Y116.892 E1182.0829
G0 F9000 X110.795 Y116.893
G1 F1500 X108.269 Y119.419 E1182.14231
G0 F9000 X107.986 Y119.419
G1 F1500 X110.512 Y116.893 E1182.20172
G0 F9000 X110.229 Y116.893
G1 F1500 X107.703 Y119.419 E1182.26113
G0 F9000 X107.42 Y119.419
G1 F1500 X109.945 Y116.893 E1182.32052
G0 F9000 X109.663 Y116.893
G1 F1500 X107.137 Y119.419 E1182.37993
G0 F9000 X106.855 Y119.419
G1 F1500 X109.379 Y116.894 E1182.4393
G0 F9000 X109.096 Y116.894
G1 F1500 X106.572 Y119.419 E1182.49868
G0 F9000 X106.289 Y119.419
G1 F1500 X108.813 Y116.894 E1182.55805
G0 F9000 X108.53 Y116.895
G1 F1500 X106.006 Y119.419 E1182.61741
G0 F9000 X105.723 Y119.419
G1 F1500 X108.247 Y116.895 E1182.67677
G0 F9000 X107.964 Y116.895
G1 F1500 X105.44 Y119.419 E1182.73613
G0 F9000 X105.158 Y119.419
G1 F1500 X107.681 Y116.896 E1182.79547
G0 F9000 X107.398 Y116.896
G1 F1500 X104.875 Y119.419 E1182.8548
G0 F9000 X104.592 Y119.419
G1 F1500 X107.114 Y116.896 E1182.91413
G0 F9000 X106.831 Y116.896
G1 F1500 X104.309 Y119.419 E1182.97345
G0 F9000 X104.026 Y119.419
G1 F1500 X106.548 Y116.896 E1183.03278
G0 F9000 X106.288 Y116.874
G1 F1500 X103.743 Y119.419 E1183.09263
G0 F9000 X103.461 Y119.419
G1 F1500 X106.09 Y116.789 E1183.15448
G0 F9000 X105.943 Y116.653
G1 F1500 X103.178 Y119.419 E1183.21952
G0 F9000 X102.895 Y119.419
G1 F1500 X105.857 Y116.456 E1183.28919
G0 F9000 X105.83 Y116.2
G1 F1500 X102.612 Y119.419 E1183.36488
G0 F9000 X102.329 Y119.419
G1 F1500 X105.829 Y115.918 E1183.44721
G0 F9000 X105.828 Y115.637
G1 F1500 X102.046 Y119.419 E1183.53616
G0 F9000 X101.763 Y119.419
G1 F1500 X105.827 Y115.355 E1183.63174
G0 F9000 X105.827 Y115.073
G1 F1500 X101.481 Y119.419 E1183.73395
G0 F9000 X101.198 Y119.419
G1 F1500 X105.825 Y114.791 E1183.84278
G0 F9000 X106.389 Y114.228
G1 F1500 X109.224 Y111.392 E1183.90947
G0 F9000 X109.129 Y111.205
G1 F1500 X100.915 Y119.419 E1184.10265
G0 F9000 X100.632 Y119.419
G1 F1500 X109.033 Y111.018 E1184.30023
G0 F9000 X108.937 Y110.831
G1 F1500 X100.58 Y119.187 E1184.49676
G0 F9000 X100.58 Y118.904
G1 F1500 X108.842 Y110.643 E1184.69106
G0 F9000 X108.746 Y110.456
G1 F1500 X100.58 Y118.622 E1184.88311
G0 F9000 X100.58 Y118.339
G1 F1500 X108.651 Y110.269 E1185.07291
G0 F9000 X108.555 Y110.082
G1 F1500 X100.58 Y118.056 E1185.26046
G0 F9000 X100.58 Y117.773
G1 F1500 X108.459 Y109.895 E1185.44575
G0 F9000 X108.364 Y109.707
G1 F1500 X100.58 Y117.49 E1185.62881
G0 F9000 X100.58 Y117.207
G1 F1500 X108.268 Y109.52 E1185.80961
G0 F9000 X108.173 Y109.332
G1 F1500 X100.58 Y116.925 E1185.98818
G0 F9000 X100.58 Y116.642
G1 F1500 X108.077 Y109.145 E1186.1645
G0 F9000 X107.981 Y108.958
G1 F1500 X100.58 Y116.359 E1186.33856
G0 F9000 X100.58 Y116.076
G1 F1500 X107.886 Y108.771 E1186.51037
G0 F9000 X107.79 Y108.584
G1 F1500 X100.58 Y115.793 E1186.67993
G0 F9000 X100.58 Y115.51
G1 F1500 X107.695 Y108.396 E1186.84725
G0 F9000 X107.599 Y108.209
G1 F1500 X100.58 Y115.227 E1187.01232
G0 F9000 X100.58 Y114.945
G1 F1500 X107.504 Y108.021 E1187.17516
G0 F9000 X107.408 Y107.835
G1 F1500 X100.58 Y114.662 E1187.33573
G0 F9000 X100.58 Y114.379
G1 F1500 X107.312 Y107.647 E1187.49406
G0 F9000 X107.217 Y107.46
G1 F1500 X100.58 Y114.096 E1187.65014
G0 F9000 X100.58 Y113.813
G1 F1500 X107.121 Y107.273 E1187.80396
G0 F9000 X107.026 Y107.085
G1 F1500 X100.58 Y113.53 E1187.95555
G0 F9000 X100.58 Y113.248
G1 F1500 X106.93 Y106.898 E1188.10489
G0 F9000 X106.834 Y106.711
G1 F1500 X100.58 Y112.965 E1188.25198
G0 F9000 X100.58 Y112.682
G1 F1500 X106.739 Y106.524 E1188.39681
G0 F9000 X106.643 Y106.336
G1 F1500 X100.58 Y112.399 E1188.53941
G0 F9000 X100.58 Y112.116
G1 F1500 X106.548 Y106.149 E1188.67975
G0 F9000 X106.452 Y105.962
G1 F1500 X100.58 Y111.833 E1188.81784
G0 F9000 X100.58 Y111.551
G1 F1500 X106.357 Y105.774 E1188.95371
G0 F9000 X106.261 Y105.588
G1 F1500 X100.58 Y111.268 E1189.0873
G0 F9000 X100.58 Y110.985
G1 F1500 X106.165 Y105.4 E1189.21865
G0 F9000 X106.07 Y105.213
G1 F1500 X100.58 Y110.702 E1189.34776
G0 F9000 X100.58 Y110.419
G1 F1500 X105.974 Y105.025 E1189.47462
G0 F9000 X105.879 Y104.838
G1 F1500 X100.58 Y110.136 E1189.59923
G0 F9000 X100.58 Y109.854
G1 F1500 X105.783 Y104.651 E1189.7216
G0 F9000 X105.745 Y104.406
G1 F1500 X100.58 Y109.571 E1189.84307
G0 F9000 X100.58 Y109.289
G1 F1500 X105.741 Y104.127 E1189.96446
G0 F9000 X105.806 Y103.779
G1 F1500 X100.58 Y109.006 E1190.08738
G0 F9000 X100.58 Y108.723
G1 F1500 X108.724 Y100.579 E1190.27891
G0 F9000 X109.006 Y100.579
G1 F1500 X106.092 Y103.494 E1190.34746
G0 F9000 X106.435 Y103.434
G1 F1500 X109.289 Y100.579 E1190.41459
G0 F9000 X109.572 Y100.579
G1 F1500 X106.717 Y103.434 E1190.48174
G0 F9000 X107 Y103.434
G1 F1500 X109.855 Y100.579 E1190.54888
G0 F9000 X110.138 Y100.579
G1 F1500 X107.284 Y103.433 E1190.616
G0 F9000 X107.567 Y103.433
G1 F1500 X110.421 Y100.579 E1190.68313
G0 F9000 X110.703 Y100.579
G1 F1500 X107.85 Y103.432 E1190.75022
G0 F9000 X108.133 Y103.432
G1 F1500 X110.986 Y100.579 E1190.81732
G0 F9000 X111.269 Y100.579
G1 F1500 X108.416 Y103.432 E1190.88442
G0 F9000 X108.699 Y103.432
G1 F1500 X111.552 Y100.579 E1190.95152
G0 F9000 X111.835 Y100.579
G1 F1500 X108.982 Y103.432 E1191.01862
G0 F9000 X109.265 Y103.432
G1 F1500 X112.118 Y100.579 E1191.08572
G0 F9000 X112.4 Y100.579
G1 F1500 X109.549 Y103.431 E1191.15278
G0 F9000 X109.832 Y103.431
G1 F1500 X112.683 Y100.579 E1191.21984
G0 F9000 X112.966 Y100.579
G1 F1500 X110.114 Y103.431 E1191.28692
G0 F9000 X110.398 Y103.43
G1 F1500 X113.249 Y100.579 E1191.35397
G0 F9000 X113.532 Y100.579
G1 F1500 X110.681 Y103.43 E1191.42102
G0 F9000 X110.964 Y103.43
G1 F1500 X113.815 Y100.579 E1191.48807
G0 F9000 X114.098 Y100.579
G1 F1500 X111.247 Y103.429 E1191.55511
G0 F9000 X111.53 Y103.429
G1 F1500 X114.38 Y100.579 E1191.62214
G0 F9000 X114.663 Y100.579
G1 F1500 X111.813 Y103.429 E1191.68916
G0 F9000 X112.096 Y103.429
G1 F1500 X114.946 Y100.579 E1191.75619
G0 F9000 X115.229 Y100.579
G1 F1500 X112.379 Y103.429 E1191.82322
G0 F9000 X112.663 Y103.428
G1 F1500 X115.512 Y100.579 E1191.89022
G0 F9000 X115.795 Y100.579
G1 F1500 X112.946 Y103.428 E1191.95723
G0 F9000 X113.229 Y103.428
G1 F1500 X116.077 Y100.579 E1192.02422
G0 F9000 X116.36 Y100.579
G1 F1500 X113.512 Y103.427 E1192.0912
G0 F9000 X113.795 Y103.427
G1 F1500 X116.643 Y100.579 E1192.15818
G0 F9000 X116.926 Y100.579
G1 F1500 X114.078 Y103.427 E1192.22516
G0 F9000 X114.321 Y103.467
G1 F1500 X117.209 Y100.579 E1192.29308
G0 F9000 X117.492 Y100.579
G1 F1500 X114.49 Y103.581 E1192.36369
G0 F9000 X114.612 Y103.741
G1 F1500 X117.774 Y100.579 E1192.43805
G0 F9000 X118.057 Y100.579
G1 F1500 X114.691 Y103.946 E1192.51723
G0 F9000 X114.689 Y104.23
G1 F1500 X118.34 Y100.579 E1192.60309
G0 F9000 X118.623 Y100.579
G1 F1500 X114.689 Y104.513 E1192.69561
G0 F9000 X114.687 Y104.798
G1 F1500 X118.906 Y100.579 E1192.79484
G0 F9000 X119.189 Y100.579
G1 F1500 X114.687 Y105.081 E1192.90072
G0 F9000 X114.685 Y105.365
G1 F1500 X119.419 Y100.632 E1193.01204
G0 F9000 X119.419 Y100.915
G1 F1500 X114.673 Y105.66 E1193.12365
G0 F9000 X114.237 Y106.097
G1 F1500 X111.145 Y109.189 E1193.19637
G0 F9000 X111.241 Y109.375
G1 F1500 X119.419 Y101.198 E1193.38869
G0 F9000 X119.419 Y101.481
G1 F1500 X111.337 Y109.562 E1193.57875
G0 F9000 X111.432 Y109.75
G1 F1500 X119.419 Y101.763 E1193.7666
G0 F9000 X119.419 Y102.046
G1 F1500 X111.529 Y109.936 E1193.95216
G0 F9000 X111.624 Y110.124
G1 F1500 X119.419 Y102.329 E1194.13548
G0 F9000 X119.419 Y102.612
G1 F1500 X111.72 Y110.31 E1194.31654
G0 F9000 X111.816 Y110.498
G1 F1500 X119.419 Y102.895 E1194.49535
G0 F9000 X119.419 Y103.178
G1 F1500 X111.912 Y110.684 E1194.67189
G0 F9000 X112.007 Y110.872
G1 F1500 X119.419 Y103.461 E1194.8462
G0 F9000 X119.419 Y103.743
G1 F1500 X112.104 Y111.058 E1195.01824
G0 F9000 X112.199 Y111.246
G1 F1500 X119.419 Y104.026 E1195.18804
G0 F9000 X119.419 Y104.309
G1 F1500 X112.295 Y111.432 E1195.35558
G0 F9000 X112.391 Y111.62
G1 F1500 X119.419 Y104.592 E1195.52086
G0 F9000 X119.419 Y104.875
G1 F1500 X112.487 Y111.807 E1195.68389
G0 F9000 X112.582 Y111.994
G1 F1500 X119.419 Y105.158 E1195.84468
G0 F9000 X119.419 Y105.44
G1 F1500 X112.678 Y112.181 E1196.00321
G0 F9000 X112.775 Y112.367
G1 F1500 X119.419 Y105.723 E1196.15947
G0 F9000 X119.419 Y106.006
G1 F1500 X112.87 Y112.555 E1196.31349
G0 F9000 X112.966 Y112.741
G1 F1500 X119.419 Y106.289 E1196.46525
G0 F9000 X119.419 Y106.572
G1 F1500 X113.062 Y112.929 E1196.61475
G0 F9000 X113.158 Y113.115
G1 F1500 X119.419 Y106.855 E1196.76199
G0 F9000 X119.419 Y107.137
G1 F1500 X113.253 Y113.303 E1196.90701
G0 F9000 X113.349 Y113.489
G1 F1500 X119.419 Y107.42 E1197.04975
G0 F9000 X119.419 Y107.703
G1 F1500 X113.445 Y113.677 E1197.19025
G0 F9000 X113.541 Y113.863
G1 F1500 X119.419 Y107.986 E1197.32848
G0 F9000 X119.419 Y108.269
G1 F1500 X113.637 Y114.051 E1197.46446
G0 F9000 X113.733 Y114.238
G1 F1500 X119.419 Y108.552 E1197.59819
G0 F9000 X119.419 Y108.835
G1 F1500 X113.828 Y114.425 E1197.72967
G0 F9000 X113.924 Y114.612
G1 F1500 X119.419 Y109.117 E1197.8589
G0 F9000 X119.419 Y109.4
G1 F1500 X114.02 Y114.799 E1197.98588
G0 F9000 X114.116 Y114.986
G1 F1500 X119.419 Y109.683 E1198.1106
G0 F9000 X119.419 Y109.966
G1 F1500 X114.211 Y115.173 E1198.23307
G0 F9000 X114.308 Y115.36
G1 F1500 X119.419 Y110.249 E1198.35327
G0 F9000 X119.419 Y110.532
G1 F1500 X114.404 Y115.546 E1198.47121
G0 F9000 X114.478 Y115.755
G1 F1500 X119.419 Y110.814 E1198.58741
G0 F9000 X119.419 Y111.097
G1 F1500 X114.502 Y116.014 E1198.70305
G0 F9000 X114.501 Y116.298
G1 F1500 X119.419 Y111.38 E1198.81872
G1 F1500 E1192.31872
G0 F9000 X119.7 Y111.38
G0 X119.6 Y105.82
G0 X114.488 Y105.586
G0 X113.954 Y106.097
G1 F1500 E1198.81872
G1 X111.049 Y109.001 E1198.88703
G0 F9000 X110.953 Y108.815
G1 F1500 X113.671 Y106.097 E1198.95095
G0 F9000 X113.388 Y106.097
G1 F1500 X110.858 Y108.627 E1199.01045
G0 F9000 X110.761 Y108.441
G1 F1500 X113.105 Y106.097 E1199.06558
G0 F9000 X112.822 Y106.097
G1 F1500 X110.666 Y108.253 E1199.11628
G0 F9000 X110.57 Y108.067
G1 F1500 X112.539 Y106.097 E1199.1626
G0 F9000 X112.256 Y106.097
G1 F1500 X110.474 Y107.879 E1199.20451
G0 F9000 X110.378 Y107.693
G1 F1500 X111.973 Y106.097 E1199.24204
G0 F9000 X111.69 Y106.098
G1 F1500 X110.283 Y107.505 E1199.27513
G0 F9000 X110.187 Y107.319
G1 F1500 X111.407 Y106.098 E1199.30383
G0 F9000 X111.124 Y106.098
G1 F1500 X110.091 Y107.131 E1199.32813
G0 F9000 X109.995 Y106.944
G1 F1500 X110.841 Y106.098 E1199.34802
G0 F9000 X110.558 Y106.099
G1 F1500 X109.899 Y106.757 E1199.36351
G0 F9000 X109.803 Y106.57
G1 F1500 X110.275 Y106.099 E1199.3746
G0 F9000 X109.992 Y106.099
G1 F1500 X109.708 Y106.383 E1199.38128
G0 F9000 X109.612 Y106.196
G1 F1500 X109.709 Y106.099 E1199.38356
G0 F9000 X109.709 Y105.82
G0 X114.34 Y105.748
G0 X114.34 Y103.779
G0 X106.094 Y103.779
G0 X106.085 Y104.413
G0 X109.57 Y111.454
G0 X109.32 Y111.58
G1 F1500 X106.672 Y114.228 E1199.44584
G0 F9000 X106.954 Y114.228
G1 F1500 X109.415 Y111.767 E1199.50372
G0 F9000 X109.511 Y111.954
G1 F1500 X107.238 Y114.227 E1199.55717
G0 F9000 X107.521 Y114.227
G1 F1500 X109.606 Y112.142 E1199.60621
G0 F9000 X109.702 Y112.328
G1 F1500 X107.804 Y114.226 E1199.65085
G0 F9000 X108.087 Y114.226
G1 F1500 X109.798 Y112.516 E1199.69108
G0 F9000 X109.893 Y112.703
G1 F1500 X108.37 Y114.226 E1199.72689
G0 F9000 X108.654 Y114.226
G1 F1500 X109.989 Y112.891 E1199.75829
G0 F9000 X110.084 Y113.078
G1 F1500 X108.936 Y114.226 E1199.78529
G0 F9000 X109.219 Y114.226
G1 F1500 X110.179 Y113.265 E1199.80788
G0 F9000 X110.276 Y113.452
G1 F1500 X109.503 Y114.225 E1199.82606
G0 F9000 X109.786 Y114.225
G1 F1500 X110.371 Y113.639 E1199.83983
G0 F9000 X110.467 Y113.827
G1 F1500 X110.069 Y114.224 E1199.84918
G0 F9000 X110.352 Y114.224
G1 F1500 X110.562 Y114.014 E1199.85412
G1 F1500 E1193.35412
G0 F9000 X110.811 Y113.888
G0 X106.347 Y105.356
G0 X100.4 Y105.356
G0 X100.58 Y108.44
G1 F1500 E1199.85412
G1 X108.441 Y100.579 E1200.039
G0 F9000 X108.158 Y100.579
G1 F1500 X100.58 Y108.157 E1200.21722
G0 F9000 X100.58 Y107.874
G1 F1500 X107.875 Y100.579 E1200.38879
G0 F9000 X107.592 Y100.579
G1 F1500 X100.58 Y107.591 E1200.5537
G0 F9000 X100.58 Y107.309
G1 F1500 X107.309 Y100.579 E1200.71196
G0 F9000 X107.026 Y100.579
G1 F1500 X100.58 Y107.026 E1200.86358
G0 F9000 X100.58 Y106.743
G1 F1500 X106.744 Y100.579 E1201.00854
G0 F9000 X106.461 Y100.579
G1 F1500 X100.58 Y106.46 E1201.14686
G0 F9000 X100.58 Y106.177
G1 F1500 X106.178 Y100.579 E1201.27851
G0 F9000 X105.895 Y100.579
G1 F1500 X100.58 Y105.894 E1201.40351
G0 F9000 X100.58 Y105.612
G1 F1500 X105.612 Y100.579 E1201.52187
G0 F9000 X105.329 Y100.579
G1 F1500 X100.58 Y105.329 E1201.63357
G0 F9000 X100.58 Y105.046
G1 F1500 X105.047 Y100.579 E1201.73863
G0 F9000 X104.764 Y100.579
G1 F1500 X100.58 Y104.763 E1201.83703
G0 F9000 X100.58 Y104.48
G1 F1500 X104.481 Y100.579 E1201.92878
G0 F9000 X104.198 Y100.579
G1 F1500 X100.58 Y104.197 E1202.01386
G0 F9000 X100.58 Y103.914
G1 F1500 X103.915 Y100.579 E1202.0923
G0 F9000 X103.632 Y100.579
G1 F1500 X100.58 Y103.632 E1202.16409
G0 F9000 X100.58 Y103.349
G1 F1500 X103.35 Y100.579 E1202.22924
G0 F9000 X103.067 Y100.579
G1 F1500 X100.58 Y103.066 E1202.28773
G0 F9000 X100.58 Y102.783
G1 F1500 X102.784 Y100.579 E1202.33956
G0 F9000 X102.501 Y100.579
G1 F1500 X100.58 Y102.5 E1202.38474
G0 F9000 X100.58 Y102.217
G1 F1500 X102.218 Y100.579 E1202.42326
G0 F9000 X101.935 Y100.579
G1 F1500 X100.58 Y101.935 E1202.45514
G0 F9000 X100.58 Y101.652
G1 F1500 X101.652 Y100.579 E1202.48037
G0 F9000 X101.37 Y100.579
G1 F1500 X100.58 Y101.369 E1202.49894
G0 F9000 X100.58 Y101.086
G1 F1500 X101.087 Y100.579 E1202.51087
G0 F9000 X100.804 Y100.579
G1 F1500 X100.58 Y100.803 E1202.51614
G1 F1500 E1196.01614
;MESH:NONMESH
G0 F300 X100.58 Y100.803 Z19.5
G0 F9000 X100.3 Y100.803
G0 X100.4 Y116.588
G0 X106.029 Y116.372
G0 X114.137 Y116.533
;TIME_ELAPSED:2907.872843
;LAYER:96
;TYPE:WALL-INNER
;MESH:xyzCalibration_cube.stl
G1 F1500 E1202.51614
G1 X113.979 Y116.614 E1202.51909
G1 X106.406 Y116.618 E1202.64503
G1 X106.187 Y116.524 E1202.64899
G1 X106.109 Y116.362 E1202.65198
G1 X106.106 Y114.752 E1202.67876
G1 X106.229 Y114.562 E1202.68252
G1 X106.352 Y114.505 E1202.68478
G1 X111.127 Y114.505 E1202.76418
G1 X106.022 Y104.499 E1202.95099
G1 X106.022 Y103.954 E1202.96005
G1 X106.119 Y103.785 E1202.96329
G1 X106.27 Y103.711 E1202.96609
G1 X114.184 Y103.707 E1203.0977
G1 X114.303 Y103.774 E1203.09997
G1 X114.412 Y103.932 E1203.10316
G1 X114.412 Y105.577 E1203.13052
G1 X114.27 Y105.776 E1203.13459
G1 X114.169 Y105.815 E1203.13639
G1 X109.105 Y105.82 E1203.2206
G1 X114.228 Y115.825 E1203.40753
G1 X114.228 Y116.359 E1203.41641
G1 X114.137 Y116.533 E1203.41967
G1 F1500 E1196.91967
G0 F9000 X114.197 Y116.588
G0 X114.191 Y119.619
G0 X119.7 Y119.7
G1 F1500 E1203.41967
G1 X119.7 Y100.3 E1203.7423
G1 X100.3 Y100.3 E1204.06492
G1 X100.301 Y119.699 E1204.38753
G1 X119.7 Y119.7 E1204.71013
G0 F9000 X119.9 Y119.9
;TYPE:WALL-OUTER
G1 F1500 X119.9 Y100.1 E1205.03941
G1 X100.1 Y100.1 E1205.36869
G1 X100.101 Y119.899 E1205.69794
G1 X119.9 Y119.9 E1206.0272
G0 F9000 X119.9 Y119.7
G1 F1500 E1199.5272
G0 F9000 X119.7 Y119.7
G0 X113.943 Y119.619
G0 X113.942 Y116.713
G0 X113.945 Y116.417
G1 F1500 E1206.0272
G1 X106.375 Y116.418 E1206.15309
G1 X106.307 Y116.333 E1206.1549
G1 X106.309 Y114.779 E1206.18075
G1 X106.382 Y114.707 E1206.18245
G1 X111.453 Y114.705 E1206.26678
G1 X106.223 Y104.443 E1206.45833
G1 X106.225 Y103.982 E1206.46599
G1 X106.304 Y103.908 E1206.46779
G1 X114.147 Y103.913 E1206.59822
G1 X114.207 Y103.974 E1206.59964
G1 X114.209 Y105.548 E1206.62582
G1 X114.131 Y105.619 E1206.62757
G1 X108.778 Y105.62 E1206.7166
G1 X114.025 Y115.874 E1206.90815
G1 X114.028 Y116.318 E1206.91553
G1 X113.945 Y116.417 E1206.91768
G0 F9000 X113.745 Y116.417
G1 F1500 E1200.41768
G0 F9000 X113.745 Y116.618
G0 X106.206 Y116.518
G0 X106.204 Y119.619
G0 X100.481 Y119.519
;TYPE:SKIN
G1 F1500 E1206.91768
G1 X100.48 Y100.48 E1207.2343
G1 X119.52 Y100.48 E1207.55094
G1 X119.52 Y119.519 E1207.86756
G1 X100.481 Y119.519 E1208.18418
G1 F1500 E1201.68418
G0 F9000 X100.479 Y119.699
G0 X106.26 Y119.619
G0 X106.408 Y116.699
G0 X106.225 Y116.762
G1 F1500 E1208.18418
G1 X106.39 Y116.796 E1208.18698
G1 X114.011 Y116.792 E1208.31372
G1 X114.268 Y116.663 E1208.3185
G1 X114.4 Y116.404 E1208.32333
G1 X114.406 Y115.876 E1208.33211
G1 X114.364 Y115.698 E1208.33516
G1 X109.398 Y106 E1208.51635
G1 X114.226 Y105.999 E1208.59664
G1 X114.452 Y105.86 E1208.60105
G1 X114.585 Y105.61 E1208.60576
G1 X114.587 Y103.878 E1208.63456
G1 X114.437 Y103.656 E1208.63902
G1 X114.232 Y103.527 E1208.64305
G1 X106.239 Y103.533 E1208.77597
G1 X105.995 Y103.649 E1208.78046
G1 X105.844 Y103.918 E1208.78559
G1 X105.849 Y104.553 E1208.79615
G1 X110.833 Y114.325 E1208.97858
G1 X106.385 Y114.327 E1209.05255
G1 X106.203 Y114.369 E1209.05566
G1 X106.047 Y114.487 E1209.05891
G1 X105.929 Y114.707 E1209.06306
G1 X105.931 Y116.386 E1209.09098
G1 X106.051 Y116.648 E1209.09578
G1 X106.225 Y116.762 E1209.09923
G1 F1500 E1202.59923
G0 F9000 X106.262 Y116.586
G0 X106.127 Y119.619
G0 X100.75 Y119.418
G1 F1500 E1209.09923
G1 X100.58 Y119.247 E1209.10324
G0 F9000 X100.58 Y118.965
G1 F1500 X101.033 Y119.418 E1209.1139
G0 F9000 X101.316 Y119.418
G1 F1500 X100.58 Y118.682 E1209.13121
G0 F9000 X100.58 Y118.399
G1 F1500 X101.599 Y119.418 E1209.15517
G0 F9000 X101.882 Y119.418
G1 F1500 X100.58 Y118.116 E1209.18579
G0 F9000 X100.58 Y117.833
G1 F1500 X102.164 Y119.418 E1209.22306
G0 F9000 X102.447 Y119.418
G1 F1500 X100.58 Y117.55 E1209.26698
G0 F9000 X100.58 Y117.268
G1 F1500 X102.73 Y119.418 E1209.31754
G0 F9000 X103.013 Y119.418
G1 F1500 X100.58 Y116.985 E1209.37477
G0 F9000 X100.58 Y116.702
G1 F1500 X103.296 Y119.418 E1209.43864
G0 F9000 X103.579 Y119.418
G1 F1500 X100.58 Y116.419 E1209.50917
G0 F9000 X100.58 Y116.136
G1 F1500 X103.861 Y119.418 E1209.58635
G0 F9000 X104.144 Y119.418
G1 F1500 X100.58 Y115.853 E1209.67018
G0 F9000 X100.58 Y115.57
G1 F1500 X104.427 Y119.418 E1209.76067
G0 F9000 X104.71 Y119.418
G1 F1500 X100.58 Y115.288 E1209.8578
G0 F9000 X100.58 Y115.005
G1 F1500 X104.993 Y119.418 E1209.96159
G0 F9000 X105.276 Y119.418
G1 F1500 X100.58 Y114.722 E1210.07203
G0 F9000 X100.58 Y114.439
G1 F1500 X105.559 Y119.418 E1210.18913
G0 F9000 X105.841 Y119.418
G1 F1500 X100.58 Y114.156 E1210.31287
G0 F9000 X100.58 Y113.873
G1 F1500 X106.124 Y119.418 E1210.44327
G0 F9000 X106.407 Y119.418
G1 F1500 X100.58 Y113.591 E1210.58031
G0 F9000 X100.58 Y113.308
G1 F1500 X106.69 Y119.418 E1210.72401
G0 F9000 X106.973 Y119.418
G1 F1500 X100.58 Y113.025 E1210.87436
G0 F9000 X100.58 Y112.742
G1 F1500 X107.256 Y119.418 E1211.03137
G0 F9000 X107.538 Y119.418
G1 F1500 X100.58 Y112.459 E1211.19502
G0 F9000 X100.58 Y112.176
G1 F1500 X107.821 Y119.418 E1211.36533
G0 F9000 X108.104 Y119.418
G1 F1500 X100.58 Y111.893 E1211.5423
G0 F9000 X100.58 Y111.611
G1 F1500 X108.387 Y119.418 E1211.72591
G0 F9000 X108.67 Y119.418
G1 F1500 X100.58 Y111.328 E1211.91617
G0 F9000 X100.58 Y111.045
G1 F1500 X105.831 Y116.297 E1212.03968
G0 F9000 X105.83 Y116.012
G1 F1500 X100.58 Y110.762 E1212.16315
G0 F9000 X100.58 Y110.479
G1 F1500 X105.829 Y115.729 E1212.28661
G0 F9000 X105.828 Y115.445
G1 F1500 X100.58 Y110.196 E1212.41005
G0 F9000 X100.579 Y109.913
G1 F1500 X105.827 Y115.161 E1212.53347
G0 F9000 X105.826 Y114.877
G1 F1500 X100.579 Y109.63 E1212.65687
G0 F9000 X100.579 Y109.347
G1 F1500 X105.859 Y114.627 E1212.78105
G0 F9000 X105.958 Y114.443
G1 F1500 X100.579 Y109.064 E1212.90756
G0 F9000 X100.579 Y108.782
G1 F1500 X106.111 Y114.313 E1213.03765
G0 F9000 X106.319 Y114.238
G1 F1500 X100.579 Y108.499 E1213.17263
G0 F9000 X100.579 Y108.216
G1 F1500 X106.59 Y114.227 E1213.314
G0 F9000 X106.873 Y114.227
G1 F1500 X100.579 Y107.933 E1213.46203
G0 F9000 X100.579 Y107.65
G1 F1500 X107.155 Y114.226 E1213.61669
G0 F9000 X107.438 Y114.226
G1 F1500 X100.579 Y107.367 E1213.778
G0 F9000 X100.579 Y107.084
G1 F1500 X107.721 Y114.226 E1213.94597
G0 F9000 X108.003 Y114.226
G1 F1500 X100.579 Y106.802 E1214.12057
G0 F9000 X100.579 Y106.519
G1 F1500 X108.286 Y114.226 E1214.30183
G0 F9000 X108.568 Y114.225
G1 F1500 X100.579 Y106.236 E1214.48971
G0 F9000 X100.579 Y105.953
G1 F1500 X108.851 Y114.225 E1214.68426
G0 F9000 X109.134 Y114.225
G1 F1500 X100.579 Y105.67 E1214.88546
G0 F9000 X100.579 Y105.387
G1 F1500 X109.416 Y114.224 E1215.09329
G0 F9000 X109.699 Y114.224
G1 F1500 X100.579 Y105.105 E1215.30777
G0 F9000 X100.579 Y104.822
G1 F1500 X109.981 Y114.223 E1215.52888
G0 F9000 X110.264 Y114.223
G1 F1500 X100.579 Y104.539 E1215.75664
G0 F9000 X100.579 Y104.256
G1 F1500 X110.546 Y114.223 E1215.99105
G0 F9000 X110.503 Y113.897
G1 F1500 X100.579 Y103.973 E1216.22445
G0 F9000 X100.579 Y103.69
G1 F1500 X110.208 Y113.32 E1216.45092
G0 F9000 X109.914 Y112.742
G1 F1500 X100.579 Y103.408 E1216.67045
G0 F9000 X100.579 Y103.125
G1 F1500 X109.619 Y112.164 E1216.88305
G0 F9000 X109.324 Y111.587
G1 F1500 X100.579 Y102.842 E1217.08872
G0 F9000 X100.579 Y102.559
G1 F1500 X109.029 Y111.009 E1217.28745
G0 F9000 X108.734 Y110.431
G1 F1500 X100.579 Y102.276 E1217.47924
G0 F9000 X100.579 Y101.993
G1 F1500 X108.439 Y109.853 E1217.6641
G0 F9000 X108.144 Y109.276
G1 F1500 X100.579 Y101.71 E1217.84202
G0 F9000 X100.579 Y101.428
G1 F1500 X107.85 Y108.698 E1218.01302
G0 F9000 X107.555 Y108.12
G1 F1500 X100.579 Y101.145 E1218.17707
G0 F9000 X100.579 Y100.862
G1 F1500 X107.26 Y107.543 E1218.3342
G0 F9000 X106.965 Y106.965
G1 F1500 X100.579 Y100.579 E1218.48438
G0 F9000 X100.863 Y100.58
G1 F1500 X106.67 Y106.387 E1218.62096
G0 F9000 X106.375 Y105.81
G1 F1500 X101.145 Y100.58 E1218.74396
G0 F9000 X101.428 Y100.58
G1 F1500 X106.08 Y105.232 E1218.85337
G0 F9000 X105.786 Y104.654
G1 F1500 X101.711 Y100.58 E1218.94919
G0 F9000 X101.994 Y100.58
G1 F1500 X105.744 Y104.33 E1219.03739
G0 F9000 X105.74 Y104.043
G1 F1500 X102.277 Y100.58 E1219.11883
G0 F9000 X102.56 Y100.58
G1 F1500 X105.789 Y103.809 E1219.19477
G0 F9000 X105.891 Y103.628
G1 F1500 X102.843 Y100.58 E1219.26646
G0 F9000 X103.125 Y100.58
G1 F1500 X106.056 Y103.51 E1219.33538
G0 F9000 X106.261 Y103.433
G1 F1500 X103.408 Y100.58 E1219.40248
G0 F9000 X103.691 Y100.58
G1 F1500 X106.544 Y103.433 E1219.46957
G0 F9000 X106.827 Y103.433
G1 F1500 X103.974 Y100.58 E1219.53667
G0 F9000 X104.257 Y100.58
G1 F1500 X107.109 Y103.432 E1219.60375
G0 F9000 X107.392 Y103.432
G1 F1500 X104.54 Y100.58 E1219.67082
G0 F9000 X104.822 Y100.58
G1 F1500 X107.675 Y103.432 E1219.73791
G0 F9000 X107.957 Y103.432
G1 F1500 X105.105 Y100.58 E1219.80498
G0 F9000 X105.388 Y100.58
G1 F1500 X108.24 Y103.432 E1219.87206
G0 F9000 X108.523 Y103.432
G1 F1500 X105.671 Y100.58 E1219.93913
G0 F9000 X105.954 Y100.58
G1 F1500 X108.805 Y103.431 E1220.00618
G0 F9000 X109.088 Y103.431
G1 F1500 X106.237 Y100.58 E1220.07323
G0 F9000 X106.519 Y100.58
G1 F1500 X109.371 Y103.431 E1220.1403
G0 F9000 X109.653 Y103.43
G1 F1500 X106.802 Y100.58 E1220.20734
G0 F9000 X107.085 Y100.58
G1 F1500 X109.936 Y103.43 E1220.27438
G0 F9000 X110.218 Y103.43
G1 F1500 X107.368 Y100.58 E1220.3414
G0 F9000 X107.651 Y100.58
G1 F1500 X110.5 Y103.429 E1220.40841
G0 F9000 X110.783 Y103.429
G1 F1500 X107.934 Y100.58 E1220.47541
G0 F9000 X108.217 Y100.58
G1 F1500 X111.065 Y103.429 E1220.5424
G0 F9000 X111.348 Y103.429
G1 F1500 X108.499 Y100.58 E1220.60941
G0 F9000 X108.782 Y100.58
G1 F1500 X111.631 Y103.429 E1220.67641
G0 F9000 X111.913 Y103.428
G1 F1500 X109.065 Y100.58 E1220.74339
G0 F9000 X109.348 Y100.58
G1 F1500 X112.196 Y103.428 E1220.81037
G0 F9000 X112.479 Y103.428
G1 F1500 X109.631 Y100.58 E1220.87735
G0 F9000 X109.914 Y100.58
G1 F1500 X112.761 Y103.427 E1220.94431
G0 F9000 X113.044 Y103.427
G1 F1500 X110.196 Y100.58 E1221.01128
G0 F9000 X110.479 Y100.58
G1 F1500 X113.327 Y103.427 E1221.07825
G0 F9000 X113.609 Y103.427
G1 F1500 X110.762 Y100.58 E1221.14521
G0 F9000 X111.045 Y100.58
G1 F1500 X113.892 Y103.427 E1221.21216
G0 F9000 X114.175 Y103.427
G1 F1500 X111.328 Y100.58 E1221.27912
G0 F9000 X111.611 Y100.58
G1 F1500 X119.419 Y108.388 E1221.46275
G0 F9000 X119.419 Y108.67
G1 F1500 X114.69 Y103.942 E1221.57396
G0 F9000 X114.689 Y104.224
G1 F1500 X119.419 Y108.953 E1221.68519
G0 F9000 X119.419 Y109.236
G1 F1500 X114.688 Y104.506 E1221.79644
G0 F9000 X114.687 Y104.787
G1 F1500 X119.419 Y109.519 E1221.90773
G0 F9000 X119.419 Y109.802
G1 F1500 X114.686 Y105.069 E1222.01905
G0 F9000 X114.684 Y105.351
G1 F1500 X119.419 Y110.085 E1222.13039
G0 F9000 X119.419 Y110.368
G1 F1500 X114.684 Y105.633 E1222.24175
G0 F9000 X114.585 Y105.817
G1 F1500 X119.419 Y110.65 E1222.35543
G0 F9000 X119.419 Y110.933
G1 F1500 X114.458 Y105.973 E1222.47209
G0 F9000 X114.288 Y106.086
G1 F1500 X119.419 Y111.216 E1222.59276
G0 F9000 X119.419 Y111.499
G1 F1500 X114.017 Y106.097 E1222.7198
G0 F9000 X113.734 Y106.097
G1 F1500 X119.419 Y111.782 E1222.8535
G0 F9000 X119.419 Y112.065
G1 F1500 X113.451 Y106.097 E1222.99386
G0 F9000 X113.168 Y106.097
G1 F1500 X119.419 Y112.347 E1223.14086
G0 F9000 X119.419 Y112.63
G1 F1500 X112.886 Y106.098 E1223.2945
G0 F9000 X112.603 Y106.098
G1 F1500 X119.419 Y112.913 E1223.45479
G0 F9000 X119.419 Y113.196
G1 F1500 X112.321 Y106.098 E1223.62172
G0 F9000 X112.038 Y106.098
G1 F1500 X119.419 Y113.479 E1223.79531
G0 F9000 X119.419 Y113.762
G1 F1500 X111.756 Y106.099 E1223.97554
G0 F9000 X111.473 Y106.099
G1 F1500 X119.419 Y114.045 E1224.16241
G0 F9000 X119.419 Y114.327
G1 F1500 X111.19 Y106.099 E1224.35593
G0 F9000 X110.907 Y106.099
G1 F1500 X119.419 Y114.61 E1224.55611
G0 F9000 X119.419 Y114.893
G1 F1500 X110.625 Y106.099 E1224.76293
G0 F9000 X110.342 Y106.099
G1 F1500 X119.419 Y115.176 E1224.97641
G0 F9000 X119.419 Y115.459
G1 F1500 X110.059 Y106.099 E1225.19654
G0 F9000 X109.776 Y106.099
G1 F1500 X119.419 Y115.742 E1225.42333
G0 F9000 X119.419 Y116.024
G1 F1500 X109.632 Y106.238 E1225.6535
G0 F9000 X109.93 Y106.819
G1 F1500 X119.419 Y116.307 E1225.87665
G0 F9000 X119.419 Y116.59
G1 F1500 X110.227 Y107.398 E1226.09283
G0 F9000 X110.525 Y107.979
G1 F1500 X119.419 Y116.873 E1226.30201
G0 F9000 X119.419 Y117.156
G1 F1500 X110.822 Y108.559 E1226.50419
G0 F9000 X111.119 Y109.139
G1 F1500 X119.419 Y117.439 E1226.6994
G0 F9000 X119.419 Y117.721
G1 F1500 X111.416 Y109.719 E1226.8876
G0 F9000 X111.714 Y110.3
G1 F1500 X119.419 Y118.004 E1227.0688
G0 F9000 X119.419 Y118.287
G1 F1500 X112.011 Y110.88 E1227.24301
G0 F9000 X112.309 Y111.46
G1 F1500 X119.419 Y118.57 E1227.41023
G0 F9000 X119.419 Y118.853
G1 F1500 X112.606 Y112.04 E1227.57046
G0 F9000 X112.903 Y112.62
G1 F1500 X119.419 Y119.136 E1227.72371
G0 F9000 X119.419 Y119.419
G1 F1500 X113.2 Y113.2 E1227.86997
G0 F9000 X113.497 Y113.78
G1 F1500 X119.135 Y119.418 E1228.00257
G0 F9000 X118.852 Y119.418
G1 F1500 X113.795 Y114.361 E1228.1215
G0 F9000 X114.092 Y114.94
G1 F1500 X118.569 Y119.418 E1228.2268
G0 F9000 X118.286 Y119.418
G1 F1500 X114.39 Y115.521 E1228.31844
G0 F9000 X114.503 Y115.917
G1 F1500 X118.004 Y119.418 E1228.40078
G0 F9000 X117.721 Y119.418
G1 F1500 X114.501 Y116.198 E1228.47651
G0 F9000 X114.48 Y116.46
G1 F1500 X117.438 Y119.418 E1228.54608
G0 F9000 X117.155 Y119.418
G1 F1500 X114.387 Y116.649 E1228.61119
G0 F9000 X114.241 Y116.787
G1 F1500 X116.872 Y119.418 E1228.67307
G0 F9000 X116.589 Y119.418
G1 F1500 X114.051 Y116.879 E1228.73277
G0 F9000 X113.779 Y116.891
G1 F1500 X116.307 Y119.418 E1228.79221
G0 F9000 X116.024 Y119.418
G1 F1500 X113.497 Y116.891 E1228.85164
G0 F9000 X113.214 Y116.891
G1 F1500 X115.741 Y119.418 E1228.91107
G0 F9000 X115.458 Y119.418
G1 F1500 X112.932 Y116.891 E1228.97049
G0 F9000 X112.649 Y116.891
G1 F1500 X115.175 Y119.418 E1229.02991
G0 F9000 X114.892 Y119.418
G1 F1500 X112.367 Y116.892 E1229.08931
G0 F9000 X112.084 Y116.892
G1 F1500 X114.609 Y119.418 E1229.1487
G0 F9000 X114.327 Y119.418
G1 F1500 X111.801 Y116.892 E1229.20811
G0 F9000 X111.519 Y116.893
G1 F1500 X114.044 Y119.418 E1229.2675
G0 F9000 X113.761 Y119.418
G1 F1500 X111.236 Y116.893 E1229.32688
G0 F9000 X110.954 Y116.893
G1 F1500 X113.478 Y119.418 E1229.38625
G0 F9000 X113.195 Y119.418
G1 F1500 X110.671 Y116.893 E1229.44563
G0 F9000 X110.388 Y116.893
G1 F1500 X112.912 Y119.418 E1229.505
G0 F9000 X112.63 Y119.418
G1 F1500 X110.106 Y116.894 E1229.56436
G0 F9000 X109.823 Y116.894
G1 F1500 X112.347 Y119.418 E1229.62372
G0 F9000 X112.064 Y119.418
G1 F1500 X109.54 Y116.894 E1229.68308
G0 F9000 X109.258 Y116.895
G1 F1500 X111.781 Y119.418 E1229.74242
G0 F9000 X111.498 Y119.418
G1 F1500 X108.975 Y116.895 E1229.80175
G0 F9000 X108.693 Y116.896
G1 F1500 X111.215 Y119.418 E1229.86107
G0 F9000 X110.933 Y119.418
G1 F1500 X108.41 Y116.896 E1229.92039
G0 F9000 X108.127 Y116.896
G1 F1500 X110.65 Y119.418 E1229.97972
G0 F9000 X110.367 Y119.418
G1 F1500 X107.845 Y116.896 E1230.03903
G0 F9000 X107.562 Y116.896
G1 F1500 X110.084 Y119.418 E1230.09834
G0 F9000 X109.801 Y119.418
G1 F1500 X107.28 Y116.896 E1230.15765
G0 F9000 X106.997 Y116.897
G1 F1500 X109.518 Y119.418 E1230.21694
G0 F9000 X109.235 Y119.418
G1 F1500 X106.715 Y116.897 E1230.27621
G0 F9000 X106.432 Y116.897
G1 F1500 X108.953 Y119.418 E1230.33551
G0 F9000 X108.951 Y119.699
G0 X119.628 Y119.628
G0 X119.7 Y108.105
G0 X119.419 Y108.105
G1 F1500 X111.893 Y100.58 E1230.51249
G0 F9000 X112.176 Y100.58
G1 F1500 X119.419 Y107.822 E1230.68283
G0 F9000 X119.419 Y107.539
G1 F1500 X112.459 Y100.58 E1230.8465
G0 F9000 X112.742 Y100.58
G1 F1500 X119.419 Y107.256 E1231.00352
G0 F9000 X119.419 Y106.973
G1 F1500 X113.025 Y100.58 E1231.15389
G0 F9000 X113.308 Y100.58
G1 F1500 X119.419 Y106.691 E1231.29761
G0 F9000 X119.419 Y106.408
G1 F1500 X113.591 Y100.58 E1231.43468
G0 F9000 X113.873 Y100.58
G1 F1500 X119.419 Y106.125 E1231.5651
G0 F9000 X119.419 Y105.842
G1 F1500 X114.156 Y100.58 E1231.68886
G0 F9000 X114.439 Y100.58
G1 F1500 X119.419 Y105.559 E1231.80597
G0 F9000 X119.419 Y105.276
G1 F1500 X114.722 Y100.58 E1231.91643
G0 F9000 X115.005 Y100.58
G1 F1500 X119.419 Y104.994 E1232.02024
G0 F9000 X119.419 Y104.711
G1 F1500 X115.288 Y100.58 E1232.11739
G0 F9000 X115.57 Y100.58
G1 F1500 X119.419 Y104.428 E1232.2079
G0 F9000 X119.419 Y104.145
G1 F1500 X115.853 Y100.58 E1232.29176
G0 F9000 X116.136 Y100.58
G1 F1500 X119.419 Y103.862 E1232.36896
G0 F9000 X119.419 Y103.579
G1 F1500 X116.419 Y100.58 E1232.4395
G0 F9000 X116.702 Y100.58
G1 F1500 X119.419 Y103.296 E1232.50339
G0 F9000 X119.419 Y103.014
G1 F1500 X116.985 Y100.58 E1232.56063
G0 F9000 X117.268 Y100.58
G1 F1500 X119.419 Y102.731 E1232.61122
G0 F9000 X119.419 Y102.448
G1 F1500 X117.55 Y100.58 E1232.65517
G0 F9000 X117.833 Y100.58
G1 F1500 X119.419 Y102.165 E1232.69246
G0 F9000 X119.419 Y101.882
G1 F1500 X118.116 Y100.58 E1232.72309
G0 F9000 X118.399 Y100.58
G1 F1500 X119.419 Y101.599 E1232.74707
G0 F9000 X119.419 Y101.317
G1 F1500 X118.682 Y100.58 E1232.7644
G0 F9000 X118.965 Y100.58
G1 F1500 X119.419 Y101.034 E1232.77508
G0 F9000 X119.419 Y100.751
G1 F1500 X119.247 Y100.58 E1232.77911
G1 F1500 E1226.27911
;MESH:NONMESH
G0 F300 X119.247 Y100.58 Z19.7
G0 F9000 X119.247 Y100.3
G0 X114.197 Y100.4
G0 X114.204 Y103.627
G0 X114.137 Y116.533
;TIME_ELAPSED:3001.310930
;LAYER:97
;TYPE:WALL-INNER
;MESH:xyzCalibration_cube.stl
G1 F1500 E1232.77911
G1 X113.979 Y116.614 E1232.78206
G1 X106.317 Y116.618 E1232.90948
G1 X106.187 Y116.524 E1232.91215
G1 X106.109 Y116.362 E1232.91514
G1 X106.106 Y114.752 E1232.94191
G1 X106.229 Y114.562 E1232.94568
G1 X106.352 Y114.505 E1232.94793
G1 X111.127 Y114.505 E1233.02734
G1 X106.022 Y104.499 E1233.21415
G1 X106.022 Y103.954 E1233.22321
G1 X106.119 Y103.785 E1233.22645
G1 X106.27 Y103.711 E1233.22925
G1 X114.184 Y103.707 E1233.36086
G1 X114.303 Y103.774 E1233.36313
G1 X114.412 Y103.932 E1233.36632
G1 X114.412 Y105.577 E1233.39368
G1 X114.27 Y105.776 E1233.39774
G1 X114.169 Y105.815 E1233.39954
G1 X109.105 Y105.82 E1233.48376
G1 X114.228 Y115.825 E1233.67069
G1 X114.228 Y116.359 E1233.67957
G1 X114.137 Y116.533 E1233.68283
G1 F1500 E1227.18283
G0 F9000 X114.197 Y116.588
G0 X114.191 Y119.619
G0 X119.7 Y119.7
G1 F1500 E1233.68283
G1 X119.7 Y100.3 E1234.00545
G1 X100.3 Y100.3 E1234.32808
G1 X100.301 Y119.699 E1234.65068
G1 X119.7 Y119.7 E1234.97329
G0 F9000 X119.9 Y119.9
;TYPE:WALL-OUTER
G1 F1500 X119.9 Y100.1 E1235.30257
G1 X100.1 Y100.1 E1235.63184
G1 X100.101 Y119.899 E1235.9611
G1 X119.9 Y119.9 E1236.29036
G0 F9000 X119.9 Y119.7
G1 F1500 E1229.79036
G0 F9000 X119.7 Y119.7
G0 X113.943 Y119.619
G0 X113.942 Y116.713
G0 X113.945 Y116.417
G1 F1500 E1236.29036
G1 X106.375 Y116.418 E1236.41625
G1 X106.307 Y116.333 E1236.41806
G1 X106.309 Y114.779 E1236.4439
G1 X106.382 Y114.707 E1236.44561
G1 X111.453 Y114.705 E1236.52994
G1 X106.223 Y104.443 E1236.72148
G1 X106.225 Y103.982 E1236.72915
G1 X106.304 Y103.908 E1236.73095
G1 X114.147 Y103.913 E1236.86138
G1 X114.207 Y103.974 E1236.8628
G1 X114.209 Y105.548 E1236.88898
G1 X114.131 Y105.619 E1236.89073
G1 X108.778 Y105.62 E1236.97975
G1 X114.025 Y115.874 E1237.1713
G1 X114.028 Y116.318 E1237.17869
G1 X113.945 Y116.417 E1237.18084
G0 F9000 X113.745 Y116.417
G1 F1500 E1230.68084
G0 F9000 X113.745 Y116.618
G0 X106.206 Y116.518
G0 X106.204 Y119.619
G0 X100.481 Y119.519
;TYPE:SKIN
G1 F1500 E1237.18084
G1 X100.48 Y100.48 E1237.49746
G1 X119.52 Y100.48 E1237.81409
G1 X119.52 Y119.519 E1238.13071
G1 X100.481 Y119.519 E1238.44733
G1 F1500 E1231.94733
G0 F9000 X100.479 Y119.699
G0 X106.26 Y119.619
G0 X106.408 Y116.699
G0 X106.225 Y116.762
G1 F1500 E1238.44733
G1 X106.39 Y116.796 E1238.45014
G1 X114.011 Y116.792 E1238.57687
G1 X114.268 Y116.663 E1238.58165
G1 X114.4 Y116.404 E1238.58649
G1 X114.406 Y115.876 E1238.59527
G1 X114.364 Y115.698 E1238.59831
G1 X109.398 Y106 E1238.77951
G1 X114.226 Y105.999 E1238.8598
G1 X114.452 Y105.86 E1238.86421
G1 X114.585 Y105.61 E1238.86892
G1 X114.587 Y103.878 E1238.89772
G1 X114.437 Y103.656 E1238.90218
G1 X114.232 Y103.527 E1238.9062
G1 X106.239 Y103.533 E1239.03913
G1 X105.995 Y103.649 E1239.04362
G1 X105.844 Y103.918 E1239.04875
G1 X105.849 Y104.553 E1239.05931
G1 X110.833 Y114.325 E1239.24174
G1 X106.385 Y114.327 E1239.31571
G1 X106.203 Y114.369 E1239.31881
G1 X106.047 Y114.487 E1239.32207
G1 X105.929 Y114.707 E1239.32622
G1 X105.931 Y116.386 E1239.35414
G1 X106.051 Y116.648 E1239.35893
G1 X106.225 Y116.762 E1239.36239
G1 F1500 E1232.86239
G0 F9000 X106.262 Y116.586
G0 X113.993 Y116.694
G0 X113.991 Y119.619
G0 X119.3 Y119.419
G1 F1500 E1239.36239
G1 X119.419 Y119.3 E1239.36519
G0 F9000 X119.419 Y119.017
G1 F1500 X119.017 Y119.419 E1239.37464
G0 F9000 X118.734 Y119.419
G1 F1500 X119.419 Y118.734 E1239.39075
G0 F9000 X119.419 Y118.451
G1 F1500 X118.451 Y119.419 E1239.41352
G0 F9000 X118.168 Y119.419
G1 F1500 X119.419 Y118.168 E1239.44294
G0 F9000 X119.419 Y117.886
G1 F1500 X117.886 Y119.419 E1239.479
G0 F9000 X117.603 Y119.419
G1 F1500 X119.419 Y117.603 E1239.52171
G0 F9000 X119.419 Y117.32
G1 F1500 X117.32 Y119.419 E1239.57107
G0 F9000 X117.037 Y119.419
G1 F1500 X119.419 Y117.037 E1239.62709
G0 F9000 X119.419 Y116.754
G1 F1500 X116.754 Y119.419 E1239.68977
G0 F9000 X116.471 Y119.419
G1 F1500 X119.419 Y116.471 E1239.7591
G0 F9000 X119.419 Y116.188
G1 F1500 X116.188 Y119.419 E1239.83509
G0 F9000 X115.906 Y119.419
G1 F1500 X119.419 Y115.906 E1239.91771
G0 F9000 X119.419 Y115.623
G1 F1500 X115.623 Y119.419 E1240.00699
G0 F9000 X115.34 Y119.419
G1 F1500 X119.419 Y115.34 E1240.10292
G0 F9000 X119.419 Y115.057
G1 F1500 X115.057 Y119.419 E1240.2055
G0 F9000 X114.774 Y119.419
G1 F1500 X119.419 Y114.774 E1240.31475
G0 F9000 X119.419 Y114.491
G1 F1500 X114.491 Y119.419 E1240.43065
G0 F9000 X114.209 Y119.419
G1 F1500 X119.419 Y114.209 E1240.55318
G0 F9000 X119.419 Y113.926
G1 F1500 X113.926 Y119.419 E1240.68237
G0 F9000 X113.643 Y119.419
G1 F1500 X119.419 Y113.643 E1240.81821
G0 F9000 X119.419 Y113.36
G1 F1500 X113.36 Y119.419 E1240.96071
G0 F9000 X113.077 Y119.419
G1 F1500 X119.419 Y113.077 E1241.10986
G0 F9000 X119.419 Y112.794
G1 F1500 X112.794 Y119.419 E1241.26567
G0 F9000 X112.512 Y119.419
G1 F1500 X119.419 Y112.512 E1241.42811
G0 F9000 X119.419 Y112.229
G1 F1500 X112.229 Y119.419 E1241.59721
G0 F9000 X111.946 Y119.419
G1 F1500 X119.419 Y111.946 E1241.77296
G0 F9000 X119.419 Y111.663
G1 F1500 X111.663 Y119.419 E1241.95537
G0 F9000 X111.38 Y119.419
G1 F1500 X113.909 Y116.89 E1242.01485
G0 F9000 X113.626 Y116.89
G1 F1500 X111.097 Y119.419 E1242.07433
G0 F9000 X110.814 Y119.419
G1 F1500 X113.343 Y116.89 E1242.13381
G0 F9000 X113.06 Y116.891
G1 F1500 X110.532 Y119.419 E1242.19326
G0 F9000 X110.249 Y119.419
G1 F1500 X112.777 Y116.891 E1242.25272
G0 F9000 X112.493 Y116.891
G1 F1500 X109.966 Y119.419 E1242.31216
G0 F9000 X109.683 Y119.419
G1 F1500 X112.21 Y116.891 E1242.3716
G0 F9000 X111.927 Y116.891
G1 F1500 X109.4 Y119.419 E1242.43105
G0 F9000 X109.117 Y119.419
G1 F1500 X111.644 Y116.892 E1242.49048
G0 F9000 X111.361 Y116.892
G1 F1500 X108.835 Y119.419 E1242.5499
G0 F9000 X108.552 Y119.419
G1 F1500 X111.078 Y116.892 E1242.60932
G0 F9000 X110.795 Y116.893
G1 F1500 X108.269 Y119.419 E1242.66872
G0 F9000 X107.986 Y119.419
G1 F1500 X110.512 Y116.893 E1242.72813
G0 F9000 X110.229 Y116.893
G1 F1500 X107.703 Y119.419 E1242.78754
G0 F9000 X107.42 Y119.419
G1 F1500 X109.945 Y116.893 E1242.84693
G0 F9000 X109.663 Y116.893
G1 F1500 X107.137 Y119.419 E1242.90634
G0 F9000 X106.855 Y119.419
G1 F1500 X109.379 Y116.894 E1242.96571
G0 F9000 X109.096 Y116.894
G1 F1500 X106.572 Y119.419 E1243.02509
G0 F9000 X106.289 Y119.419
G1 F1500 X108.813 Y116.894 E1243.08446
G0 F9000 X108.53 Y116.895
G1 F1500 X106.006 Y119.419 E1243.14382
G0 F9000 X105.723 Y119.419
G1 F1500 X108.247 Y116.895 E1243.20318
G0 F9000 X107.964 Y116.895
G1 F1500 X105.44 Y119.419 E1243.26254
G0 F9000 X105.158 Y119.419
G1 F1500 X107.681 Y116.896 E1243.32188
G0 F9000 X107.398 Y116.896
G1 F1500 X104.875 Y119.419 E1243.38122
G0 F9000 X104.592 Y119.419
G1 F1500 X107.114 Y116.896 E1243.44054
G0 F9000 X106.831 Y116.896
G1 F1500 X104.309 Y119.419 E1243.49987
G0 F9000 X104.026 Y119.419
G1 F1500 X106.548 Y116.896 E1243.55919
G0 F9000 X106.288 Y116.874
G1 F1500 X103.743 Y119.419 E1243.61905
G0 F9000 X103.461 Y119.419
G1 F1500 X106.09 Y116.789 E1243.68089
G0 F9000 X105.943 Y116.653
G1 F1500 X103.178 Y119.419 E1243.74593
G0 F9000 X102.895 Y119.419
G1 F1500 X105.857 Y116.456 E1243.8156
G0 F9000 X105.83 Y116.2
G1 F1500 X102.612 Y119.419 E1243.8913
G0 F9000 X102.329 Y119.419
G1 F1500 X105.829 Y115.918 E1243.97362
G0 F9000 X105.828 Y115.637
G1 F1500 X102.046 Y119.419 E1244.06257
G0 F9000 X101.763 Y119.419
G1 F1500 X105.827 Y115.355 E1244.15815
G0 F9000 X105.827 Y115.073
G1 F1500 X101.481 Y119.419 E1244.26036
G0 F9000 X101.198 Y119.419
G1 F1500 X105.825 Y114.791 E1244.36919
G0 F9000 X106.389 Y114.228
G1 F1500 X109.224 Y111.392 E1244.43588
G0 F9000 X109.129 Y111.205
G1 F1500 X100.915 Y119.419 E1244.62906
G0 F9000 X100.632 Y119.419
G1 F1500 X109.033 Y111.018 E1244.82664
G0 F9000 X108.937 Y110.831
G1 F1500 X100.58 Y119.187 E1245.02317
G0 F9000 X100.58 Y118.904
G1 F1500 X108.842 Y110.643 E1245.21747
G0 F9000 X108.746 Y110.456
G1 F1500 X100.58 Y118.622 E1245.40952
G0 F9000 X100.58 Y118.339
G1 F1500 X108.651 Y110.269 E1245.59932
G0 F9000 X108.555 Y110.082
G1 F1500 X100.58 Y118.056 E1245.78687
G0 F9000 X100.58 Y117.773
G1 F1500 X108.459 Y109.895 E1245.97216
G0 F9000 X108.364 Y109.707
G1 F1500 X100.58 Y117.49 E1246.15522
G0 F9000 X100.58 Y117.207
G1 F1500 X108.268 Y109.52 E1246.33602
G0 F9000 X108.173 Y109.332
G1 F1500 X100.58 Y116.925 E1246.51459
G0 F9000 X100.58 Y116.642
G1 F1500 X108.077 Y109.145 E1246.69091
G0 F9000 X107.981 Y108.958
G1 F1500 X100.58 Y116.359 E1246.86497
G0 F9000 X100.58 Y116.076
G1 F1500 X107.886 Y108.771 E1247.03678
G0 F9000 X107.79 Y108.584
G1 F1500 X100.58 Y115.793 E1247.20634
G0 F9000 X100.58 Y115.51
G1 F1500 X107.695 Y108.396 E1247.37366
G0 F9000 X107.599 Y108.209
G1 F1500 X100.58 Y115.227 E1247.53873
G0 F9000 X100.58 Y114.945
G1 F1500 X107.504 Y108.021 E1247.70157
G0 F9000 X107.408 Y107.835
G1 F1500 X100.58 Y114.662 E1247.86214
G0 F9000 X100.58 Y114.379
G1 F1500 X107.312 Y107.647 E1248.02047
G0 F9000 X107.217 Y107.46
G1 F1500 X100.58 Y114.096 E1248.17655
G0 F9000 X100.58 Y113.813
G1 F1500 X107.121 Y107.273 E1248.33037
G0 F9000 X107.026 Y107.085
G1 F1500 X100.58 Y113.53 E1248.48196
G0 F9000 X100.58 Y113.248
G1 F1500 X106.93 Y106.898 E1248.6313
G0 F9000 X106.834 Y106.711
G1 F1500 X100.58 Y112.965 E1248.77839
G0 F9000 X100.58 Y112.682
G1 F1500 X106.739 Y106.524 E1248.92322
G0 F9000 X106.643 Y106.336
G1 F1500 X100.58 Y112.399 E1249.06582
G0 F9000 X100.58 Y112.116
G1 F1500 X106.548 Y106.149 E1249.20616
G0 F9000 X106.452 Y105.962
G1 F1500 X100.58 Y111.833 E1249.34425
G0 F9000 X100.58 Y111.551
G1 F1500 X106.357 Y105.774 E1249.48012
G0 F9000 X106.261 Y105.588
G1 F1500 X100.58 Y111.268 E1249.61371
G0 F9000 X100.58 Y110.985
G1 F1500 X106.165 Y105.4 E1249.74507
G0 F9000 X106.07 Y105.213
G1 F1500 X100.58 Y110.702 E1249.87417
G0 F9000 X100.58 Y110.419
G1 F1500 X105.974 Y105.025 E1250.00103
G0 F9000 X105.879 Y104.838
G1 F1500 X100.58 Y110.136 E1250.12564
G0 F9000 X100.58 Y109.854
G1 F1500 X105.783 Y104.651 E1250.24801
G0 F9000 X105.745 Y104.406
G1 F1500 X100.58 Y109.571 E1250.36948
G0 F9000 X100.58 Y109.289
G1 F1500 X105.741 Y104.127 E1250.49087
G0 F9000 X105.806 Y103.779
G1 F1500 X100.58 Y109.006 E1250.61379
G0 F9000 X100.58 Y108.723
G1 F1500 X108.724 Y100.579 E1250.80533
G0 F9000 X109.006 Y100.579
G1 F1500 X106.092 Y103.494 E1250.87387
G0 F9000 X106.435 Y103.434
G1 F1500 X109.289 Y100.579 E1250.941
G0 F9000 X109.572 Y100.579
G1 F1500 X106.717 Y103.434 E1251.00815
G0 F9000 X107 Y103.434
G1 F1500 X109.855 Y100.579 E1251.07529
G0 F9000 X110.138 Y100.579
G1 F1500 X107.284 Y103.433 E1251.14242
G0 F9000 X107.567 Y103.433
G1 F1500 X110.421 Y100.579 E1251.20954
G0 F9000 X110.703 Y100.579
G1 F1500 X107.85 Y103.432 E1251.27664
G0 F9000 X108.133 Y103.432
G1 F1500 X110.986 Y100.579 E1251.34373
G0 F9000 X111.269 Y100.579
G1 F1500 X108.416 Y103.432 E1251.41083
G0 F9000 X108.699 Y103.432
G1 F1500 X111.552 Y100.579 E1251.47793
G0 F9000 X111.835 Y100.579
G1 F1500 X108.982 Y103.432 E1251.54503
G0 F9000 X109.265 Y103.432
G1 F1500 X112.118 Y100.579 E1251.61213
G0 F9000 X112.4 Y100.579
G1 F1500 X109.549 Y103.431 E1251.67919
G0 F9000 X109.832 Y103.431
G1 F1500 X112.683 Y100.579 E1251.74625
G0 F9000 X112.966 Y100.579
G1 F1500 X110.114 Y103.431 E1251.81333
G0 F9000 X110.398 Y103.43
G1 F1500 X113.249 Y100.579 E1251.88038
G0 F9000 X113.532 Y100.579
G1 F1500 X110.681 Y103.43 E1251.94743
G0 F9000 X110.964 Y103.43
G1 F1500 X113.815 Y100.579 E1252.01448
G0 F9000 X114.098 Y100.579
G1 F1500 X111.247 Y103.429 E1252.08152
G0 F9000 X111.53 Y103.429
G1 F1500 X114.38 Y100.579 E1252.14855
G0 F9000 X114.663 Y100.579
G1 F1500 X111.813 Y103.429 E1252.21557
G0 F9000 X112.096 Y103.429
G1 F1500 X114.946 Y100.579 E1252.2826
G0 F9000 X115.229 Y100.579
G1 F1500 X112.379 Y103.429 E1252.34963
G0 F9000 X112.663 Y103.428
G1 F1500 X115.512 Y100.579 E1252.41663
G0 F9000 X115.795 Y100.579
G1 F1500 X112.946 Y103.428 E1252.48364
G0 F9000 X113.229 Y103.428
G1 F1500 X116.077 Y100.579 E1252.55063
G0 F9000 X116.36 Y100.579
G1 F1500 X113.512 Y103.427 E1252.61761
G0 F9000 X113.795 Y103.427
G1 F1500 X116.643 Y100.579 E1252.68459
G0 F9000 X116.926 Y100.579
G1 F1500 X114.078 Y103.427 E1252.75157
G0 F9000 X114.321 Y103.467
G1 F1500 X117.209 Y100.579 E1252.81949
G0 F9000 X117.492 Y100.579
G1 F1500 X114.49 Y103.581 E1252.8901
G0 F9000 X114.612 Y103.741
G1 F1500 X117.774 Y100.579 E1252.96446
G0 F9000 X118.057 Y100.579
G1 F1500 X114.691 Y103.946 E1253.04364
G0 F9000 X114.689 Y104.23
G1 F1500 X118.34 Y100.579 E1253.1295
G0 F9000 X118.623 Y100.579
G1 F1500 X114.689 Y104.513 E1253.22202
G0 F9000 X114.687 Y104.798
G1 F1500 X118.906 Y100.579 E1253.32125
G0 F9000 X119.189 Y100.579
G1 F1500 X114.687 Y105.081 E1253.42713
G0 F9000 X114.685 Y105.365
G1 F1500 X119.419 Y100.632 E1253.53845
G0 F9000 X119.419 Y100.915
G1 F1500 X114.673 Y105.66 E1253.65006
G0 F9000 X114.237 Y106.097
G1 F1500 X111.145 Y109.189 E1253.72278
G0 F9000 X111.241 Y109.375
G1 F1500 X119.419 Y101.198 E1253.9151
G0 F9000 X119.419 Y101.481
G1 F1500 X111.337 Y109.562 E1254.10517
G0 F9000 X111.432 Y109.75
G1 F1500 X119.419 Y101.763 E1254.29301
G0 F9000 X119.419 Y102.046
G1 F1500 X111.529 Y109.936 E1254.47857
G0 F9000 X111.624 Y110.124
G1 F1500 X119.419 Y102.329 E1254.6619
G0 F9000 X119.419 Y102.612
G1 F1500 X111.72 Y110.31 E1254.84295
G0 F9000 X111.816 Y110.498
G1 F1500 X119.419 Y102.895 E1255.02176
G0 F9000 X119.419 Y103.178
G1 F1500 X111.912 Y110.684 E1255.1983
G0 F9000 X112.007 Y110.872
G1 F1500 X119.419 Y103.461 E1255.37261
G0 F9000 X119.419 Y103.743
G1 F1500 X112.104 Y111.058 E1255.54465
G0 F9000 X112.199 Y111.246
G1 F1500 X119.419 Y104.026 E1255.71445
G0 F9000 X119.419 Y104.309
G1 F1500 X112.295 Y111.432 E1255.88199
G0 F9000 X112.391 Y111.62
G1 F1500 X119.419 Y104.592 E1256.04727
G0 F9000 X119.419 Y104.875
G1 F1500 X112.487 Y111.807 E1256.2103
G0 F9000 X112.582 Y111.994
G1 F1500 X119.419 Y105.158 E1256.37109
G0 F9000 X119.419 Y105.44
G1 F1500 X112.678 Y112.181 E1256.52963
G0 F9000 X112.775 Y112.367
G1 F1500 X119.419 Y105.723 E1256.68588
G0 F9000 X119.419 Y106.006
G1 F1500 X112.87 Y112.555 E1256.83991
G0 F9000 X112.966 Y112.741
G1 F1500 X119.419 Y106.289 E1256.99166
G0 F9000 X119.419 Y106.572
G1 F1500 X113.062 Y112.929 E1257.14116
G0 F9000 X113.158 Y113.115
G1 F1500 X119.419 Y106.855 E1257.2884
G0 F9000 X119.419 Y107.137
G1 F1500 X113.253 Y113.303 E1257.43342
G0 F9000 X113.349 Y113.489
G1 F1500 X119.419 Y107.42 E1257.57616
G0 F9000 X119.419 Y107.703
G1 F1500 X113.445 Y113.677 E1257.71666
G0 F9000 X113.541 Y113.863
G1 F1500 X119.419 Y107.986 E1257.85489
G0 F9000 X119.419 Y108.269
G1 F1500 X113.637 Y114.051 E1257.99088
G0 F9000 X113.733 Y114.238
G1 F1500 X119.419 Y108.552 E1258.1246
G0 F9000 X119.419 Y108.835
G1 F1500 X113.828 Y114.425 E1258.25608
G0 F9000 X113.924 Y114.612
G1 F1500 X119.419 Y109.117 E1258.38532
G0 F9000 X119.419 Y109.4
G1 F1500 X114.02 Y114.799 E1258.51229
G0 F9000 X114.116 Y114.986
G1 F1500 X119.419 Y109.683 E1258.63701
G0 F9000 X119.419 Y109.966
G1 F1500 X114.211 Y115.173 E1258.75948
G0 F9000 X114.308 Y115.36
G1 F1500 X119.419 Y110.249 E1258.87969
G0 F9000 X119.419 Y110.532
G1 F1500 X114.404 Y115.546 E1258.99762
G0 F9000 X114.478 Y115.755
G1 F1500 X119.419 Y110.814 E1259.11382
G0 F9000 X119.419 Y111.097
G1 F1500 X114.502 Y116.014 E1259.22946
G0 F9000 X114.501 Y116.298
G1 F1500 X119.419 Y111.38 E1259.34513
G1 F1500 E1252.84513
G0 F9000 X119.7 Y111.38
G0 X119.6 Y105.82
G0 X114.488 Y105.586
G0 X113.954 Y106.097
G1 F1500 E1259.34513
G1 X111.049 Y109.001 E1259.41344
G0 F9000 X110.953 Y108.815
G1 F1500 X113.671 Y106.097 E1259.47736
G0 F9000 X113.388 Y106.097
G1 F1500 X110.858 Y108.627 E1259.53686
G0 F9000 X110.761 Y108.441
G1 F1500 X113.105 Y106.097 E1259.59199
G0 F9000 X112.822 Y106.097
G1 F1500 X110.666 Y108.253 E1259.64269
G0 F9000 X110.57 Y108.067
G1 F1500 X112.539 Y106.097 E1259.68901
G0 F9000 X112.256 Y106.097
G1 F1500 X110.474 Y107.879 E1259.73092
G0 F9000 X110.378 Y107.693
G1 F1500 X111.973 Y106.097 E1259.76845
G0 F9000 X111.69 Y106.098
G1 F1500 X110.283 Y107.505 E1259.80154
G0 F9000 X110.187 Y107.319
G1 F1500 X111.407 Y106.098 E1259.83024
G0 F9000 X111.124 Y106.098
G1 F1500 X110.091 Y107.131 E1259.85454
G0 F9000 X109.995 Y106.944
G1 F1500 X110.841 Y106.098 E1259.87443
G0 F9000 X110.558 Y106.099
G1 F1500 X109.899 Y106.757 E1259.88992
G0 F9000 X109.803 Y106.57
G1 F1500 X110.275 Y106.099 E1259.90101
G0 F9000 X109.992 Y106.099
G1 F1500 X109.708 Y106.383 E1259.90769
G0 F9000 X109.612 Y106.196
G1 F1500 X109.709 Y106.099 E1259.90997
G0 F9000 X109.709 Y105.82
G0 X114.34 Y105.748
G0 X114.34 Y103.779
G0 X106.094 Y103.779
G0 X106.085 Y104.413
G0 X109.57 Y111.454
G0 X109.32 Y111.58
G1 F1500 X106.672 Y114.228 E1259.97225
G0 F9000 X106.954 Y114.228
G1 F1500 X109.415 Y111.767 E1260.03013
G0 F9000 X109.511 Y111.954
G1 F1500 X107.238 Y114.227 E1260.08358
G0 F9000 X107.521 Y114.227
G1 F1500 X109.606 Y112.142 E1260.13262
G0 F9000 X109.702 Y112.328
G1 F1500 X107.804 Y114.226 E1260.17726
G0 F9000 X108.087 Y114.226
G1 F1500 X109.798 Y112.516 E1260.21749
G0 F9000 X109.893 Y112.703
G1 F1500 X108.37 Y114.226 E1260.2533
G0 F9000 X108.654 Y114.226
G1 F1500 X109.989 Y112.891 E1260.2847
G0 F9000 X110.084 Y113.078
G1 F1500 X108.936 Y114.226 E1260.3117
G0 F9000 X109.219 Y114.226
G1 F1500 X110.179 Y113.265 E1260.33429
G0 F9000 X110.276 Y113.452
G1 F1500 X109.503 Y114.225 E1260.35247
G0 F9000 X109.786 Y114.225
G1 F1500 X110.371 Y113.639 E1260.36624
G0 F9000 X110.467 Y113.827
G1 F1500 X110.069 Y114.224 E1260.37559
G0 F9000 X110.352 Y114.224
G1 F1500 X110.562 Y114.014 E1260.38053
G1 F1500 E1253.88053
G0 F9000 X110.811 Y113.888
G0 X106.347 Y105.356
G0 X100.4 Y105.356
G0 X100.58 Y108.44
G1 F1500 E1260.38053
G1 X108.441 Y100.579 E1260.56541
G0 F9000 X108.158 Y100.579
G1 F1500 X100.58 Y108.157 E1260.74363
G0 F9000 X100.58 Y107.874
G1 F1500 X107.875 Y100.579 E1260.9152
G0 F9000 X107.592 Y100.579
G1 F1500 X100.58 Y107.591 E1261.08011
G0 F9000 X100.58 Y107.309
G1 F1500 X107.309 Y100.579 E1261.23838
G0 F9000 X107.026 Y100.579
G1 F1500 X100.58 Y107.026 E1261.38999
G0 F9000 X100.58 Y106.743
G1 F1500 X106.744 Y100.579 E1261.53496
G0 F9000 X106.461 Y100.579
G1 F1500 X100.58 Y106.46 E1261.67327
G0 F9000 X100.58 Y106.177
G1 F1500 X106.178 Y100.579 E1261.80492
G0 F9000 X105.895 Y100.579
G1 F1500 X100.58 Y105.894 E1261.92992
G0 F9000 X100.58 Y105.612
G1 F1500 X105.612 Y100.579 E1262.04828
G0 F9000 X105.329 Y100.579
G1 F1500 X100.58 Y105.329 E1262.15998
G0 F9000 X100.58 Y105.046
G1 F1500 X105.047 Y100.579 E1262.26504
G0 F9000 X104.764 Y100.579
G1 F1500 X100.58 Y104.763 E1262.36344
G0 F9000 X100.58 Y104.48
G1 F1500 X104.481 Y100.579 E1262.45519
G0 F9000 X104.198 Y100.579
G1 F1500 X100.58 Y104.197 E1262.54028
G0 F9000 X100.58 Y103.914
G1 F1500 X103.915 Y100.579 E1262.61871
G0 F9000 X103.632 Y100.579
G1 F1500 X100.58 Y103.632 E1262.6905
G0 F9000 X100.58 Y103.349
G1 F1500 X103.35 Y100.579 E1262.75565
G0 F9000 X103.067 Y100.579
G1 F1500 X100.58 Y103.066 E1262.81414
G0 F9000 X100.58 Y102.783
G1 F1500 X102.784 Y100.579 E1262.86597
G0 F9000 X102.501 Y100.579
G1 F1500 X100.58 Y102.5 E1262.91115
G0 F9000 X100.58 Y102.217
G1 F1500 X102.218 Y100.579 E1262.94967
G0 F9000 X101.935 Y100.579
G1 F1500 X100.58 Y101.935 E1262.98155
G0 F9000 X100.58 Y101.652
G1 F1500 X101.652 Y100.579 E1263.00678
G0 F9000 X101.37 Y100.579
G1 F1500 X100.58 Y101.369 E1263.02536
G0 F9000 X100.58 Y101.086
G1 F1500 X101.087 Y100.579 E1263.03728
G0 F9000 X100.804 Y100.579
G1 F1500 X100.58 Y100.803 E1263.04255
G1 F1500 E1256.54255
;MESH:NONMESH
G0 F300 X100.58 Y100.803 Z19.9
G0 F9000 X100.3 Y100.803
G0 X100.4 Y116.588
G0 X106.029 Y116.372
G0 X114.137 Y116.533
;TIME_ELAPSED:3098.813555
;LAYER:98
;TYPE:WALL-INNER
;MESH:xyzCalibration_cube.stl
G1 F1500 E1263.04255
G1 X113.979 Y116.614 E1263.0455
G1 X106.317 Y116.618 E1263.17292
G1 X106.187 Y116.524 E1263.17559
G1 X106.109 Y116.362 E1263.17858
G1 X106.106 Y114.752 E1263.20535
G1 X106.229 Y114.562 E1263.20912
G1 X106.352 Y114.505 E1263.21137
G1 X111.127 Y114.505 E1263.29078
G1 X106.022 Y104.499 E1263.47759
G1 X106.022 Y103.954 E1263.48665
G1 X106.119 Y103.785 E1263.48989
G1 X106.27 Y103.711 E1263.49269
G1 X114.184 Y103.707 E1263.6243
G1 X114.303 Y103.774 E1263.62657
G1 X114.412 Y103.932 E1263.62976
G1 X114.412 Y105.577 E1263.65712
G1 X114.27 Y105.776 E1263.66118
G1 X114.169 Y105.815 E1263.66298
G1 X109.105 Y105.82 E1263.7472
G1 X114.228 Y115.825 E1263.93412
G1 X114.228 Y116.359 E1263.94301
G1 X114.137 Y116.533 E1263.94627
G1 F1500 E1257.44627
G0 F9000 X114.197 Y116.588
G0 X114.191 Y119.619
G0 X119.7 Y119.7
G1 F1500 E1263.94627
G1 X119.7 Y100.3 E1264.26889
G1 X100.3 Y100.3 E1264.59152
G1 X100.301 Y119.699 E1264.91412
G1 X119.7 Y119.7 E1265.23673
G0 F9000 X119.9 Y119.9
;TYPE:WALL-OUTER
G1 F1500 X119.9 Y100.1 E1265.56601
G1 X100.1 Y100.1 E1265.89528
G1 X100.101 Y119.899 E1266.22454
G1 X119.9 Y119.9 E1266.5538
G0 F9000 X119.9 Y119.7
G1 F1500 E1260.0538
G0 F9000 X119.7 Y119.7
G0 X113.943 Y119.619
G0 X113.942 Y116.713
G0 X113.945 Y116.417
G1 F1500 E1266.5538
G1 X106.375 Y116.418 E1266.67969
G1 X106.307 Y116.333 E1266.6815
G1 X106.309 Y114.779 E1266.70734
G1 X106.382 Y114.707 E1266.70905
G1 X111.453 Y114.705 E1266.79338
G1 X106.223 Y104.443 E1266.98492
G1 X106.225 Y103.982 E1266.99259
G1 X106.304 Y103.908 E1266.99439
G1 X114.147 Y103.913 E1267.12482
G1 X114.207 Y103.974 E1267.12624
G1 X114.209 Y105.548 E1267.15242
G1 X114.131 Y105.619 E1267.15417
G1 X108.778 Y105.62 E1267.24319
G1 X114.025 Y115.874 E1267.43474
G1 X114.028 Y116.318 E1267.44213
G1 X113.945 Y116.417 E1267.44428
G0 F9000 X113.745 Y116.417
G1 F1500 E1260.94428
G0 F9000 X113.745 Y116.618
G0 X106.206 Y116.518
G0 X106.204 Y119.619
G0 X100.481 Y119.519
;TYPE:SKIN
G1 F1500 E1267.44428
G1 X100.48 Y100.48 E1267.7609
G1 X119.52 Y100.48 E1268.07753
G1 X119.52 Y119.519 E1268.39415
G1 X100.481 Y119.519 E1268.71077
G1 F1500 E1262.21077
G0 F9000 X100.479 Y119.699
G0 X106.26 Y119.619
G0 X106.408 Y116.699
G0 X106.225 Y116.762
G1 F1500 E1268.71077
G1 X106.39 Y116.796 E1268.71357
G1 X114.011 Y116.792 E1268.84031
G1 X114.268 Y116.663 E1268.84509
G1 X114.4 Y116.404 E1268.84993
G1 X114.406 Y115.876 E1268.85871
G1 X114.364 Y115.698 E1268.86175
G1 X109.398 Y106 E1269.04294
G1 X114.226 Y105.999 E1269.12323
G1 X114.452 Y105.86 E1269.12765
G1 X114.585 Y105.61 E1269.13236
G1 X114.587 Y103.878 E1269.16116
G1 X114.437 Y103.656 E1269.16561
G1 X114.232 Y103.527 E1269.16964
G1 X106.239 Y103.533 E1269.30257
G1 X105.995 Y103.649 E1269.30706
G1 X105.844 Y103.918 E1269.31219
G1 X105.849 Y104.553 E1269.32275
G1 X110.833 Y114.325 E1269.50518
G1 X106.385 Y114.327 E1269.57915
G1 X106.203 Y114.369 E1269.58225
G1 X106.047 Y114.487 E1269.58551
G1 X105.929 Y114.707 E1269.58966
G1 X105.931 Y116.386 E1269.61758
G1 X106.051 Y116.648 E1269.62237
G1 X106.225 Y116.762 E1269.62583
G1 F1500 E1263.12583
G0 F9000 X106.262 Y116.586
G0 X106.127 Y119.619
G0 X100.75 Y119.418
G1 F1500 E1269.62583
G1 X100.58 Y119.247 E1269.62984
G0 F9000 X100.58 Y118.965
G1 F1500 X101.033 Y119.418 E1269.64049
G0 F9000 X101.316 Y119.418
G1 F1500 X100.58 Y118.682 E1269.6578
G0 F9000 X100.58 Y118.399
G1 F1500 X101.599 Y119.418 E1269.68177
G0 F9000 X101.882 Y119.418
G1 F1500 X100.58 Y118.116 E1269.71239
G0 F9000 X100.58 Y117.833
G1 F1500 X102.164 Y119.418 E1269.74966
G0 F9000 X102.447 Y119.418
G1 F1500 X100.58 Y117.55 E1269.79358
G0 F9000 X100.58 Y117.268
G1 F1500 X102.73 Y119.418 E1269.84414
G0 F9000 X103.013 Y119.418
G1 F1500 X100.58 Y116.985 E1269.90136
G0 F9000 X100.58 Y116.702
G1 F1500 X103.296 Y119.418 E1269.96524
G0 F9000 X103.579 Y119.418
G1 F1500 X100.58 Y116.419 E1270.03577
G0 F9000 X100.58 Y116.136
G1 F1500 X103.861 Y119.418 E1270.11294
G0 F9000 X104.144 Y119.418
G1 F1500 X100.58 Y115.853 E1270.19678
G0 F9000 X100.58 Y115.57
G1 F1500 X104.427 Y119.418 E1270.28726
G0 F9000 X104.71 Y119.418
G1 F1500 X100.58 Y115.288 E1270.3844
G0 F9000 X100.58 Y115.005
G1 F1500 X104.993 Y119.418 E1270.48818
G0 F9000 X105.276 Y119.418
G1 F1500 X100.58 Y114.722 E1270.59862
G0 F9000 X100.58 Y114.439
G1 F1500 X105.559 Y119.418 E1270.71572
G0 F9000 X105.841 Y119.418
G1 F1500 X100.58 Y114.156 E1270.83947
G0 F9000 X100.58 Y113.873
G1 F1500 X106.124 Y119.418 E1270.96986
G0 F9000 X106.407 Y119.418
G1 F1500 X100.58 Y113.591 E1271.10691
G0 F9000 X100.58 Y113.308
G1 F1500 X106.69 Y119.418 E1271.2506
G0 F9000 X106.973 Y119.418
G1 F1500 X100.58 Y113.025 E1271.40096
G0 F9000 X100.58 Y112.742
G1 F1500 X107.256 Y119.418 E1271.55797
G0 F9000 X107.538 Y119.418
G1 F1500 X100.58 Y112.459 E1271.72162
G0 F9000 X100.58 Y112.176
G1 F1500 X107.821 Y119.418 E1271.89193
G0 F9000 X108.104 Y119.418
G1 F1500 X100.58 Y111.893 E1272.06889
G0 F9000 X100.58 Y111.611
G1 F1500 X108.387 Y119.418 E1272.2525
G0 F9000 X108.67 Y119.418
G1 F1500 X100.58 Y111.328 E1272.44277
G0 F9000 X100.58 Y111.045
G1 F1500 X105.831 Y116.297 E1272.56627
G0 F9000 X105.831 Y116.013
G1 F1500 X100.58 Y110.762 E1272.68977
G0 F9000 X100.58 Y110.479
G1 F1500 X105.829 Y115.729 E1272.81323
G0 F9000 X105.829 Y115.445
G1 F1500 X100.58 Y110.196 E1272.93668
G0 F9000 X100.579 Y109.913
G1 F1500 X105.828 Y115.162 E1273.06013
G0 F9000 X105.827 Y114.877
G1 F1500 X100.579 Y109.63 E1273.18354
G0 F9000 X100.579 Y109.347
G1 F1500 X105.86 Y114.629 E1273.30775
G0 F9000 X105.959 Y114.444
G1 F1500 X100.579 Y109.064 E1273.43428
G0 F9000 X100.579 Y108.782
G1 F1500 X106.111 Y114.313 E1273.56437
G0 F9000 X106.319 Y114.238
G1 F1500 X100.579 Y108.499 E1273.69936
G0 F9000 X100.579 Y108.216
G1 F1500 X106.59 Y114.227 E1273.84073
G0 F9000 X106.873 Y114.227
G1 F1500 X100.579 Y107.933 E1273.98875
G0 F9000 X100.579 Y107.65
G1 F1500 X107.155 Y114.226 E1274.14341
G0 F9000 X107.438 Y114.226
G1 F1500 X100.579 Y107.367 E1274.30472
G0 F9000 X100.579 Y107.084
G1 F1500 X107.721 Y114.226 E1274.47269
G0 F9000 X108.003 Y114.226
G1 F1500 X100.579 Y106.802 E1274.64729
G0 F9000 X100.579 Y106.519
G1 F1500 X108.286 Y114.226 E1274.82855
G0 F9000 X108.568 Y114.225
G1 F1500 X100.579 Y106.236 E1275.01644
G0 F9000 X100.579 Y105.953
G1 F1500 X108.851 Y114.225 E1275.21098
G0 F9000 X109.134 Y114.225
G1 F1500 X100.579 Y105.67 E1275.41218
G0 F9000 X100.579 Y105.387
G1 F1500 X109.416 Y114.224 E1275.62002
G0 F9000 X109.699 Y114.224
G1 F1500 X100.579 Y105.105 E1275.83449
G0 F9000 X100.579 Y104.822
G1 F1500 X109.981 Y114.223 E1276.0556
G0 F9000 X110.264 Y114.223
G1 F1500 X100.579 Y104.539 E1276.28337
G0 F9000 X100.579 Y104.256
G1 F1500 X110.546 Y114.223 E1276.51778
G0 F9000 X110.503 Y113.897
G1 F1500 X100.579 Y103.973 E1276.75117
G0 F9000 X100.579 Y103.69
G1 F1500 X110.208 Y113.32 E1276.97764
G0 F9000 X109.914 Y112.742
G1 F1500 X100.579 Y103.408 E1277.19718
G0 F9000 X100.579 Y103.125
G1 F1500 X109.619 Y112.164 E1277.40977
G0 F9000 X109.324 Y111.587
G1 F1500 X100.579 Y102.842 E1277.61544
G0 F9000 X100.579 Y102.559
G1 F1500 X109.029 Y111.009 E1277.81417
G0 F9000 X108.734 Y110.431
G1 F1500 X100.579 Y102.276 E1278.00597
G0 F9000 X100.579 Y101.993
G1 F1500 X108.439 Y109.853 E1278.19082
G0 F9000 X108.144 Y109.276
G1 F1500 X100.579 Y101.71 E1278.36875
G0 F9000 X100.579 Y101.428
G1 F1500 X107.85 Y108.698 E1278.53974
G0 F9000 X107.555 Y108.12
G1 F1500 X100.579 Y101.145 E1278.70379
G0 F9000 X100.579 Y100.862
G1 F1500 X107.26 Y107.543 E1278.86092
G0 F9000 X106.965 Y106.965
G1 F1500 X100.579 Y100.579 E1279.01111
G0 F9000 X100.863 Y100.58
G1 F1500 X106.67 Y106.387 E1279.14768
G0 F9000 X106.375 Y105.81
G1 F1500 X101.145 Y100.58 E1279.27068
G0 F9000 X101.428 Y100.58
G1 F1500 X106.08 Y105.232 E1279.38009
G0 F9000 X105.786 Y104.654
G1 F1500 X101.711 Y100.58 E1279.47592
G0 F9000 X101.994 Y100.58
G1 F1500 X105.745 Y104.331 E1279.56413
G0 F9000 X105.741 Y104.044
G1 F1500 X102.277 Y100.58 E1279.6456
G0 F9000 X102.56 Y100.58
G1 F1500 X105.79 Y103.811 E1279.72158
G0 F9000 X105.89 Y103.627
G1 F1500 X102.843 Y100.58 E1279.79324
G0 F9000 X103.125 Y100.58
G1 F1500 X106.055 Y103.509 E1279.86214
G0 F9000 X106.261 Y103.433
G1 F1500 X103.408 Y100.58 E1279.92924
G0 F9000 X103.691 Y100.58
G1 F1500 X106.544 Y103.433 E1279.99633
G0 F9000 X106.827 Y103.433
G1 F1500 X103.974 Y100.58 E1280.06343
G0 F9000 X104.257 Y100.58
G1 F1500 X107.109 Y103.432 E1280.13051
G0 F9000 X107.392 Y103.432
G1 F1500 X104.54 Y100.58 E1280.19758
G0 F9000 X104.822 Y100.58
G1 F1500 X107.675 Y103.432 E1280.26467
G0 F9000 X107.957 Y103.432
G1 F1500 X105.105 Y100.58 E1280.33174
G0 F9000 X105.388 Y100.58
G1 F1500 X108.24 Y103.432 E1280.39882
G0 F9000 X108.523 Y103.432
G1 F1500 X105.671 Y100.58 E1280.46589
G0 F9000 X105.954 Y100.58
G1 F1500 X108.805 Y103.431 E1280.53294
G0 F9000 X109.088 Y103.431
G1 F1500 X106.237 Y100.58 E1280.59999
G0 F9000 X106.519 Y100.58
G1 F1500 X109.371 Y103.431 E1280.66706
G0 F9000 X109.653 Y103.43
G1 F1500 X106.802 Y100.58 E1280.7341
G0 F9000 X107.085 Y100.58
G1 F1500 X109.936 Y103.43 E1280.80114
G0 F9000 X110.218 Y103.43
G1 F1500 X107.368 Y100.58 E1280.86816
G0 F9000 X107.651 Y100.58
G1 F1500 X110.5 Y103.429 E1280.93517
G0 F9000 X110.783 Y103.429
G1 F1500 X107.934 Y100.58 E1281.00217
G0 F9000 X108.217 Y100.58
G1 F1500 X111.065 Y103.429 E1281.06916
G0 F9000 X111.348 Y103.429
G1 F1500 X108.499 Y100.58 E1281.13617
G0 F9000 X108.782 Y100.58
G1 F1500 X111.631 Y103.429 E1281.20317
G0 F9000 X111.913 Y103.428
G1 F1500 X109.065 Y100.58 E1281.27015
G0 F9000 X109.348 Y100.58
G1 F1500 X112.196 Y103.428 E1281.33713
G0 F9000 X112.479 Y103.428
G1 F1500 X109.631 Y100.58 E1281.40411
G0 F9000 X109.914 Y100.58
G1 F1500 X112.761 Y103.427 E1281.47107
G0 F9000 X113.044 Y103.427
G1 F1500 X110.196 Y100.58 E1281.53804
G0 F9000 X110.479 Y100.58
G1 F1500 X113.327 Y103.427 E1281.60501
G0 F9000 X113.609 Y103.427
G1 F1500 X110.762 Y100.58 E1281.67197
G0 F9000 X111.045 Y100.58
G1 F1500 X113.892 Y103.427 E1281.73892
G0 F9000 X114.175 Y103.427
G1 F1500 X111.328 Y100.58 E1281.80588
G0 F9000 X111.611 Y100.58
G1 F1500 X119.419 Y108.388 E1281.98951
G0 F9000 X119.419 Y108.67
G1 F1500 X114.69 Y103.942 E1282.10072
G0 F9000 X114.689 Y104.224
G1 F1500 X119.419 Y108.953 E1282.21195
G0 F9000 X119.419 Y109.236
G1 F1500 X114.688 Y104.506 E1282.3232
G0 F9000 X114.687 Y104.787
G1 F1500 X119.419 Y109.519 E1282.43449
G0 F9000 X119.419 Y109.802
G1 F1500 X114.686 Y105.069 E1282.54581
G0 F9000 X114.684 Y105.351
G1 F1500 X119.419 Y110.085 E1282.65715
G0 F9000 X119.419 Y110.368
G1 F1500 X114.684 Y105.633 E1282.76851
G0 F9000 X114.585 Y105.817
G1 F1500 X119.419 Y110.65 E1282.88219
G0 F9000 X119.419 Y110.933
G1 F1500 X114.458 Y105.973 E1282.99885
G0 F9000 X114.288 Y106.086
G1 F1500 X119.419 Y111.216 E1283.11952
G0 F9000 X119.419 Y111.499
G1 F1500 X114.017 Y106.097 E1283.24656
G0 F9000 X113.734 Y106.097
G1 F1500 X119.419 Y111.782 E1283.38026
G0 F9000 X119.419 Y112.065
G1 F1500 X113.451 Y106.097 E1283.52062
G0 F9000 X113.168 Y106.097
G1 F1500 X119.419 Y112.347 E1283.66763
G0 F9000 X119.419 Y112.63
G1 F1500 X112.886 Y106.098 E1283.82126
G0 F9000 X112.603 Y106.098
G1 F1500 X119.419 Y112.913 E1283.98155
G0 F9000 X119.419 Y113.196
G1 F1500 X112.321 Y106.098 E1284.14848
G0 F9000 X112.038 Y106.098
G1 F1500 X119.419 Y113.479 E1284.32207
G0 F9000 X119.419 Y113.762
G1 F1500 X111.756 Y106.099 E1284.5023
G0 F9000 X111.473 Y106.099
G1 F1500 X119.419 Y114.045 E1284.68917
G0 F9000 X119.419 Y114.327
G1 F1500 X111.19 Y106.099 E1284.8827
G0 F9000 X110.907 Y106.099
G1 F1500 X119.419 Y114.61 E1285.08287
G0 F9000 X119.419 Y114.893
G1 F1500 X110.625 Y106.099 E1285.28969
G0 F9000 X110.342 Y106.099
G1 F1500 X119.419 Y115.176 E1285.50317
G0 F9000 X119.419 Y115.459
G1 F1500 X110.059 Y106.099 E1285.7233
G0 F9000 X109.776 Y106.099
G1 F1500 X119.419 Y115.742 E1285.95009
G0 F9000 X119.419 Y116.024
G1 F1500 X109.632 Y106.238 E1286.18026
G0 F9000 X109.93 Y106.819
G1 F1500 X119.419 Y116.307 E1286.40341
G0 F9000 X119.419 Y116.59
G1 F1500 X110.227 Y107.398 E1286.61959
G0 F9000 X110.525 Y107.979
G1 F1500 X119.419 Y116.873 E1286.82877
G0 F9000 X119.419 Y117.156
G1 F1500 X110.822 Y108.559 E1287.03095
G0 F9000 X111.119 Y109.139
G1 F1500 X119.419 Y117.439 E1287.22616
G0 F9000 X119.419 Y117.721
G1 F1500 X111.416 Y109.719 E1287.41436
G0 F9000 X111.713 Y110.299
G1 F1500 X119.419 Y118.004 E1287.59559
G0 F9000 X119.419 Y118.287
G1 F1500 X112.011 Y110.88 E1287.7698
G0 F9000 X112.308 Y111.459
G1 F1500 X119.419 Y118.57 E1287.93704
G0 F9000 X119.419 Y118.853
G1 F1500 X112.605 Y112.039 E1288.09729
G0 F9000 X112.903 Y112.62
G1 F1500 X119.419 Y119.136 E1288.25054
G0 F9000 X119.419 Y119.419
G1 F1500 X113.2 Y113.2 E1288.3968
G0 F9000 X113.497 Y113.78
G1 F1500 X119.135 Y119.418 E1288.5294
G0 F9000 X118.852 Y119.418
G1 F1500 X113.794 Y114.36 E1288.64835
G0 F9000 X114.091 Y114.94
G1 F1500 X118.569 Y119.418 E1288.75367
G0 F9000 X118.286 Y119.418
G1 F1500 X114.389 Y115.52 E1288.84533
G0 F9000 X114.502 Y115.916
G1 F1500 X118.004 Y119.418 E1288.9277
G0 F9000 X117.721 Y119.418
G1 F1500 X114.5 Y116.197 E1289.00345
G0 F9000 X114.479 Y116.459
G1 F1500 X117.438 Y119.418 E1289.07304
G0 F9000 X117.155 Y119.418
G1 F1500 X114.385 Y116.648 E1289.13819
G0 F9000 X114.241 Y116.787
G1 F1500 X116.872 Y119.418 E1289.20006
G0 F9000 X116.589 Y119.418
G1 F1500 X114.051 Y116.879 E1289.25976
G0 F9000 X113.779 Y116.891
G1 F1500 X116.307 Y119.418 E1289.31921
G0 F9000 X116.024 Y119.418
G1 F1500 X113.497 Y116.891 E1289.37864
G0 F9000 X113.214 Y116.891
G1 F1500 X115.741 Y119.418 E1289.43807
G0 F9000 X115.458 Y119.418
G1 F1500 X112.932 Y116.891 E1289.49749
G0 F9000 X112.649 Y116.891
G1 F1500 X115.175 Y119.418 E1289.55691
G0 F9000 X114.892 Y119.418
G1 F1500 X112.367 Y116.892 E1289.6163
G0 F9000 X112.084 Y116.892
G1 F1500 X114.609 Y119.418 E1289.6757
G0 F9000 X114.327 Y119.418
G1 F1500 X111.801 Y116.892 E1289.73511
G0 F9000 X111.519 Y116.893
G1 F1500 X114.044 Y119.418 E1289.79449
G0 F9000 X113.761 Y119.418
G1 F1500 X111.236 Y116.893 E1289.85388
G0 F9000 X110.954 Y116.893
G1 F1500 X113.478 Y119.418 E1289.91325
G0 F9000 X113.195 Y119.418
G1 F1500 X110.671 Y116.893 E1289.97262
G0 F9000 X110.388 Y116.893
G1 F1500 X112.912 Y119.418 E1290.03199
G0 F9000 X112.63 Y119.418
G1 F1500 X110.106 Y116.894 E1290.09135
G0 F9000 X109.823 Y116.894
G1 F1500 X112.347 Y119.418 E1290.15071
G0 F9000 X112.064 Y119.418
G1 F1500 X109.54 Y116.894 E1290.21007
G0 F9000 X109.258 Y116.895
G1 F1500 X111.781 Y119.418 E1290.26941
G0 F9000 X111.498 Y119.418
G1 F1500 X108.975 Y116.895 E1290.32875
G0 F9000 X108.693 Y116.896
G1 F1500 X111.215 Y119.418 E1290.38806
G0 F9000 X110.933 Y119.418
G1 F1500 X108.41 Y116.896 E1290.44739
G0 F9000 X108.127 Y116.896
G1 F1500 X110.65 Y119.418 E1290.50671
G0 F9000 X110.367 Y119.418
G1 F1500 X107.845 Y116.896 E1290.56603
G0 F9000 X107.562 Y116.896
G1 F1500 X110.084 Y119.418 E1290.62534
G0 F9000 X109.801 Y119.418
G1 F1500 X107.28 Y116.896 E1290.68464
G0 F9000 X106.997 Y116.897
G1 F1500 X109.518 Y119.418 E1290.74393
G0 F9000 X109.235 Y119.418
G1 F1500 X106.715 Y116.897 E1290.80321
G0 F9000 X106.432 Y116.897
G1 F1500 X108.953 Y119.418 E1290.8625
G0 F9000 X108.951 Y119.699
G0 X119.628 Y119.628
G0 X119.7 Y108.105
G0 X119.419 Y108.105
G1 F1500 X111.893 Y100.58 E1291.03949
G0 F9000 X112.176 Y100.58
G1 F1500 X119.419 Y107.822 E1291.20982
G0 F9000 X119.419 Y107.539
G1 F1500 X112.459 Y100.58 E1291.3735
G0 F9000 X112.742 Y100.58
G1 F1500 X119.419 Y107.256 E1291.53052
G0 F9000 X119.419 Y106.973
G1 F1500 X113.025 Y100.58 E1291.68088
G0 F9000 X113.308 Y100.58
G1 F1500 X119.419 Y106.691 E1291.82461
G0 F9000 X119.419 Y106.408
G1 F1500 X113.591 Y100.58 E1291.96167
G0 F9000 X113.873 Y100.58
G1 F1500 X119.419 Y106.125 E1292.09209
G0 F9000 X119.419 Y105.842
G1 F1500 X114.156 Y100.58 E1292.21586
G0 F9000 X114.439 Y100.58
G1 F1500 X119.419 Y105.559 E1292.33297
G0 F9000 X119.419 Y105.276
G1 F1500 X114.722 Y100.58 E1292.44342
G0 F9000 X115.005 Y100.58
G1 F1500 X119.419 Y104.994 E1292.54723
G0 F9000 X119.419 Y104.711
G1 F1500 X115.288 Y100.58 E1292.64439
G0 F9000 X115.57 Y100.58
G1 F1500 X119.419 Y104.428 E1292.7349
G0 F9000 X119.419 Y104.145
G1 F1500 X115.853 Y100.58 E1292.81875
G0 F9000 X116.136 Y100.58
G1 F1500 X119.419 Y103.862 E1292.89595
G0 F9000 X119.419 Y103.579
G1 F1500 X116.419 Y100.58 E1292.9665
G0 F9000 X116.702 Y100.58
G1 F1500 X119.419 Y103.296 E1293.03039
G0 F9000 X119.419 Y103.014
G1 F1500 X116.985 Y100.58 E1293.08763
G0 F9000 X117.268 Y100.58
G1 F1500 X119.419 Y102.731 E1293.13822
G0 F9000 X119.419 Y102.448
G1 F1500 X117.55 Y100.58 E1293.18216
G0 F9000 X117.833 Y100.58
G1 F1500 X119.419 Y102.165 E1293.21945
G0 F9000 X119.419 Y101.882
G1 F1500 X118.116 Y100.58 E1293.25008
G0 F9000 X118.399 Y100.58
G1 F1500 X119.419 Y101.599 E1293.27406
G0 F9000 X119.419 Y101.317
G1 F1500 X118.682 Y100.58 E1293.29139
G0 F9000 X118.965 Y100.58
G1 F1500 X119.419 Y101.034 E1293.30207
G0 F9000 X119.419 Y100.751
G1 F1500 X119.247 Y100.58 E1293.3061
;TIME_ELAPSED:3191.367424
G1 F1500 E1286.8061
M140 S0
M204 S500
M107
M104 S0
M140 S0
G92 E0
G1 E-10 F2000
G28 X0 Y0
M84
M82 ;absolute extrusion mode
M104 S0
;End of Gcode
