;FLAVOR:Marlin
;TIME:959
;Filament used: 0.273828m
;Layer height: 0.2
;MINX:-12.9
;MINY:-12.9
;MINZ:0.3
;MAXX:12.9
;MAXY:12.9
;MAXZ:9.9
;TARGET_MACHINE.NAME:Anet A8
;Generated with Cura_SteamEngine 5.6.0
M140 S60
M105
M190 S60
M104 S200
M105
M109 S200
M82 ;absolute extrusion mode
G28 ;Home
; G29 ; Mapowanie stołu
M420 S1 ; Ładowanie mapy z pamięci EEPROM
G1 Z15.0 F2000 ;Move the platform
G92 E0
G92 E0
G1 F1500 E-6.5
;LAYER_COUNT:49
;LAYER:0
M107
M204 S1000
G0 F7500 X-6.122 Y12.9 Z0.3
;TYPE:SKIRT
G1 F1500 E0
G1 X-8.827 Y12.065 E0.07062
G1 X-10.991 Y10.151 E0.14268
G1 X-12.053 Y8.856 E0.18446
G1 X-12.9 Y6.321 E0.25113
G1 X-12.9 Y-6.122 E0.56153
G1 X-12.065 Y-8.827 E0.63214
G1 X-10.151 Y-10.991 E0.70421
G1 X-8.856 Y-12.053 E0.74599
G1 X-6.321 Y-12.9 E0.81266
G1 X6.122 Y-12.9 E1.12305
G1 X8.827 Y-12.065 E1.19367
G1 X10.991 Y-10.151 E1.26574
G1 X12.053 Y-8.856 E1.30751
G1 X12.9 Y-6.321 E1.37419
G1 X12.9 Y6.122 E1.68458
G1 X12.065 Y8.827 E1.7552
G1 X10.151 Y10.991 E1.82726
G1 X8.856 Y12.053 E1.86904
G1 X6.321 Y12.9 E1.93571
G1 X-6.122 Y12.9 E2.2461
G0 F7500 X-6.092 Y12.7
G1 F1500 X-8.727 Y11.887 E2.31489
G1 X-10.836 Y10.024 E2.38509
G1 X-11.875 Y8.757 E2.42596
G1 X-12.7 Y6.288 E2.4909
G1 X-12.7 Y-6.092 E2.79972
G1 X-11.887 Y-8.727 E2.86851
G1 X-10.024 Y-10.836 E2.9387
G1 X-8.757 Y-11.875 E2.97958
G1 X-6.288 Y-12.7 E3.04451
G1 X6.092 Y-12.7 E3.35333
G1 X8.727 Y-11.887 E3.42212
G1 X10.836 Y-10.024 E3.49232
G1 X11.875 Y-8.757 E3.53319
G1 X12.7 Y-6.288 E3.59813
G1 X12.7 Y6.092 E3.90695
G1 X11.887 Y8.727 E3.97573
G1 X10.024 Y10.836 E4.04593
G1 X8.757 Y11.875 E4.0868
G1 X6.288 Y12.7 E4.15174
G1 X-6.092 Y12.7 E4.46056
G0 F7500 X-6.062 Y12.5
G1 F1500 X-8.627 Y11.709 E4.52752
G1 X-10.681 Y9.897 E4.59584
G1 X-11.697 Y8.658 E4.63581
G1 X-12.5 Y6.255 E4.69901
G1 X-12.5 Y-6.062 E5.00626
G1 X-11.709 Y-8.627 E5.07322
G1 X-9.897 Y-10.681 E5.14155
G1 X-8.658 Y-11.697 E5.18152
G1 X-6.255 Y-12.5 E5.24472
G1 X6.062 Y-12.5 E5.55197
G1 X8.627 Y-11.709 E5.61892
G1 X10.681 Y-9.897 E5.68725
G1 X11.697 Y-8.658 E5.72722
G1 X12.5 Y-6.255 E5.79042
G1 X12.5 Y6.062 E6.09767
G1 X11.709 Y8.627 E6.16463
G1 X9.897 Y10.681 E6.23295
G1 X8.658 Y11.697 E6.27292
G1 X6.255 Y12.5 E6.33612
G1 X-6.062 Y12.5 E6.64337
G0 F7500 X-6.032 Y12.3
G1 F1500 X-8.527 Y11.531 E6.7085
G1 X-10.526 Y9.77 E6.77495
G1 X-11.519 Y8.559 E6.81402
G1 X-12.3 Y6.222 E6.87549
G1 X-12.3 Y-6.032 E7.18116
G1 X-11.531 Y-8.527 E7.24629
G1 X-9.77 Y-10.526 E7.31274
G1 X-8.559 Y-11.519 E7.35181
G1 X-6.222 Y-12.3 E7.41328
G1 X6.032 Y-12.3 E7.71895
G1 X8.527 Y-11.531 E7.78408
G1 X10.526 Y-9.77 E7.85054
G1 X11.519 Y-8.559 E7.8896
G1 X12.3 Y-6.222 E7.95107
G1 X12.3 Y6.032 E8.25674
G1 X11.531 Y8.527 E8.32187
G1 X9.77 Y10.526 E8.38833
G1 X8.559 Y11.519 E8.42739
G1 X6.222 Y12.3 E8.48886
G1 X-6.032 Y12.3 E8.79454
G0 F7500 X-6.002 Y12.1
G1 F1500 X-8.427 Y11.353 E8.85783
G1 X-10.371 Y9.643 E8.92242
G1 X-11.341 Y8.46 E8.96058
G1 X-12.1 Y6.189 E9.02031
G1 X-12.1 Y-6.002 E9.32441
G1 X-11.353 Y-8.427 E9.38771
G1 X-9.643 Y-10.371 E9.4523
G1 X-8.46 Y-11.341 E9.49046
G1 X-6.189 Y-12.1 E9.55019
G1 X6.002 Y-12.1 E9.85429
G1 X8.427 Y-11.353 E9.91759
G1 X10.371 Y-9.643 E9.98217
G1 X11.341 Y-8.46 E10.02034
G1 X12.1 Y-6.189 E10.08007
G1 X12.1 Y6.002 E10.38417
G1 X11.353 Y8.427 E10.44747
G1 X9.643 Y10.371 E10.51205
G1 X8.46 Y11.341 E10.55022
G1 X6.189 Y12.1 E10.60995
G1 X-6.002 Y12.1 E10.91405
G0 F7500 X-5.972 Y11.9
G1 F1500 X-8.327 Y11.175 E10.97552
G1 X-10.216 Y9.516 E11.03823
G1 X-11.163 Y8.361 E11.07549
G1 X-11.9 Y6.156 E11.13349
G1 X-11.9 Y-5.972 E11.43602
G1 X-11.175 Y-8.327 E11.49749
G1 X-9.516 Y-10.216 E11.5602
G1 X-8.361 Y-11.163 E11.59746
G1 X-6.156 Y-11.9 E11.65545
G1 X5.972 Y-11.9 E11.95799
G1 X8.327 Y-11.175 E12.01945
G1 X10.216 Y-9.516 E12.08217
G1 X11.163 Y-8.361 E12.11943
G1 X11.9 Y-6.156 E12.17742
G1 X11.9 Y5.972 E12.47996
G1 X11.175 Y8.327 E12.54142
G1 X9.516 Y10.216 E12.60414
G1 X8.361 Y11.163 E12.64139
G1 X6.156 Y11.9 E12.69939
G1 X-5.972 Y11.9 E13.00192
G0 F7500 X-5.942 Y11.7
G1 F1500 X-8.227 Y10.996 E13.06157
G1 X-10.061 Y9.389 E13.12239
G1 X-10.985 Y8.262 E13.15875
G1 X-11.7 Y6.123 E13.21501
G1 X-11.7 Y-5.942 E13.51597
G1 X-10.996 Y-8.227 E13.57561
G1 X-9.389 Y-10.061 E13.63644
G1 X-8.262 Y-10.985 E13.67279
G1 X-6.123 Y-11.7 E13.72905
G1 X5.942 Y-11.7 E14.03002
G1 X8.227 Y-10.996 E14.08966
G1 X10.061 Y-9.389 E14.15049
G1 X10.985 Y-8.262 E14.18684
G1 X11.7 Y-6.123 E14.2431
G1 X11.7 Y5.942 E14.54406
G1 X10.996 Y8.227 E14.60371
G1 X9.389 Y10.061 E14.66454
G1 X8.262 Y10.985 E14.70089
G1 X6.123 Y11.7 E14.75715
G1 X-5.942 Y11.7 E15.05811
G0 F7500 X-5.912 Y11.5
G1 F1500 X-8.126 Y10.818 E15.1159
G1 X-9.906 Y9.262 E15.17488
G1 X-10.807 Y8.163 E15.21033
G1 X-11.5 Y6.09 E15.26485
G1 X-11.5 Y-5.912 E15.56424
G1 X-10.818 Y-8.126 E15.62203
G1 X-9.262 Y-9.906 E15.68101
G1 X-8.163 Y-10.807 E15.71646
G1 X-6.09 Y-11.5 E15.77098
G1 X5.912 Y-11.5 E16.07037
G1 X8.126 Y-10.818 E16.12816
G1 X9.906 Y-9.262 E16.18714
G1 X10.807 Y-8.163 E16.22259
G1 X11.5 Y-6.09 E16.27711
G1 X11.5 Y5.912 E16.5765
G1 X10.818 Y8.126 E16.63429
G1 X9.262 Y9.906 E16.69327
G1 X8.163 Y10.807 E16.72872
G1 X6.09 Y11.5 E16.78324
G1 X-5.912 Y11.5 E17.08263
G0 F7500 X-5.882 Y11.3
G1 F1500 X-8.026 Y10.639 E17.1386
G1 X-9.751 Y9.135 E17.19569
G1 X-10.629 Y8.064 E17.23024
G1 X-11.3 Y6.057 E17.28302
G1 X-11.3 Y-5.882 E17.58084
G1 X-10.639 Y-8.026 E17.63681
G1 X-9.135 Y-9.751 E17.6939
G1 X-8.064 Y-10.629 E17.72845
G1 X-6.057 Y-11.3 E17.78123
G1 X5.882 Y-11.3 E18.07905
G1 X8.026 Y-10.639 E18.13502
G1 X9.751 Y-9.135 E18.19211
G1 X10.629 Y-8.064 E18.22666
G1 X11.3 Y-6.057 E18.27944
G1 X11.3 Y5.882 E18.57726
G1 X10.639 Y8.026 E18.63323
G1 X9.135 Y9.751 E18.69032
G1 X8.064 Y10.629 E18.72487
G1 X6.057 Y11.3 E18.77765
G1 X-5.882 Y11.3 E19.07547
G0 F7500 X-5.852 Y11.1
G1 F1500 X-7.927 Y10.46 E19.12964
G1 X-9.596 Y9.008 E19.18482
G1 X-10.451 Y7.965 E19.21847
G1 X-11.1 Y6.024 E19.26952
G1 X-11.1 Y-5.852 E19.56577
G1 X-10.46 Y-7.927 E19.61994
G1 X-9.008 Y-9.596 E19.67512
G1 X-7.965 Y-10.451 E19.70876
G1 X-6.024 Y-11.1 E19.75981
G1 X5.852 Y-11.1 E20.05606
G1 X7.927 Y-10.46 E20.11023
G1 X9.596 Y-9.008 E20.16541
G1 X10.451 Y-7.965 E20.19906
G1 X11.1 Y-6.024 E20.25011
G1 X11.1 Y5.852 E20.54636
G1 X10.46 Y7.927 E20.60052
G1 X9.008 Y9.596 E20.65571
G1 X7.965 Y10.451 E20.68935
G1 X6.024 Y11.1 E20.7404
G1 X-5.852 Y11.1 E21.03665
G0 F7500 X-5.822 Y10.9
G1 F1500 X-7.828 Y10.281 E21.08902
G1 X-9.441 Y8.881 E21.1423
G1 X-10.273 Y7.866 E21.17504
G1 X-10.9 Y5.991 E21.22436
G1 X-10.9 Y-5.822 E21.51903
G1 X-10.281 Y-7.828 E21.5714
G1 X-8.881 Y-9.441 E21.62468
G1 X-7.866 Y-10.273 E21.65742
G1 X-5.991 Y-10.9 E21.70673
G1 X5.822 Y-10.9 E22.00141
G1 X7.828 Y-10.281 E22.05378
G1 X9.441 Y-8.881 E22.10706
G1 X10.273 Y-7.866 E22.1398
G1 X10.9 Y-5.991 E22.18911
G1 X10.9 Y5.822 E22.48379
G1 X10.281 Y7.828 E22.53616
G1 X8.881 Y9.441 E22.58944
G1 X7.866 Y10.273 E22.62218
G1 X5.991 Y10.9 E22.67149
G1 X-5.822 Y10.9 E22.96617
G0 F7500 X-5.792 Y10.7
G1 F1500 X-7.729 Y10.102 E23.01674
G1 X-9.286 Y8.754 E23.06811
G1 X-10.095 Y7.767 E23.09995
G1 X-10.7 Y5.958 E23.14753
G1 X-10.7 Y-5.792 E23.44063
G1 X-10.102 Y-7.729 E23.4912
G1 X-8.754 Y-9.286 E23.54258
G1 X-7.767 Y-10.095 E23.57441
G1 X-5.958 Y-10.7 E23.62199
G1 X5.792 Y-10.7 E23.9151
G1 X7.729 Y-10.102 E23.96567
G1 X9.286 Y-8.754 E24.01704
G1 X10.095 Y-7.767 E24.04887
G1 X10.7 Y-5.958 E24.09646
G1 X10.7 Y5.792 E24.38956
G1 X10.102 Y7.729 E24.44013
G1 X8.754 Y9.286 E24.4915
G1 X7.767 Y10.095 E24.52334
G1 X5.958 Y10.7 E24.57092
G1 X-5.792 Y10.7 E24.86403
G0 F7500 X-5.762 Y10.5
G1 F1500 X-7.63 Y9.923 E24.9128
G1 X-9.131 Y8.627 E24.96226
G1 X-9.917 Y7.668 E24.9932
G1 X-10.5 Y5.925 E25.03904
G1 X-10.5 Y-5.762 E25.33058
G1 X-9.923 Y-7.63 E25.37935
G1 X-8.627 Y-9.131 E25.42881
G1 X-7.668 Y-9.917 E25.45974
G1 X-5.925 Y-10.5 E25.50559
G1 X5.762 Y-10.5 E25.79712
G1 X7.63 Y-9.923 E25.84589
G1 X9.131 Y-8.627 E25.89536
G1 X9.917 Y-7.668 E25.92629
G1 X10.5 Y-5.925 E25.97214
G1 X10.5 Y5.762 E26.26367
G1 X9.923 Y7.63 E26.31244
G1 X8.627 Y9.131 E26.36191
G1 X7.668 Y9.917 E26.39284
G1 X5.925 Y10.5 E26.43869
G1 X-5.762 Y10.5 E26.73022
G0 F7500 X-5.732 Y10.3
G1 F1500 X-7.531 Y9.744 E26.77719
G1 X-8.976 Y8.5 E26.82476
G1 X-9.739 Y7.569 E26.85478
G1 X-10.3 Y5.892 E26.8989
G1 X-10.3 Y-5.732 E27.18886
G1 X-9.744 Y-7.531 E27.23583
G1 X-8.5 Y-8.976 E27.28339
G1 X-7.569 Y-9.739 E27.31342
G1 X-5.892 Y-10.3 E27.35753
G1 X5.732 Y-10.3 E27.64749
G1 X7.531 Y-9.744 E27.69446
G1 X8.976 Y-8.5 E27.74202
G1 X9.739 Y-7.569 E27.77205
G1 X10.3 Y-5.892 E27.81616
G1 X10.3 Y5.732 E28.10612
G1 X9.744 Y7.531 E28.1531
G1 X8.5 Y8.976 E28.20066
G1 X7.569 Y9.739 E28.23069
G1 X5.892 Y10.3 E28.2748
G1 X-5.732 Y10.3 E28.56476
G0 F7500 X-5.702 Y10.1
G1 F1500 X-7.432 Y9.565 E28.60993
G1 X-8.821 Y8.373 E28.65559
G1 X-9.561 Y7.47 E28.68471
G1 X-10.1 Y5.859 E28.72709
G1 X-10.1 Y-5.702 E29.01548
G1 X-9.565 Y-7.432 E29.06065
G1 X-8.373 Y-8.821 E29.10631
G1 X-7.47 Y-9.561 E29.13543
G1 X-5.859 Y-10.1 E29.17781
G1 X5.702 Y-10.1 E29.4662
G1 X7.432 Y-9.565 E29.51137
G1 X8.821 Y-8.373 E29.55703
G1 X9.561 Y-7.47 E29.58615
G1 X10.1 Y-5.859 E29.62853
G1 X10.1 Y5.702 E29.91692
G1 X9.565 Y7.432 E29.96209
G1 X8.373 Y8.821 E30.00775
G1 X7.47 Y9.561 E30.03687
G1 X5.859 Y10.1 E30.07925
G1 X-5.702 Y10.1 E30.36764
G0 F7500 X-5.672 Y9.9
G1 F1500 X-7.333 Y9.386 E30.41101
G1 X-8.666 Y8.246 E30.45476
G1 X-9.382 Y7.372 E30.48295
G1 X-9.9 Y5.825 E30.52364
G1 X-9.9 Y-5.672 E30.81044
G1 X-9.386 Y-7.333 E30.85381
G1 X-8.246 Y-8.666 E30.89756
G1 X-7.372 Y-9.382 E30.92574
G1 X-5.825 Y-9.9 E30.96644
G1 X5.672 Y-9.9 E31.25323
G1 X7.333 Y-9.386 E31.29661
G1 X8.666 Y-8.246 E31.34036
G1 X9.382 Y-7.372 E31.36854
G1 X9.9 Y-5.825 E31.40924
G1 X9.9 Y5.672 E31.69603
G1 X9.386 Y7.333 E31.73941
G1 X8.246 Y8.666 E31.78316
G1 X7.372 Y9.382 E31.81134
G1 X5.825 Y9.9 E31.85204
G1 X-5.672 Y9.9 E32.13883
G0 F7500 X-5.642 Y9.7
G1 F1500 X-7.234 Y9.207 E32.18041
G1 X-8.511 Y8.119 E32.22226
G1 X-9.203 Y7.274 E32.2495
G1 X-9.7 Y5.791 E32.28852
G1 X-9.7 Y-5.642 E32.57371
G1 X-9.207 Y-7.234 E32.61529
G1 X-8.119 Y-8.511 E32.65714
G1 X-7.274 Y-9.203 E32.68438
G1 X-5.791 Y-9.7 E32.7234
G1 X5.642 Y-9.7 E33.00859
G1 X7.234 Y-9.207 E33.05017
G1 X8.511 Y-8.119 E33.09202
G1 X9.203 Y-7.274 E33.11926
G1 X9.7 Y-5.791 E33.15828
G1 X9.7 Y5.642 E33.44347
G1 X9.207 Y7.234 E33.48505
G1 X8.119 Y8.511 E33.5269
G1 X7.274 Y9.203 E33.55414
G1 X5.791 Y9.7 E33.59316
G1 X-5.642 Y9.7 E33.87835
G0 F7500 X-5.612 Y9.5
G1 F1500 X-7.135 Y9.028 E33.91813
G1 X-8.381 Y7.967 E33.95895
G1 X-9.024 Y7.177 E33.98436
G1 X-9.5 Y5.757 E34.02172
G1 X-9.5 Y-5.612 E34.30532
G1 X-9.028 Y-7.135 E34.34509
G1 X-7.967 Y-8.381 E34.38592
G1 X-7.177 Y-9.024 E34.41133
G1 X-5.757 Y-9.5 E34.44869
G1 X5.612 Y-9.5 E34.73229
G1 X7.135 Y-9.028 E34.77206
G1 X8.381 Y-7.967 E34.81288
G1 X9.024 Y-7.177 E34.83829
G1 X9.5 Y-5.757 E34.87565
G1 X9.5 Y5.612 E35.15925
G1 X9.028 Y7.135 E35.19903
G1 X7.967 Y8.381 E35.23985
G1 X7.177 Y9.024 E35.26526
G1 X5.757 Y9.5 E35.30262
G1 X-5.612 Y9.5 E35.58622
G0 F7500 X-5.582 Y9.3
G1 F1500 X-7.036 Y8.849 E35.6242
G1 X-8.251 Y7.815 E35.66399
G1 X-8.845 Y7.081 E35.68755
G1 X-9.3 Y5.723 E35.72327
G1 X-9.3 Y-5.582 E36.00528
G1 X-8.849 Y-7.036 E36.04325
G1 X-7.815 Y-8.251 E36.08305
G1 X-7.081 Y-8.845 E36.10661
G1 X-5.723 Y-9.3 E36.14233
G1 X5.582 Y-9.3 E36.42434
G1 X7.036 Y-8.849 E36.46231
G1 X8.251 Y-7.815 E36.50211
G1 X8.845 Y-7.081 E36.52566
G1 X9.3 Y-5.723 E36.56139
G1 X9.3 Y5.582 E36.84339
G1 X8.849 Y7.036 E36.88137
G1 X7.815 Y8.251 E36.92117
G1 X7.081 Y8.845 E36.94472
G1 X5.723 Y9.3 E36.98045
G1 X-5.582 Y9.3 E37.26245
G0 F7500 X-5.552 Y9.1
G1 F1500 X-6.939 Y8.67 E37.29868
G1 X-8.095 Y7.689 E37.3365
G1 X-8.666 Y6.983 E37.35915
G1 X-9.1 Y5.689 E37.39319
G1 X-9.1 Y-5.552 E37.6736
G1 X-8.67 Y-6.939 E37.70982
G1 X-7.689 Y-8.095 E37.74764
G1 X-6.983 Y-8.666 E37.77029
G1 X-5.689 Y-9.1 E37.80434
G1 X5.552 Y-9.1 E38.08475
G1 X6.939 Y-8.67 E38.12097
G1 X8.095 Y-7.689 E38.15879
G1 X8.666 Y-6.983 E38.18144
G1 X9.1 Y-5.689 E38.21549
G1 X9.1 Y5.552 E38.4959
G1 X8.67 Y6.939 E38.53212
G1 X7.689 Y8.095 E38.56994
G1 X6.983 Y8.666 E38.59259
G1 X5.689 Y9.1 E38.62664
G1 X-5.552 Y9.1 E38.90704
G0 F7500 X-5.522 Y8.9
G1 F1500 X-6.84 Y8.491 E38.94147
G1 X-7.939 Y7.563 E38.97735
G1 X-8.487 Y6.885 E38.9991
G1 X-8.9 Y5.655 E39.03146
G1 X-8.9 Y-5.522 E39.31027
G1 X-8.491 Y-6.84 E39.3447
G1 X-7.563 Y-7.939 E39.38058
G1 X-6.885 Y-8.487 E39.40233
G1 X-5.655 Y-8.9 E39.43469
G1 X5.522 Y-8.9 E39.7135
G1 X6.84 Y-8.491 E39.74793
G1 X7.939 Y-7.563 E39.78381
G1 X8.487 Y-6.885 E39.80555
G1 X8.9 Y-5.655 E39.83792
G1 X8.9 Y5.522 E40.11673
G1 X8.491 Y6.84 E40.15116
G1 X7.563 Y7.939 E40.18704
G1 X6.885 Y8.487 E40.20878
G1 X5.655 Y8.9 E40.24115
G1 X-5.522 Y8.9 E40.51996
G0 F7500 X-5.492 Y8.7
G1 F1500 X-6.741 Y8.312 E40.55259
G1 X-7.783 Y7.437 E40.58653
G1 X-8.308 Y6.787 E40.60737
G1 X-8.7 Y5.621 E40.63806
G1 X-8.7 Y-5.492 E40.91527
G1 X-8.312 Y-6.741 E40.9479
G1 X-7.437 Y-7.783 E40.98184
G1 X-6.787 Y-8.308 E41.00268
G1 X-5.621 Y-8.7 E41.03337
G1 X5.492 Y-8.7 E41.31058
G1 X6.741 Y-8.312 E41.34321
G1 X7.783 Y-7.437 E41.37715
G1 X8.308 Y-6.787 E41.39799
G1 X8.7 Y-5.621 E41.42868
G1 X8.7 Y5.492 E41.70589
G1 X8.312 Y6.741 E41.73852
G1 X7.437 Y7.783 E41.77246
G1 X6.787 Y8.308 E41.7933
G1 X5.621 Y8.7 E41.82399
G1 X-5.492 Y8.7 E42.1012
G0 F7500 X-5.462 Y8.5
G1 F1500 X-6.642 Y8.133 E42.13203
G1 X-7.627 Y7.311 E42.16403
G1 X-8.129 Y6.689 E42.18397
G1 X-8.5 Y5.587 E42.21297
G1 X-8.5 Y-5.462 E42.48859
G1 X-8.133 Y-6.642 E42.51942
G1 X-7.311 Y-7.627 E42.55142
G1 X-6.689 Y-8.129 E42.57136
G1 X-5.587 Y-8.5 E42.60037
G1 X5.462 Y-8.5 E42.87598
G1 X6.642 Y-8.133 E42.90681
G1 X7.627 Y-7.311 E42.93881
G1 X8.129 Y-6.689 E42.95875
G1 X8.5 Y-5.587 E42.98776
G1 X8.5 Y5.462 E43.26338
G1 X8.133 Y6.642 E43.2942
G1 X7.311 Y7.627 E43.3262
G1 X6.689 Y8.129 E43.34614
G1 X5.587 Y8.5 E43.37515
G1 X-5.462 Y8.5 E43.65077
G0 F7500 X-5.432 Y8.3
G1 F1500 X-6.544 Y7.954 E43.67982
G1 X-7.471 Y7.185 E43.70986
G1 X-7.95 Y6.591 E43.7289
G1 X-8.3 Y5.553 E43.75622
G1 X-8.3 Y-5.432 E44.03025
G1 X-7.954 Y-6.544 E44.0593
G1 X-7.185 Y-7.471 E44.08934
G1 X-6.591 Y-7.95 E44.10838
G1 X-5.553 Y-8.3 E44.1357
G1 X5.432 Y-8.3 E44.40972
G1 X6.544 Y-7.954 E44.43877
G1 X7.471 Y-7.185 E44.46882
G1 X7.95 Y-6.591 E44.48785
G1 X8.3 Y-5.553 E44.51518
G1 X8.3 Y5.432 E44.7892
G1 X7.954 Y6.544 E44.81825
G1 X7.185 Y7.471 E44.8483
G1 X6.591 Y7.95 E44.86733
G1 X5.553 Y8.3 E44.89466
G1 X-5.432 Y8.3 E45.16868
G0 F7500 X-5.402 Y8.1
G1 F1500 X-6.446 Y7.775 E45.19595
G1 X-7.343 Y7.031 E45.22503
G1 X-7.771 Y6.495 E45.24214
G1 X-8.1 Y5.519 E45.26783
G1 X-8.1 Y-5.402 E45.54025
G1 X-7.775 Y-6.446 E45.56753
G1 X-7.031 Y-7.343 E45.5966
G1 X-6.495 Y-7.771 E45.61371
G1 X-5.519 Y-8.1 E45.6394
G1 X5.402 Y-8.1 E45.91183
G1 X6.446 Y-7.775 E45.9391
G1 X7.343 Y-7.031 E45.96817
G1 X7.771 Y-6.495 E45.98528
G1 X8.1 Y-5.519 E46.01098
G1 X8.1 Y5.402 E46.2834
G1 X7.775 Y6.446 E46.31068
G1 X7.031 Y7.343 E46.33975
G1 X6.495 Y7.771 E46.35686
G1 X5.519 Y8.1 E46.38255
G1 X-5.402 Y8.1 E46.65498
G0 F7500 X-5.372 Y7.9
G1 F1500 X-6.348 Y7.596 E46.68048
G1 X-7.215 Y6.877 E46.70857
G1 X-7.592 Y6.399 E46.72376
G1 X-7.9 Y5.485 E46.74782
G1 X-7.9 Y-5.372 E47.01865
G1 X-7.596 Y-6.348 E47.04415
G1 X-6.877 Y-7.215 E47.07224
G1 X-6.399 Y-7.592 E47.08743
G1 X-5.485 Y-7.9 E47.11149
G1 X5.372 Y-7.9 E47.38232
G1 X6.348 Y-7.596 E47.40782
G1 X7.215 Y-6.877 E47.43592
G1 X7.592 Y-6.399 E47.4511
G1 X7.9 Y-5.485 E47.47516
G1 X7.9 Y5.372 E47.74599
G1 X7.596 Y6.348 E47.77149
G1 X6.877 Y7.215 E47.79959
G1 X6.399 Y7.592 E47.81477
G1 X5.485 Y7.9 E47.83883
G1 X-5.372 Y7.9 E48.10966
G0 F7500 X-5.341 Y7.7
G1 F1500 X-6.252 Y7.416 E48.13347
G1 X-7.058 Y6.753 E48.1595
G1 X-7.413 Y6.303 E48.1738
G1 X-7.7 Y5.451 E48.19622
G1 X-7.7 Y-5.341 E48.46543
G1 X-7.416 Y-6.252 E48.48924
G1 X-6.753 Y-7.058 E48.51527
G1 X-6.303 Y-7.413 E48.52957
G1 X-5.451 Y-7.7 E48.55199
G1 X5.341 Y-7.7 E48.8212
G1 X6.252 Y-7.416 E48.84501
G1 X7.058 Y-6.753 E48.87104
G1 X7.413 Y-6.303 E48.88534
G1 X7.7 Y-5.451 E48.90776
G1 X7.7 Y5.341 E49.17697
G1 X7.416 Y6.252 E49.20077
G1 X6.753 Y7.058 E49.22681
G1 X6.303 Y7.413 E49.24111
G1 X5.451 Y7.7 E49.26353
G1 X-5.341 Y7.7 E49.53274
G0 F7500 X-5.31 Y7.5
G1 F1500 X-6.156 Y7.236 E49.55485
G1 X-6.901 Y6.629 E49.57882
G1 X-7.234 Y6.207 E49.59223
G1 X-7.5 Y5.417 E49.61302
G1 X-7.5 Y-5.31 E49.88061
G1 X-7.236 Y-6.156 E49.90272
G1 X-6.629 Y-6.901 E49.92669
G1 X-6.207 Y-7.234 E49.9401
G1 X-5.417 Y-7.5 E49.96089
G1 X5.31 Y-7.5 E50.22848
G1 X6.156 Y-7.236 E50.25058
G1 X6.901 Y-6.629 E50.27456
G1 X7.234 Y-6.207 E50.28797
G1 X7.5 Y-5.417 E50.30876
G1 X7.5 Y5.31 E50.57635
G1 X7.236 Y6.156 E50.59845
G1 X6.629 Y6.901 E50.62242
G1 X6.207 Y7.234 E50.63583
G1 X5.417 Y7.5 E50.65663
G1 X-5.31 Y7.5 E50.92421
G0 F7500 X-5.279 Y7.3
G1 F1500 X-6.06 Y7.056 E50.94462
G1 X-6.744 Y6.505 E50.96653
G1 X-7.056 Y6.109 E50.97911
G1 X-7.3 Y5.386 E50.99814
G1 X-7.3 Y-5.279 E51.26418
G1 X-7.056 Y-6.06 E51.2846
G1 X-6.505 Y-6.744 E51.3065
G1 X-6.109 Y-7.056 E51.31908
G1 X-5.386 Y-7.3 E51.33812
G1 X5.279 Y-7.3 E51.60416
G1 X6.06 Y-7.056 E51.62457
G1 X6.744 Y-6.505 E51.64648
G1 X7.056 Y-6.109 E51.65905
G1 X7.3 Y-5.386 E51.67809
G1 X7.3 Y5.279 E51.94413
G1 X7.056 Y6.06 E51.96454
G1 X6.505 Y6.744 E51.98645
G1 X6.109 Y7.056 E51.99902
G1 X5.386 Y7.3 E52.01806
G1 X-5.279 Y7.3 E52.2841
G0 F7500 X-5.248 Y7.1
G1 F1500 X-5.965 Y6.876 E52.30283
G1 X-6.587 Y6.381 E52.32266
G1 X-6.877 Y6.013 E52.33435
G1 X-7.1 Y5.352 E52.35175
G1 X-7.1 Y-5.248 E52.61617
G1 X-6.876 Y-5.965 E52.63491
G1 X-6.381 Y-6.587 E52.65474
G1 X-6.013 Y-6.877 E52.66643
G1 X-5.352 Y-7.1 E52.68383
G1 X5.248 Y-7.1 E52.94825
G1 X5.965 Y-6.876 E52.96699
G1 X6.587 Y-6.381 E52.98681
G1 X6.877 Y-6.013 E52.9985
G1 X7.1 Y-5.352 E53.0159
G1 X7.1 Y5.248 E53.28032
G1 X6.876 Y5.965 E53.29906
G1 X6.381 Y6.587 E53.31889
G1 X6.013 Y6.877 E53.33058
G1 X5.352 Y7.1 E53.34798
G1 X-5.248 Y7.1 E53.6124
G0 F7500 X-5.217 Y6.9
G1 F1500 X-5.872 Y6.695 E53.62952
G1 X-6.43 Y6.257 E53.64721
G1 X-6.698 Y5.917 E53.65801
G1 X-6.9 Y5.318 E53.67378
G1 X-6.9 Y-5.217 E53.93658
G1 X-6.695 Y-5.872 E53.9537
G1 X-6.257 Y-6.43 E53.97139
G1 X-5.917 Y-6.698 E53.98219
G1 X-5.318 Y-6.9 E53.99796
G1 X5.217 Y-6.9 E54.26076
G1 X5.872 Y-6.695 E54.27788
G1 X6.43 Y-6.257 E54.29557
G1 X6.698 Y-5.917 E54.30637
G1 X6.9 Y-5.318 E54.32214
G1 X6.9 Y5.217 E54.58494
G1 X6.695 Y5.872 E54.60206
G1 X6.257 Y6.43 E54.61976
G1 X5.917 Y6.698 E54.63056
G1 X5.318 Y6.9 E54.64632
G1 X-5.217 Y6.9 E54.90912
G0 F7500 X-5.186 Y6.7
G1 F1500 X-5.778 Y6.515 E54.92459
G1 X-6.306 Y6.1 E54.94134
G1 X-6.52 Y5.82 E54.95014
G1 X-6.7 Y5.287 E54.96417
G1 X-6.7 Y-5.186 E55.22542
G1 X-6.515 Y-5.778 E55.24089
G1 X-6.1 Y-6.306 E55.25764
G1 X-5.82 Y-6.52 E55.26643
G1 X-5.287 Y-6.7 E55.28047
G1 X5.186 Y-6.7 E55.54172
G1 X5.778 Y-6.515 E55.55719
G1 X6.306 Y-6.1 E55.57394
G1 X6.52 Y-5.82 E55.58273
G1 X6.7 Y-5.287 E55.59677
G1 X6.7 Y5.186 E55.85802
G1 X6.515 Y5.778 E55.87349
G1 X6.1 Y6.306 E55.89024
G1 X5.82 Y6.52 E55.89903
G1 X5.287 Y6.7 E55.91307
G1 X-5.186 Y6.7 E56.17432
G0 F7500 X-5.155 Y6.5
G1 F1500 X-5.685 Y6.334 E56.18817
G1 X-6.147 Y5.978 E56.20272
G1 X-6.341 Y5.725 E56.21067
G1 X-6.5 Y5.253 E56.2231
G1 X-6.5 Y-5.155 E56.48272
G1 X-6.334 Y-5.685 E56.49658
G1 X-5.978 Y-6.147 E56.51113
G1 X-5.725 Y-6.341 E56.51908
G1 X-5.253 Y-6.5 E56.53151
G1 X5.155 Y-6.5 E56.79113
G1 X5.685 Y-6.334 E56.80499
G1 X6.147 Y-5.978 E56.81954
G1 X6.341 Y-5.725 E56.82749
G1 X6.5 Y-5.253 E56.83991
G1 X6.5 Y5.155 E57.09954
G1 X6.334 Y5.685 E57.1134
G1 X5.978 Y6.147 E57.12795
G1 X5.725 Y6.341 E57.1359
G1 X5.253 Y6.5 E57.14832
G1 X-5.155 Y6.5 E57.40795
G0 F7500 X-5.124 Y6.3
G1 F1500 X-5.593 Y6.153 E57.42021
G1 X-6.025 Y5.82 E57.43382
G1 X-6.161 Y5.632 E57.43961
G1 X-6.3 Y5.219 E57.45048
G1 X-6.3 Y-5.124 E57.70848
G1 X-6.153 Y-5.593 E57.72074
G1 X-5.82 Y-6.025 E57.73435
G1 X-5.632 Y-6.161 E57.74014
G1 X-5.219 Y-6.3 E57.75101
G1 X5.124 Y-6.3 E58.00902
G1 X5.593 Y-6.153 E58.02128
G1 X6.025 Y-5.82 E58.03488
G1 X6.161 Y-5.632 E58.04067
G1 X6.3 Y-5.219 E58.05154
G1 X6.3 Y5.124 E58.30955
G1 X6.153 Y5.593 E58.32181
G1 X5.82 Y6.025 E58.33542
G1 X5.632 Y6.161 E58.3412
G1 X5.219 Y6.3 E58.35207
G1 X-5.124 Y6.3 E58.61008
G0 F7500 X-5.093 Y6.1
G1 F1500 X-5.501 Y5.972 E58.62075
G1 X-5.903 Y5.662 E58.63341
G1 X-5.971 Y5.568 E58.6363
G1 X-6.1 Y5.185 E58.64639
G1 X-6.1 Y-5.093 E58.90277
G1 X-5.972 Y-5.501 E58.91344
G1 X-5.662 Y-5.903 E58.9261
G1 X-5.568 Y-5.971 E58.929
G1 X-5.185 Y-6.1 E58.93908
G1 X5.093 Y-6.1 E59.19546
G1 X5.501 Y-5.972 E59.20613
G1 X5.903 Y-5.662 E59.21879
G1 X5.971 Y-5.568 E59.22169
G1 X6.1 Y-5.185 E59.23177
G1 X6.1 Y5.093 E59.48815
G1 X5.972 Y5.501 E59.49882
G1 X5.662 Y5.903 E59.51148
G1 X5.568 Y5.971 E59.51438
G1 X5.185 Y6.1 E59.52446
G1 X-5.093 Y6.1 E59.78085
G0 F7500 X-5.062 Y5.9
G1 F1500 X-5.409 Y5.791 E59.78992
G1 X-5.781 Y5.504 E59.80164
G1 X-5.9 Y5.151 E59.81093
G1 X-5.9 Y-5.062 E60.0657
G1 X-5.791 Y-5.409 E60.07477
G1 X-5.504 Y-5.781 E60.08649
G1 X-5.151 Y-5.9 E60.09578
G1 X5.062 Y-5.9 E60.35055
G1 X5.409 Y-5.791 E60.35962
G1 X5.781 Y-5.504 E60.37134
G1 X5.9 Y-5.151 E60.38063
G1 X5.9 Y5.062 E60.6354
G1 X5.791 Y5.409 E60.64447
G1 X5.504 Y5.781 E60.65619
G1 X5.151 Y5.9 E60.66548
G1 X-5.062 Y5.9 E60.92025
G0 F7500 X-5.031 Y5.7
G1 F1500 X-5.317 Y5.61 E60.92772
G1 X-5.611 Y5.383 E60.93699
G1 X-5.7 Y5.12 E60.94392
G1 X-5.7 Y-5.031 E61.19713
G1 X-5.61 Y-5.317 E61.20461
G1 X-5.383 Y-5.611 E61.21388
G1 X-5.12 Y-5.7 E61.22081
G1 X5.031 Y-5.7 E61.47402
G1 X5.317 Y-5.61 E61.4815
G1 X5.611 Y-5.383 E61.49077
G1 X5.7 Y-5.12 E61.49769
G1 X5.7 Y5.031 E61.75091
G1 X5.61 Y5.317 E61.75839
G1 X5.383 Y5.611 E61.76766
G1 X5.12 Y5.7 E61.77458
G1 X-5.031 Y5.7 E62.0278
G0 F7500 X-5 Y5.5
G1 F1500 X-5.257 Y5.419 E62.03452
G1 X-5.441 Y5.262 E62.04056
G1 X-5.5 Y5.12 E62.04439
G1 X-5.5 Y-5 E62.29684
G1 X-5.419 Y-5.257 E62.30356
G1 X-5.262 Y-5.441 E62.30959
G1 X-5.12 Y-5.5 E62.31343
G1 X5 Y-5.5 E62.56587
G1 X5.257 Y-5.419 E62.57259
G1 X5.441 Y-5.262 E62.57863
G1 X5.5 Y-5.12 E62.58246
G1 X5.5 Y5 E62.83491
G1 X5.419 Y5.257 E62.84163
G1 X5.262 Y5.441 E62.84766
G1 X5.12 Y5.5 E62.8515
G1 X-5 Y5.5 E63.10394
G0 F7500 X-5 Y5.1
G1 F1500 X-5.1 Y5.051 E63.10672
G1 X-5.1 Y-5 E63.35744
G1 X-5.051 Y-5.1 E63.36022
G1 X5 Y-5.1 E63.61094
G1 X5.1 Y-5.051 E63.61372
G1 X5.1 Y5 E63.86445
G1 X5.051 Y5.1 E63.86722
G1 X-5 Y5.1 E64.11795
G0 F7500 X-5 Y5.3
G1 F1500 X-5.188 Y5.231 E64.12294
G1 X-5.3 Y5.12 E64.12688
G1 X-5.3 Y-5 E64.37932
G1 X-5.231 Y-5.188 E64.38432
G1 X-5.12 Y-5.3 E64.38825
G1 X5 Y-5.3 E64.64069
G1 X5.188 Y-5.231 E64.64569
G1 X5.3 Y-5.12 E64.64962
G1 X5.3 Y5 E64.90207
G1 X5.231 Y5.188 E64.90706
G1 X5.12 Y5.3 E64.911
G1 X-5 Y5.3 E65.16344
G1 F1500 E58.66344
;MESH:xyzCalibration_cube.stl
G0 F7500 X-4.6 Y4.6
G0 X4.7 Y4.7
;TYPE:WALL-INNER
G1 F1500 E65.16344
G1 X4.7 Y-4.7 E65.39792
G1 X-4.7 Y-4.7 E65.63241
G1 X-4.7 Y4.7 E65.86689
G1 X4.7 Y4.7 E66.10138
G0 F7500 X4.9 Y4.9
;TYPE:WALL-OUTER
G1 F1500 X4.9 Y-4.9 E66.34584
G1 X-4.9 Y-4.9 E66.5903
G1 X-4.9 Y4.9 E66.83476
G1 X4.9 Y4.9 E67.07922
G0 F7500 X4.9 Y4.7
G0 X4.52 Y4.52
;TYPE:SKIN
G1 F1500 X-4.52 Y4.52 E67.30473
G1 X-4.52 Y-4.52 E67.53023
G1 X4.52 Y-4.52 E67.75574
G1 X4.52 Y4.52 E67.98124
G0 F7500 X4.7 Y4.52
G0 X4.628 Y-4.628
G0 X4.348 Y-4.7
G0 X4.348 Y-4.419
G1 F1500 X4.419 Y-4.348 E67.98374
G0 F7500 X4.419 Y-4.065
G1 F1500 X4.065 Y-4.419 E67.99623
G0 F7500 X3.783 Y-4.419
G1 F1500 X4.419 Y-3.783 E68.01867
G0 F7500 X4.419 Y-3.5
G1 F1500 X3.5 Y-4.419 E68.05109
G0 F7500 X3.217 Y-4.419
G1 F1500 X4.419 Y-3.217 E68.09349
G0 F7500 X4.419 Y-2.934
G1 F1500 X2.934 Y-4.419 E68.14588
G0 F7500 X2.651 Y-4.419
G1 F1500 X4.419 Y-2.651 E68.20825
G0 F7500 X4.419 Y-2.368
G1 F1500 X2.368 Y-4.419 E68.28061
G0 F7500 X2.085 Y-4.419
G1 F1500 X4.419 Y-2.085 E68.36294
G0 F7500 X4.419 Y-1.803
G1 F1500 X1.803 Y-4.419 E68.45523
G0 F7500 X1.52 Y-4.419
G1 F1500 X4.419 Y-1.52 E68.5575
G0 F7500 X4.419 Y-1.237
G1 F1500 X1.237 Y-4.419 E68.66975
G0 F7500 X0.954 Y-4.419
G1 F1500 X4.419 Y-.954 E68.79199
G0 F7500 X4.419 Y-.671
G1 F1500 X0.671 Y-4.419 E68.92421
G0 F7500 X0.388 Y-4.419
G1 F1500 X4.419 Y-.388 E69.06642
G0 F7500 X4.419 Y-.106
G1 F1500 X0.106 Y-4.419 E69.21857
G0 F7500 X-.176 Y-4.419
G1 F1500 X4.419 Y0.176 E69.38067
G0 F7500 X4.419 Y0.459
G1 F1500 X-.459 Y-4.419 E69.55276
G0 F7500 X-.742 Y-4.419
G1 F1500 X4.419 Y0.742 E69.73482
G0 F7500 X4.419 Y1.025
G1 F1500 X-1.025 Y-4.419 E69.92688
G0 F7500 X-1.308 Y-4.419
G1 F1500 X4.419 Y1.308 E70.12891
G0 F7500 X4.419 Y1.59
G1 F1500 X-1.59 Y-4.419 E70.34089
G0 F7500 X-1.873 Y-4.419
G1 F1500 X4.419 Y1.873 E70.56286
G0 F7500 X4.419 Y2.156
G1 F1500 X-2.156 Y-4.419 E70.79481
G0 F7500 X-2.439 Y-4.419
G1 F1500 X4.419 Y2.439 E71.03675
G0 F7500 X4.419 Y2.722
G1 F1500 X-2.722 Y-4.419 E71.28866
G0 F7500 X-3.005 Y-4.419
G1 F1500 X4.419 Y3.005 E71.55057
G0 F7500 X4.419 Y3.288
G1 F1500 X-3.288 Y-4.419 E71.82245
G0 F7500 X-3.57 Y-4.419
G1 F1500 X4.419 Y3.57 E72.10429
G0 F7500 X4.419 Y3.853
G1 F1500 X-3.853 Y-4.419 E72.3961
G0 F7500 X-4.136 Y-4.419
G1 F1500 X4.419 Y4.136 E72.6979
G0 F7500 X4.419 Y4.419
G1 F1500 X-4.419 Y-4.419 E73.00969
G0 F7500 X-4.419 Y-4.136
G1 F1500 X4.136 Y4.419 E73.31149
G0 F7500 X3.853 Y4.419
G1 F1500 X-4.419 Y-3.853 E73.60331
G0 F7500 X-4.419 Y-3.57
G1 F1500 X3.57 Y4.419 E73.88514
G0 F7500 X3.288 Y4.419
G1 F1500 X-4.419 Y-3.288 E74.15702
G0 F7500 X-4.419 Y-3.005
G1 F1500 X3.005 Y4.419 E74.41893
G0 F7500 X2.722 Y4.419
G1 F1500 X-4.419 Y-2.722 E74.67084
G0 F7500 X-4.419 Y-2.439
G1 F1500 X2.439 Y4.419 E74.91278
G0 F7500 X2.156 Y4.419
G1 F1500 X-4.419 Y-2.156 E75.14473
G0 F7500 X-4.419 Y-1.873
G1 F1500 X1.873 Y4.419 E75.3667
G0 F7500 X1.59 Y4.419
G1 F1500 X-4.419 Y-1.59 E75.57868
G0 F7500 X-4.419 Y-1.308
G1 F1500 X1.308 Y4.419 E75.78072
G0 F7500 X1.025 Y4.419
G1 F1500 X-4.419 Y-1.025 E75.97277
G0 F7500 X-4.419 Y-.742
G1 F1500 X0.742 Y4.419 E76.15484
G0 F7500 X0.459 Y4.419
G1 F1500 X-4.419 Y-.459 E76.32692
G0 F7500 X-4.419 Y-.176
G1 F1500 X0.176 Y4.419 E76.48902
G0 F7500 X-.106 Y4.419
G1 F1500 X-4.419 Y0.106 E76.64117
G0 F7500 X-4.419 Y0.388
G1 F1500 X-.388 Y4.419 E76.78338
G0 F7500 X-.671 Y4.419
G1 F1500 X-4.419 Y0.671 E76.9156
G0 F7500 X-4.419 Y0.954
G1 F1500 X-.954 Y4.419 E77.03784
G0 F7500 X-1.237 Y4.419
G1 F1500 X-4.419 Y1.237 E77.15009
G0 F7500 X-4.419 Y1.52
G1 F1500 X-1.52 Y4.419 E77.25236
G0 F7500 X-1.803 Y4.419
G1 F1500 X-4.419 Y1.803 E77.34465
G0 F7500 X-4.419 Y2.085
G1 F1500 X-2.085 Y4.419 E77.42698
G0 F7500 X-2.368 Y4.419
G1 F1500 X-4.419 Y2.368 E77.49934
G0 F7500 X-4.419 Y2.651
G1 F1500 X-2.651 Y4.419 E77.56171
G0 F7500 X-2.934 Y4.419
G1 F1500 X-4.419 Y2.934 E77.6141
G0 F7500 X-4.419 Y3.217
G1 F1500 X-3.217 Y4.419 E77.6565
G0 F7500 X-3.5 Y4.419
G1 F1500 X-4.419 Y3.5 E77.68892
G0 F7500 X-4.419 Y3.783
G1 F1500 X-3.783 Y4.419 E77.71136
G0 F7500 X-4.065 Y4.419
G1 F1500 X-4.419 Y4.065 E77.72385
G0 F7500 X-4.419 Y4.348
G1 F1500 X-4.348 Y4.419 E77.72635
;MESH:NONMESH
G0 F300 X-4.348 Y4.419 Z0.5
G0 F7500 X-4.348 Y4.7
G0 X4.7 Y4.7
;TIME_ELAPSED:137.224614
;LAYER:1
M106 S127.5
;TYPE:WALL-INNER
;MESH:xyzCalibration_cube.stl
G1 F1500 X4.7 Y-4.7 E77.88267
G1 X-4.7 Y-4.7 E78.039
G1 X-4.7 Y4.7 E78.19532
G1 X4.7 Y4.7 E78.35164
G0 F8250 X4.9 Y4.9
;TYPE:WALL-OUTER
G1 F1500 X4.9 Y-4.9 E78.51462
G1 X-4.9 Y-4.9 E78.67759
G1 X-4.9 Y4.9 E78.84057
G1 X4.9 Y4.9 E79.00354
G0 F8250 X4.9 Y4.7
G0 X4.52 Y4.52
;TYPE:SKIN
G1 F1500 X-4.52 Y4.52 E79.15388
G1 X-4.52 Y-4.52 E79.30421
G1 X4.52 Y-4.52 E79.45455
G1 X4.52 Y4.52 E79.60488
G0 F8250 X4.348 Y4.419
G1 F1500 X4.419 Y4.348 E79.60655
G0 F8250 X4.419 Y4.065
G1 F1500 X4.065 Y4.419 E79.61488
G0 F8250 X3.783 Y4.419
G1 F1500 X4.419 Y3.783 E79.62984
G0 F8250 X4.419 Y3.5
G1 F1500 X3.5 Y4.419 E79.65145
G0 F8250 X3.217 Y4.419
G1 F1500 X4.419 Y3.217 E79.67972
G0 F8250 X4.419 Y2.934
G1 F1500 X2.934 Y4.419 E79.71464
G0 F8250 X2.651 Y4.419
G1 F1500 X4.419 Y2.651 E79.75623
G0 F8250 X4.419 Y2.368
G1 F1500 X2.368 Y4.419 E79.80446
G0 F8250 X2.085 Y4.419
G1 F1500 X4.419 Y2.085 E79.85935
G0 F8250 X4.419 Y1.803
G1 F1500 X1.803 Y4.419 E79.92088
G0 F8250 X1.52 Y4.419
G1 F1500 X4.419 Y1.52 E79.98906
G0 F8250 X4.419 Y1.237
G1 F1500 X1.237 Y4.419 E80.06389
G0 F8250 X0.954 Y4.419
G1 F1500 X4.419 Y0.954 E80.14539
G0 F8250 X4.419 Y0.671
G1 F1500 X0.671 Y4.419 E80.23353
G0 F8250 X0.388 Y4.419
G1 F1500 X4.419 Y0.388 E80.32834
G0 F8250 X4.419 Y0.106
G1 F1500 X0.106 Y4.419 E80.42977
G0 F8250 X-.176 Y4.419
G1 F1500 X4.419 Y-.176 E80.53784
G0 F8250 X4.419 Y-.459
G1 F1500 X-.459 Y4.419 E80.65256
G0 F8250 X-.742 Y4.419
G1 F1500 X4.419 Y-.742 E80.77394
G0 F8250 X4.419 Y-1.025
G1 F1500 X-1.025 Y4.419 E80.90197
G0 F8250 X-1.308 Y4.419
G1 F1500 X4.419 Y-1.308 E81.03666
G0 F8250 X4.419 Y-1.59
G1 F1500 X-1.59 Y4.419 E81.17799
G0 F8250 X-1.873 Y4.419
G1 F1500 X4.419 Y-1.873 E81.32597
G0 F8250 X4.419 Y-2.156
G1 F1500 X-2.156 Y4.419 E81.4806
G0 F8250 X-2.439 Y4.419
G1 F1500 X4.419 Y-2.439 E81.64189
G0 F8250 X4.419 Y-2.722
G1 F1500 X-2.722 Y4.419 E81.80983
G0 F8250 X-3.005 Y4.419
G1 F1500 X4.419 Y-3.005 E81.98444
G0 F8250 X4.419 Y-3.288
G1 F1500 X-3.288 Y4.419 E82.16569
G0 F8250 X-3.57 Y4.419
G1 F1500 X4.419 Y-3.57 E82.35358
G0 F8250 X4.419 Y-3.853
G1 F1500 X-3.853 Y4.419 E82.54813
G0 F8250 X-4.136 Y4.419
G1 F1500 X4.419 Y-4.136 E82.74933
G0 F8250 X4.419 Y-4.419
G1 F1500 X-4.419 Y4.419 E82.95718
G0 F8250 X-4.419 Y4.136
G1 F1500 X4.136 Y-4.419 E83.15838
G0 F8250 X3.853 Y-4.419
G1 F1500 X-4.419 Y3.853 E83.35293
G0 F8250 X-4.419 Y3.57
G1 F1500 X3.57 Y-4.419 E83.54082
G0 F8250 X3.288 Y-4.419
G1 F1500 X-4.419 Y3.288 E83.72207
G0 F8250 X-4.419 Y3.005
G1 F1500 X3.005 Y-4.419 E83.89667
G0 F8250 X2.722 Y-4.419
G1 F1500 X-4.419 Y2.722 E84.06462
G0 F8250 X-4.419 Y2.439
G1 F1500 X2.439 Y-4.419 E84.22591
G0 F8250 X2.156 Y-4.419
G1 F1500 X-4.419 Y2.156 E84.38054
G0 F8250 X-4.419 Y1.873
G1 F1500 X1.873 Y-4.419 E84.52852
G0 F8250 X1.59 Y-4.419
G1 F1500 X-4.419 Y1.59 E84.66984
G0 F8250 X-4.419 Y1.308
G1 F1500 X1.308 Y-4.419 E84.80453
G0 F8250 X1.025 Y-4.419
G1 F1500 X-4.419 Y1.025 E84.93257
G0 F8250 X-4.419 Y0.742
G1 F1500 X0.742 Y-4.419 E85.05395
G0 F8250 X0.459 Y-4.419
G1 F1500 X-4.419 Y0.459 E85.16867
G0 F8250 X-4.419 Y0.176
G1 F1500 X0.176 Y-4.419 E85.27674
G0 F8250 X-.106 Y-4.419
G1 F1500 X-4.419 Y-.106 E85.37817
G0 F8250 X-4.419 Y-.388
G1 F1500 X-.388 Y-4.419 E85.47298
G0 F8250 X-.671 Y-4.419
G1 F1500 X-4.419 Y-.671 E85.56112
G0 F8250 X-4.419 Y-.954
G1 F1500 X-.954 Y-4.419 E85.64262
G0 F8250 X-1.237 Y-4.419
G1 F1500 X-4.419 Y-1.237 E85.71745
G0 F8250 X-4.419 Y-1.52
G1 F1500 X-1.52 Y-4.419 E85.78563
G0 F8250 X-1.803 Y-4.419
G1 F1500 X-4.419 Y-1.803 E85.84716
G0 F8250 X-4.419 Y-2.085
G1 F1500 X-2.085 Y-4.419 E85.90205
G0 F8250 X-2.368 Y-4.419
G1 F1500 X-4.419 Y-2.368 E85.95028
G0 F8250 X-4.419 Y-2.651
G1 F1500 X-2.651 Y-4.419 E85.99186
G0 F8250 X-2.934 Y-4.419
G1 F1500 X-4.419 Y-2.934 E86.02679
G0 F8250 X-4.419 Y-3.217
G1 F1500 X-3.217 Y-4.419 E86.05506
G0 F8250 X-3.5 Y-4.419
G1 F1500 X-4.419 Y-3.5 E86.07667
G0 F8250 X-4.419 Y-3.783
G1 F1500 X-3.783 Y-4.419 E86.09163
G0 F8250 X-4.065 Y-4.419
G1 F1500 X-4.419 Y-4.065 E86.09996
G0 F8250 X-4.419 Y-4.348
G1 F1500 X-4.348 Y-4.419 E86.10163
;MESH:NONMESH
G0 F300 X-4.348 Y-4.419 Z0.7
G0 F8250 X-4.348 Y-4.7
G0 X4.628 Y-4.628
G0 X4.7 Y4.7
;TIME_ELAPSED:162.257514
;LAYER:2
M106 S255
;TYPE:WALL-INNER
;MESH:xyzCalibration_cube.stl
G1 F1500 X4.7 Y-4.7 E86.25795
G1 X-4.7 Y-4.7 E86.41427
G1 X-4.7 Y4.7 E86.57059
G1 X4.7 Y4.7 E86.72692
G0 F9000 X4.9 Y4.9
;TYPE:WALL-OUTER
G1 F1500 X4.9 Y-4.9 E86.88989
G1 X-4.9 Y-4.9 E87.05286
G1 X-4.9 Y4.9 E87.21584
G1 X4.9 Y4.9 E87.37881
G0 F9000 X4.9 Y4.7
G0 X4.52 Y4.52
;TYPE:SKIN
G1 F1500 X-4.52 Y4.52 E87.52915
G1 X-4.52 Y-4.52 E87.67949
G1 X4.52 Y-4.52 E87.82982
G1 X4.52 Y4.52 E87.98016
G0 F9000 X4.7 Y4.52
G0 X4.628 Y-4.628
G0 X4.348 Y-4.7
G0 X4.348 Y-4.419
G1 F1500 X4.419 Y-4.348 E87.98183
G0 F9000 X4.419 Y-4.065
G1 F1500 X4.065 Y-4.419 E87.99015
G0 F9000 X3.783 Y-4.419
G1 F1500 X4.419 Y-3.783 E88.00511
G0 F9000 X4.419 Y-3.5
G1 F1500 X3.5 Y-4.419 E88.02672
G0 F9000 X3.217 Y-4.419
G1 F1500 X4.419 Y-3.217 E88.05499
G0 F9000 X4.419 Y-2.934
G1 F1500 X2.934 Y-4.419 E88.08992
G0 F9000 X2.651 Y-4.419
G1 F1500 X4.419 Y-2.651 E88.1315
G0 F9000 X4.419 Y-2.368
G1 F1500 X2.368 Y-4.419 E88.17974
G0 F9000 X2.085 Y-4.419
G1 F1500 X4.419 Y-2.085 E88.23463
G0 F9000 X4.419 Y-1.803
G1 F1500 X1.803 Y-4.419 E88.29615
G0 F9000 X1.52 Y-4.419
G1 F1500 X4.419 Y-1.52 E88.36433
G0 F9000 X4.419 Y-1.237
G1 F1500 X1.237 Y-4.419 E88.43917
G0 F9000 X0.954 Y-4.419
G1 F1500 X4.419 Y-.954 E88.52066
G0 F9000 X4.419 Y-.671
G1 F1500 X0.671 Y-4.419 E88.60881
G0 F9000 X0.388 Y-4.419
G1 F1500 X4.419 Y-.388 E88.70361
G0 F9000 X4.419 Y-.106
G1 F1500 X0.106 Y-4.419 E88.80504
G0 F9000 X-.176 Y-4.419
G1 F1500 X4.419 Y0.176 E88.91311
G0 F9000 X4.419 Y0.459
G1 F1500 X-.459 Y-4.419 E89.02783
G0 F9000 X-.742 Y-4.419
G1 F1500 X4.419 Y0.742 E89.14921
G0 F9000 X4.419 Y1.025
G1 F1500 X-1.025 Y-4.419 E89.27725
G0 F9000 X-1.308 Y-4.419
G1 F1500 X4.419 Y1.308 E89.41194
G0 F9000 X4.419 Y1.59
G1 F1500 X-1.59 Y-4.419 E89.55326
G0 F9000 X-1.873 Y-4.419
G1 F1500 X4.419 Y1.873 E89.70124
G0 F9000 X4.419 Y2.156
G1 F1500 X-2.156 Y-4.419 E89.85587
G0 F9000 X-2.439 Y-4.419
G1 F1500 X4.419 Y2.439 E90.01716
G0 F9000 X4.419 Y2.722
G1 F1500 X-2.722 Y-4.419 E90.18511
G0 F9000 X-3.005 Y-4.419
G1 F1500 X4.419 Y3.005 E90.35971
G0 F9000 X4.419 Y3.288
G1 F1500 X-3.288 Y-4.419 E90.54097
G0 F9000 X-3.57 Y-4.419
G1 F1500 X4.419 Y3.57 E90.72885
G0 F9000 X4.419 Y3.853
G1 F1500 X-3.853 Y-4.419 E90.9234
G0 F9000 X-4.136 Y-4.419
G1 F1500 X4.419 Y4.136 E91.1246
G0 F9000 X4.419 Y4.419
G1 F1500 X-4.419 Y-4.419 E91.33246
G0 F9000 X-4.419 Y-4.136
G1 F1500 X4.136 Y4.419 E91.53366
G0 F9000 X3.853 Y4.419
G1 F1500 X-4.419 Y-3.853 E91.7282
G0 F9000 X-4.419 Y-3.57
G1 F1500 X3.57 Y4.419 E91.91609
G0 F9000 X3.288 Y4.419
G1 F1500 X-4.419 Y-3.288 E92.09735
G0 F9000 X-4.419 Y-3.005
G1 F1500 X3.005 Y4.419 E92.27195
G0 F9000 X2.722 Y4.419
G1 F1500 X-4.419 Y-2.722 E92.43989
G0 F9000 X-4.419 Y-2.439
G1 F1500 X2.439 Y4.419 E92.60118
G0 F9000 X2.156 Y4.419
G1 F1500 X-4.419 Y-2.156 E92.75582
G0 F9000 X-4.419 Y-1.873
G1 F1500 X1.873 Y4.419 E92.9038
G0 F9000 X1.59 Y4.419
G1 F1500 X-4.419 Y-1.59 E93.04512
G0 F9000 X-4.419 Y-1.308
G1 F1500 X1.308 Y4.419 E93.17981
G0 F9000 X1.025 Y4.419
G1 F1500 X-4.419 Y-1.025 E93.30784
G0 F9000 X-4.419 Y-.742
G1 F1500 X0.742 Y4.419 E93.42922
G0 F9000 X0.459 Y4.419
G1 F1500 X-4.419 Y-.459 E93.54394
G0 F9000 X-4.419 Y-.176
G1 F1500 X0.176 Y4.419 E93.65201
G0 F9000 X-.106 Y4.419
G1 F1500 X-4.419 Y0.106 E93.75345
G0 F9000 X-4.419 Y0.388
G1 F1500 X-.388 Y4.419 E93.84825
G0 F9000 X-.671 Y4.419
G1 F1500 X-4.419 Y0.671 E93.9364
G0 F9000 X-4.419 Y0.954
G1 F1500 X-.954 Y4.419 E94.01789
G0 F9000 X-1.237 Y4.419
G1 F1500 X-4.419 Y1.237 E94.09272
G0 F9000 X-4.419 Y1.52
G1 F1500 X-1.52 Y4.419 E94.1609
G0 F9000 X-1.803 Y4.419
G1 F1500 X-4.419 Y1.803 E94.22243
G0 F9000 X-4.419 Y2.085
G1 F1500 X-2.085 Y4.419 E94.27732
G0 F9000 X-2.368 Y4.419
G1 F1500 X-4.419 Y2.368 E94.32556
G0 F9000 X-4.419 Y2.651
G1 F1500 X-2.651 Y4.419 E94.36714
G0 F9000 X-2.934 Y4.419
G1 F1500 X-4.419 Y2.934 E94.40206
G0 F9000 X-4.419 Y3.217
G1 F1500 X-3.217 Y4.419 E94.43033
G0 F9000 X-3.5 Y4.419
G1 F1500 X-4.419 Y3.5 E94.45195
G0 F9000 X-4.419 Y3.783
G1 F1500 X-3.783 Y4.419 E94.4669
G0 F9000 X-4.065 Y4.419
G1 F1500 X-4.419 Y4.065 E94.47523
G0 F9000 X-4.419 Y4.348
G1 F1500 X-4.348 Y4.419 E94.4769
;MESH:NONMESH
G0 F300 X-4.348 Y4.419 Z0.9
G0 F9000 X-4.348 Y4.7
G0 X4.7 Y4.7
;TIME_ELAPSED:187.374007
;LAYER:3
;TYPE:WALL-INNER
;MESH:xyzCalibration_cube.stl
G1 F1500 X4.7 Y-4.7 E94.63322
G1 X-4.7 Y-4.7 E94.78954
G1 X-4.7 Y4.7 E94.94587
G1 X4.7 Y4.7 E95.10219
G0 F9000 X4.9 Y4.9
;TYPE:WALL-OUTER
G1 F1500 X4.9 Y-4.9 E95.26516
G1 X-4.9 Y-4.9 E95.42814
G1 X-4.9 Y4.9 E95.59111
G1 X4.9 Y4.9 E95.75409
G0 F9000 X4.9 Y4.7
G0 X4.52 Y4.52
;TYPE:SKIN
G1 F1500 X-4.52 Y4.52 E95.90442
G1 X-4.52 Y-4.52 E96.05476
G1 X4.52 Y-4.52 E96.2051
G1 X4.52 Y4.52 E96.35543
G0 F9000 X4.348 Y4.419
G1 F1500 X4.419 Y4.348 E96.3571
G0 F9000 X4.419 Y4.065
G1 F1500 X4.065 Y4.419 E96.36543
G0 F9000 X3.783 Y4.419
G1 F1500 X4.419 Y3.783 E96.38038
G0 F9000 X4.419 Y3.5
G1 F1500 X3.5 Y4.419 E96.402
G0 F9000 X3.217 Y4.419
G1 F1500 X4.419 Y3.217 E96.43027
G0 F9000 X4.419 Y2.934
G1 F1500 X2.934 Y4.419 E96.46519
G0 F9000 X2.651 Y4.419
G1 F1500 X4.419 Y2.651 E96.50677
G0 F9000 X4.419 Y2.368
G1 F1500 X2.368 Y4.419 E96.55501
G0 F9000 X2.085 Y4.419
G1 F1500 X4.419 Y2.085 E96.6099
G0 F9000 X4.419 Y1.803
G1 F1500 X1.803 Y4.419 E96.67143
G0 F9000 X1.52 Y4.419
G1 F1500 X4.419 Y1.52 E96.73961
G0 F9000 X4.419 Y1.237
G1 F1500 X1.237 Y4.419 E96.81444
G0 F9000 X0.954 Y4.419
G1 F1500 X4.419 Y0.954 E96.89593
G0 F9000 X4.419 Y0.671
G1 F1500 X0.671 Y4.419 E96.98408
G0 F9000 X0.388 Y4.419
G1 F1500 X4.419 Y0.388 E97.07888
G0 F9000 X4.419 Y0.106
G1 F1500 X0.106 Y4.419 E97.18032
G0 F9000 X-.176 Y4.419
G1 F1500 X4.419 Y-.176 E97.28839
G0 F9000 X4.419 Y-.459
G1 F1500 X-.459 Y4.419 E97.40311
G0 F9000 X-.742 Y4.419
G1 F1500 X4.419 Y-.742 E97.52449
G0 F9000 X4.419 Y-1.025
G1 F1500 X-1.025 Y4.419 E97.65252
G0 F9000 X-1.308 Y4.419
G1 F1500 X4.419 Y-1.308 E97.78721
G0 F9000 X4.419 Y-1.59
G1 F1500 X-1.59 Y4.419 E97.92853
G0 F9000 X-1.873 Y4.419
G1 F1500 X4.419 Y-1.873 E98.07651
G0 F9000 X4.419 Y-2.156
G1 F1500 X-2.156 Y4.419 E98.23115
G0 F9000 X-2.439 Y4.419
G1 F1500 X4.419 Y-2.439 E98.39244
G0 F9000 X4.419 Y-2.722
G1 F1500 X-2.722 Y4.419 E98.56038
G0 F9000 X-3.005 Y4.419
G1 F1500 X4.419 Y-3.005 E98.73498
G0 F9000 X4.419 Y-3.288
G1 F1500 X-3.288 Y4.419 E98.91624
G0 F9000 X-3.57 Y4.419
G1 F1500 X4.419 Y-3.57 E99.10413
G0 F9000 X4.419 Y-3.853
G1 F1500 X-3.853 Y4.419 E99.29867
G0 F9000 X-4.136 Y4.419
G1 F1500 X4.419 Y-4.136 E99.49987
G0 F9000 X4.419 Y-4.419
G1 F1500 X-4.419 Y4.419 E99.70773
G0 F9000 X-4.419 Y4.136
G1 F1500 X4.136 Y-4.419 E99.90893
G0 F9000 X3.853 Y-4.419
G1 F1500 X-4.419 Y3.853 E100.10348
G0 F9000 X-4.419 Y3.57
G1 F1500 X3.57 Y-4.419 E100.29136
G0 F9000 X3.288 Y-4.419
G1 F1500 X-4.419 Y3.288 E100.47262
G0 F9000 X-4.419 Y3.005
G1 F1500 X3.005 Y-4.419 E100.64722
G0 F9000 X2.722 Y-4.419
G1 F1500 X-4.419 Y2.722 E100.81517
G0 F9000 X-4.419 Y2.439
G1 F1500 X2.439 Y-4.419 E100.97646
G0 F9000 X2.156 Y-4.419
G1 F1500 X-4.419 Y2.156 E101.13109
G0 F9000 X-4.419 Y1.873
G1 F1500 X1.873 Y-4.419 E101.27907
G0 F9000 X1.59 Y-4.419
G1 F1500 X-4.419 Y1.59 E101.42039
G0 F9000 X-4.419 Y1.308
G1 F1500 X1.308 Y-4.419 E101.55508
G0 F9000 X1.025 Y-4.419
G1 F1500 X-4.419 Y1.025 E101.68312
G0 F9000 X-4.419 Y0.742
G1 F1500 X0.742 Y-4.419 E101.8045
G0 F9000 X0.459 Y-4.419
G1 F1500 X-4.419 Y0.459 E101.91922
G0 F9000 X-4.419 Y0.176
G1 F1500 X0.176 Y-4.419 E102.02729
G0 F9000 X-.106 Y-4.419
G1 F1500 X-4.419 Y-.106 E102.12872
G0 F9000 X-4.419 Y-.388
G1 F1500 X-.388 Y-4.419 E102.22352
G0 F9000 X-.671 Y-4.419
G1 F1500 X-4.419 Y-.671 E102.31167
G0 F9000 X-4.419 Y-.954
G1 F1500 X-.954 Y-4.419 E102.39316
G0 F9000 X-1.237 Y-4.419
G1 F1500 X-4.419 Y-1.237 E102.468
G0 F9000 X-4.419 Y-1.52
G1 F1500 X-1.52 Y-4.419 E102.53618
G0 F9000 X-1.803 Y-4.419
G1 F1500 X-4.419 Y-1.803 E102.5977
G0 F9000 X-4.419 Y-2.085
G1 F1500 X-2.085 Y-4.419 E102.65259
G0 F9000 X-2.368 Y-4.419
G1 F1500 X-4.419 Y-2.368 E102.70083
G0 F9000 X-4.419 Y-2.651
G1 F1500 X-2.651 Y-4.419 E102.74241
G0 F9000 X-2.934 Y-4.419
G1 F1500 X-4.419 Y-2.934 E102.77734
G0 F9000 X-4.419 Y-3.217
G1 F1500 X-3.217 Y-4.419 E102.80561
G0 F9000 X-3.5 Y-4.419
G1 F1500 X-4.419 Y-3.5 E102.82722
G0 F9000 X-4.419 Y-3.783
G1 F1500 X-3.783 Y-4.419 E102.84218
G0 F9000 X-4.065 Y-4.419
G1 F1500 X-4.419 Y-4.065 E102.8505
G0 F9000 X-4.419 Y-4.348
G1 F1500 X-4.348 Y-4.419 E102.85217
;MESH:NONMESH
G0 F300 X-4.348 Y-4.419 Z1.1
G0 F9000 X-4.348 Y-4.7
G0 X4.628 Y-4.628
G0 X4.7 Y4.7
;TIME_ELAPSED:212.442534
;LAYER:4
;TYPE:WALL-INNER
;MESH:xyzCalibration_cube.stl
G1 F1500 X4.7 Y-4.7 E103.0085
G1 X-4.7 Y-4.7 E103.16482
G1 X-4.7 Y4.7 E103.32114
G1 X4.7 Y4.7 E103.47746
G0 F9000 X4.9 Y4.9
;TYPE:WALL-OUTER
G1 F1500 X4.9 Y-4.9 E103.64044
G1 X-4.9 Y-4.9 E103.80341
G1 X-4.9 Y4.9 E103.96639
G1 X4.9 Y4.9 E104.12936
G0 F9000 X4.9 Y4.7
G0 X4.52 Y4.52
;TYPE:SKIN
G1 F1500 X-4.52 Y4.52 E104.2797
G1 X-4.52 Y-4.52 E104.43003
G1 X4.52 Y-4.52 E104.58037
G1 X4.52 Y4.52 E104.73071
G0 F9000 X4.7 Y4.52
G0 X4.628 Y-4.628
G0 X4.348 Y-4.7
G0 X4.348 Y-4.419
G1 F1500 X4.419 Y-4.348 E104.73237
G0 F9000 X4.419 Y-4.065
G1 F1500 X4.065 Y-4.419 E104.7407
G0 F9000 X3.783 Y-4.419
G1 F1500 X4.419 Y-3.783 E104.75566
G0 F9000 X4.419 Y-3.5
G1 F1500 X3.5 Y-4.419 E104.77727
G0 F9000 X3.217 Y-4.419
G1 F1500 X4.419 Y-3.217 E104.80554
G0 F9000 X4.419 Y-2.934
G1 F1500 X2.934 Y-4.419 E104.84047
G0 F9000 X2.651 Y-4.419
G1 F1500 X4.419 Y-2.651 E104.88205
G0 F9000 X4.419 Y-2.368
G1 F1500 X2.368 Y-4.419 E104.93028
G0 F9000 X2.085 Y-4.419
G1 F1500 X4.419 Y-2.085 E104.98517
G0 F9000 X4.419 Y-1.803
G1 F1500 X1.803 Y-4.419 E105.0467
G0 F9000 X1.52 Y-4.419
G1 F1500 X4.419 Y-1.52 E105.11488
G0 F9000 X4.419 Y-1.237
G1 F1500 X1.237 Y-4.419 E105.18971
G0 F9000 X0.954 Y-4.419
G1 F1500 X4.419 Y-.954 E105.27121
G0 F9000 X4.419 Y-.671
G1 F1500 X0.671 Y-4.419 E105.35935
G0 F9000 X0.388 Y-4.419
G1 F1500 X4.419 Y-.388 E105.45416
G0 F9000 X4.419 Y-.106
G1 F1500 X0.106 Y-4.419 E105.55559
G0 F9000 X-.176 Y-4.419
G1 F1500 X4.419 Y0.176 E105.66366
G0 F9000 X4.419 Y0.459
G1 F1500 X-.459 Y-4.419 E105.77838
G0 F9000 X-.742 Y-4.419
G1 F1500 X4.419 Y0.742 E105.89976
G0 F9000 X4.419 Y1.025
G1 F1500 X-1.025 Y-4.419 E106.0278
G0 F9000 X-1.308 Y-4.419
G1 F1500 X4.419 Y1.308 E106.16249
G0 F9000 X4.419 Y1.59
G1 F1500 X-1.59 Y-4.419 E106.30381
G0 F9000 X-1.873 Y-4.419
G1 F1500 X4.419 Y1.873 E106.45179
G0 F9000 X4.419 Y2.156
G1 F1500 X-2.156 Y-4.419 E106.60642
G0 F9000 X-2.439 Y-4.419
G1 F1500 X4.419 Y2.439 E106.76771
G0 F9000 X4.419 Y2.722
G1 F1500 X-2.722 Y-4.419 E106.93566
G0 F9000 X-3.005 Y-4.419
G1 F1500 X4.419 Y3.005 E107.11026
G0 F9000 X4.419 Y3.288
G1 F1500 X-3.288 Y-4.419 E107.29151
G0 F9000 X-3.57 Y-4.419
G1 F1500 X4.419 Y3.57 E107.4794
G0 F9000 X4.419 Y3.853
G1 F1500 X-3.853 Y-4.419 E107.67395
G0 F9000 X-4.136 Y-4.419
G1 F1500 X4.419 Y4.136 E107.87515
G0 F9000 X4.419 Y4.419
G1 F1500 X-4.419 Y-4.419 E108.083
G0 F9000 X-4.419 Y-4.136
G1 F1500 X4.136 Y4.419 E108.2842
G0 F9000 X3.853 Y4.419
G1 F1500 X-4.419 Y-3.853 E108.47875
G0 F9000 X-4.419 Y-3.57
G1 F1500 X3.57 Y4.419 E108.66664
G0 F9000 X3.288 Y4.419
G1 F1500 X-4.419 Y-3.288 E108.84789
G0 F9000 X-4.419 Y-3.005
G1 F1500 X3.005 Y4.419 E109.0225
G0 F9000 X2.722 Y4.419
G1 F1500 X-4.419 Y-2.722 E109.19044
G0 F9000 X-4.419 Y-2.439
G1 F1500 X2.439 Y4.419 E109.35173
G0 F9000 X2.156 Y4.419
G1 F1500 X-4.419 Y-2.156 E109.50636
G0 F9000 X-4.419 Y-1.873
G1 F1500 X1.873 Y4.419 E109.65434
G0 F9000 X1.59 Y4.419
G1 F1500 X-4.419 Y-1.59 E109.79567
G0 F9000 X-4.419 Y-1.308
G1 F1500 X1.308 Y4.419 E109.93036
G0 F9000 X1.025 Y4.419
G1 F1500 X-4.419 Y-1.025 E110.05839
G0 F9000 X-4.419 Y-.742
G1 F1500 X0.742 Y4.419 E110.17977
G0 F9000 X0.459 Y4.419
G1 F1500 X-4.419 Y-.459 E110.29449
G0 F9000 X-4.419 Y-.176
G1 F1500 X0.176 Y4.419 E110.40256
G0 F9000 X-.106 Y4.419
G1 F1500 X-4.419 Y0.106 E110.50399
G0 F9000 X-4.419 Y0.388
G1 F1500 X-.388 Y4.419 E110.5988
G0 F9000 X-.671 Y4.419
G1 F1500 X-4.419 Y0.671 E110.68694
G0 F9000 X-4.419 Y0.954
G1 F1500 X-.954 Y4.419 E110.76844
G0 F9000 X-1.237 Y4.419
G1 F1500 X-4.419 Y1.237 E110.84327
G0 F9000 X-4.419 Y1.52
G1 F1500 X-1.52 Y4.419 E110.91145
G0 F9000 X-1.803 Y4.419
G1 F1500 X-4.419 Y1.803 E110.97298
G0 F9000 X-4.419 Y2.085
G1 F1500 X-2.085 Y4.419 E111.02787
G0 F9000 X-2.368 Y4.419
G1 F1500 X-4.419 Y2.368 E111.07611
G0 F9000 X-4.419 Y2.651
G1 F1500 X-2.651 Y4.419 E111.11769
G0 F9000 X-2.934 Y4.419
G1 F1500 X-4.419 Y2.934 E111.15261
G0 F9000 X-4.419 Y3.217
G1 F1500 X-3.217 Y4.419 E111.18088
G0 F9000 X-3.5 Y4.419
G1 F1500 X-4.419 Y3.5 E111.20249
G0 F9000 X-4.419 Y3.783
G1 F1500 X-3.783 Y4.419 E111.21745
G0 F9000 X-4.065 Y4.419
G1 F1500 X-4.419 Y4.065 E111.22578
G0 F9000 X-4.419 Y4.348
G1 F1500 X-4.348 Y4.419 E111.22745
G1 F1500 E104.72745
;MESH:NONMESH
G0 F300 X-4.348 Y4.419 Z1.3
G0 F9000 X-4.348 Y4.7
G0 X3.686 Y4.6
G0 X3.686 Y5.665
G0 X5.653 Y5.653
G0 X5.665 Y-0.036
G0 X3.686 Y-0.036
;TIME_ELAPSED:238.273488
;LAYER:5
;TYPE:FILL
;MESH:xyzCalibration_cube.stl
G1 F1500 E111.22745
G1 F1167.5 X-4.659 Y2.199 E111.37112
G1 X-4.659 Y2.248
G1 X-2.808 Y-4.66 E111.49005
G0 F9000 X-2.731 Y-4.528
G1 F1167.5 X-4.659 Y-4.011 E111.52324
G0 F9000 X-4.5 Y-4.011
G0 X-3.359 Y-4.5
G0 X-3.359 Y-4.659
G1 F1167.5 X-2.728 Y-4.028 E111.53808
G0 F9000 X-2.411 Y-3.711
G1 F1167.5 X4.659 Y3.36 E111.70437
G0 F9000 X4.658 Y2.808
G1 F1167.5 X-2.249 Y4.66 E111.82329
G1 X-2.2 Y4.66
G1 X0.297 Y-4.659 E111.98374
G0 F9000 X0.297 Y-4.5
G0 X0.68 Y-3.685
G0 X1.829 Y-3.613
G0 X1.829 Y-3.712
G1 F1167.5 X4.611 Y-.931 E112.04915
G0 F9000 X4.53 Y-1.001
G0 X4.5 Y-3.402
G0 X4.659 Y-3.402
G1 F1167.5 X-4.659 Y-.905 E112.20958
G0 F9000 X-4.659 Y-1.716
G1 F1167.5 X1.716 Y4.659 E112.35951
G0 F9000 X0.905 Y4.66
G1 F1167.5 X3.403 Y-4.66 E112.51997
G0 F9000 X3.403 Y-4.5
G0 X3.66 Y0.621
G0 X4.5 Y2.242
G0 X4.659 Y2.242
G1 F1167.5 X4.011 Y4.66 E112.5616
G0 F9000 X4.011 Y4.5
G0 X-2.525 Y4.5
G0 X-2.525 Y4.659
G1 F1167.5 X-4.659 Y2.525 E112.61179
G0 F9000 X-4.5 Y2.525
G0 X4.53 Y4.53
G0 X4.7 Y4.7
;TYPE:WALL-INNER
G1 F1167.5 X4.7 Y-4.7 E112.76811
G1 X-4.7 Y-4.7 E112.92444
G1 X-4.7 Y4.7 E113.08076
G1 X4.7 Y4.7 E113.23708
G0 F9000 X4.9 Y4.9
;TYPE:WALL-OUTER
G1 F1167.5 X4.9 Y-4.9 E113.40006
G1 X-4.9 Y-4.9 E113.56303
G1 X-4.9 Y4.9 E113.726
G1 X4.9 Y4.9 E113.88898
G0 F9000 X4.9 Y4.7
G0 X4.53 Y4.53
G0 X3.588 Y0.573
G0 X3.708 Y0.573
;TYPE:SKIN
G1 F1167.5 X3.708 Y-.906 E113.91358
G1 X4.52 Y-.911 E113.92708
G1 X4.52 Y0.573 E113.95176
G1 X3.708 Y0.573 E113.96526
G0 F9000 X4.335 Y0.473
G1 F1167.5 X4.418 Y0.389 E113.96723
G0 F9000 X4.418 Y0.106
G1 F1167.5 X4.052 Y0.473 E113.97585
G0 F9000 X3.807 Y0.434
G1 F1167.5 X4.418 Y-.176 E113.9902
G0 F9000 X4.418 Y-.458
G1 F1167.5 X3.807 Y0.152 E114.00456
G0 F9000 X3.807 Y-.13
G1 F1167.5 X4.418 Y-.741 E114.01893
G0 F9000 X4.203 Y-.809
G1 F1167.5 X3.807 Y-.413 E114.02824
G0 F9000 X3.807 Y-.696
G1 F1167.5 X3.918 Y-.807 E114.03085
G0 F9000 X3.918 Y-1.029
G0 X0.608 Y-3.733
G0 X0.728 Y-3.733
G1 F1167.5 X0.728 Y-4.52 E114.04394
G1 X2.378 Y-4.52 E114.07138
G1 X2.373 Y-3.734 E114.08445
G1 X0.728 Y-3.733 E114.11181
G0 F9000 X1.025 Y-4.419
G1 F1167.5 X0.828 Y-4.222 E114.11644
G0 F9000 X0.828 Y-3.939
G1 F1167.5 X1.308 Y-4.419 E114.12773
G0 F9000 X1.59 Y-4.419
G1 F1167.5 X1.004 Y-3.832 E114.14153
G0 F9000 X1.286 Y-3.832
G1 F1167.5 X1.873 Y-4.419 E114.15533
G0 F9000 X2.156 Y-4.419
G1 F1167.5 X1.57 Y-3.833 E114.16911
G0 F9000 X1.853 Y-3.833
G1 F1167.5 X2.275 Y-4.255 E114.17904
G0 F9000 X2.272 Y-3.969
G1 F1167.5 X2.136 Y-3.833 E114.18224
G0 F9000 X2.136 Y-3.613
G0 X-1.021 Y-3.734
G0 X-1.141 Y-3.734
G1 F1167.5 X-2.707 Y-3.733 E114.20828
G1 X-2.712 Y-4.52 E114.22137
G1 X-1.141 Y-4.52 E114.24749
G1 X-1.141 Y-3.734 E114.26056
G0 F9000 X-1.24 Y-4.133
G1 F1167.5 X-1.541 Y-3.832 E114.26764
G0 F9000 X-1.824 Y-3.832
G1 F1167.5 X-1.24 Y-4.415 E114.28137
G0 F9000 X-1.52 Y-4.419
G1 F1167.5 X-2.107 Y-3.831 E114.29518
G0 F9000 X-2.39 Y-3.831
G1 F1167.5 X-1.803 Y-4.419 E114.309
G0 F9000 X-2.085 Y-4.419
G1 F1167.5 X-2.607 Y-3.898 E114.32127
G0 F9000 X-2.609 Y-4.178
G1 F1167.5 X-2.368 Y-4.419 E114.32693
G0 F9000 X-2.932 Y-4.4
;MESH:NONMESH
G0 F300 X-2.932 Y-4.4 Z1.5
G0 F9000 X-2.756 Y-3.685
G0 X3.587 Y0.108
G0 X3.686 Y0.109
;TIME_ELAPSED:252.260047
;LAYER:6
;TYPE:FILL
;MESH:xyzCalibration_cube.stl
G1 F1167.4 X-4.659 Y2.345 E114.47061
G1 X-4.659 Y2.326
G1 X-2.326 Y4.659 E114.52548
G1 X-2.346 Y4.66
G1 X0.151 Y-4.659 E114.68592
G0 F9000 X0.151 Y-4.5
G0 X0.558 Y-3.685
G0 X2.029 Y-3.613
G0 X2.029 Y-3.712
G1 F1167.4 X4.659 Y-1.081 E114.74778
G0 F9000 X4.5 Y-1.081
G0 X4.5 Y-3.256
G0 X4.658 Y-3.256
G1 F1167.4 X-4.659 Y-.759 E114.90819
G0 F9000 X-4.5 Y-.759
G0 X-4.5 Y-1.916
G0 X-4.659 Y-1.916
G1 F1167.4 X1.916 Y4.659 E115.06283
G0 F9000 X1.916 Y4.5
G0 X0.759 Y4.5
G0 X0.759 Y4.66
G1 F1167.4 X3.257 Y-4.659 E115.22327
G0 F9000 X3.257 Y-4.5
G0 X2.422 Y-3.685
G0 X-2.213 Y-3.613
G0 X-2.213 Y-3.712
G1 F1167.4 X4.659 Y3.16 E115.38489
G0 F9000 X4.658 Y2.954
G1 F1167.4 X-1.704 Y4.659 E115.49443
G0 F9000 X-1.704 Y4.5
G0 X-4.5 Y1.703
G0 X-4.659 Y1.703
G1 F1167.4 X-2.954 Y-4.66 E115.60398
G0 F9000 X-3.16 Y-4.659
G1 F1167.4 X-2.729 Y-4.228 E115.61411
G0 F9000 X-2.73 Y-4.382
G1 F1167.4 X-4.659 Y-3.865 E115.64733
G0 F9000 X-4.5 Y-3.865
G0 X4.5 Y1.697
G0 X4.659 Y1.697
G1 F1167.4 X3.865 Y4.66 E115.69834
G0 F9000 X4.7 Y4.7
;TYPE:WALL-INNER
G1 F1167.4 X4.7 Y-4.7 E115.85466
G1 X-4.7 Y-4.7 E116.01098
G1 X-4.7 Y4.7 E116.16731
G1 X4.7 Y4.7 E116.32363
G0 F9000 X4.9 Y4.9
;TYPE:WALL-OUTER
G1 F1167.4 X4.9 Y-4.9 E116.4866
G1 X-4.9 Y-4.9 E116.64958
G1 X-4.9 Y4.9 E116.81255
G1 X4.9 Y4.9 E116.97553
G0 F9000 X4.9 Y4.7
G0 X4.53 Y4.53
G0 X3.588 Y0.573
G0 X3.708 Y0.573
;TYPE:SKIN
G1 F1167.4 X3.708 Y-.908 E117.00016
G1 X4.52 Y-.913 E117.01366
G1 X4.52 Y0.573 E117.03837
G1 X3.708 Y0.573 E117.05188
G0 F9000 X3.867 Y0.473
G1 F1167.4 X3.807 Y0.412 E117.0533
G0 F9000 X3.807 Y0.13
G1 F1167.4 X4.15 Y0.473 E117.06137
G0 F9000 X4.419 Y0.459
G1 F1167.4 X3.807 Y-.152 E117.07575
G0 F9000 X3.807 Y-.435
G1 F1167.4 X4.419 Y0.176 E117.09013
G0 F9000 X4.419 Y-.106
G1 F1167.4 X3.807 Y-.718 E117.10452
G0 F9000 X3.998 Y-.809
G1 F1167.4 X4.419 Y-.388 E117.11442
G0 F9000 X4.419 Y-.671
G1 F1167.4 X4.28 Y-.811 E117.1177
G0 F9000 X4.28 Y-1.032
G0 X0.486 Y-3.733
G0 X0.606 Y-3.733
G1 F1167.4 X0.606 Y-4.52 E117.13079
G1 X2.378 Y-4.52 E117.16026
G1 X2.373 Y-3.734 E117.17333
G1 X0.606 Y-3.733 E117.20272
G0 F9000 X0.705 Y-4.102
G1 F1167.4 X0.975 Y-3.833 E117.20906
G0 F9000 X1.257 Y-3.833
G1 F1167.4 X0.705 Y-4.385 E117.22204
G0 F9000 X0.954 Y-4.419
G1 F1167.4 X1.54 Y-3.833 E117.23582
G0 F9000 X1.823 Y-3.833
G1 F1167.4 X1.237 Y-4.419 E117.2496
G0 F9000 X1.52 Y-4.419
G1 F1167.4 X2.106 Y-3.833 E117.26338
G0 F9000 X2.272 Y-3.949
G1 F1167.4 X1.803 Y-4.419 E117.27443
G0 F9000 X2.085 Y-4.419
G1 F1167.4 X2.274 Y-4.23 E117.27887
G0 F9000 X2.496 Y-4.229
G0 X2.422 Y-3.685
G0 X-.902 Y-3.734
G0 X-1.022 Y-3.734
G1 F1167.4 X-2.707 Y-3.733 E117.30689
G1 X-2.712 Y-4.52 E117.31998
G1 X-1.022 Y-4.52 E117.34809
G1 X-1.022 Y-3.734 E117.36116
G0 F9000 X-1.308 Y-4.419
G1 F1167.4 X-1.121 Y-4.232 E117.36555
G0 F9000 X-1.121 Y-3.949
G1 F1167.4 X-1.59 Y-4.419 E117.3766
G0 F9000 X-1.873 Y-4.419
G1 F1167.4 X-1.287 Y-3.833 E117.39038
G0 F9000 X-1.57 Y-3.833
G1 F1167.4 X-2.156 Y-4.419 E117.40416
G0 F9000 X-2.439 Y-4.419
G1 F1167.4 X-1.853 Y-3.833 E117.41794
G0 F9000 X-2.135 Y-3.832
G1 F1167.4 X-2.61 Y-4.307 E117.42911
G0 F9000 X-2.608 Y-4.022
G1 F1167.4 X-2.418 Y-3.832 E117.43358
G0 F9000 X-2.418 Y-3.513
;MESH:NONMESH
G0 F300 X-2.418 Y-3.513 Z1.7
G0 F9000 X3.588 Y0.256
G0 X3.687 Y0.256
;TIME_ELAPSED:265.981987
;LAYER:7
;TYPE:FILL
;MESH:xyzCalibration_cube.stl
G1 F1178.5 X-4.659 Y2.492 E117.57727
G0 F9000 X-4.659 Y2.125
G1 F1178.5 X-2.125 Y4.659 E117.63687
G0 F9000 X-2.493 Y4.66
G1 F1178.5 X0.004 Y-4.659 E117.79731
G0 F9000 X0.004 Y-4.5
G0 X-.856 Y-3.686
G0 X-2.013 Y-3.613
G0 X-2.012 Y-3.712
G1 F1178.5 X4.659 Y2.959 E117.9542
G0 F9000 X4.658 Y3.101
G1 F1178.5 X-1.155 Y4.659 E118.05428
G0 F9000 X-1.155 Y4.5
G0 X0.612 Y4.5
G0 X0.612 Y4.66
G1 F1178.5 X3.11 Y-4.659 E118.21473
G0 F9000 X3.11 Y-4.5
G0 X2.491 Y-3.766
G0 X2.23 Y-3.613
G0 X2.23 Y-3.712
G1 F1178.5 X4.659 Y-1.282 E118.27187
G0 F9000 X4.5 Y-1.282
G0 X4.5 Y-3.109
G0 X4.658 Y-3.109
G1 F1178.5 X-4.659 Y-.612 E118.43228
G0 F9000 X-4.5 Y-.612
G0 X-4.5 Y-2.117
G0 X-4.659 Y-2.117
G1 F1178.5 X2.117 Y4.659 E118.59164
G0 F9000 X2.117 Y4.5
G0 X3.718 Y4.5
G0 X3.718 Y4.66
G1 F1178.5 X4.659 Y1.15 E118.65207
G0 F9000 X4.5 Y1.15
G0 X-2.756 Y-3.685
G0 X-2.831 Y-4.235
G0 X-2.73 Y-4.235
G1 F1178.5 X-4.659 Y-3.718 E118.68528
G0 F9000 X-4.5 Y-3.718
G0 X-3.101 Y-4.5
G0 X-3.101 Y-4.66
G1 F1178.5 X-4.659 Y1.154 E118.78538
G0 F9000 X-4.5 Y1.154
G0 X-2.832 Y-4.43
G0 X-2.73 Y-4.43
G1 F1178.5 X-2.959 Y-4.659 E118.79077
G0 F9000 X-2.959 Y-4.5
G0 X-2.776 Y-3.766
G0 X4.53 Y4.53
G0 X4.7 Y4.7
;TYPE:WALL-INNER
G1 F1178.5 X4.7 Y-4.7 E118.94709
G1 X-4.7 Y-4.7 E119.10341
G1 X-4.7 Y4.7 E119.25974
G1 X4.7 Y4.7 E119.41606
G0 F9000 X4.9 Y4.9
;TYPE:WALL-OUTER
G1 F1178.5 X4.9 Y-4.9 E119.57903
G1 X-4.9 Y-4.9 E119.74201
G1 X-4.9 Y4.9 E119.90498
G1 X4.9 Y4.9 E120.06796
G0 F9000 X4.9 Y4.7
G0 X4.53 Y4.53
G0 X3.588 Y0.573
G0 X3.708 Y0.573
;TYPE:SKIN
G1 F1178.5 X3.708 Y-.91 E120.09262
G1 X4.52 Y-.915 E120.10612
G1 X4.52 Y0.573 E120.13087
G1 X3.708 Y0.573 E120.14437
G0 F9000 X4.335 Y0.473
G1 F1178.5 X4.418 Y0.389 E120.14634
G0 F9000 X4.418 Y0.106
G1 F1178.5 X4.052 Y0.473 E120.15496
G0 F9000 X3.807 Y0.434
G1 F1178.5 X4.418 Y-.176 E120.16931
G0 F9000 X4.418 Y-.458
G1 F1178.5 X3.807 Y0.152 E120.18367
G0 F9000 X3.807 Y-.13
G1 F1178.5 X4.418 Y-.741 E120.19804
G0 F9000 X4.207 Y-.813
G1 F1178.5 X3.807 Y-.413 E120.20745
G0 F9000 X3.807 Y-.696
G1 F1178.5 X3.923 Y-.811 E120.21017
G0 F9000 X3.923 Y-1.033
G0 X0.364 Y-3.733
G0 X0.484 Y-3.733
G1 F1178.5 X0.484 Y-4.52 E120.22325
G1 X2.378 Y-4.52 E120.25475
G1 X2.373 Y-3.734 E120.26782
G1 X0.484 Y-3.733 E120.29924
G0 F9000 X0.742 Y-4.419
G1 F1178.5 X0.584 Y-4.261 E120.30295
G0 F9000 X0.584 Y-3.978
G1 F1178.5 X1.025 Y-4.419 E120.31332
G0 F9000 X1.308 Y-4.419
G1 F1178.5 X0.721 Y-3.833 E120.32712
G0 F9000 X1.004 Y-3.833
G1 F1178.5 X1.59 Y-4.419 E120.3409
G0 F9000 X1.873 Y-4.419
G1 F1178.5 X1.287 Y-3.833 E120.35468
G0 F9000 X1.57 Y-3.833
G1 F1178.5 X2.156 Y-4.419 E120.36846
G0 F9000 X2.275 Y-4.255
G1 F1178.5 X1.853 Y-3.833 E120.37839
G0 F9000 X2.136 Y-3.833
G1 F1178.5 X2.272 Y-3.969 E120.38159
G0 F9000 X2.495 Y-3.968
G0 X2.422 Y-3.685
G0 X1.859 Y-3.685
G0 X-.784 Y-3.734
G0 X-.904 Y-3.734
G1 F1178.5 X-2.707 Y-3.733 E120.41157
G1 X-2.712 Y-4.52 E120.42466
G1 X-.904 Y-4.52 E120.45473
G1 X-.904 Y-3.734 E120.4678
G0 F9000 X-1.004 Y-4.087
G1 F1178.5 X-1.258 Y-3.832 E120.47378
G0 F9000 X-1.541 Y-3.832
G1 F1178.5 X-1.004 Y-4.369 E120.48641
G0 F9000 X-1.237 Y-4.419
G1 F1178.5 X-1.825 Y-3.831 E120.50024
G0 F9000 X-2.107 Y-3.831
G1 F1178.5 X-1.52 Y-4.419 E120.51406
G0 F9000 X-1.803 Y-4.419
G1 F1178.5 X-2.39 Y-3.831 E120.52788
G0 F9000 X-2.607 Y-3.898
G1 F1178.5 X-2.085 Y-4.419 E120.54014
G0 F9000 X-2.368 Y-4.419
G1 F1178.5 X-2.609 Y-4.178 E120.54581
G0 F9000 X-2.931 Y-4.178
;MESH:NONMESH
G0 F300 X-2.931 Y-4.178 Z1.9
G0 F9000 X-2.773 Y-3.734
G0 X3.588 Y0.402
G0 X3.686 Y0.402
;TIME_ELAPSED:280.152984
;LAYER:8
;TYPE:FILL
;MESH:xyzCalibration_cube.stl
G1 F1163.9 X-4.658 Y2.638 E120.68947
G0 F9000 X-4.659 Y1.926
G1 F1163.9 X-1.926 Y4.659 E120.75374
G0 F9000 X-2.638 Y4.659
G1 F1163.9 X-.141 Y-4.66 E120.91418
G0 F9000 X-.602 Y-4.659
G1 F1163.9 X-.764 Y-4.616 E120.91697
G0 F9000 X-.764 Y-4.5
G0 X-.737 Y-3.685
G0 X-1.813 Y-3.613
G0 X-1.813 Y-3.712
G1 F1163.9 X4.659 Y2.76 E121.06918
G0 F9000 X4.659 Y3.247
G1 F1163.9 X-.61 Y4.659 E121.1599
G0 F9000 X-.61 Y4.5
G0 X0.466 Y4.5
G0 X0.466 Y4.66
G1 F1163.9 X2.963 Y-4.659 E121.32034
G0 F9000 X2.963 Y-4.5
G0 X2.494 Y-3.746
G0 X2.394 Y-3.747
G1 F1163.9 X4.659 Y-1.482 E121.37361
G0 F9000 X4.5 Y-1.482
G0 X4.5 Y-2.963
G0 X4.658 Y-2.963
G1 F1163.9 X-4.659 Y-.466 E121.53402
G0 F9000 X-4.5 Y-.466
G0 X-4.5 Y0.609
G0 X-4.659 Y0.609
G1 F1163.9 X-3.247 Y-4.66 E121.62474
G0 F9000 X-2.759 Y-4.659
G1 F1163.9 X-2.73 Y-4.63 E121.62542
G0 F9000 X-2.729 Y-4.089
G1 F1163.9 X-4.659 Y-3.572 E121.65865
G0 F9000 X-4.5 Y-3.572
G0 X-4.5 Y-2.316
G0 X-4.659 Y-2.316
G1 F1163.9 X2.316 Y4.659 E121.82269
G0 F9000 X2.316 Y4.5
G0 X3.572 Y4.5
G0 X3.572 Y4.66
G1 F1163.9 X4.659 Y0.605 E121.8925
G0 F9000 X4.5 Y0.605
G0 X4.53 Y4.53
G0 X4.7 Y4.7
;TYPE:WALL-INNER
G1 F1163.9 X4.7 Y-4.7 E122.04883
G1 X-4.7 Y-4.7 E122.20515
G1 X-4.7 Y4.7 E122.36147
G1 X4.7 Y4.7 E122.51779
G0 F9000 X4.9 Y4.9
;TYPE:WALL-OUTER
G1 F1163.9 X4.9 Y-4.9 E122.68077
G1 X-4.9 Y-4.9 E122.84374
G1 X-4.9 Y4.9 E123.00672
G1 X4.9 Y4.9 E123.16969
G0 F9000 X4.9 Y4.7
G0 X4.53 Y4.53
G0 X3.588 Y0.573
G0 X3.708 Y0.573
;TYPE:SKIN
G1 F1163.9 X3.708 Y-.912 E123.19439
G1 X4.52 Y-.917 E123.20789
G1 X4.52 Y0.573 E123.23267
G1 X3.708 Y0.573 E123.24617
G0 F9000 X3.867 Y0.473
G1 F1163.9 X3.807 Y0.412 E123.2476
G0 F9000 X3.807 Y0.13
G1 F1163.9 X4.15 Y0.473 E123.25566
G0 F9000 X4.419 Y0.459
G1 F1163.9 X3.807 Y-.152 E123.27005
G0 F9000 X3.807 Y-.435
G1 F1163.9 X4.419 Y0.176 E123.28443
G0 F9000 X4.419 Y-.106
G1 F1163.9 X3.807 Y-.718 E123.29882
G0 F9000 X3.994 Y-.813
G1 F1163.9 X4.419 Y-.388 E123.30882
G0 F9000 X4.419 Y-.671
G1 F1163.9 X4.275 Y-.815 E123.3122
G0 F9000 X4.275 Y-1.036
G0 X0.241 Y-3.733
G0 X0.36 Y-3.732
G1 F1163.9 X0.365 Y-4.52 E123.32531
G1 X2.378 Y-4.519 E123.35878
G1 X2.373 Y-3.733 E123.37186
G1 X0.36 Y-3.732 E123.40533
G0 F9000 X0.461 Y-4.063
G1 F1163.9 X0.693 Y-3.831 E123.41079
G0 F9000 X0.976 Y-3.831
G1 F1163.9 X0.463 Y-4.345 E123.42286
G0 F9000 X0.672 Y-4.418
G1 F1163.9 X1.259 Y-3.831 E123.43667
G0 F9000 X1.541 Y-3.832
G1 F1163.9 X0.955 Y-4.418 E123.45045
G0 F9000 X1.238 Y-4.418
G1 F1163.9 X1.824 Y-3.832 E123.46423
G0 F9000 X2.107 Y-3.832
G1 F1163.9 X1.521 Y-4.418 E123.47802
G0 F9000 X1.804 Y-4.418
G1 F1163.9 X2.272 Y-3.949 E123.48903
G0 F9000 X2.274 Y-4.23
G1 F1163.9 X2.087 Y-4.418 E123.49344
G0 F9000 X2.497 Y-4.416
G0 X2.422 Y-3.685
G0 X1.226 Y-3.684
G0 X-.665 Y-3.733
G0 X-.785 Y-3.733
G1 F1163.9 X-2.707 Y-3.733 E123.52541
G1 X-2.712 Y-4.52 E123.53849
G1 X-.785 Y-4.52 E123.57054
G1 X-.785 Y-3.733 E123.58363
G0 F9000 X-1.025 Y-4.419
G1 F1163.9 X-.885 Y-4.279 E123.58692
G0 F9000 X-.885 Y-3.996
G1 F1163.9 X-1.308 Y-4.419 E123.59687
G0 F9000 X-1.59 Y-4.419
G1 F1163.9 X-1.004 Y-3.832 E123.61066
G0 F9000 X-1.286 Y-3.832
G1 F1163.9 X-1.873 Y-4.419 E123.62447
G0 F9000 X-2.156 Y-4.419
G1 F1163.9 X-1.569 Y-3.832 E123.63827
G0 F9000 X-1.852 Y-3.832
G1 F1163.9 X-2.439 Y-4.419 E123.65208
G0 F9000 X-2.61 Y-4.307
G1 F1163.9 X-2.135 Y-3.832 E123.66325
G0 F9000 X-2.418 Y-3.832
G1 F1163.9 X-2.609 Y-4.023 E123.66774
G0 F9000 X-2.93 Y-4.023
;MESH:NONMESH
G0 F300 X-2.93 Y-4.023 Z2.1
G0 F9000 X-2.789 Y-3.749
G0 X3.817 Y0.693
G0 X3.817 Y0.513
;TIME_ELAPSED:294.031267
;LAYER:9
;TYPE:FILL
;MESH:xyzCalibration_cube.stl
G1 F1070.6 X-4.658 Y2.784 E123.81365
G0 F9000 X-4.5 Y2.784
G0 X-4.5 Y1.728
G0 X-4.658 Y1.728
G1 F1070.6 X-1.728 Y4.658 E123.88256
G0 F9000 X-1.728 Y4.5
G0 X-2.784 Y4.5
G0 X-2.784 Y4.659
G1 F1070.6 X-.287 Y-4.66 E124.04301
G0 F9000 X-0.059 Y-4.659
G1 F1070.6 X-.647 Y-4.501 E124.05313
G0 F9000 X-.547 Y-4.5
G0 X-.616 Y-3.685
G0 X-1.614 Y-3.553
G0 X-1.614 Y-3.713
G1 F1070.6 X4.659 Y2.561 E124.20067
G0 F9000 X4.659 Y3.393
G1 F1070.6 X-0.064 Y4.659 E124.28199
G0 F9000 X0.32 Y4.659
G1 F1070.6 X2.818 Y-4.66 E124.44244
G0 F9000 X2.39 Y-3.95
G1 F1070.6 X4.659 Y-1.681 E124.4958
G0 F9000 X4.5 Y-1.681
G0 X4.5 Y-2.817
G0 X4.659 Y-2.817
G1 F1070.6 X-4.657 Y-.321 E124.65619
G0 F9000 X-4.658 Y0.061
G1 F1070.6 X-3.393 Y-4.66 E124.73747
G0 F9000 X-2.709 Y-3.949
G1 F1070.6 X-4.657 Y-3.427 E124.77101
G0 F9000 X-4.658 Y-2.514
G1 F1070.6 X2.515 Y4.659 E124.93971
G0 F9000 X3.426 Y4.66
G1 F1070.6 X4.516 Y0.593 E125.00973
G0 F9000 X4.516 Y0.753
G0 X4.53 Y4.53
G0 X4.7 Y4.7
;TYPE:WALL-INNER
G1 F1070.6 X4.7 Y0.553 E125.07869
G1 X4.028 Y0.553 E125.08987
G1 X3.836 Y0.485 E125.09326
G1 X3.728 Y0.341 E125.09625
G1 X3.732 Y-.644 E125.11263
G1 X3.873 Y-.844 E125.1167
G1 X4.026 Y-.886 E125.11934
G1 X4.7 Y-.887 E125.13055
G1 X4.7 Y-4.7 E125.19396
G1 X2.357 Y-4.7 E125.23292
G1 X2.356 Y-3.962 E125.2452
G1 X2.199 Y-3.789 E125.24908
G1 X2.104 Y-3.752 E125.25078
G1 X1.138 Y-3.754 E125.26684
G1 X1.014 Y-3.796 E125.26902
G1 X0.87 Y-3.969 E125.27276
G1 X0.87 Y-4.7 E125.28492
G1 X-1.279 Y-4.7 E125.32066
G1 X-1.279 Y-3.975 E125.33271
G1 X-1.368 Y-3.84 E125.3354
G1 X-1.525 Y-3.754 E125.33838
G1 X-2.462 Y-3.753 E125.35396
G1 X-2.596 Y-3.834 E125.35656
G1 X-2.69 Y-3.984 E125.35951
G1 X-2.691 Y-4.7 E125.37142
G1 X-4.699 Y-4.699 E125.40481
G1 X-4.699 Y4.699 E125.5611
G1 X4.7 Y4.7 E125.7174
G0 F9000 X4.9 Y4.9
;TYPE:WALL-OUTER
G1 F1070.6 X4.9 Y0.353 E125.79302
G1 X3.977 Y0.353 E125.80837
G1 X3.93 Y0.275 E125.80989
G1 X3.928 Y-.606 E125.82454
G1 X3.985 Y-.686 E125.82617
G1 X4.9 Y-.687 E125.84139
G1 X4.9 Y-4.9 E125.91145
G1 X2.157 Y-4.9 E125.95707
G1 X2.156 Y-4.022 E125.97167
G1 X2.079 Y-3.955 E125.97336
G1 X1.15 Y-3.954 E125.98881
G1 X1.076 Y-4.017 E125.99043
G1 X1.07 Y-4.9 E126.00511
G1 X-1.479 Y-4.9 E126.0475
G1 X-1.485 Y-4.018 E126.06217
G1 X-1.554 Y-3.956 E126.06371
G1 X-2.423 Y-3.958 E126.07817
G1 X-2.486 Y-4.023 E126.07967
G1 X-2.491 Y-4.9 E126.09426
G1 X-4.899 Y-4.899 E126.1343
G1 X-4.899 Y4.899 E126.29724
G1 X4.9 Y4.9 E126.4602
G0 F9000 X4.9 Y4.7
G0 X4.53 Y4.53
G0 X0.466 Y-3.612
G0 X0.466 Y-3.956
;TYPE:SKIN
G1 F866.9 X0.467 Y-4.297 E126.4672
G0 F9000 X0.844 Y-3.734
G1 F1070.6 X0.69 Y-3.957 E126.47171
G1 X0.69 Y-4.52 E126.48107
G1 X0.243 Y-4.52 E126.48851
G1 X0.239 Y-3.732 E126.50161
G1 X0.844 Y-3.734 E126.51167
G0 F9000 X0.7 Y-3.642
G0 X0.287 Y-3.676
G0 X-.545 Y-3.952
G0 X-.882 Y-3.951
G1 F915 X-.883 Y-4.304 E126.51854
G0 F9000 X-1.255 Y-3.734
G1 F1070.6 X-.664 Y-3.733 E126.52837
G1 X-.669 Y-4.52 E126.54146
G1 X-1.099 Y-4.52 E126.54861
G1 X-1.099 Y-3.954 E126.55802
G1 X-1.255 Y-3.734 E126.56251
G0 F9000 X-1.038 Y-3.513
;MESH:NONMESH
G0 F300 X-1.038 Y-3.513 Z2.3
G0 F9000 X-.688 Y-3.712
;TIME_ELAPSED:306.270140
;LAYER:10
;TYPE:FILL
;MESH:xyzCalibration_cube.stl
G1 F1066.5 X-2.931 Y4.659 E126.70663
G0 F9000 X-2.931 Y4.5
G0 X-1.527 Y4.5
G0 X-1.527 Y4.658
G1 F1066.5 X-4.658 Y1.527 E126.78026
G0 F9000 X-4.5 Y1.527
G0 X-4.5 Y2.931
G0 X-4.657 Y2.931
G1 F1066.5 X4.078 Y0.59 E126.93065
G0 F9000 X4.369 Y0.591
G1 F1066.5 X3.279 Y4.66 E127.00071
G0 F9000 X2.715 Y4.659
G1 F1066.5 X-4.658 Y-2.715 E127.17412
G0 F9000 X-4.657 Y-3.28
G1 F1066.5 X-2.536 Y-3.848 E127.21064
G0 F9000 X-2.78 Y-3.848
G0 X-1.412 Y-3.553
G0 X-1.412 Y-3.712
G1 F1066.5 X4.659 Y2.36 E127.35343
G0 F9000 X4.5 Y2.36
G0 X4.5 Y3.54
G0 X4.659 Y3.54
G1 F1066.5 X0.484 Y4.659 E127.42531
G0 F9000 X0.173 Y4.659
G1 F1066.5 X2.67 Y-4.659 E127.58574
G0 F9000 X2.269 Y-4.272
G1 F1066.5 X4.659 Y-1.882 E127.64195
G0 F9000 X4.658 Y-2.67
G1 F1066.5 X-4.657 Y-.174 E127.80232
G0 F9000 X-4.658 Y-.487
G1 F1066.5 X-3.54 Y-4.66 E127.87416
G0 F9000 X-3.54 Y-4.5
G0 X-2.707 Y-3.625
G0 X-1.033 Y-3.626
G0 X-.5 Y-3.685
G0 X-.428 Y-4.386
G0 X-.527 Y-4.386
G1 F1066.5 X0.097 Y-4.554 E127.88491
G0 F9000 X-.434 Y-4.66
G1 F1066.5 X-.528 Y-4.311 E127.89092
G0 F9000 X-.428 Y-4.311
G0 X4.53 Y4.53
G0 X4.7 Y4.7
;TYPE:WALL-INNER
G1 F1066.5 X4.7 Y0.551 E127.95992
G1 X4.028 Y0.551 E127.9711
G1 X3.836 Y0.483 E127.97448
G1 X3.728 Y0.337 E127.9775
G1 X3.73 Y-.634 E127.99365
G1 X3.761 Y-.729 E127.99531
G1 X3.871 Y-.846 E127.99798
G1 X4.026 Y-.889 E128.00066
G1 X4.7 Y-.89 E128.01187
G1 X4.7 Y-4.7 E128.07523
G1 X2.231 Y-4.7 E128.11629
G1 X2.23 Y-3.958 E128.12863
G1 X2.085 Y-3.796 E128.13224
G1 X1.981 Y-3.752 E128.13412
G1 X0.957 Y-3.753 E128.15115
G1 X0.81 Y-3.869 E128.15426
G1 X0.748 Y-3.992 E128.15655
G1 X0.748 Y-4.7 E128.16833
G1 X-1.161 Y-4.7 E128.20007
G1 X-1.161 Y-3.993 E128.21183
G1 X-1.223 Y-3.87 E128.21412
G1 X-1.369 Y-3.754 E128.21722
G1 X-2.348 Y-3.753 E128.23351
G1 X-2.481 Y-3.83 E128.23606
G1 X-2.579 Y-3.979 E128.23903
G1 X-2.58 Y-4.7 E128.25102
G1 X-4.699 Y-4.699 E128.28626
G1 X-4.699 Y4.699 E128.44255
G1 X4.7 Y4.7 E128.59885
G0 F9000 X4.9 Y4.9
;TYPE:WALL-OUTER
G1 F1066.5 X4.9 Y0.351 E128.6745
G1 X3.977 Y0.351 E128.68985
G1 X3.93 Y0.273 E128.69137
G1 X3.928 Y-.625 E128.7063
G1 X3.988 Y-.689 E128.70776
G1 X4.9 Y-.69 E128.72292
G1 X4.9 Y-4.9 E128.79294
G1 X2.031 Y-4.9 E128.84065
G1 X2.03 Y-4.02 E128.85528
G1 X1.968 Y-3.952 E128.85681
G1 X1.032 Y-3.954 E128.87238
G1 X0.951 Y-4.025 E128.87417
G1 X0.948 Y-4.9 E128.88872
G1 X-1.361 Y-4.9 E128.92712
G1 X-1.364 Y-4.026 E128.94166
G1 X-1.439 Y-3.956 E128.94336
G1 X-2.311 Y-3.958 E128.95786
G1 X-2.374 Y-4.02 E128.95933
G1 X-2.38 Y-4.9 E128.97397
G1 X-4.899 Y-4.899 E129.01586
G1 X-4.899 Y4.899 E129.1788
G1 X4.9 Y4.9 E129.34176
G0 F9000 X4.9 Y4.7
G0 X4.53 Y4.53
G0 X0.071 Y-3.684
G0 X-0.001 Y-3.957
G0 X0.344 Y-3.957
;TYPE:SKIN
G1 F860.1 X0.344 Y-4.296 E129.34875
G0 F9000 X0.684 Y-3.737
G1 F1066.5 X0.568 Y-3.971 E129.35309
G1 X0.568 Y-4.52 E129.36222
G1 X0.12 Y-4.52 E129.36967
G1 X0.12 Y-3.733 E129.38276
G1 X0.684 Y-3.737 E129.39214
G0 F9000 X0.578 Y-3.642
G0 X0.168 Y-3.676
G0 X-.428 Y-3.95
G0 X-.765 Y-3.95
G1 F911.6 X-.765 Y-4.304 E129.39903
G0 F9000 X-1.108 Y-3.734
G1 F1066.5 X-.548 Y-3.733 E129.40834
G1 X-.548 Y-4.52 E129.42143
G1 X-.981 Y-4.52 E129.42863
G1 X-.981 Y-3.969 E129.43779
G1 X-1.108 Y-3.734 E129.44224
G0 F9000 X-.92 Y-3.513
;MESH:NONMESH
G0 F300 X-.92 Y-3.513 Z2.5
G0 F9000 X-.834 Y-3.713
;TIME_ELAPSED:318.791915
;LAYER:11
;TYPE:FILL
;MESH:xyzCalibration_cube.stl
G1 F1070 X-3.077 Y4.659 E129.58637
G0 F9000 X-3.077 Y4.5
G0 X-1.327 Y4.5
G0 X-1.327 Y4.658
G1 F1070 X-4.659 Y1.327 E129.66472
G0 F9000 X-4.5 Y1.327
G0 X-4.5 Y-0.028
G0 X-4.659 Y-0.028
G1 F1070 X4.659 Y-2.524 E129.82515
G0 F9000 X4.659 Y-2.081
G1 F1070 X2.143 Y-4.598 E129.88433
G0 F9000 X2.525 Y-4.66
G1 F1070 X0.027 Y4.659 E130.04478
G0 F9000 X0.027 Y4.5
G0 X1.029 Y4.5
G0 X1.029 Y4.659
G1 F1070 X4.658 Y3.686 E130.10726
G0 F9000 X4.5 Y3.686
G0 X4.5 Y2.16
G0 X4.659 Y2.16
G1 F1070 X-1.213 Y-3.712 E130.24536
G0 F9000 X-.408 Y-4.272
G1 F1070 X-0.024 Y-4.375 E130.25197
G0 F9000 X-.123 Y-4.375
G0 X-.379 Y-3.685
G0 X-2.324 Y-3.553
G0 X-2.324 Y-3.759
G1 F1070 X-4.658 Y-3.133 E130.29216
G0 F9000 X-4.659 Y-2.916
G1 F1070 X2.915 Y4.659 E130.4703
G0 F9000 X3.133 Y4.659
G1 F1070 X4.224 Y0.587 E130.5404
G0 F9000 X4.633 Y0.587
G1 F1070 X-4.658 Y3.077 E130.70037
G0 F9000 X-4.5 Y3.077
G0 X-4.5 Y-1.029
G0 X-4.659 Y-1.029
G1 F1070 X-3.686 Y-4.659 E130.76287
G0 F9000 X-3.686 Y-4.5
G0 X-2.596 Y-3.625
G0 X4.5 Y-1.032
G0 X4.658 Y-1.032
G1 F1070 X4.631 Y-.93 E130.76462
G0 F9000 X4.53 Y-1.062
G0 X3.6 Y-1.019
G0 X3.601 Y0.676
G0 X4.53 Y4.53
G0 X4.7 Y4.7
;TYPE:WALL-INNER
G1 F1070 X4.7 Y0.548 E130.83367
G1 X4.029 Y0.548 E130.84483
G1 X3.837 Y0.479 E130.84822
G1 X3.729 Y0.264 E130.85222
G1 X3.729 Y-.688 E130.86805
G1 X3.869 Y-.846 E130.87156
G1 X4.027 Y-.891 E130.8743
G1 X4.7 Y-.892 E130.88549
G1 X4.7 Y-4.7 E130.94881
G1 X2.104 Y-4.7 E130.99199
G1 X2.103 Y-3.955 E131.00438
G1 X1.97 Y-3.803 E131.00773
G1 X1.859 Y-3.752 E131.00977
G1 X0.892 Y-3.754 E131.02585
G1 X0.686 Y-3.872 E131.0298
G1 X0.63 Y-3.999 E131.0321
G1 X0.626 Y-4.7 E131.04376
G1 X-1.042 Y-4.7 E131.0715
G1 X-1.046 Y-4 E131.08314
G1 X-1.102 Y-3.873 E131.08545
G1 X-1.281 Y-3.754 E131.08902
G1 X-2.236 Y-3.753 E131.10491
G1 X-2.366 Y-3.826 E131.10739
G1 X-2.468 Y-3.975 E131.11039
G1 X-2.469 Y-4.7 E131.12245
G1 X-4.7 Y-4.7 E131.15955
G1 X-4.699 Y4.699 E131.31585
G1 X4.7 Y4.7 E131.47216
G0 F9000 X4.9 Y4.9
;TYPE:WALL-OUTER
G1 F1070 X4.9 Y0.348 E131.54786
G1 X4.029 Y0.348 E131.56234
G1 X3.932 Y0.276 E131.56435
G1 X3.928 Y-.645 E131.57967
G1 X4.027 Y-.691 E131.58148
G1 X4.9 Y-.692 E131.596
G1 X4.9 Y-4.9 E131.66598
G1 X1.904 Y-4.9 E131.71581
G1 X1.903 Y-4.017 E131.73049
G1 X1.83 Y-3.956 E131.73207
G1 X0.877 Y-3.953 E131.74792
G1 X0.827 Y-4.035 E131.74952
G1 X0.826 Y-4.9 E131.7639
G1 X-1.242 Y-4.9 E131.79829
G1 X-1.243 Y-4.036 E131.81266
G1 X-1.323 Y-3.955 E131.81456
G1 X-2.199 Y-3.957 E131.82912
G1 X-2.262 Y-4.017 E131.83057
G1 X-2.269 Y-4.9 E131.84526
G1 X-4.9 Y-4.9 E131.88901
G1 X-4.899 Y4.899 E132.05197
G1 X4.9 Y4.9 E132.21492
G0 F9000 X4.9 Y4.7
G0 X4.53 Y4.53
G0 X-0.051 Y-3.684
G0 X-.123 Y-3.961
G0 X0.225 Y-3.961
;TYPE:SKIN
G1 F842.5 X0.223 Y-4.294 E132.22196
G0 F9000 X0.579 Y-3.732
G1 F1070 X0.452 Y-3.978 E132.22656
G1 X0.447 Y-4.52 E132.23558
G1 X-0.003 Y-4.52 E132.24306
G1 X-0.003 Y-3.732 E132.25616
G1 X0.579 Y-3.732 E132.26584
G0 F9000 X0.456 Y-3.642
G0 X-.649 Y-3.613
G0 X-.649 Y-3.954
G1 F891.6 X-.648 Y-4.302 E132.27279
G0 F9000 X-1.006 Y-3.733
G1 F1070 X-.427 Y-3.733 E132.28242
G1 X-.432 Y-4.52 E132.2955
G1 X-.863 Y-4.52 E132.30267
G1 X-.868 Y-3.976 E132.31172
G1 X-1.006 Y-3.733 E132.31637
G0 F9000 X-.801 Y-3.513
;MESH:NONMESH
G0 F300 X-.801 Y-3.513 Z2.7
G0 F9000 X-.981 Y-3.713
;TIME_ELAPSED:331.578547
;LAYER:12
;TYPE:FILL
;MESH:xyzCalibration_cube.stl
G1 F1069.4 X-3.225 Y4.66 E132.46052
G0 F9000 X-3.225 Y4.5
G0 X-4.5 Y3.224
G0 X-4.659 Y3.224
G1 F1069.4 X4.659 Y0.727 E132.62095
G0 F9000 X4.078 Y0.585
G1 F1069.4 X2.986 Y4.659 E132.69109
G0 F9000 X3.116 Y4.659
G1 F1069.4 X-4.659 Y-3.116 E132.87395
G0 F9000 X-4.658 Y-2.986
G1 F1069.4 X-1.949 Y-3.712 E132.92059
G0 F9000 X-1.012 Y-3.712
G1 F1069.4 X4.659 Y1.96 E133.05397
G0 F9000 X4.5 Y1.96
G0 X4.5 Y3.833
G0 X4.659 Y3.833
G1 F1069.4 X1.577 Y4.659 E133.10704
G0 F9000 X1.577 Y4.5
G0 X-.119 Y4.5
G0 X-.119 Y4.659
G1 F1069.4 X2.378 Y-4.66 E133.26748
G1 X2.282 Y-4.659
G1 X4.659 Y-2.282 E133.32338
G1 X4.658 Y-2.377
G1 X-4.658 Y0.118 E133.48377
G0 F9000 X-4.5 Y0.118
G0 X-4.5 Y1.126
G0 X-4.659 Y1.126
G1 F1069.4 X-1.127 Y4.658 E133.56684
G0 F9000 X-1.127 Y4.5
G0 X-4.5 Y-1.578
G0 X-4.659 Y-1.578
G1 F1069.4 X-3.833 Y-4.659 E133.61988
G0 F9000 X-3.833 Y-4.5
G0 X-2.485 Y-3.625
G0 X-.796 Y-3.626
G0 X-.263 Y-3.685
G0 X-.191 Y-4.157
G0 X-.29 Y-4.157
G1 F1069.4 X-.146 Y-4.196 E133.62236
G0 F9000 X-.245 Y-4.196
G0 X-.173 Y-3.684
G0 X4.5 Y-1.582
G0 X4.659 Y-1.582
G1 F1069.4 X4.485 Y-.932 E133.63355
G0 F9000 X4.485 Y-1.094
G0 X3.6 Y-1.021
G0 X3.601 Y0.674
G0 X4.53 Y4.53
G0 X4.7 Y4.7
;TYPE:WALL-INNER
G1 F1069.4 X4.7 Y0.546 E133.70263
G1 X4.029 Y0.546 E133.71379
G1 X3.837 Y0.477 E133.71719
G1 X3.729 Y0.257 E133.72126
G1 X3.728 Y-.615 E133.73576
G1 X3.791 Y-.778 E133.73867
G1 X3.867 Y-.847 E133.74038
G1 X4.027 Y-.893 E133.74315
G1 X4.7 Y-.894 E133.75434
G1 X4.7 Y-4.7 E133.81763
G1 X1.978 Y-4.7 E133.8629
G1 X1.977 Y-4.052 E133.87367
G1 X1.944 Y-3.914 E133.87603
G1 X1.854 Y-3.81 E133.87832
G1 X1.737 Y-3.752 E133.88049
G1 X0.749 Y-3.753 E133.89692
G1 X0.561 Y-3.875 E133.90065
G1 X0.504 Y-4.027 E133.90335
G1 X0.504 Y-4.7 E133.91454
G1 X-.924 Y-4.7 E133.93829
G1 X-.924 Y-4.027 E133.94948
G1 X-.981 Y-3.876 E133.95217
G1 X-1.174 Y-3.757 E133.95594
G1 X-2.124 Y-3.753 E133.97174
G1 X-2.251 Y-3.823 E133.97415
G1 X-2.357 Y-3.968 E133.97713
G1 X-2.358 Y-4.7 E133.98931
G1 X-4.7 Y-4.7 E134.02826
G1 X-4.699 Y4.699 E134.18456
G1 X4.7 Y4.7 E134.34087
G0 F9000 X4.9 Y4.9
;TYPE:WALL-OUTER
G1 F1069.4 X4.9 Y0.346 E134.4166
G1 X4.029 Y0.346 E134.43109
G1 X3.932 Y0.274 E134.43309
G1 X3.928 Y-.601 E134.44765
G1 X3.983 Y-.693 E134.44943
G1 X4.9 Y-.694 E134.46468
G1 X4.9 Y-4.9 E134.53462
G1 X1.778 Y-4.9 E134.58654
G1 X1.777 Y-4.015 E134.60126
G1 X1.705 Y-3.956 E134.60281
G1 X0.78 Y-3.955 E134.61819
G1 X0.704 Y-4.006 E134.61971
G1 X0.704 Y-4.9 E134.63458
G1 X-1.124 Y-4.9 E134.66498
G1 X-1.124 Y-4.006 E134.67985
G1 X-1.207 Y-3.955 E134.68147
G1 X-2.088 Y-3.957 E134.69612
G1 X-2.157 Y-4.023 E134.69771
G1 X-2.158 Y-4.9 E134.71229
G1 X-4.9 Y-4.9 E134.75789
G1 X-4.899 Y4.899 E134.92085
G1 X4.9 Y4.9 E135.08381
G0 F9000 X4.9 Y4.7
G0 X4.53 Y4.53
G0 X-.173 Y-3.684
G0 X-.245 Y-3.96
G0 X0.103 Y-3.96
;TYPE:SKIN
G1 F848.7 X0.1 Y-4.295 E135.09083
G0 F9000 X0.46 Y-3.733
G1 F1069.4 X0.326 Y-4.004 E135.09586
G1 X0.324 Y-4.52 E135.10444
G1 X-.125 Y-4.52 E135.1119
G1 X-.124 Y-3.733 E135.12499
G1 X0.46 Y-3.733 E135.1347
G0 F9000 X0.334 Y-3.642
G0 X-.191 Y-3.954
G0 X-.532 Y-3.954
G1 F898.6 X-.528 Y-4.303 E135.14161
G0 F9000 X-.868 Y-3.734
G1 F1069.4 X-.311 Y-3.733 E135.15087
G1 X-.311 Y-4.52 E135.16396
G1 X-.744 Y-4.52 E135.17116
G1 X-.747 Y-4.001 E135.17979
G1 X-.868 Y-3.734 E135.18467
G0 F9000 X-.683 Y-3.513
;MESH:NONMESH
G0 F300 X-.683 Y-3.513 Z2.9
G0 F9000 X-.813 Y-3.712
;TIME_ELAPSED:344.307646
;LAYER:13
;TYPE:FILL
;MESH:xyzCalibration_cube.stl
G1 F1089.7 X4.659 Y1.76 E135.31336
G0 F9000 X4.658 Y0.873
G1 F1089.7 X-4.658 Y3.37 E135.47376
G0 F9000 X-4.5 Y3.37
G0 X-3.37 Y4.5
G0 X-3.37 Y4.659
G1 F1089.7 X-1.126 Y-3.716 E135.61794
G0 F9000 X-1.398 Y-3.714
G1 F1089.7 X-4.658 Y-2.841 E135.67407
G0 F9000 X-4.658 Y-3.314
G1 F1089.7 X3.315 Y4.659 E135.86158
G0 F9000 X2.84 Y4.66
G1 F1089.7 X3.941 Y0.55 E135.93234
G0 F9000 X3.941 Y0.744
G0 X3.601 Y0.672
G0 X3.6 Y-1.023
G0 X4.339 Y-1.096
G0 X4.339 Y-.934
G1 F1089.7 X4.659 Y-2.126 E135.95287
G0 F9000 X4.659 Y-2.231
G1 F1089.7 X-4.658 Y0.264 E136.11327
G0 F9000 X-4.658 Y0.927
G1 F1089.7 X-.927 Y4.658 E136.20102
G0 F9000 X-.265 Y4.66
G1 F1089.7 X1.978 Y-3.713 E136.34517
G0 F9000 X1.978 Y-3.613
G0 X2.422 Y-3.685
G0 X2.481 Y-4.5
G0 X2.481 Y-4.659
G1 F1089.7 X4.659 Y-2.481 E136.39639
G0 F9000 X4.5 Y-2.481
G0 X3.6 Y-1.023
G0 X3.601 Y0.672
G0 X4.5 Y3.979
G0 X4.659 Y3.979
G1 F1089.7 X2.122 Y4.659 E136.44007
G0 F9000 X2.122 Y4.5
G0 X-4.5 Y-2.125
G0 X-4.658 Y-2.125
G1 F1089.7 X-3.979 Y-4.659 E136.4837
G0 F9000 X-3.979 Y-4.5
G0 X4.53 Y4.53
G0 X4.7 Y4.7
;TYPE:WALL-INNER
G1 F1089.7 X4.7 Y0.544 E136.55281
G1 X4.029 Y0.544 E136.56397
G1 X3.837 Y0.475 E136.56736
G1 X3.729 Y0.256 E136.57143
G1 X3.728 Y-.664 E136.58673
G1 X3.864 Y-.847 E136.59052
G1 X4.027 Y-.895 E136.59334
G1 X4.7 Y-.896 E136.60453
G1 X4.7 Y-4.7 E136.6678
G1 X1.852 Y-4.7 E136.71516
G1 X1.85 Y-4.052 E136.72593
G1 X1.813 Y-3.907 E136.72842
G1 X1.612 Y-3.752 E136.73264
G1 X0.635 Y-3.751 E136.74889
G1 X0.444 Y-3.868 E136.75262
G1 X0.383 Y-4.025 E136.75542
G1 X0.382 Y-4.699 E136.76663
G1 X-.804 Y-4.699 E136.78635
G1 X-.805 Y-4.026 E136.79754
G1 X-.867 Y-3.869 E136.80035
G1 X-1.063 Y-3.755 E136.80412
G1 X-2.01 Y-3.753 E136.81987
G1 X-2.136 Y-3.82 E136.82224
G1 X-2.246 Y-3.962 E136.82523
G1 X-2.247 Y-4.7 E136.8375
G1 X-4.699 Y-4.699 E136.87828
G1 X-4.699 Y4.699 E137.03457
G1 X4.7 Y4.7 E137.19087
G0 F9000 X4.9 Y4.9
;TYPE:WALL-OUTER
G1 F1089.7 X4.9 Y0.344 E137.26664
G1 X4.029 Y0.344 E137.28113
G1 X3.932 Y0.272 E137.28313
G1 X3.933 Y-.628 E137.2981
G1 X3.986 Y-.695 E137.29952
G1 X4.9 Y-.696 E137.31472
G1 X4.9 Y-4.9 E137.38463
G1 X1.652 Y-4.9 E137.43865
G1 X1.65 Y-4.014 E137.45338
G1 X1.58 Y-3.957 E137.45488
G1 X0.651 Y-3.956 E137.47033
G1 X0.582 Y-4.043 E137.47218
G1 X0.582 Y-4.899 E137.48642
G1 X-1.004 Y-4.899 E137.51279
G1 X-1.005 Y-4.002 E137.52771
G1 X-1.091 Y-3.953 E137.52935
G1 X-1.976 Y-3.957 E137.54407
G1 X-2.046 Y-4.023 E137.54567
G1 X-2.047 Y-4.9 E137.56026
G1 X-4.899 Y-4.899 E137.60769
G1 X-4.899 Y4.899 E137.77063
G1 X4.9 Y4.9 E137.93359
G0 F9000 X4.9 Y4.7
G0 X4.53 Y4.53
G0 X1.991 Y-3.613
G0 X1.991 Y-3.775
;TYPE:SKIN
G1 F781.1 X2.066 Y-4.029 E137.93973
G1 F798.3 X2.069 Y-4.484 E137.95006
G1 F801.2 X2.34 Y-4.484 E137.95619
G1 F784 X2.332 Y-3.776 E137.97255
G1 F767.4 X1.991 Y-3.775 E137.98061
G0 F9000 X1.991 Y-3.613
G0 X0.212 Y-3.642
G0 X0.326 Y-3.735
G1 F1089.7 X-.747 Y-3.733 E137.99845
G1 X-.631 Y-3.984 E138.00305
G1 X-.624 Y-4.519 E138.01195
G1 X0.202 Y-4.519 E138.02568
G1 X0.209 Y-3.984 E138.03458
G1 X0.326 Y-3.735 E138.03916
G0 F9000 X0.102 Y-4.062
G1 F1089.7 X-.127 Y-3.831 E138.04457
G0 F9000 X-.41 Y-3.831
G1 F1089.7 X0.101 Y-4.343 E138.0566
G0 F9000 X-.106 Y-4.418
G1 F1089.7 X-.524 Y-4 E138.06643
G0 F9000 X-.523 Y-4.285
G1 F1089.7 X-.389 Y-4.418 E138.06957
G0 F9000 X-.389 Y-4.699
G0 X-.732 Y-4.627
G0 X-.877 Y-3.825
G0 X-2.416 Y-3.613
G0 X-2.338 Y-3.755
G1 F889.5 X-2.685 Y-3.755 E138.07664
G1 F893.2 X-2.691 Y-4.499 E138.09173
G1 F896.9 X-2.448 Y-4.499 E138.09664
G1 F893.2 X-2.445 Y-3.909 E138.10861
G1 F889.5 X-2.338 Y-3.755 E138.11243
G0 F9000 X-2.487 Y-3.513
;MESH:NONMESH
G0 F300 X-2.487 Y-3.513 Z3.1
G0 F9000 X-.61 Y-3.613
G0 X-.61 Y-3.71
;TIME_ELAPSED:357.422737
;LAYER:14
;TYPE:FILL
;MESH:xyzCalibration_cube.stl
G1 F1081.8 X4.659 Y1.559 E138.23635
G0 F9000 X4.658 Y1.02
G1 F1081.8 X-4.658 Y3.517 E138.39674
G0 F9000 X-4.5 Y3.517
G0 X-3.517 Y4.5
G0 X-3.517 Y4.659
G1 F1081.8 X-1.273 Y-3.715 E138.54092
G0 F9000 X-.862 Y-3.711
G1 F1081.8 X-4.658 Y-2.694 E138.60627
G1 X-4.658 Y-2.673
G1 X-4.126 Y-4.659 E138.64046
G0 F9000 X-4.126 Y-4.5
G0 X-4.5 Y-3.515
G0 X-4.658 Y-3.515
G1 F1081.8 X3.516 Y4.659 E138.8327
G0 F9000 X2.693 Y4.659
G1 F1081.8 X3.808 Y0.5 E138.90431
G0 F9000 X3.808 Y0.742
G0 X3.601 Y-1.025
G0 X4.193 Y-1.098
G0 X4.193 Y-.936
G1 F1081.8 X4.659 Y-2.676 E138.93427
G1 X4.659 Y-2.682
G1 X2.682 Y-4.659 E138.98076
G1 X2.676 Y-4.659
G1 X2.397 Y-4.584 E138.98557
G0 F9000 X2.497 Y-4.584
G0 X2.422 Y-3.685
G0 X1.831 Y-3.613
G0 X1.831 Y-3.713
G1 F1081.8 X-.412 Y4.66 E139.12972
G0 F9000 X-.726 Y4.658
G1 F1081.8 X-4.658 Y0.726 E139.22219
G0 F9000 X-4.658 Y0.411
G1 F1081.8 X4.659 Y-2.084 E139.3826
G0 F9000 X4.5 Y-2.084
G0 X3.601 Y-1.025
G0 X3.601 Y0.67
G0 X4.5 Y4.126
G0 X4.658 Y4.126
G1 F1081.8 X2.67 Y4.659 E139.41682
G0 F9000 X2.67 Y4.5
G0 X4.53 Y4.53
G0 X4.7 Y4.7
;TYPE:WALL-INNER
G1 F1081.8 X4.7 Y0.542 E139.48597
G1 X4.029 Y0.542 E139.49713
G1 X3.837 Y0.473 E139.50052
G1 X3.729 Y0.255 E139.50457
G1 X3.729 Y-.658 E139.51975
G1 X3.863 Y-.848 E139.52362
G1 X4.028 Y-.897 E139.52648
G1 X4.7 Y-.898 E139.53766
G1 X4.7 Y-4.7 E139.60089
G1 X1.725 Y-4.7 E139.65036
G1 X1.724 Y-4.052 E139.66114
G1 X1.683 Y-3.9 E139.66375
G1 X1.492 Y-3.753 E139.66776
G1 X0.504 Y-3.752 E139.68419
G1 X0.336 Y-3.851 E139.68744
G1 X0.26 Y-4.026 E139.69061
G1 X0.26 Y-4.7 E139.70182
G1 X-.686 Y-4.7 E139.71755
G1 X-.686 Y-4.026 E139.72876
G1 X-.762 Y-3.852 E139.73192
G1 X-.952 Y-3.754 E139.73547
G1 X-1.9 Y-3.753 E139.75124
G1 X-2.022 Y-3.817 E139.75353
G1 X-2.135 Y-3.959 E139.75654
G1 X-2.136 Y-4.7 E139.76887
G1 X-4.699 Y-4.699 E139.81149
G1 X-4.699 Y4.699 E139.96778
G1 X4.7 Y4.7 E140.12409
G0 F9000 X4.9 Y4.9
;TYPE:WALL-OUTER
G1 F1081.8 X4.9 Y0.342 E140.19989
G1 X4.029 Y0.342 E140.21437
G1 X3.932 Y0.27 E140.21638
G1 X3.932 Y-.625 E140.23126
G1 X3.985 Y-.697 E140.23275
G1 X4.9 Y-.698 E140.24797
G1 X4.9 Y-4.9 E140.31785
G1 X1.525 Y-4.9 E140.37397
G1 X1.524 Y-4.012 E140.38874
G1 X1.455 Y-3.957 E140.39021
G1 X0.533 Y-3.955 E140.40554
G1 X0.46 Y-4.043 E140.40744
G1 X0.46 Y-4.9 E140.42169
G1 X-.886 Y-4.9 E140.44408
G1 X-.886 Y-4.044 E140.45831
G1 X-.974 Y-3.953 E140.46042
G1 X-1.865 Y-3.957 E140.47524
G1 X-1.935 Y-4.017 E140.47677
G1 X-1.936 Y-4.9 E140.49145
G1 X-4.899 Y-4.899 E140.54073
G1 X-4.899 Y4.899 E140.70367
G1 X4.9 Y4.9 E140.86663
G0 F9000 X4.9 Y4.7
G0 X4.53 Y4.53
G0 X2.135 Y-3.613
G0 X2.135 Y-3.973
;TYPE:SKIN
G1 F792.5 X2.14 Y-4.284 E140.87369
G0 F9000 X1.778 Y-3.734
G1 F1081.8 X2.374 Y-3.733 E140.8836
G1 X2.376 Y-4.519 E140.89667
G1 X1.905 Y-4.519 E140.9045
G1 X1.904 Y-4.032 E140.9126
G1 X1.849 Y-3.833 E140.91604
G1 X1.778 Y-3.734 E140.91806
G0 F9000 X1.894 Y-3.643
G0 X-.111 Y-3.612
G0 X-.111 Y-3.931
G1 F1115.3 X-.117 Y-4.323 E140.92439
G1 X-.309 Y-4.323 E140.92748
G1 X-.309 Y-3.93 E140.93382
G1 X-.111 Y-3.931 E140.93702
G0 F9000 X-.624 Y-3.732
G1 F1081.8 X0.194 Y-3.733 E140.95062
G1 X0.081 Y-3.996 E140.95538
G1 X0.08 Y-4.52 E140.9641
G1 X-.506 Y-4.52 E140.97384
G1 X-.507 Y-3.997 E140.98254
G1 X-.624 Y-3.732 E140.98736
G0 F9000 X-.516 Y-3.642
G0 X-2.503 Y-3.613
G0 X-2.503 Y-3.939
G1 F1050.3 X-2.511 Y-4.002 E140.98844
G1 F1098.3 X-2.513 Y-4.322 E140.99369
G0 F9000 X-2.181 Y-3.733
G1 F1081.8 X-2.276 Y-3.868 E140.99643
G1 X-2.314 Y-4.037 E140.99931
G1 X-2.316 Y-4.52 E141.00734
G1 X-2.711 Y-4.52 E141.01391
G1 X-2.707 Y-3.733 E141.027
G1 X-2.181 Y-3.733 E141.03575
G0 F9000 X-2.376 Y-3.513
;MESH:NONMESH
G0 F300 X-2.376 Y-3.513 Z3.3
G0 F9000 X3.529 Y0.32
G0 X3.71 Y0.32
;TIME_ELAPSED:370.275930
;LAYER:15
;TYPE:FILL
;MESH:xyzCalibration_cube.stl
G1 F1079.9 X2.547 Y4.66 E141.11047
G0 F9000 X3.214 Y4.659
G1 F1079.9 X4.659 Y4.272 E141.13535
G0 F9000 X4.5 Y4.272
G0 X3.716 Y4.5
G0 X3.716 Y4.659
G1 F1079.9 X-4.659 Y-3.715 E141.3323
G0 F9000 X-4.659 Y-3.217
G1 F1079.9 X-4.272 Y-4.659 E141.35713
G0 F9000 X-4.272 Y-4.5
G0 X-4.5 Y-2.548
G0 X-4.658 Y-2.548
G1 F1079.9 X-.317 Y-3.711 E141.43187
G1 X-.411 Y-3.71
G1 X4.659 Y1.36 E141.55111
G0 F9000 X4.659 Y1.166
G1 F1079.9 X-4.659 Y3.663 E141.71153
G0 F9000 X-4.5 Y3.663
G0 X-3.664 Y4.5
G0 X-3.664 Y4.66
G1 F1079.9 X-1.42 Y-3.712 E141.85567
G0 F9000 X-1.42 Y-3.552
G0 X1.766 Y-3.643
G0 X1.685 Y-3.713
G1 F1079.9 X-.558 Y4.66 E141.99983
G1 X-.526 Y4.659
G1 X-4.659 Y0.526 E142.09703
G1 X-4.658 Y0.557
G1 X4.658 Y-1.938 E142.25742
G0 F9000 X4.659 Y-2.882
G1 F1079.9 X2.882 Y-4.659 E142.29921
G0 F9000 X3.221 Y-4.659
G1 F1079.9 X2.271 Y-4.404 E142.31557
G0 F9000 X2.371 Y-4.404
G0 X4.5 Y-3.22
G0 X4.659 Y-3.22
G1 F1079.9 X4.047 Y-.938 E142.35486
G0 F9000 X4.047 Y-1.1
G0 X3.601 Y-1.027
G0 X3.602 Y0.668
G0 X4.53 Y4.53
G0 X4.7 Y4.7
;TYPE:WALL-INNER
G1 F1079.9 X4.7 Y0.54 E142.42404
G1 X4.03 Y0.54 E142.43518
G1 X3.838 Y0.471 E142.43857
G1 X3.73 Y0.254 E142.4426
G1 X3.729 Y-.65 E142.45764
G1 X3.86 Y-.848 E142.46158
G1 X4.028 Y-.899 E142.4645
G1 X4.7 Y-.9 E142.47568
G1 X4.7 Y-4.7 E142.53887
G1 X1.599 Y-4.7 E142.59044
G1 X1.597 Y-4.051 E142.60124
G1 X1.553 Y-3.894 E142.60395
G1 X1.463 Y-3.801 E142.6061
G1 X1.297 Y-3.752 E142.60898
G1 X0.39 Y-3.752 E142.62406
G1 X0.233 Y-3.832 E142.62699
G1 X0.139 Y-4.025 E142.63056
G1 X0.139 Y-4.7 E142.64179
G1 X-.568 Y-4.7 E142.65355
G1 X-.568 Y-4.026 E142.66475
G1 X-.663 Y-3.833 E142.66833
G1 X-.813 Y-3.757 E142.67113
G1 X-1.786 Y-3.752 E142.68731
G1 X-1.907 Y-3.813 E142.68956
G1 X-1.992 Y-3.916 E142.69178
G1 X-2.024 Y-4.051 E142.69409
G1 X-2.025 Y-4.7 E142.70488
G1 X-4.699 Y-4.699 E142.74935
G1 X-4.7 Y4.7 E142.90566
G1 X4.7 Y4.7 E143.06198
G0 F9000 X4.9 Y4.9
;TYPE:WALL-OUTER
G1 F1079.9 X4.9 Y0.34 E143.13781
G1 X4.03 Y0.34 E143.15228
G1 X3.933 Y0.268 E143.15429
G1 X3.931 Y-.623 E143.16911
G1 X3.984 Y-.699 E143.17065
G1 X4.9 Y-.7 E143.18588
G1 X4.9 Y-4.9 E143.25573
G1 X1.399 Y-4.9 E143.31395
G1 X1.397 Y-4.051 E143.32807
G1 X1.344 Y-3.952 E143.32994
G1 X0.416 Y-3.954 E143.34537
G1 X0.339 Y-4.043 E143.34733
G1 X0.339 Y-4.9 E143.36158
G1 X-.768 Y-4.9 E143.37999
G1 X-.768 Y-4.044 E143.39422
G1 X-.855 Y-3.953 E143.39632
G1 X-1.753 Y-3.956 E143.41125
G1 X-1.824 Y-4.014 E143.41278
G1 X-1.825 Y-4.9 E143.42751
G1 X-4.899 Y-4.899 E143.47863
G1 X-4.9 Y4.9 E143.64159
G1 X4.9 Y4.9 E143.80456
G0 F9000 X4.9 Y4.7
G0 X4.53 Y4.53
G0 X2.009 Y-3.613
G0 X2.009 Y-3.973
;TYPE:SKIN
G1 F788.3 X2.013 Y-4.284 E143.81165
G0 F9000 X1.647 Y-3.733
G1 F1079.9 X2.248 Y-3.733 E143.82165
G1 X2.25 Y-4.519 E143.83472
G1 X1.78 Y-4.519 E143.84253
G1 X1.777 Y-4.033 E143.85061
G1 X1.719 Y-3.824 E143.85422
G1 X1.647 Y-3.733 E143.85615
G0 F9000 X1.766 Y-3.643
G0 X0.016 Y-3.612
G0 X0.016 Y-3.778
G1 F742.2 X-.444 Y-3.778 E143.86728
G1 X-.351 Y-3.972 E143.87249
G1 F765.9 X-.351 Y-4.483 E143.88447
G1 F788.3 X-0.078 Y-4.483 E143.89069
G1 F765.9 X-0.077 Y-3.973 E143.90265
G1 F742.2 X0.016 Y-3.778 E143.90788
G0 F9000 X0.016 Y-3.612
G0 X-2.391 Y-3.613
G0 X-2.391 Y-3.938
G1 F1064 X-2.402 Y-4.322 E143.91436
G0 F9000 X-2.073 Y-3.734
G1 F1079.9 X-2.16 Y-3.854 E143.91683
G1 X-2.203 Y-4.035 E143.91992
G1 X-2.205 Y-4.52 E143.92798
G1 X-2.6 Y-4.52 E143.93455
G1 X-2.596 Y-3.733 E143.94764
G1 X-2.073 Y-3.734 E143.95634
G0 F9000 X-2.265 Y-3.513
;MESH:NONMESH
G0 F300 X-2.265 Y-3.513 Z3.5
G0 F9000 X3.529 Y-.154
G0 X3.691 Y-.154
;TIME_ELAPSED:382.977265
;LAYER:16
;TYPE:FILL
;MESH:xyzCalibration_cube.stl
G1 F1077.5 X2.401 Y4.66 E144.03922
G0 F9000 X2.401 Y4.5
G0 X3.759 Y4.5
G0 X3.759 Y4.659
G1 F1077.5 X4.659 Y4.418 E144.05472
G0 F9000 X3.915 Y4.659
G1 F1077.5 X-4.659 Y-3.915 E144.25636
G0 F9000 X-4.659 Y-3.762
G1 F1077.5 X-4.418 Y-4.659 E144.27181
G0 F9000 X-4.418 Y-4.5
G0 X-4.5 Y-2.402
G0 X-4.658 Y-2.402
G1 F1077.5 X0.229 Y-3.711 E144.35594
G0 F9000 X-.212 Y-3.71
G1 F1077.5 X3.69 Y0.191 E144.4477
G0 F9000 X4.075 Y0.576
G1 F1077.5 X4.659 Y1.161 E144.46145
G0 F9000 X4.658 Y1.313
G1 F1077.5 X-4.658 Y3.809 E144.62184
G0 F9000 X-4.659 Y4.569
G1 F1077.5 X-4.569 Y4.659 E144.62396
G0 F9000 X-3.81 Y4.66
G1 F1077.5 X-1.566 Y-3.711 E144.76808
G0 F9000 X-1.566 Y-3.552
G0 X1.641 Y-3.643
G0 X1.539 Y-3.713
G1 F1077.5 X-.704 Y4.66 E144.91223
G0 F9000 X-.326 Y4.659
G1 F1077.5 X-4.659 Y0.326 E145.01414
G0 F9000 X-4.658 Y0.703
G1 F1077.5 X4.659 Y-1.793 E145.17455
G0 F9000 X4.5 Y-1.793
G0 X3.89 Y-1.103
G0 X3.89 Y-.895
G1 F1077.5 X4.659 Y-3.766 E145.22397
G0 F9000 X4.659 Y-3.081
G1 F1077.5 X3.081 Y-4.659 E145.26109
G0 F9000 X3.767 Y-4.659
G1 F1077.5 X2.143 Y-4.224 E145.28904
G0 F9000 X2.243 Y-4.223
G0 X4.53 Y4.53
G0 X4.7 Y4.7
;TYPE:WALL-INNER
G1 F1077.5 X4.7 Y0.537 E145.35828
G1 X4.03 Y0.537 E145.36942
G1 X3.838 Y0.468 E145.37281
G1 X3.73 Y0.252 E145.37683
G1 X3.73 Y-.602 E145.39103
G1 X3.77 Y-.753 E145.39363
G1 X3.859 Y-.849 E145.3958
G1 X4.029 Y-.902 E145.39877
G1 X4.7 Y-.903 E145.40992
G1 X4.7 Y-4.7 E145.47307
G1 X1.472 Y-4.7 E145.52675
G1 X1.471 Y-4.051 E145.53754
G1 X1.423 Y-3.888 E145.54037
G1 X1.329 Y-3.796 E145.54256
G1 X1.171 Y-3.751 E145.54529
G1 X0.271 Y-3.755 E145.56026
G1 X0.135 Y-3.812 E145.56271
G1 X0.017 Y-4.026 E145.56677
G1 X0.017 Y-4.7 E145.57798
G1 X-.449 Y-4.7 E145.58573
G1 X-.449 Y-4.026 E145.59694
G1 X-.567 Y-3.813 E145.60099
G1 X-.716 Y-3.754 E145.60365
G1 X-1.675 Y-3.752 E145.6196
G1 X-1.878 Y-3.909 E145.62387
G1 X-1.913 Y-4.051 E145.6263
G1 X-1.914 Y-4.7 E145.63709
G1 X-4.699 Y-4.699 E145.68341
G1 X-4.7 Y4.7 E145.83972
G1 X4.7 Y4.7 E145.99604
G0 F9000 X4.9 Y4.9
;TYPE:WALL-OUTER
G1 F1077.5 X4.9 Y0.337 E146.07192
G1 X4.03 Y0.337 E146.08639
G1 X3.933 Y0.265 E146.0884
G1 X3.931 Y-.621 E146.10313
G1 X3.984 Y-.702 E146.10474
G1 X4.9 Y-.703 E146.11998
G1 X4.9 Y-4.9 E146.18977
G1 X1.272 Y-4.9 E146.25011
G1 X1.271 Y-4.051 E146.26422
G1 X1.216 Y-3.951 E146.26612
G1 X0.266 Y-3.953 E146.28192
G1 X0.217 Y-4.043 E146.28362
G1 X0.217 Y-4.9 E146.29788
G1 X-.649 Y-4.9 E146.31228
G1 X-.649 Y-4.044 E146.32651
G1 X-.699 Y-3.953 E146.32824
G1 X-1.641 Y-3.955 E146.34391
G1 X-1.713 Y-4.013 E146.34544
G1 X-1.714 Y-4.9 E146.36019
G1 X-4.899 Y-4.899 E146.41316
G1 X-4.9 Y4.9 E146.57612
G1 X4.9 Y4.9 E146.73909
G0 F9000 X4.9 Y4.7
G0 X4.53 Y4.53
G0 X1.882 Y-3.613
G0 X1.882 Y-3.973
;TYPE:SKIN
G1 F789.4 X1.887 Y-4.284 E146.74615
G0 F9000 X1.519 Y-3.733
G1 F1077.5 X2.121 Y-3.733 E146.75617
G1 X2.123 Y-4.519 E146.76924
G1 X1.652 Y-4.519 E146.77707
G1 X1.651 Y-4.033 E146.78515
G1 X1.587 Y-3.815 E146.78893
G1 X1.519 Y-3.733 E146.7907
G0 F9000 X1.641 Y-3.613
G0 X0.089 Y-3.824
G0 X-0.055 Y-4.628
G0 X-.345 Y-4.628
G0 X-.216 Y-4.467
G1 F582.5 X-.216 Y-3.849 E146.80972
G0 F9000 X-.216 Y-3.612
G0 X-2.281 Y-3.613
G0 X-2.281 Y-3.939
G1 F1051.3 X-2.289 Y-3.999 E146.81075
G1 F1093.9 X-2.291 Y-4.322 E146.81604
G0 F9000 X-1.961 Y-3.734
G1 F1077.5 X-2.046 Y-3.848 E146.8184
G1 X-2.092 Y-4.032 E146.82156
G1 X-2.094 Y-4.52 E146.82967
G1 X-2.489 Y-4.52 E146.83624
G1 X-2.485 Y-3.733 E146.84933
G1 X-1.961 Y-3.734 E146.85804
G0 F9000 X-2.154 Y-3.513
;MESH:NONMESH
G0 F300 X-2.154 Y-3.513 Z3.7
G0 F9000 X3.53 Y-0.008
G0 X3.691 Y-0.008
;TIME_ELAPSED:395.912571
;LAYER:17
;TYPE:FILL
;MESH:xyzCalibration_cube.stl
G1 F1098 X-.301 Y-4 E146.95193
G0 F9000 X-.255 Y-3.603
G0 X0.788 Y-3.552
G0 X0.788 Y-3.714
G1 F1098 X-4.658 Y-2.255 E147.04569
G0 F9000 X-4.5 Y-2.255
G0 X-4.5 Y-4.116
G0 X-4.659 Y-4.116
G1 F1098 X4.116 Y4.659 E147.25207
G0 F9000 X4.307 Y4.659
G1 F1098 X4.659 Y4.565 E147.25812
G0 F9000 X4.5 Y4.565
G0 X2.254 Y4.5
G0 X2.254 Y4.66
G1 F1098 X4.659 Y-4.315 E147.41264
G0 F9000 X4.316 Y-4.659
G1 F1098 X2.017 Y-4.043 E147.45223
G0 F9000 X1.392 Y-3.713
G1 F1098 X-.851 Y4.66 E147.59638
G0 F9000 X-.125 Y4.659
G1 F1098 X-4.659 Y0.125 E147.70301
G0 F9000 X-4.658 Y0.85
G1 F1098 X4.658 Y-1.645 E147.8634
G0 F9000 X4.5 Y-1.645
G0 X4.5 Y-3.282
G0 X4.659 Y-3.282
G1 F1098 X3.282 Y-4.659 E147.89578
G0 F9000 X3.282 Y-4.5
G0 X2.043 Y-3.685
G0 X1.72 Y-3.65
G0 X-1.697 Y-3.552
G0 X-1.697 Y-3.773
G1 F1098 X-3.957 Y4.66 E148.04097
G0 F9000 X-4.368 Y4.659
G1 F1098 X-4.659 Y4.368 E148.04782
G0 F9000 X-4.658 Y3.956
G1 F1098 X4.658 Y1.46 E148.20821
G0 F9000 X4.659 Y0.96
G1 F1098 X4.274 Y0.574 E148.21727
G0 F9000 X4.274 Y0.735
G0 X3.669 Y0.67
G0 X-4.5 Y-4.311
G0 X-4.658 Y-4.311
G1 F1098 X-4.565 Y-4.659 E148.22326
G0 F9000 X-4.565 Y-4.5
G0 X4.53 Y4.53
G0 X4.7 Y4.7
;TYPE:WALL-INNER
G1 F1098 X4.7 Y0.535 E148.29253
G1 X4.03 Y0.535 E148.30367
G1 X3.837 Y0.466 E148.30708
G1 X3.73 Y0.251 E148.31107
G1 X3.733 Y-.647 E148.32601
G1 X3.857 Y-.85 E148.32996
G1 X4.029 Y-.904 E148.33296
G1 X4.7 Y-.905 E148.34412
G1 X4.7 Y-4.7 E148.40723
G1 X1.346 Y-4.7 E148.46301
G1 X1.345 Y-4.051 E148.4738
G1 X1.294 Y-3.883 E148.47672
G1 X1.092 Y-3.755 E148.4807
G1 X0.137 Y-3.757 E148.49658
G1 X0.043 Y-3.793 E148.49825
G1 F1060.9 X-.112 Y-4.025 E148.50305
G1 F1031 X-.111 Y-4.694 E148.5149
G1 X-.325 Y-4.694 E148.51869
G1 X-.324 Y-4.025 E148.53054
G1 F1060.9 X-.479 Y-3.793 E148.53534
G1 F1098 X-.596 Y-3.754 E148.5374
G1 X-1.562 Y-3.752 E148.55346
G1 X-1.764 Y-3.903 E148.55765
G1 X-1.802 Y-4.051 E148.5602
G1 X-1.803 Y-4.7 E148.57099
G1 X-4.699 Y-4.699 E148.61915
G1 X-4.7 Y4.7 E148.77545
G1 X4.7 Y4.7 E148.93178
G0 F9000 X4.9 Y4.9
;TYPE:WALL-OUTER
G1 F1098 X4.9 Y0.335 E149.00769
G1 X4.03 Y0.335 E149.02216
G1 X3.933 Y0.263 E149.02417
G1 X3.931 Y-.619 E149.03884
G1 X3.983 Y-.704 E149.0405
G1 X4.9 Y-.705 E149.05575
G1 X4.9 Y-4.9 E149.12551
G1 X1.146 Y-4.9 E149.18794
G1 X1.145 Y-4.006 E149.20281
G1 X1.061 Y-3.953 E149.20446
G1 X0.152 Y-3.953 E149.21957
G1 X0.095 Y-4.043 E149.22135
G1 X0.095 Y-4.9 E149.2356
G1 X-.531 Y-4.9 E149.24601
G1 X-.531 Y-4.044 E149.26024
G1 X-.586 Y-3.956 E149.26197
G1 X-1.53 Y-3.955 E149.27767
G1 X-1.602 Y-4.011 E149.27918
G1 X-1.603 Y-4.9 E149.29397
G1 X-4.899 Y-4.899 E149.34878
G1 X-4.9 Y4.9 E149.51174
G1 X4.9 Y4.9 E149.67471
G0 F9000 X4.9 Y4.7
G0 X4.53 Y4.53
G0 X2.116 Y-3.972
G0 X1.756 Y-3.974
;TYPE:SKIN
G1 F804.4 X1.761 Y-4.284 E149.68175
G0 F9000 X1.396 Y-3.734
G1 F1098 X1.995 Y-3.733 E149.69171
G1 X1.997 Y-4.519 E149.70478
G1 X1.526 Y-4.519 E149.71262
G1 X1.525 Y-4.037 E149.72063
G1 X1.396 Y-3.734 E149.72611
G0 F9000 X1.515 Y-3.643
G0 X-2.169 Y-3.613
G0 X-2.169 Y-3.939
G1 F1076.5 X-2.18 Y-4.322 E149.73261
G0 F9000 X-1.853 Y-3.734
G1 F1098 X-1.931 Y-3.837 E149.73476
G1 X-1.981 Y-4.035 E149.73815
G1 X-1.983 Y-4.52 E149.74622
G1 X-2.378 Y-4.52 E149.75279
G1 X-2.374 Y-3.733 E149.76588
G1 X-1.853 Y-3.734 E149.77454
G0 F9000 X-2.043 Y-3.513
;MESH:NONMESH
G0 F300 X-2.043 Y-3.513 Z3.9
G0 F9000 X3.53 Y-.207
G0 X3.691 Y-.207
;TIME_ELAPSED:408.993681
;LAYER:18
;TYPE:FILL
;MESH:xyzCalibration_cube.stl
G1 F1089.5 X0.185 Y-3.713 E149.857
G0 F9000 X0.185 Y-3.552
G0 X1.246 Y-3.552
G0 X1.246 Y-3.712
G1 F1089.5 X-.996 Y4.659 E150.00111
G0 F9000 X-.996 Y4.5
G0 X0.072 Y4.5
G0 X0.072 Y4.659
G1 F1089.5 X-4.659 Y-0.073 E150.11239
G0 F9000 X-4.5 Y-0.073
G0 X-4.5 Y0.996
G0 X-4.658 Y0.996
G1 F1089.5 X4.659 Y-1.5 E150.2728
G0 F9000 X4.5 Y-1.5
G0 X4.5 Y-3.481
G0 X4.659 Y-3.481
G1 F1089.5 X3.482 Y-4.659 E150.30049
G0 F9000 X3.482 Y-4.5
G0 X4.53 Y-4.53
G0 X4.606 Y-4.66
G1 F1089.5 X2.108 Y4.66 E150.46095
G0 F9000 X2.108 Y4.5
G0 X4.315 Y4.5
G0 X4.315 Y4.659
G1 F1089.5 X-4.659 Y-4.316 E150.67202
G0 F9000 X-4.5 Y-4.316
G0 X-4.5 Y-2.108
G0 X-4.659 Y-2.108
G1 F1089.5 X1.325 Y-3.712 E150.77505
G0 F9000 X1.888 Y-3.863
G1 F1089.5 X4.659 Y-4.605 E150.82275
G0 F9000 X4.53 Y-4.53
G0 X3.602 Y-1.034
G0 X3.603 Y0.661
G0 X4.472 Y0.733
G0 X4.472 Y0.573
G1 F1089.5 X4.659 Y0.76 E150.82715
G0 F9000 X4.658 Y1.606
G1 F1089.5 X-4.658 Y4.102 E150.98754
G1 X-4.659 Y4.169
G1 X-4.17 Y4.658 E150.99904
G1 X-4.102 Y4.659
G1 X-1.859 Y-3.712 E151.14316
G0 F9000 X-1.859 Y-3.613
G0 X-.219 Y-3.552
G0 X-.219 Y-4.027
;TYPE:WALL-INNER
G1 F1171.5 X-.22 Y-4.707 E151.15368
G0 F9000 X-.212 Y-4.706
G0 X-.155 Y-3.824
G0 X4.53 Y4.53
G0 X4.7 Y4.7
G1 F1089.5 X4.7 Y0.533 E151.22298
G1 X4.031 Y0.533 E151.2341
G1 X3.838 Y0.464 E151.23751
G1 X3.731 Y0.249 E151.2415
G1 X3.731 Y-.637 E151.25624
G1 X3.854 Y-.85 E151.26033
G1 X4.029 Y-.906 E151.26338
G1 X4.7 Y-.907 E151.27454
G1 X4.7 Y-4.7 E151.33762
G1 X1.22 Y-4.7 E151.39549
G1 X1.218 Y-4.051 E151.40629
G1 X1.163 Y-3.878 E151.40931
G1 X0.966 Y-3.755 E151.41317
G1 X-0.029 Y-3.754 E151.42971
G1 F1129 X-.219 Y-4.027 E151.43505
G1 X-.412 Y-3.753 E151.44043
G1 F1089.5 X-1.449 Y-3.752 E151.45768
G1 X-1.649 Y-3.898 E151.46179
G1 X-1.691 Y-4.051 E151.46443
G1 X-1.692 Y-4.7 E151.47523
G1 X-4.7 Y-4.7 E151.52525
G1 X-4.699 Y4.699 E151.68155
G1 X4.7 Y4.7 E151.83786
G0 F9000 X4.9 Y4.9
;TYPE:WALL-OUTER
G1 F1089.5 X4.9 Y0.333 E151.91381
G1 X4.031 Y0.333 E151.92826
G1 X3.934 Y0.261 E151.93027
G1 X3.93 Y-.617 E151.94487
G1 X3.981 Y-.706 E151.94658
G1 X4.9 Y-.707 E151.96186
G1 X4.9 Y-4.9 E152.03159
G1 X1.02 Y-4.9 E152.09612
G1 X1.018 Y-4.005 E152.111
G1 X0.934 Y-3.953 E152.11264
G1 X0.039 Y-3.952 E152.12753
G1 X-0.027 Y-4.043 E152.1294
G1 X-0.027 Y-4.9 E152.14365
G1 X-.413 Y-4.9 E152.15007
G1 X-.412 Y-4.044 E152.1643
G1 X-.478 Y-3.953 E152.16617
G1 X-1.418 Y-3.955 E152.1818
G1 X-1.491 Y-4.011 E152.18333
G1 X-1.492 Y-4.9 E152.19812
G1 X-4.9 Y-4.9 E152.25479
G1 X-4.899 Y4.899 E152.41775
G1 X4.9 Y4.9 E152.58071
G0 F9000 X4.9 Y4.7
G0 X4.53 Y4.53
G0 X1.629 Y-3.613
G0 X1.629 Y-3.973
;TYPE:SKIN
G1 F798.2 X1.634 Y-4.284 E152.58777
G0 F9000 X1.27 Y-3.734
G1 F1089.5 X1.868 Y-3.733 E152.59771
G1 X1.87 Y-4.519 E152.61079
G1 X1.401 Y-4.519 E152.61859
G1 X1.398 Y-4.034 E152.62665
G1 X1.27 Y-3.734 E152.63208
G0 F9000 X1.387 Y-3.643
G0 X-2.058 Y-3.613
G0 X-2.058 Y-3.939
G1 F1068.1 X-2.067 Y-3.998 E152.63309
G1 F1106.1 X-2.069 Y-4.322 E152.6384
G0 F9000 X-1.739 Y-3.733
G1 F1089.5 X-1.815 Y-3.832 E152.64047
G1 X-1.87 Y-4.032 E152.64392
G1 X-1.872 Y-4.52 E152.65204
G1 X-2.267 Y-4.52 E152.6586
G1 X-2.263 Y-3.733 E152.67169
G1 X-1.739 Y-3.733 E152.68041
G0 F9000 X-1.932 Y-3.513
;MESH:NONMESH
G0 F300 X-1.932 Y-3.513 Z4.1
G0 F9000 X3.53 Y-.409
G0 X3.69 Y-.409
;TIME_ELAPSED:421.994529
;LAYER:19
;TYPE:FILL
;MESH:xyzCalibration_cube.stl
G1 F1085.4 X0.384 Y-3.715 E152.75816
G0 F9000 X1.099 Y-3.711
G1 F1085.4 X-1.143 Y4.659 E152.90226
G0 F9000 X-1.143 Y4.5
G0 X0.273 Y4.5
G0 X0.273 Y4.659
G1 F1085.4 X-4.659 Y-.274 E153.01826
G0 F9000 X-4.5 Y-.274
G0 X-4.5 Y1.143
G0 X-4.658 Y1.143
G1 F1085.4 X4.658 Y-1.352 E153.17865
G0 F9000 X4.5 Y-1.352
G0 X4.5 Y-3.682
G0 X4.659 Y-3.682
G1 F1085.4 X3.682 Y-4.659 E153.20163
G0 F9000 X4.459 Y-4.66
G1 F1085.4 X1.961 Y4.66 E153.36209
G0 F9000 X1.961 Y4.5
G0 X4.516 Y4.5
G0 X4.516 Y4.659
G1 F1085.4 X-4.659 Y-4.516 E153.57787
G0 F9000 X-4.5 Y-4.516
G0 X-4.5 Y-1.961
G0 X-4.659 Y-1.961
G1 F1085.4 X4.658 Y-4.458 E153.73828
G0 F9000 X4.5 Y-4.458
G0 X3.603 Y-1.036
G0 X3.603 Y0.659
G0 X4.5 Y1.752
G0 X4.659 Y1.752
G1 F1085.4 X-4.658 Y4.249 E153.89869
G0 F9000 X-4.659 Y3.968
G1 F1085.4 X-3.969 Y4.658 E153.91492
G0 F9000 X-4.249 Y4.659
G1 F1085.4 X-2.006 Y-3.711 E154.05903
G0 F9000 X-2.006 Y-3.612
G0 X4.53 Y4.53
G0 X4.7 Y4.7
;TYPE:WALL-INNER
G1 F1085.4 X4.7 Y0.531 E154.12836
G1 X4.031 Y0.531 E154.13948
G1 X3.838 Y0.462 E154.14289
G1 X3.731 Y0.241 E154.14697
G1 X3.731 Y-.701 E154.16264
G1 X3.853 Y-.85 E154.16584
G1 X4.03 Y-.908 E154.16894
G1 X4.7 Y-.909 E154.18008
G1 X4.7 Y-4.7 E154.24313
G1 X1.093 Y-4.7 E154.30311
G1 X1.092 Y-4.051 E154.3139
G1 X1.034 Y-3.874 E154.317
G1 X0.841 Y-3.755 E154.32077
G1 X-.113 Y-3.752 E154.33664
G1 X-.221 Y-3.877 E154.33938
G1 X-.329 Y-3.752 E154.34213
G1 X-1.339 Y-3.752 E154.35893
G1 X-1.535 Y-3.893 E154.36294
G1 X-1.58 Y-4.051 E154.36568
G1 X-1.581 Y-4.7 E154.37647
G1 X-4.7 Y-4.7 E154.42834
G1 X-4.699 Y4.699 E154.58464
G1 X4.7 Y4.7 E154.74095
G0 F9000 X4.9 Y4.9
;TYPE:WALL-OUTER
G1 F1085.4 X4.9 Y0.331 E154.81693
G1 X4.031 Y0.331 E154.83138
G1 X3.934 Y0.259 E154.83339
G1 X3.933 Y-.631 E154.84819
G1 X3.983 Y-.708 E154.84972
G1 X4.9 Y-.709 E154.86497
G1 X4.9 Y-4.9 E154.93467
G1 X0.893 Y-4.9 E155.0013
G1 X0.892 Y-4.004 E155.0162
G1 X0.809 Y-3.953 E155.01782
G1 X-0.073 Y-3.954 E155.03249
G1 F1167.1 X-.135 Y-4.044 E155.03418
G1 F1262.1 X-.135 Y-4.913 E155.04661
G1 X-.307 Y-4.913 E155.04907
G1 X-.307 Y-4.044 E155.0615
G1 F1167.1 X-.369 Y-3.954 E155.06319
G1 F1085.4 X-1.307 Y-3.955 E155.07879
G1 X-1.38 Y-4.01 E155.08031
G1 X-1.381 Y-4.9 E155.09511
G1 X-4.9 Y-4.9 E155.15363
G1 X-4.899 Y4.899 E155.31659
G1 X4.9 Y4.9 E155.47955
G0 F9000 X4.9 Y4.7
G0 X4.53 Y4.53
G0 X1.863 Y-3.971
G0 X1.503 Y-3.973
;TYPE:SKIN
G1 F795.2 X1.508 Y-4.284 E155.48661
G0 F9000 X1.173 Y-3.732
G1 F1085.4 X1.742 Y-3.733 E155.49607
G1 X1.744 Y-4.519 E155.50914
G1 X1.273 Y-4.519 E155.51697
G1 X1.272 Y-4.036 E155.52501
G1 X1.173 Y-3.732 E155.53032
G0 F9000 X1.262 Y-3.642
G0 X-1.947 Y-3.612
G0 X-1.947 Y-3.94
G1 F1053.8 X-1.956 Y-4.001 E155.53138
G1 F1101.9 X-1.958 Y-4.322 E155.53664
G0 F9000 X-1.631 Y-3.733
G1 F1085.4 X-1.701 Y-3.823 E155.53853
G1 X-1.759 Y-4.033 E155.54216
G1 X-1.761 Y-4.52 E155.55025
G1 X-2.156 Y-4.52 E155.55682
G1 X-2.152 Y-3.733 E155.56991
G1 X-1.631 Y-3.733 E155.57858
G0 F9000 X-1.821 Y-3.512
;MESH:NONMESH
G0 F300 X-1.821 Y-3.512 Z4.3
G0 F9000 X3.531 Y-.602
G0 X3.696 Y-.602
;TIME_ELAPSED:434.724052
;LAYER:20
;TYPE:FILL
;MESH:xyzCalibration_cube.stl
G1 F1072.3 X0.584 Y-3.715 E155.65178
G0 F9000 X0.953 Y-3.711
G1 F1072.3 X-1.29 Y4.659 E155.79588
G0 F9000 X-1.29 Y4.5
G0 X0.473 Y4.5
G0 X0.473 Y4.659
G1 F1072.3 X-4.659 Y-.473 E155.91658
G0 F9000 X-4.5 Y-.473
G0 X-4.5 Y-1.816
G0 X-4.658 Y-1.816
G1 F1072.3 X4.659 Y-4.312 E156.07699
G0 F9000 X4.659 Y-3.882
G1 F1072.3 X3.882 Y-4.659 E156.09526
G0 F9000 X4.313 Y-4.66
G1 F1072.3 X1.815 Y4.66 E156.25572
G0 F9000 X1.815 Y4.5
G0 X4.53 Y4.53
G0 X4.659 Y4.603
G1 F1072.3 X-4.601 Y-4.658 E156.47351
G0 F9000 X-4.53 Y-4.53
G0 X-2.164 Y-4.046
G0 X-2.062 Y-4.046
G1 F1072.3 X-4.395 Y4.66 E156.6234
G0 F9000 X-4.659 Y4.395
G1 F1072.3 X4.658 Y1.899 E156.78381
G0 F9000 X4.5 Y1.899
G0 X3.603 Y0.657
G0 X3.603 Y-1.038
G0 X4.5 Y-1.207
G0 X4.659 Y-1.207
G1 F1072.3 X-4.658 Y1.289 E156.94422
G0 F9000 X-4.5 Y1.289
G0 X-4.5 Y3.768
G0 X-4.659 Y3.768
G1 F1072.3 X-3.768 Y4.659 E156.96517
G0 F9000 X-3.768 Y4.5
G0 X4.53 Y4.53
G0 X4.7 Y4.7
;TYPE:WALL-INNER
G1 F1072.3 X4.7 Y0.529 E157.03454
G1 X4.031 Y0.529 E157.04566
G1 X3.838 Y0.46 E157.04907
G1 X3.731 Y0.245 E157.05306
G1 X3.736 Y-.666 E157.06821
G1 X3.85 Y-.85 E157.07181
G1 X4.03 Y-.91 E157.07497
G1 X4.7 Y-.911 E157.08611
G1 X4.7 Y-4.7 E157.14912
G1 X0.967 Y-4.7 E157.2112
G1 X0.965 Y-4.051 E157.22199
G1 X0.904 Y-3.869 E157.22519
G1 X0.714 Y-3.755 E157.22887
G1 X-1.226 Y-3.752 E157.26113
G1 X-1.421 Y-3.888 E157.26509
G1 X-1.469 Y-4.051 E157.26791
G1 X-1.47 Y-4.7 E157.27871
G1 X-4.699 Y-4.699 E157.33241
G1 X-4.7 Y4.7 E157.48871
G1 X4.7 Y4.7 E157.64503
G0 F9000 X4.9 Y4.9
;TYPE:WALL-OUTER
G1 F1072.3 X4.9 Y0.329 E157.72105
G1 X4.031 Y0.329 E157.7355
G1 X3.934 Y0.257 E157.73751
G1 X3.932 Y-.629 E157.75224
G1 X3.982 Y-.71 E157.75383
G1 X4.9 Y-.711 E157.76909
G1 X4.9 Y-4.9 E157.83876
G1 X0.767 Y-4.9 E157.90749
G1 X0.765 Y-4.051 E157.92161
G1 X0.693 Y-3.951 E157.92366
G1 X-1.196 Y-3.955 E157.95507
G1 X-1.269 Y-4.009 E157.95658
G1 X-1.27 Y-4.9 E157.9714
G1 X-4.899 Y-4.899 E158.03175
G1 X-4.9 Y4.9 E158.19471
G1 X4.9 Y4.9 E158.35768
G0 F9000 X4.9 Y4.7
G0 X4.53 Y4.53
G0 X1.375 Y-3.612
G0 X1.375 Y-3.972
;TYPE:SKIN
G1 F782.7 X1.381 Y-4.284 E158.36479
G0 F9000 X1.044 Y-3.732
G1 F1072.3 X1.615 Y-3.732 E158.37429
G1 X1.617 Y-4.519 E158.38738
G1 X1.148 Y-4.519 E158.39518
G1 X1.145 Y-4.037 E158.40319
G1 X1.044 Y-3.732 E158.40853
G0 F9000 X1.134 Y-3.642
G0 X-1.836 Y-3.612
G0 X-1.836 Y-3.938
G1 F1041 X-1.845 Y-3.999 E158.40959
G1 F1088.6 X-1.847 Y-4.322 E158.41488
G0 F9000 X-1.52 Y-3.733
G1 F1072.3 X-1.584 Y-3.814 E158.4166
G1 X-1.648 Y-4.033 E158.42039
G1 X-1.65 Y-4.52 E158.42849
G1 X-2.045 Y-4.52 E158.43506
G1 X-2.041 Y-3.732 E158.44816
G1 X-1.52 Y-3.733 E158.45683
G0 F9000 X-1.71 Y-3.512
;MESH:NONMESH
G0 F300 X-1.71 Y-3.512 Z4.5
G0 F9000 X3.531 Y-.801
G0 X3.692 Y-.801
;TIME_ELAPSED:447.311958
;LAYER:21
;TYPE:FILL
;MESH:xyzCalibration_cube.stl
G1 F1097.5 X-4.659 Y1.435 E158.6006
G0 F9000 X-4.5 Y1.435
G0 X-4.5 Y-.673
G0 X-4.659 Y-.673
G1 F1097.5 X0.673 Y4.659 E158.726
G0 F9000 X1.669 Y4.659
G1 F1097.5 X4.167 Y-4.66 E158.88645
G1 X4.082 Y-4.659
G1 X4.659 Y-4.081 E158.90003
G1 X4.659 Y-4.166
G1 X-4.658 Y-1.67 E159.06043
G0 F9000 X-4.5 Y-1.67
G0 X-4.403 Y-4.5
G0 X-4.403 Y-4.659
G1 F1097.5 X4.659 Y4.403 E159.27356
G0 F9000 X4.5 Y4.403
G0 X4.5 Y2.044
G0 X4.658 Y2.044
G1 F1097.5 X-4.659 Y4.541 E159.43397
G0 F9000 X-4.541 Y4.66
G1 F1097.5 X-2.044 Y-4.659 E159.59441
G0 F9000 X-2.044 Y-4.5
G0 X-1.979 Y-3.684
G0 X0.787 Y-3.552
G0 X0.787 Y-3.71
G1 F1097.5 X3.692 Y-.806 E159.66272
G0 F9000 X3.531 Y-.806
G0 X0.807 Y-3.552
G0 X0.807 Y-3.712
G1 F1097.5 X-1.436 Y4.66 E159.80686
G0 F9000 X-1.436 Y4.5
G0 X-3.569 Y4.5
G0 X-3.569 Y4.659
G1 F1097.5 X-4.659 Y3.569 E159.83249
G0 F9000 X-4.5 Y3.569
G0 X4.53 Y4.53
G0 X4.7 Y4.7
;TYPE:WALL-INNER
G1 F1097.5 X4.7 Y0.527 E159.90189
G1 X4.031 Y0.527 E159.91302
G1 X3.838 Y0.458 E159.91642
G1 X3.731 Y0.243 E159.92042
G1 X3.734 Y-.661 E159.93545
G1 X3.85 Y-.852 E159.93917
G1 X4.03 Y-.912 E159.94232
G1 X4.7 Y-.914 E159.95347
G1 X4.7 Y-4.7 E160.01643
G1 X0.84 Y-4.7 E160.08062
G1 X0.839 Y-4.051 E160.09141
G1 X0.776 Y-3.867 E160.09465
G1 X0.592 Y-3.756 E160.09822
G1 X-1.113 Y-3.752 E160.12657
G1 X-1.307 Y-3.883 E160.13047
G1 X-1.358 Y-4.051 E160.13339
G1 X-1.359 Y-4.7 E160.14418
G1 X-4.7 Y-4.7 E160.19974
G1 X-4.7 Y4.7 E160.35606
G1 X4.7 Y4.7 E160.51239
G0 F9000 X4.9 Y4.9
;TYPE:WALL-OUTER
G1 F1097.5 X4.9 Y0.327 E160.58844
G1 X4.031 Y0.327 E160.60289
G1 X3.934 Y0.255 E160.6049
G1 X3.932 Y-.629 E160.6196
G1 X3.982 Y-.712 E160.62121
G1 X4.9 Y-.714 E160.63647
G1 X4.9 Y-4.9 E160.70609
G1 X0.64 Y-4.9 E160.77693
G1 X0.639 Y-4.001 E160.79188
G1 X0.557 Y-3.953 E160.79346
G1 X-1.084 Y-3.955 E160.82075
G1 X-1.158 Y-4.007 E160.82226
G1 X-1.159 Y-4.9 E160.83711
G1 X-4.9 Y-4.9 E160.89932
G1 X-4.9 Y4.9 E161.0623
G1 X4.9 Y4.9 E161.22527
G0 F9000 X4.9 Y4.7
G0 X4.53 Y4.53
G0 X3.592 Y0.956
G0 X3.742 Y0.956
;TYPE:SKIN
G1 F841 X3.743 Y0.64 E161.23213
G1 F864.2 X3.992 Y0.724 E161.23768
G1 F895.9 X4.499 Y0.728 E161.24801
G1 F907 X4.499 Y0.97 E161.25288
G1 F910.8 X4.034 Y0.968 E161.26219
G1 F874.5 X3.742 Y0.956 E161.26829
G0 F9000 X3.592 Y0.956
G0 X3.593 Y-1.039
G0 X3.751 Y-1.039
G1 F801.1 X3.751 Y-1.369 E161.27581
G1 F825.2 X4.491 Y-1.382 E161.29218
G1 F850.8 X4.491 Y-1.124 E161.29772
G1 F847.5 X4.01 Y-1.121 E161.30808
G1 F822.1 X3.751 Y-1.039 E161.31411
G0 F9000 X3.593 Y-1.039
G0 X1.249 Y-3.612
G0 X1.249 Y-3.973
G1 F801.1 X1.255 Y-4.284 E161.32119
G0 F9000 X0.915 Y-3.731
G1 F1097.5 X1.489 Y-3.732 E161.33074
G1 X1.491 Y-4.519 E161.34383
G1 X1.02 Y-4.519 E161.35166
G1 X1.019 Y-4.036 E161.35969
G1 X0.915 Y-3.731 E161.36505
G0 F9000 X1.009 Y-3.642
G0 X-1.724 Y-3.612
G0 X-1.724 Y-3.938
G1 F1065.5 X-1.734 Y-4.002 E161.36616
G1 F1114.2 X-1.736 Y-4.322 E161.3714
G0 F9000 X-1.41 Y-3.733
G1 F1097.5 X-1.535 Y-4.024 E161.37667
G1 X-1.539 Y-4.52 E161.38492
G1 X-1.934 Y-4.52 E161.39149
G1 X-1.93 Y-3.732 E161.40459
G1 X-1.41 Y-3.733 E161.41324
G0 F9000 X-1.599 Y-3.512
;MESH:NONMESH
G0 F300 X-1.599 Y-3.512 Z4.7
G0 F9000 X3.531 Y-.655
G0 X3.694 Y-.655
;TIME_ELAPSED:460.237826
;LAYER:22
;TYPE:FILL
;MESH:xyzCalibration_cube.stl
G1 F1105.7 X-4.659 Y1.582 E161.55705
G0 F9000 X-4.5 Y1.582
G0 X-4.5 Y3.368
G0 X-4.659 Y3.368
G1 F1105.7 X-3.368 Y4.659 E161.58741
G0 F9000 X-3.368 Y4.5
G0 X-4.552 Y4.5
G0 X-4.552 Y4.659
G1 F1105.7 X4.659 Y2.191 E161.74599
G0 F9000 X4.5 Y2.191
G0 X4.5 Y4.203
G0 X4.659 Y4.203
G1 F1105.7 X-4.201 Y-4.658 E161.95438
G0 F9000 X-4.545 Y-4.659
G1 F1105.7 X-4.657 Y-4.629 E161.95631
G0 F9000 X-4.53 Y-4.53
G0 X-2.191 Y-4.5
G0 X-2.191 Y-4.66
G1 F1105.7 X-4.659 Y4.551 E162.11489
G0 F9000 X-4.5 Y4.551
G0 X-1.583 Y4.5
G0 X-1.583 Y4.66
G1 F1105.7 X0.66 Y-3.711 E162.25901
G0 F9000 X0.988 Y-3.71
G1 F1105.7 X3.691 Y-1.007 E162.32258
G0 F9000 X3.691 Y-1.115
G0 X3.671 Y-1.488
G0 X4.5 Y-4.019
G0 X4.659 Y-4.019
G1 F1105.7 X-4.658 Y-1.523 E162.48299
G0 F9000 X-4.659 Y-.873
G1 F1105.7 X0.873 Y4.659 E162.61309
G0 F9000 X1.522 Y4.659
G1 F1105.7 X4.02 Y-4.66 E162.77354
G0 F9000 X4.282 Y-4.659
G1 F1105.7 X4.659 Y-4.282 E162.7824
G0 F9000 X4.5 Y-4.282
G0 X3.665 Y-1.457
G0 X3.604 Y-1.043
G0 X3.603 Y0.653
G0 X3.638 Y0.934
G0 X4.5 Y4.544
G0 X4.659 Y4.544
G1 F1105.7 X4.628 Y4.66 E162.7844
G0 F9000 X4.7 Y4.7
;TYPE:WALL-INNER
G1 F1105.7 X4.7 Y0.525 E162.85383
G1 X4.031 Y0.525 E162.86496
G1 X3.838 Y0.456 E162.86836
G1 X3.731 Y0.242 E162.87234
G1 X3.735 Y-.662 E162.88738
G1 X3.851 Y-.855 E162.89112
G1 X4.032 Y-.915 E162.89429
G1 X4.7 Y-.915 E162.9054
G1 X4.7 Y-4.7 E162.96835
G1 X0.714 Y-4.7 E163.03463
G1 X0.712 Y-4.051 E163.04543
G1 X0.647 Y-3.864 E163.04872
G1 X0.459 Y-3.751 E163.05237
G1 X-1.004 Y-3.752 E163.0767
G1 X-1.193 Y-3.879 E163.08048
G1 X-1.247 Y-4.051 E163.08348
G1 X-1.248 Y-4.7 E163.09427
G1 X-4.699 Y-4.699 E163.15167
G1 X-4.7 Y4.7 E163.30797
G1 X4.7 Y4.7 E163.46429
G0 F9000 X4.9 Y4.9
;TYPE:WALL-OUTER
G1 F1105.7 X4.9 Y0.325 E163.54038
G1 X4.031 Y0.325 E163.55483
G1 X3.934 Y0.253 E163.55684
G1 X3.933 Y-.631 E163.57154
G1 X3.983 Y-.715 E163.57316
G1 X4.9 Y-.715 E163.58841
G1 X4.9 Y-4.9 E163.65801
G1 X0.514 Y-4.9 E163.73095
G1 X0.512 Y-4.005 E163.74583
G1 X0.44 Y-3.951 E163.74733
G1 X-.973 Y-3.955 E163.77083
G1 X-1.047 Y-4.006 E163.77232
G1 X-1.048 Y-4.9 E163.78719
G1 X-4.899 Y-4.899 E163.85123
G1 X-4.9 Y4.9 E164.01419
G1 X4.9 Y4.9 E164.17717
G0 F9000 X4.9 Y4.7
G0 X4.53 Y4.53
G0 X4.32 Y1.222
G0 X4.321 Y0.904
;TYPE:SKIN
G1 F1122.6 X3.997 Y0.903 E164.18247
G1 F1078.8 X3.921 Y0.892 E164.18378
G0 F9000 X4.52 Y1.104
G1 F1105.7 X4.52 Y0.705 E164.19042
G1 X4 Y0.7 E164.19907
G1 X3.713 Y0.596 E164.20414
G1 X3.713 Y1.099 E164.21251
G1 X4.52 Y1.104 E164.22593
G0 F9000 X4.519 Y1.223
G0 X3.664 Y1.148
G0 X3.603 Y0.653
G0 X3.604 Y-1.043
G0 X3.666 Y-1.575
G0 X4.302 Y-1.65
G0 X4.303 Y-1.312
G1 F921.4 X3.937 Y-1.302 E164.23323
G0 F9000 X3.713 Y-.997
G1 F1105.7 X4.017 Y-1.094 E164.23854
G1 X4.52 Y-1.095 E164.24691
G1 X4.52 Y-1.531 E164.25416
G1 X3.714 Y-1.524 E164.26756
G1 X3.713 Y-.997 E164.27632
G0 F9000 X3.623 Y-1.085
G0 X1.124 Y-3.612
G0 X1.124 Y-3.972
G1 F807.1 X1.128 Y-4.284 E164.28343
G0 F9000 X0.788 Y-3.734
G1 F1105.7 X1.363 Y-3.732 E164.293
G1 X1.365 Y-4.519 E164.30608
G1 X0.895 Y-4.519 E164.3139
G1 X0.892 Y-4.035 E164.32195
G1 X0.788 Y-3.734 E164.32725
G0 F9000 X0.881 Y-3.642
G0 X-1.613 Y-3.612
G0 X-1.613 Y-3.94
G1 F1073.5 X-1.623 Y-4.002 E164.32832
G1 F1122.6 X-1.625 Y-4.322 E164.33356
G0 F9000 X-1.298 Y-3.732
G1 F1105.7 X-1.426 Y-4.034 E164.33902
G1 X-1.428 Y-4.52 E164.3471
G1 X-1.823 Y-4.52 E164.35367
G1 X-1.819 Y-3.733 E164.36676
G1 X-1.298 Y-3.732 E164.37542
G0 F9000 X-1.488 Y-3.512
;MESH:NONMESH
G0 F300 X-1.488 Y-3.512 Z4.9
G0 F9000 X3.532 Y-.51
G0 X3.694 Y-.509
;TIME_ELAPSED:473.432384
;LAYER:23
;TYPE:FILL
;MESH:xyzCalibration_cube.stl
G1 F1102.6 X-4.658 Y1.728 E164.51921
G0 F9000 X-4.5 Y1.728
G0 X-4.5 Y3.169
G0 X-4.659 Y3.169
G1 F1102.6 X-3.17 Y4.658 E164.55423
G0 F9000 X-4.002 Y4.658
G1 F1102.6 X4.658 Y2.337 E164.70333
G0 F9000 X4.5 Y2.337
G0 X4.5 Y3.999
G0 X4.659 Y3.999
G1 F1102.6 X4.482 Y4.659 E164.71469
G0 F9000 X4.659 Y4.003
G1 F1102.6 X-4.002 Y-4.659 E164.9184
G1 X-3.998 Y-4.659
G1 X-4.659 Y-4.482 E164.92978
G0 F9000 X-4.5 Y-4.482
G0 X-2.337 Y-4.5
G0 X-2.337 Y-4.659
G1 F1102.6 X-4.658 Y4.001 E165.07888
G0 F9000 X-4.5 Y4.001
G0 X-1.728 Y4.5
G0 X-1.728 Y4.659
G1 F1102.6 X0.514 Y-3.711 E165.22298
G0 F9000 X1.187 Y-3.71
G1 F1102.6 X3.693 Y-1.204 E165.28192
G0 F9000 X3.594 Y-1.204
G0 X3.652 Y-1.601
G0 X4.5 Y-3.873
G0 X4.659 Y-3.873
G1 F1102.6 X-4.659 Y-1.377 E165.44234
G0 F9000 X-4.659 Y-1.073
G1 F1102.6 X1.072 Y4.659 E165.57713
G0 F9000 X1.376 Y4.66
G1 F1102.6 X3.874 Y-4.66 E165.7376
G0 F9000 X4.482 Y-4.659
G1 F1102.6 X4.659 Y-4.481 E165.74177
G0 F9000 X4.5 Y-4.481
G0 X3.666 Y-1.694
G0 X3.604 Y-1.157
G0 X3.603 Y0.756
G0 X3.638 Y1.042
G0 X4.53 Y4.53
G0 X4.7 Y4.7
;TYPE:WALL-INNER
G1 F1102.6 X4.7 Y0.631 E165.80944
G1 X4.03 Y0.629 E165.82058
G1 X3.841 Y0.562 E165.82392
G1 X3.731 Y0.416 E165.82696
G1 X3.735 Y-.775 E165.84676
G1 X3.854 Y-.973 E165.8506
G1 X4.031 Y-1.03 E165.8537
G1 X4.7 Y-1.032 E165.86482
G1 X4.7 Y-4.7 E165.92582
G1 X0.588 Y-4.7 E165.9942
G1 X0.586 Y-4.051 E166.005
G1 X0.521 Y-3.865 E166.00827
G1 X0.344 Y-3.751 E166.01177
G1 X-.891 Y-3.757 E166.03231
G1 X-1.079 Y-3.875 E166.036
G1 X-1.136 Y-4.051 E166.03908
G1 X-1.137 Y-4.7 E166.04987
G1 X-4.7 Y-4.7 E166.10913
G1 X-4.699 Y4.699 E166.26543
G1 X4.7 Y4.7 E166.42174
G0 F9000 X4.9 Y4.9
;TYPE:WALL-OUTER
G1 F1102.6 X4.9 Y0.431 E166.49606
G1 X4.03 Y0.429 E166.51053
G1 X3.931 Y0.36 E166.51253
G1 X3.933 Y-.745 E166.53091
G1 X3.983 Y-.83 E166.53255
G1 X4.9 Y-.832 E166.5478
G1 X4.9 Y-4.9 E166.61545
G1 X0.388 Y-4.9 E166.69049
G1 X0.386 Y-4.003 E166.7054
G1 X0.313 Y-3.955 E166.70686
G1 X-.855 Y-3.953 E166.72628
G1 X-.936 Y-4.005 E166.72788
G1 X-.937 Y-4.9 E166.74276
G1 X-4.9 Y-4.9 E166.80867
G1 X-4.899 Y4.899 E166.97163
G1 X4.9 Y4.9 E167.13458
G0 F9000 X4.9 Y4.7
G0 X4.53 Y4.53
G0 X4.317 Y1.335
G0 X4.318 Y1.013
;TYPE:SKIN
G1 F1081 X3.993 Y1.011 E167.1401
G1 F1040.2 X3.923 Y1.002 E167.14134
G0 F9000 X4.52 Y1.217
G1 F1102.6 X4.52 Y0.812 E167.14808
G1 X4.001 Y0.804 E167.15671
G1 X3.711 Y0.701 E167.16183
G1 X3.712 Y1.212 E167.17032
G1 X4.52 Y1.217 E167.18376
G0 F9000 X4.519 Y1.336
G0 X3.664 Y1.261
G0 X3.603 Y0.756
G0 X3.604 Y-1.157
G0 X3.666 Y-1.694
G0 X4.3 Y-1.769
G0 X4.301 Y-1.429
G1 F903.8 X3.94 Y-1.421 E167.19109
G0 F9000 X3.714 Y-1.113
G1 F1102.6 X4.015 Y-1.209 E167.19634
G1 X4.52 Y-1.213 E167.20474
G1 X4.52 Y-1.65 E167.21201
G1 X3.714 Y-1.645 E167.22541
G1 X3.714 Y-1.113 E167.23426
G0 F9000 X3.624 Y-1.199
G0 X0.997 Y-3.612
G0 X0.997 Y-3.972
G1 F807.8 X1.002 Y-4.284 E167.24134
G0 F9000 X0.662 Y-3.735
G1 F1102.6 X1.236 Y-3.732 E167.25089
G1 X1.238 Y-4.519 E167.26398
G1 X0.769 Y-4.519 E167.27178
G1 X0.766 Y-4.035 E167.27983
G1 X0.662 Y-3.735 E167.28511
G0 F9000 X0.755 Y-3.642
G0 X-1.502 Y-3.612
G0 X-1.502 Y-3.94
G1 F1065.3 X-1.512 Y-4.001 E167.28617
G1 F1119.4 X-1.514 Y-4.322 E167.29143
G0 F9000 X-1.218 Y-3.733
G1 F1102.6 X-1.315 Y-4.036 E167.29672
G1 X-1.317 Y-4.52 E167.30477
G1 X-1.712 Y-4.52 E167.31134
G1 X-1.708 Y-3.732 E167.32444
G1 X-1.218 Y-3.733 E167.33259
G0 F9000 X-1.377 Y-3.512
;MESH:NONMESH
G0 F300 X-1.377 Y-3.512 Z5.1
G0 F9000 X3.532 Y-.363
G0 X3.695 Y-.362
;TIME_ELAPSED:486.568793
;LAYER:24
;TYPE:FILL
;MESH:xyzCalibration_cube.stl
G1 F1102.1 X-4.658 Y1.875 E167.4764
G0 F9000 X-4.5 Y1.875
G0 X-4.5 Y2.969
G0 X-4.659 Y2.969
G1 F1102.1 X-2.969 Y4.658 E167.51613
G0 F9000 X-3.454 Y4.658
G1 F1102.1 X4.658 Y2.484 E167.65579
G0 F9000 X4.659 Y3.451
G1 F1102.1 X4.335 Y4.659 E167.67659
G0 F9000 X4.659 Y3.802
G1 F1102.1 X-3.802 Y-4.659 E167.87558
G0 F9000 X-3.45 Y-4.659
G1 F1102.1 X-4.658 Y-4.335 E167.89638
G0 F9000 X-4.5 Y-4.335
G0 X-2.484 Y-4.5
G0 X-2.484 Y-4.659
G1 F1102.1 X-4.658 Y3.453 E168.03605
G0 F9000 X-4.5 Y3.453
G0 X-1.875 Y4.5
G0 X-1.875 Y4.659
G1 F1102.1 X0.366 Y-3.71 E168.18013
G0 F9000 X1.131 Y-3.968
G1 F1102.1 X3.693 Y-1.406 E168.24038
G0 F9000 X3.594 Y-1.406
G0 X3.652 Y-1.736
G0 X4.5 Y-3.726
G0 X4.659 Y-3.726
G1 F1102.1 X-4.659 Y-1.23 E168.4008
G1 X-4.659 Y-1.274
G1 X1.273 Y4.659 E168.54033
G1 X1.229 Y4.66
G1 X3.727 Y-4.66 E168.70079
G0 F9000 X3.727 Y-4.5
G0 X3.604 Y-1.278
G0 X3.603 Y0.869
G0 X3.638 Y1.156
G0 X4.53 Y4.53
G0 X4.7 Y4.7
;TYPE:WALL-INNER
G1 F1102.1 X4.7 Y0.744 E168.76658
G1 X4.03 Y0.742 E168.77772
G1 X3.844 Y0.678 E168.78099
G1 X3.736 Y0.498 E168.78448
G1 X3.734 Y-.892 E168.8076
G1 X3.859 Y-1.096 E168.81158
G1 X4.031 Y-1.15 E168.81457
G1 X4.7 Y-1.151 E168.8257
G1 X4.7 Y-4.7 E168.88472
G1 X0.461 Y-4.7 E168.95521
G1 X0.46 Y-4.051 E168.96601
G1 X0.395 Y-3.865 E168.96928
G1 X0.217 Y-3.757 E168.97275
G1 X-.78 Y-3.756 E168.98933
G1 X-.965 Y-3.871 E168.99295
G1 X-1.025 Y-4.051 E168.9961
G1 X-1.026 Y-4.7 E169.0069
G1 X-4.7 Y-4.7 E169.068
G1 X-4.699 Y4.699 E169.2243
G1 X4.7 Y4.7 E169.38061
G0 F9000 X4.9 Y4.9
;TYPE:WALL-OUTER
G1 F1102.1 X4.9 Y0.544 E169.45305
G1 X3.981 Y0.542 E169.46833
G1 X3.932 Y0.461 E169.46991
G1 X3.936 Y-.881 E169.49222
G1 X3.987 Y-.95 E169.49365
G1 X4.9 Y-.951 E169.50883
G1 X4.9 Y-4.9 E169.57451
G1 X0.261 Y-4.9 E169.65165
G1 X0.26 Y-4.002 E169.66659
G1 X0.179 Y-3.953 E169.66816
G1 X-.744 Y-3.953 E169.68351
G1 X-.825 Y-4.003 E169.68509
G1 X-.826 Y-4.9 E169.70001
G1 X-4.9 Y-4.9 E169.76776
G1 X-4.899 Y4.899 E169.93072
G1 X4.9 Y4.9 E170.09368
G0 F9000 X4.9 Y4.7
G0 X4.53 Y4.53
G0 X4.316 Y1.449
G0 X4.317 Y1.127
;TYPE:SKIN
G1 F1070 X3.992 Y1.125 E170.09925
G1 F1034.8 X3.925 Y1.116 E170.10044
G0 F9000 X4.52 Y1.331
G1 F1102.1 X4.52 Y0.925 E170.10719
G1 X3.995 Y0.916 E170.11593
G1 X3.713 Y0.796 E170.12102
G1 X3.714 Y1.326 E170.12984
G1 X4.52 Y1.331 E170.14324
G0 F9000 X4.519 Y1.45
G0 X3.665 Y1.375
G0 X3.603 Y0.869
G0 X3.604 Y-1.278
G0 X3.666 Y-1.814
G0 X4.3 Y-1.889
G0 X4.301 Y-1.549
G1 F903.4 X3.94 Y-1.541 E170.15057
G0 F9000 X3.714 Y-1.202
G1 F1102.1 X4.017 Y-1.329 E170.15603
G1 X4.52 Y-1.331 E170.1644
G1 X4.52 Y-1.77 E170.1717
G1 X3.715 Y-1.764 E170.18508
G1 X3.714 Y-1.202 E170.19443
G0 F9000 X3.624 Y-1.32
G0 X1.231 Y-3.97
G0 X0.871 Y-3.972
G1 F807.4 X0.876 Y-4.284 E170.20151
G0 F9000 X0.534 Y-3.734
G1 F1102.1 X1.11 Y-3.732 E170.21109
G1 X1.112 Y-4.519 E170.22418
G1 X0.641 Y-4.519 E170.23201
G1 X0.64 Y-4.036 E170.24005
G1 X0.534 Y-3.734 E170.24537
G0 F9000 X0.63 Y-3.641
G0 X-1.391 Y-3.61
G0 X-1.391 Y-3.939
G1 F1064.8 X-1.401 Y-4.004 E170.2465
G1 F1118.9 X-1.403 Y-4.322 E170.25171
G0 F9000 X-1.107 Y-3.735
G1 F1102.1 X-1.204 Y-4.036 E170.25697
G1 X-1.206 Y-4.52 E170.26502
G1 X-1.601 Y-4.52 E170.27159
G1 X-1.597 Y-3.732 E170.28469
G1 X-1.107 Y-3.735 E170.29284
G0 F9000 X-1.266 Y-3.51
;MESH:NONMESH
G0 F300 X-1.266 Y-3.51 Z5.3
G0 F9000 X3.532 Y-.218
G0 X3.696 Y-.217
;TIME_ELAPSED:499.525074
;LAYER:25
;TYPE:FILL
;MESH:xyzCalibration_cube.stl
G1 F1101.7 X-4.659 Y2.021 E170.43668
G0 F9000 X-4.659 Y2.769
G1 F1101.7 X-2.769 Y4.659 E170.48113
G0 F9000 X-2.914 Y4.66
G1 F1101.7 X4.659 Y2.63 E170.61152
G0 F9000 X4.659 Y2.906
G1 F1101.7 X4.189 Y4.66 E170.64172
G0 F9000 X4.189 Y4.5
G0 X4.5 Y3.603
G0 X4.659 Y3.603
G1 F1101.7 X-3.602 Y-4.659 E170.83601
G0 F9000 X-2.906 Y-4.659
G1 F1101.7 X-4.659 Y-4.189 E170.8662
G0 F9000 X-4.5 Y-4.189
G0 X-2.63 Y-4.5
G0 X-2.63 Y-4.659
G1 F1101.7 X-4.659 Y2.913 E170.99656
G0 F9000 X-4.5 Y2.913
G0 X-2.022 Y4.5
G0 X-2.022 Y4.66
G1 F1101.7 X0.221 Y-3.712 E171.1407
G0 F9000 X0.221 Y-3.551
G0 X1.282 Y-3.683
G0 X1.354 Y-4.045
G0 X1.253 Y-4.045
G1 F1101.7 X3.693 Y-1.605 E171.19808
G0 F9000 X3.594 Y-1.605
G0 X4.5 Y-3.58
G0 X4.658 Y-3.58
G1 F1101.7 X-4.659 Y-1.084 E171.35849
G0 F9000 X-4.659 Y-1.473
G1 F1101.7 X1.473 Y4.659 E171.5027
G0 F9000 X1.083 Y4.66
G1 F1101.7 X3.581 Y-4.659 E171.66315
G0 F9000 X3.581 Y-4.5
G0 X3.604 Y0.984
G0 X3.639 Y1.27
G0 X4.53 Y4.53
G0 X4.7 Y4.7
;TYPE:WALL-INNER
G1 F1101.7 X4.7 Y0.857 E171.72706
G1 X4.031 Y0.856 E171.73819
G1 X3.849 Y0.794 E171.74138
G1 X3.736 Y0.61 E171.74497
G1 X3.735 Y-1.012 E171.77195
G1 X3.864 Y-1.218 E171.77599
G1 X4.032 Y-1.269 E171.77891
G1 X4.7 Y-1.271 E171.79002
G1 X4.7 Y-4.7 E171.84704
G1 X0.575 Y-4.7 E171.91564
G1 X0.575 Y-4.052 E171.92642
G1 X0.513 Y-3.868 E171.92965
G1 X0.334 Y-3.757 E171.93315
G1 X-.857 Y-3.755 E171.95296
G1 X-1.044 Y-3.873 E171.95663
G1 X-1.102 Y-4.052 E171.95976
G1 X-1.102 Y-4.7 E171.97054
G1 X-4.7 Y-4.7 E172.03037
G1 X-4.7 Y4.7 E172.1867
G1 X4.7 Y4.7 E172.34302
G0 F9000 X4.9 Y4.9
;TYPE:WALL-OUTER
G1 F1101.7 X4.9 Y0.657 E172.41358
G1 X3.983 Y0.656 E172.42883
G1 X3.933 Y0.574 E172.43043
G1 X3.937 Y-1 E172.4566
G1 X3.989 Y-1.069 E172.45804
G1 X4.9 Y-1.071 E172.47319
G1 X4.9 Y-4.9 E172.53687
G1 X0.375 Y-4.9 E172.61212
G1 X0.375 Y-4.002 E172.62705
G1 X0.295 Y-3.953 E172.62861
G1 X-.821 Y-3.952 E172.64717
G1 X-.902 Y-4.003 E172.64876
G1 X-.902 Y-4.9 E172.66368
G1 X-4.9 Y-4.9 E172.73017
G1 X-4.9 Y4.9 E172.89314
G1 X4.9 Y4.9 E173.05612
G0 F9000 X4.9 Y4.7
G0 X4.53 Y4.53
G0 X4.317 Y1.562
G0 X4.318 Y1.24
;TYPE:SKIN
G1 F1080.1 X4.032 Y1.238 E173.06097
G1 F1020.1 X3.928 Y1.225 E173.06285
G0 F9000 X3.714 Y1.439
G1 F1101.7 X4.52 Y1.444 E173.07626
G1 X4.52 Y1.037 E173.08302
G1 X4.033 Y1.036 E173.09112
G1 X3.715 Y0.937 E173.09666
G1 X3.714 Y1.439 E173.10501
G0 F9000 X3.593 Y1.439
G0 X3.594 Y-1.66
G0 X3.94 Y-1.66
G1 F903 X4.301 Y-1.668 E173.11234
G0 F9000 X3.715 Y-1.317
G1 F1101.7 X3.79 Y-1.379 E173.11395
G1 X4.018 Y-1.448 E173.11792
G1 X4.52 Y-1.452 E173.12626
G1 X4.52 Y-1.889 E173.13353
G1 X3.715 Y-1.884 E173.14692
G1 X3.715 Y-1.317 E173.15635
G0 F9000 X3.624 Y-1.438
G0 X1.354 Y-3.975
G0 X0.99 Y-3.975
G1 F778.6 X0.995 Y-4.281 E173.16355
G0 F9000 X0.654 Y-3.731
G1 F1101.7 X1.234 Y-3.731 E173.17319
G1 X1.234 Y-4.52 E173.18632
G1 X0.756 Y-4.52 E173.19427
G1 X0.755 Y-4.038 E173.20228
G1 X0.654 Y-3.731 E173.20766
G0 F9000 X0.745 Y-3.641
G0 X-1.23 Y-3.623
G0 X-1.734 Y-3.682
G0 X-1.804 Y-3.945
G0 X-1.472 Y-3.943
G1 F1024.8 X-1.483 Y-4.008 E173.20883
G1 F1080.1 X-1.482 Y-4.32 E173.21413
G0 F9000 X-1.183 Y-3.731
G1 F1101.7 X-1.281 Y-4.038 E173.21949
G1 X-1.282 Y-4.52 E173.2275
G1 X-1.681 Y-4.52 E173.23414
G1 X-1.686 Y-3.731 E173.24726
G1 X-1.183 Y-3.731 E173.25562
G0 F9000 X-1.343 Y-3.51
;MESH:NONMESH
G0 F300 X-1.343 Y-3.51 Z5.5
G0 F9000 X3.533 Y-0.071
G0 X3.696 Y-0.07
;TIME_ELAPSED:512.477507
;LAYER:26
;TYPE:FILL
;MESH:xyzCalibration_cube.stl
G1 F1110.2 X-4.659 Y2.168 E173.39947
G0 F9000 X-4.659 Y2.364
G1 F1110.2 X-2.777 Y-4.66 E173.5204
G0 F9000 X-2.356 Y-4.659
G1 F1110.2 X-4.659 Y-4.042 E173.56005
G0 F9000 X-4.5 Y-4.042
G0 X-3.402 Y-4.5
G0 X-3.402 Y-4.659
G1 F1110.2 X4.659 Y3.402 E173.74963
G0 F9000 X4.659 Y2.777
G1 F1110.2 X-2.365 Y4.66 E173.87056
G0 F9000 X-2.169 Y4.66
G1 F1110.2 X0.074 Y-3.711 E174.01468
G0 F9000 X0.074 Y-3.551
G0 X1.412 Y-3.683
G0 X1.483 Y-4.118
G0 X1.381 Y-4.118
G1 F1110.2 X3.694 Y-1.805 E174.06908
G0 F9000 X3.595 Y-1.805
G0 X4.5 Y-3.433
G0 X4.659 Y-3.433
G1 F1110.2 X-4.659 Y-.937 E174.2295
G0 F9000 X-4.659 Y-1.674
G1 F1110.2 X1.674 Y4.659 E174.37845
G0 F9000 X0.936 Y4.66
G1 F1110.2 X3.434 Y-4.659 E174.53889
G0 F9000 X3.434 Y-4.5
G0 X3.604 Y1.096
G0 X3.659 Y1.55
G0 X4.5 Y2.357
G0 X4.659 Y2.357
G1 F1110.2 X4.042 Y4.66 E174.57854
G0 F9000 X4.042 Y4.5
G0 X-2.568 Y4.5
G0 X-2.568 Y4.659
G1 F1110.2 X-4.659 Y2.568 E174.62772
G0 F9000 X-4.5 Y2.568
G0 X4.53 Y4.53
G0 X4.7 Y4.7
;TYPE:WALL-INNER
G1 F1110.2 X4.7 Y0.971 E174.68973
G1 X4.031 Y0.969 E174.70086
G1 X3.852 Y0.91 E174.70399
G1 X3.736 Y0.724 E174.70764
G1 X3.736 Y-1.164 E174.73904
G1 X3.869 Y-1.341 E174.74272
G1 X4.032 Y-1.389 E174.74554
G1 X4.7 Y-1.391 E174.75665
G1 X4.7 Y-4.7 E174.81168
G1 X0.703 Y-4.7 E174.87815
G1 X0.703 Y-4.053 E174.88891
G1 X0.645 Y-3.873 E174.89206
G1 X0.552 Y-3.791 E174.89412
G1 X0.404 Y-3.751 E174.89667
G1 X-.969 Y-3.751 E174.9195
G1 X-1.159 Y-3.877 E174.92329
G1 X-1.214 Y-4.051 E174.92633
G1 X-1.214 Y-4.7 E174.93712
G1 X-4.7 Y-4.7 E174.99509
G1 X-4.7 Y4.7 E175.15141
G1 X4.7 Y4.7 E175.30774
G0 F9000 X4.9 Y4.9
;TYPE:WALL-OUTER
G1 F1110.2 X4.9 Y0.771 E175.3764
G1 X3.984 Y0.769 E175.39164
G1 X3.933 Y0.688 E175.39323
G1 X3.937 Y-1.121 E175.42331
G1 X3.991 Y-1.189 E175.42476
G1 X4.9 Y-1.191 E175.43987
G1 X4.9 Y-4.9 E175.50155
G1 X0.503 Y-4.9 E175.57468
G1 X0.503 Y-4.006 E175.58954
G1 X0.437 Y-3.957 E175.59091
G1 X-.94 Y-3.954 E175.61381
G1 X-1.014 Y-4.006 E175.61531
G1 X-1.014 Y-4.9 E175.63018
G1 X-4.9 Y-4.9 E175.69481
G1 X-4.9 Y4.9 E175.85778
G1 X4.9 Y4.9 E176.02075
G0 F9000 X4.9 Y4.7
G0 X4.53 Y4.53
G0 X4.316 Y1.675
G0 X4.317 Y1.353
;TYPE:SKIN
G1 F1077.9 X4.032 Y1.352 E176.02564
G1 F1023.3 X3.928 Y1.339 E176.02753
G0 F9000 X3.713 Y1.552
G1 F1110.2 X4.52 Y1.557 E176.04095
G1 X4.52 Y1.152 E176.04768
G1 X4.034 Y1.149 E176.05577
G1 X3.714 Y1.05 E176.06134
G1 X3.713 Y1.552 E176.06968
G0 F9000 X3.593 Y1.552
G0 X3.595 Y-1.78
G0 X3.94 Y-1.78
G1 F910 X4.301 Y-1.788 E176.07701
G0 F9000 X3.716 Y-1.443
G1 F1110.2 X3.795 Y-1.505 E176.07868
G1 X4.015 Y-1.568 E176.08249
G1 X4.52 Y-1.572 E176.09089
G1 X4.52 Y-2.009 E176.09815
G1 X3.715 Y-2.004 E176.11154
G1 X3.716 Y-1.443 E176.12087
G0 F9000 X3.625 Y-1.558
G0 X1.118 Y-3.611
G0 X1.118 Y-3.975
G1 F781.9 X1.122 Y-4.281 E176.1281
G0 F9000 X0.784 Y-3.731
G1 F1110.2 X1.364 Y-3.731 E176.13774
G1 X1.359 Y-4.52 E176.15086
G1 X0.883 Y-4.52 E176.15878
G1 X0.883 Y-4.037 E176.16681
G1 X0.784 Y-3.731 E176.17216
G0 F9000 X0.873 Y-3.641
G0 X-1.342 Y-3.623
G0 X-1.844 Y-3.682
G0 X-1.916 Y-3.943
G0 X-1.584 Y-3.943
G1 F1037.6 X-1.594 Y-4.006 E176.17329
G1 F1088.5 X-1.595 Y-4.319 E176.1786
G0 F9000 X-1.263 Y-3.73
G1 F1110.2 X-1.318 Y-3.798 E176.18006
G1 X-1.393 Y-4.038 E176.18424
G1 X-1.394 Y-4.52 E176.19226
G1 X-1.796 Y-4.52 E176.19894
G1 X-1.795 Y-3.731 E176.21206
G1 X-1.263 Y-3.73 E176.22091
G0 F9000 X-1.455 Y-3.51
;MESH:NONMESH
G0 F300 X-1.455 Y-3.51 Z5.7
G0 F9000 X3.532 Y0.076
G0 X3.692 Y0.076
;TIME_ELAPSED:525.646890
;LAYER:27
;TYPE:FILL
;MESH:xyzCalibration_cube.stl
G1 F1151.6 X-4.658 Y2.314 E176.36467
G1 X-4.659 Y2.368
G1 X-2.368 Y4.659 E176.41855
G1 X-2.315 Y4.66
G1 X-0.071 Y-3.711 E176.56268
G0 F9000 X-0.071 Y-3.551
G0 X1.537 Y-3.685
G0 X1.609 Y-4.19
G0 X1.508 Y-4.19
G1 F1151.6 X3.694 Y-2.004 E176.61409
G0 F9000 X3.595 Y-2.004
G0 X4.5 Y-3.287
G0 X4.658 Y-3.287
G1 F1151.6 X-4.658 Y-.791 E176.77448
G0 F9000 X-4.5 Y-.791
G0 X-4.5 Y-1.873
G0 X-4.659 Y-1.873
G1 F1151.6 X1.873 Y4.659 E176.9281
G0 F9000 X1.873 Y4.5
G0 X0.79 Y4.5
G0 X0.79 Y4.66
G1 F1151.6 X3.288 Y-4.659 E177.08855
G0 F9000 X3.288 Y-4.5
G0 X1.537 Y-3.685
G0 X0.959 Y-3.624
G0 X-1.455 Y-3.623
G0 X-1.959 Y-3.682
G0 X-1.997 Y-4.53
G0 X-1.926 Y-4.629
G1 F1151.6 X-4.658 Y-3.897 E177.13558
G0 F9000 X-4.5 Y-3.897
G0 X-3.201 Y-4.5
G0 X-3.201 Y-4.658
G1 F1151.6 X4.659 Y3.203 E177.32045
G0 F9000 X4.659 Y2.923
G1 F1151.6 X-1.819 Y4.659 E177.43198
G0 F9000 X-1.819 Y4.5
G0 X-4.5 Y1.818
G0 X-4.659 Y1.818
G1 F1151.6 X-2.923 Y-4.659 E177.5435
G0 F9000 X-2.923 Y-4.5
G0 X3.666 Y1.715
G0 X4.5 Y1.814
G0 X4.659 Y1.814
G1 F1151.6 X3.896 Y4.66 E177.5925
G0 F9000 X4.7 Y4.7
;TYPE:WALL-INNER
G1 F1151.6 X4.7 Y1.084 E177.65263
G1 X4.031 Y1.082 E177.66376
G1 X3.856 Y1.026 E177.66681
G1 X3.737 Y0.838 E177.67051
G1 X3.74 Y-.127 E177.68656
G1 X3.852 Y-.212 E177.6889
G1 X3.733 Y-.304 E177.6914
G1 X3.734 Y-1.275 E177.70755
G1 X3.875 Y-1.464 E177.71147
G1 X4.033 Y-1.509 E177.7142
G1 X4.7 Y-1.51 E177.72529
G1 X4.7 Y-4.7 E177.77834
G1 X0.831 Y-4.7 E177.84269
G1 X0.831 Y-4.053 E177.85345
G1 X0.776 Y-3.877 E177.85651
G1 X0.594 Y-3.758 E177.86013
G1 X-1.084 Y-3.751 E177.88803
G1 X-1.275 Y-3.881 E177.89188
G1 X-1.327 Y-4.052 E177.89485
G1 X-1.327 Y-4.7 E177.90562
G1 X-4.699 Y-4.699 E177.9617
G1 X-4.7 Y4.7 E178.11801
G1 X4.7 Y4.7 E178.27433
G0 F9000 X4.9 Y4.9
;TYPE:WALL-OUTER
G1 F1151.6 X4.9 Y0.884 E178.34112
G1 X3.987 Y0.882 E178.3563
G1 X3.939 Y0.822 E178.35758
G1 X3.934 Y-0.078 E178.37254
G1 F889.2 X4.033 Y-.211 E178.37612
G1 X3.935 Y-.346 E178.37971
G1 F1151.6 X3.939 Y-1.241 E178.39459
G1 X3.993 Y-1.309 E178.39604
G1 X4.9 Y-1.31 E178.41112
G1 X4.9 Y-4.9 E178.47082
G1 X0.631 Y-4.9 E178.54182
G1 X0.631 Y-4.005 E178.5567
G1 X0.552 Y-3.954 E178.55826
G1 X-1.053 Y-3.954 E178.58495
G1 X-1.127 Y-4.006 E178.58646
G1 X-1.127 Y-4.9 E178.60133
G1 X-4.899 Y-4.899 E178.66405
G1 X-4.9 Y4.9 E178.82701
G1 X4.9 Y4.9 E178.98999
G0 F9000 X4.9 Y4.7
G1 F1500 E172.48999
G0 F9000 X4.53 Y4.53
G0 X4.786 Y0.998
G0 X4.841 Y-.211
G1 F1500 E178.98999
G1 F724.3 X4.033 Y-.211 E179.01135
G0 F9000 X3.732 Y-.211
G0 X3.593 Y1.455
G0 X3.926 Y1.455
;TYPE:SKIN
G1 F1076.2 X3.998 Y1.465 E179.01265
G1 F1118 X4.317 Y1.467 E179.01811
G0 F9000 X4.52 Y1.671
G1 F1151.6 X4.52 Y1.265 E179.02486
G1 X4.003 Y1.258 E179.03346
G1 X3.714 Y1.139 E179.03866
G1 X3.715 Y1.666 E179.04742
G1 X4.52 Y1.671 E179.06081
G0 F9000 X4.519 Y1.79
G0 X3.666 Y1.715
G0 X3.604 Y1.209
G0 X3.606 Y-1.637
G0 X3.667 Y-2.173
G0 X4.3 Y-2.248
G0 X4.301 Y-1.908
G1 F943.9 X3.94 Y-1.9 E179.06814
G0 F9000 X3.716 Y-1.56
G1 F1151.6 X3.805 Y-1.63 E179.07002
G1 X4.016 Y-1.688 E179.07366
G1 X4.52 Y-1.69 E179.08204
G1 X4.52 Y-2.129 E179.08934
G1 X3.715 Y-2.124 E179.10273
G1 X3.716 Y-1.56 E179.11211
G0 F9000 X3.625 Y-1.679
G0 X1.609 Y-3.977
G0 X1.245 Y-3.977
G1 F813.8 X1.25 Y-4.281 E179.11926
G0 F9000 X0.88 Y-3.73
G1 F1151.6 X1.489 Y-3.734 E179.12939
G1 X1.489 Y-4.52 E179.14246
G1 X1.011 Y-4.52 E179.15041
G1 X1.009 Y-4.034 E179.15849
G1 X0.88 Y-3.73 E179.16398
G0 F9000 X1.001 Y-3.64
G0 X-1.455 Y-3.623
G0 X-1.959 Y-3.682
G0 X-2.029 Y-3.944
G0 X-1.698 Y-3.942
G1 F1066.3 X-1.709 Y-4.003 E179.1651
G1 F1123.5 X-1.707 Y-4.32 E179.1705
G0 F9000 X-1.378 Y-3.731
G1 F1151.6 X-1.438 Y-3.805 E179.17208
G1 X-1.506 Y-4.037 E179.17611
G1 X-1.507 Y-4.52 E179.18414
G1 X-1.906 Y-4.52 E179.19077
G1 X-1.911 Y-3.73 E179.20391
G1 X-1.378 Y-3.731 E179.21277
G0 F9000 X-1.568 Y-3.51
;MESH:NONMESH
G0 F300 X-1.568 Y-3.51 Z5.9
G0 F9000 X3.532 Y0.222
G0 X3.693 Y0.222
;TIME_ELAPSED:539.532479
;LAYER:28
;TYPE:FILL
;MESH:xyzCalibration_cube.stl
G1 F1161.2 X-4.658 Y2.46 E179.35655
G0 F9000 X-4.659 Y2.169
G1 F1161.2 X-2.169 Y4.659 E179.41511
G0 F9000 X-2.46 Y4.659
G1 F1161.2 X-.207 Y-3.751 E179.5599
G0 F9000 X-.207 Y-3.55
G0 X1.665 Y-3.682
G0 X1.737 Y-4.261
G0 X1.636 Y-4.261
G1 F1161.2 X3.695 Y-2.203 E179.60832
G0 F9000 X3.596 Y-2.203
G0 X4.5 Y-3.142
G0 X4.659 Y-3.142
G1 F1161.2 X-4.658 Y-.645 E179.76873
G0 F9000 X-4.5 Y-.645
G0 X-4.5 Y-2.072
G0 X-4.659 Y-2.072
G1 F1161.2 X2.073 Y4.659 E179.92704
G0 F9000 X2.073 Y4.5
G0 X0.644 Y4.5
G0 X0.644 Y4.66
G1 F1161.2 X3.142 Y-4.659 E180.08749
G0 F9000 X3.142 Y-4.5
G0 X1.665 Y-3.682
G0 X1.086 Y-3.623
G0 X-1.567 Y-3.622
G0 X-2.069 Y-3.681
G0 X-2.141 Y-4.452
G0 X-2.04 Y-4.452
G1 F1161.2 X-4.658 Y-3.751 E180.13256
G0 F9000 X-4.5 Y-3.751
G0 X-3.069 Y-4.5
G0 X-3.069 Y-4.659
G1 F1161.2 X-4.659 Y1.273 E180.23469
G0 F9000 X-4.5 Y1.273
G0 X-1.275 Y4.5
G0 X-1.275 Y4.659
G1 F1161.2 X4.659 Y3.069 E180.33686
G1 X4.659 Y3.003
G1 X-3.002 Y-4.658 E180.51703
G0 F9000 X-3.002 Y-4.5
G0 X3.666 Y1.828
G0 X4.515 Y1.903
G0 X4.516 Y1.802
G1 F1161.2 X3.75 Y4.66 E180.56624
G0 F9000 X4.7 Y4.7
;TYPE:WALL-INNER
G1 F1161.2 X4.7 Y1.197 E180.62449
G1 X4.031 Y1.195 E180.63562
G1 X3.86 Y1.142 E180.6386
G1 X3.737 Y0.951 E180.64237
G1 X3.733 Y-0.046 E180.65895
G1 X3.992 Y-.215 E180.6641
G1 X3.734 Y-.384 E180.66923
G1 X3.734 Y-1.4 E180.68612
G1 X3.88 Y-1.587 E180.69007
G1 X4.033 Y-1.628 E180.6927
G1 X4.7 Y-1.63 E180.70379
G1 X4.7 Y-4.7 E180.75485
G1 X0.958 Y-4.7 E180.81708
G1 X0.958 Y-4.051 E180.82787
G1 X0.906 Y-3.881 E180.83083
G1 X0.722 Y-3.757 E180.83452
G1 X-.182 Y-3.751 E180.84955
G1 X-.228 Y-3.799 E180.85066
G1 X-.274 Y-3.751 E180.85176
G1 X-1.196 Y-3.75 E180.86709
G1 X-1.39 Y-3.885 E180.87103
G1 X-1.439 Y-4.05 E180.87389
G1 X-1.439 Y-4.7 E180.8847
G1 X-4.699 Y-4.699 E180.93891
G1 X-4.7 Y4.7 E181.09522
G1 X4.7 Y4.7 E181.25154
G0 F9000 X4.9 Y4.9
;TYPE:WALL-OUTER
G1 F1161.2 X4.9 Y0.997 E181.31645
G1 X3.985 Y0.995 E181.33166
G1 X3.933 Y0.914 E181.33326
G1 X3.932 Y0.027 E181.34802
G1 F984.1 X4.034 Y-0.077 E181.35087
G1 F850.7 X4.863 Y-0.077 E181.36969
G1 F847.6 X4.863 Y-.351 E181.37593
G1 F850.7 X4.034 Y-.351 E181.39475
G1 F984.1 X3.934 Y-.454 E181.39757
G1 F1161.2 X3.939 Y-1.361 E181.41265
G1 X3.992 Y-1.428 E181.41407
G1 X4.9 Y-1.43 E181.42917
G1 X4.9 Y-4.9 E181.48688
G1 X0.758 Y-4.9 E181.55576
G1 X0.758 Y-4.005 E181.57065
G1 X0.68 Y-3.953 E181.57221
G1 X-.16 Y-3.95 E181.58618
G1 F1290.3 X-.228 Y-4.044 E181.58791
G1 X-.296 Y-3.95 E181.58965
G1 F1161.2 X-1.166 Y-3.953 E181.60412
G1 X-1.239 Y-4.007 E181.60563
G1 X-1.239 Y-4.9 E181.62048
G1 X-4.899 Y-4.899 E181.68134
G1 X-4.9 Y4.9 E181.8443
G1 X4.9 Y4.9 E182.00728
G0 F9000 X4.9 Y4.7
G1 F1500 E175.50728
G0 F9000 X4.53 Y4.53
G0 X-.228 Y-3.55
G0 X-.228 Y-4.044
G1 F1500 E182.00728
G1 F1451.6 X-.228 Y-4.228 E182.00972
G0 F9000 X-.228 Y-3.75
G0 X0.886 Y-3.823
G0 X1.03 Y-4.628
G0 X1.665 Y-4.628
G0 X1.737 Y-4.281
G0 X1.378 Y-4.281
;TYPE:SKIN
G1 F820.7 X1.373 Y-3.974 E182.01695
G0 F9000 X1.006 Y-3.731
G1 F1161.2 X1.617 Y-3.73 E182.02711
G1 X1.617 Y-4.52 E182.04025
G1 X1.139 Y-4.52 E182.0482
G1 X1.138 Y-4.036 E182.05625
G1 X1.006 Y-3.731 E182.06177
G0 F9000 X1.128 Y-3.64
G0 X-1.567 Y-3.622
G0 X-2.069 Y-3.681
G0 X-2.141 Y-3.94
G0 X-1.81 Y-3.94
G1 F1090.4 X-1.819 Y-3.999 E182.06283
G1 F1138.5 X-1.82 Y-4.319 E182.06826
G0 F9000 X-1.489 Y-3.73
G1 F1161.2 X-1.554 Y-3.812 E182.07
G1 X-1.616 Y-4.021 E182.07362
G1 X-1.619 Y-4.52 E182.08192
G1 X-2.021 Y-4.52 E182.08861
G1 X-2.02 Y-3.73 E182.10174
G1 X-1.489 Y-3.73 E182.11058
G0 F9000 X-1.609 Y-3.639
G0 X3.595 Y-2.02
G0 X3.941 Y-2.02
G1 F951.8 X4.301 Y-2.027 E182.11788
G0 F9000 X3.716 Y-1.658
G1 F1161.2 X3.815 Y-1.753 E182.12016
G1 X4.014 Y-1.807 E182.12359
G1 X4.52 Y-1.811 E182.13201
G1 X4.52 Y-2.248 E182.13927
G1 X3.716 Y-2.243 E182.15264
G1 X3.716 Y-1.658 E182.16237
G0 F9000 X3.625 Y-1.797
G0 X3.594 Y1.568
G0 X3.926 Y1.568
G1 F1085.3 X4.001 Y1.578 E182.16372
G1 F1127.4 X4.317 Y1.58 E182.16913
G0 F9000 X4.52 Y1.784
G1 F1161.2 X4.52 Y1.378 E182.17588
G1 X4.005 Y1.371 E182.18445
G1 X3.715 Y1.251 E182.18967
G1 X3.714 Y1.779 E182.19845
G1 X4.52 Y1.784 E182.21185
G0 F9000 X4.4 Y2.003
;MESH:NONMESH
G0 F300 X4.4 Y2.003 Z6.1
G0 F9000 X3.666 Y1.828
G0 X3.532 Y0.369
G0 X3.693 Y0.369
;TIME_ELAPSED:553.658384
;LAYER:29
;TYPE:FILL
;MESH:xyzCalibration_cube.stl
G1 F1112.6 X-4.658 Y2.607 E182.35563
G0 F9000 X-4.659 Y1.968
G1 F1112.6 X-1.968 Y4.659 E182.41892
G0 F9000 X-2.607 Y4.659
G1 F1112.6 X-.364 Y-3.712 E182.56304
G0 F9000 X-.364 Y-3.55
G0 X-1.851 Y-3.609
G0 X-1.851 Y-3.708
G1 F1112.6 X3.693 Y1.837 E182.69344
G0 F9000 X3.77 Y1.913
G1 F1112.6 X4.659 Y2.802 E182.71435
G0 F9000 X4.659 Y3.216
G1 F1112.6 X-.726 Y4.659 E182.80706
G0 F9000 X-.726 Y4.5
G0 X0.497 Y4.5
G0 X0.497 Y4.66
G1 F1112.6 X2.995 Y-4.66 E182.96752
G0 F9000 X2.995 Y-4.5
G0 X1.865 Y-4.334
G0 X1.764 Y-4.334
G1 F1112.6 X3.714 Y-2.385 E183.01337
G0 F9000 X3.715 Y-2.485
G0 X4.5 Y-2.995
G0 X4.659 Y-2.995
G1 F1112.6 X-4.659 Y-.497 E183.1738
G0 F9000 X-4.5 Y-.497
G0 X-4.5 Y0.725
G0 X-4.659 Y0.725
G1 F1112.6 X-3.216 Y-4.66 E183.26651
G0 F9000 X-2.802 Y-4.659
G1 F1112.6 X-2.154 Y-4.011 E183.28175
G0 F9000 X-2.153 Y-4.275
G1 F1112.6 X-4.659 Y-3.603 E183.3249
G0 F9000 X-4.5 Y-3.603
G0 X-4.5 Y-2.274
G0 X-4.659 Y-2.274
G1 F1112.6 X2.274 Y4.659 E183.48796
G0 F9000 X2.274 Y4.5
G0 X3.603 Y4.5
G0 X3.603 Y4.66
G1 F1112.6 X4.339 Y1.914 E183.53523
G0 F9000 X4.338 Y2.015
G0 X4.53 Y4.53
G0 X4.7 Y4.7
;TYPE:WALL-INNER
G1 F1112.6 X4.7 Y1.311 E183.59159
G1 X4.032 Y1.309 E183.6027
G1 X3.866 Y1.259 E183.60559
G1 X3.733 Y1.064 E183.60951
G1 X3.736 Y0.124 E183.62514
G1 X3.776 Y0.013 E183.6271
G1 F1152.9 X4.034 Y-.123 E183.63179
G1 F1189.9 X4.706 Y-.123 E183.64223
G1 F1183.6 X4.706 Y-.311 E183.64517
G1 F1189.9 X4.034 Y-.311 E183.65562
G1 F1152.9 X3.777 Y-.448 E183.6603
G1 F1112.6 X3.735 Y-.574 E183.6625
G1 X3.734 Y-1.522 E183.67827
G1 X3.886 Y-1.71 E183.68229
G1 X4.033 Y-1.748 E183.68482
G1 X4.7 Y-1.75 E183.69591
G1 X4.7 Y-4.7 E183.74497
G1 X1.086 Y-4.7 E183.80507
G1 X1.086 Y-4.051 E183.81586
G1 X1.038 Y-3.887 E183.8187
G1 X0.835 Y-3.751 E183.82277
G1 X-0.096 Y-3.752 E183.83825
G1 X-.221 Y-3.903 E183.84151
G1 X-.346 Y-3.752 E183.84477
G1 X-1.311 Y-3.75 E183.86082
G1 X-1.507 Y-3.89 E183.86482
G1 X-1.552 Y-4.051 E183.8676
G1 X-1.552 Y-4.7 E183.87839
G1 X-4.7 Y-4.7 E183.93075
G1 X-4.7 Y4.7 E184.08707
G1 X4.7 Y4.7 E184.24339
G0 F9000 X4.9 Y4.9
;TYPE:WALL-OUTER
G1 F1112.6 X4.9 Y1.111 E184.3064
G1 X3.988 Y1.109 E184.32157
G1 X3.936 Y1.035 E184.32307
G1 X3.937 Y0.122 E184.33826
G1 X4.034 Y0.07 E184.34009
G1 X4.9 Y0.071 E184.35449
G1 X4.9 Y-.505 E184.36407
G1 X4.034 Y-.504 E184.37847
G1 X3.935 Y-.559 E184.38035
G1 X3.939 Y-1.482 E184.3957
G1 X3.994 Y-1.548 E184.39713
G1 X4.9 Y-1.55 E184.4122
G1 X4.9 Y-4.9 E184.46791
G1 X0.886 Y-4.9 E184.53466
G1 X0.886 Y-4.006 E184.54953
G1 X0.808 Y-3.953 E184.5511
G1 X-0.049 Y-3.953 E184.56535
G1 X-.121 Y-4.041 E184.56724
G1 F1118.2 X-.122 Y-4.901 E184.58147
G1 X-.32 Y-4.901 E184.58475
G1 X-.321 Y-4.041 E184.59898
G1 F1112.6 X-.393 Y-3.953 E184.60087
G1 X-1.279 Y-3.953 E184.6156
G1 X-1.352 Y-4.007 E184.61711
G1 X-1.352 Y-4.9 E184.63196
G1 X-4.9 Y-4.9 E184.69097
G1 X-4.9 Y4.9 E184.85394
G1 X4.9 Y4.9 E185.01692
G0 F9000 X4.9 Y4.7
G0 X4.53 Y4.53
G0 X4.317 Y2.015
G0 X4.318 Y1.693
;TYPE:SKIN
G1 F1090.7 X3.999 Y1.691 E185.02233
G1 F1049.6 X3.926 Y1.682 E185.02362
G0 F9000 X4.52 Y1.897
G1 F1112.6 X4.52 Y1.492 E185.03036
G1 X4.005 Y1.485 E185.03892
G1 X3.714 Y1.361 E185.04418
G1 X3.715 Y1.892 E185.05301
G1 X4.52 Y1.897 E185.0664
G0 F9000 X4.519 Y2.016
G0 X3.666 Y1.941
G0 X3.605 Y1.436
G0 X3.606 Y-1.875
G0 X3.668 Y-2.412
G0 X4.3 Y-2.487
G0 X4.301 Y-2.147
G1 F911.9 X3.941 Y-2.14 E185.07371
G0 F9000 X3.716 Y-1.793
G1 F1112.6 X3.819 Y-1.876 E185.07591
G1 X4.018 Y-1.927 E185.07932
G1 X4.52 Y-1.931 E185.08767
G1 X4.52 Y-2.368 E185.09494
G1 X3.716 Y-2.363 E185.10831
G1 X3.716 Y-1.793 E185.11779
G0 F9000 X3.626 Y-1.917
G0 X1.865 Y-3.974
G0 X1.501 Y-3.974
G1 F786.3 X1.506 Y-4.281 E185.12501
G0 F9000 X1.135 Y-3.73
G1 F1112.6 X1.745 Y-3.73 E185.13516
G1 X1.745 Y-4.52 E185.1483
G1 X1.267 Y-4.52 E185.15625
G1 X1.266 Y-4.038 E185.16426
G1 X1.201 Y-3.813 E185.16816
G1 X1.135 Y-3.73 E185.16992
G0 F9000 X1.256 Y-3.64
G0 X-1.896 Y-3.609
G0 X-1.896 Y-3.94
G1 F993.4 X-1.952 Y-3.94 E185.17096
G1 X-1.911 Y-3.964 E185.17185
G1 F1030.2 X-1.933 Y-4.002 E185.17264
G1 F1090.7 X-1.932 Y-4.32 E185.17803
G0 F9000 X-1.6 Y-3.73
G1 F1112.6 X-1.671 Y-3.821 E185.17995
G1 X-1.729 Y-4.024 E185.18346
G1 X-1.732 Y-4.52 E185.19171
G1 X-2.131 Y-4.52 E185.19835
G1 X-2.136 Y-3.729 E185.2115
G1 X-1.6 Y-3.73 E185.22041
G0 F9000 X-1.793 Y-3.509
;MESH:NONMESH
G0 F300 X-1.793 Y-3.509 Z6.3
G0 F9000 X3.533 Y0.515
G0 X3.692 Y0.515
;TIME_ELAPSED:566.981689
;LAYER:30
;TYPE:FILL
;MESH:xyzCalibration_cube.stl
G1 F1159.8 X-4.659 Y2.753 E185.36419
G0 F9000 X-4.659 Y1.769
G1 F1159.8 X-1.769 Y4.659 E185.43216
G0 F9000 X-2.753 Y4.66
G1 F1159.8 X-.51 Y-3.711 E185.57628
G0 F9000 X-.51 Y-3.55
G0 X-1.651 Y-3.55
G0 X-1.651 Y-3.708
G1 F1159.8 X3.693 Y1.636 E185.70196
G0 F9000 X4.085 Y2.029
G1 F1159.8 X4.659 Y2.603 E185.71546
G0 F9000 X4.659 Y3.362
G1 F1159.8 X-.182 Y4.659 E185.79881
G0 F9000 X0.351 Y4.659
G1 F1159.8 X2.849 Y-4.66 E185.95926
G0 F9000 X1.892 Y-4.405
G1 F1159.8 X3.795 Y-2.503 E186.004
G0 F9000 X4.659 Y-2.849
G1 F1159.8 X-4.658 Y-.352 E186.16441
G0 F9000 X-4.659 Y0.18
G1 F1159.8 X-3.362 Y-4.659 E186.24772
G0 F9000 X-2.602 Y-4.658
G1 F1159.8 X-2.265 Y-4.321 E186.25565
G0 F9000 X-2.265 Y-4.099
G1 F1159.8 X-4.657 Y-3.458 E186.29683
G0 F9000 X-4.659 Y-2.472
G1 F1159.8 X2.473 Y4.659 E186.46455
G0 F9000 X3.457 Y4.66
G1 F1159.8 X4.163 Y2.027 E186.50989
G0 F9000 X4.162 Y2.129
G0 X4.53 Y4.53
G0 X4.7 Y4.7
;TYPE:WALL-INNER
G1 F1159.8 X4.7 Y1.424 E186.56437
G1 X4.032 Y1.422 E186.57548
G1 X3.87 Y1.375 E186.57828
G1 X3.733 Y1.179 E186.58226
G1 X3.736 Y0.233 E186.59799
G1 X3.797 Y0.094 E186.60052
G1 X4.035 Y-0.019 E186.6049
G1 X4.7 Y-0.019 E186.61596
G1 X4.7 Y-.421 E186.62264
G1 X4.035 Y-.421 E186.6337
G1 X3.798 Y-.534 E186.63807
G1 X3.736 Y-.682 E186.64073
G1 X3.735 Y-1.642 E186.6567
G1 X3.893 Y-1.832 E186.66081
G1 X4.034 Y-1.867 E186.66323
G1 X4.7 Y-1.869 E186.6743
G1 X4.7 Y-4.7 E186.72138
G1 X1.214 Y-4.7 E186.77935
G1 X1.214 Y-4.051 E186.79015
G1 X1.169 Y-3.892 E186.79289
G1 X0.966 Y-3.751 E186.797
G1 X0.002 Y-3.75 E186.81304
G1 F1054.3 X-.214 Y-4.023 E186.8194
G1 X-.43 Y-3.751 E186.82576
G1 F1159.8 X-1.424 Y-3.75 E186.84229
G1 X-1.622 Y-3.895 E186.84637
G1 X-1.664 Y-4.051 E186.84906
G1 X-1.664 Y-4.7 E186.85985
G1 X-4.699 Y-4.699 E186.91032
G1 X-4.7 Y4.7 E187.06663
G1 X4.7 Y4.7 E187.22295
G0 F9000 X4.53 Y4.53
G0 X-.214 Y-3.55
G0 X-.214 Y-4.023
G1 F970.5 X-.215 Y-4.682 E187.23605
G1 F1500 E180.73605
G0 F9000 X-.132 Y-3.908
G0 X4.73 Y4.73
G0 X4.9 Y4.9
;TYPE:WALL-OUTER
G1 F1500 E187.23605
G1 F1159.8 X4.9 Y1.224 E187.29718
G1 X3.989 Y1.222 E187.31233
G1 X3.936 Y1.149 E187.31383
G1 X3.934 Y0.227 E187.32916
G1 X4.035 Y0.181 E187.33101
G1 X4.9 Y0.181 E187.34539
G1 X4.9 Y-.621 E187.35873
G1 X4.035 Y-.621 E187.37311
G1 X3.934 Y-.668 E187.37497
G1 X3.94 Y-1.601 E187.39048
G1 X3.996 Y-1.667 E187.39192
G1 X4.9 Y-1.669 E187.40696
G1 X4.9 Y-4.9 E187.46069
G1 X1.014 Y-4.9 E187.52531
G1 X1.014 Y-4.006 E187.54018
G1 X0.937 Y-3.953 E187.54173
G1 X0.069 Y-3.95 E187.55617
G1 X0.005 Y-4.041 E187.55802
G1 X0.003 Y-4.9 E187.5723
G1 X-.432 Y-4.9 E187.57954
G1 X-.434 Y-4.041 E187.59382
G1 X-.492 Y-3.958 E187.59551
G1 X-1.391 Y-3.953 E187.61046
G1 X-1.464 Y-4.009 E187.61199
G1 X-1.464 Y-4.9 E187.62681
G1 X-4.899 Y-4.899 E187.68393
G1 X-4.9 Y4.9 E187.84689
G1 X4.9 Y4.9 E188.00986
G0 F9000 X4.9 Y4.7
G0 X4.53 Y4.53
G0 X4.315 Y2.129
G0 X4.316 Y1.806
;TYPE:SKIN
G1 F1078.9 X3.927 Y1.796 E188.01682
G0 F9000 X4.52 Y2.011
G1 F1159.8 X4.52 Y1.605 E188.02357
G1 X4.007 Y1.599 E188.0321
G1 X3.795 Y1.537 E188.03578
G1 X3.715 Y1.474 E188.03747
G1 X3.715 Y2.006 E188.04632
G1 X4.52 Y2.011 E188.0597
G0 F9000 X4.519 Y2.13
G0 X3.667 Y2.055
G0 X3.632 Y1.768
G0 X3.592 Y-.22
G0 X3.817 Y-.22
G1 F713.7 X4.499 Y-.22 E188.07813
G0 F9000 X4.5 Y-0.019
G0 X4.628 Y-.349
G0 X3.806 Y-.493
G0 X3.807 Y-1.795
G0 X4.628 Y-1.941
G0 X4.628 Y-2.535
G0 X4.3 Y-2.606
G0 X4.301 Y-2.266
G1 F954.5 X3.941 Y-2.259 E188.08541
G0 F9000 X3.717 Y-1.912
G1 F1159.8 X3.832 Y-2.001 E188.08783
G1 X4.016 Y-2.046 E188.09098
G1 X4.52 Y-2.05 E188.09936
G1 X4.52 Y-2.487 E188.10663
G1 X3.716 Y-2.482 E188.12
G1 X3.717 Y-1.912 E188.12948
G0 F9000 X3.626 Y-2.036
G0 X1.993 Y-3.973
G0 X1.63 Y-3.973
G1 F822.5 X1.634 Y-4.281 E188.1367
G0 F9000 X1.258 Y-3.73
G1 F1159.8 X1.873 Y-3.73 E188.14693
G1 X1.873 Y-4.52 E188.16007
G1 X1.395 Y-4.52 E188.16801
G1 X1.394 Y-4.034 E188.1761
G1 X1.333 Y-3.822 E188.17977
G1 X1.258 Y-3.73 E188.18174
G0 F9000 X1.384 Y-3.64
G0 X-1.792 Y-3.622
G0 X-2.294 Y-3.681
G0 X-2.366 Y-3.94
G0 X-2.036 Y-3.94
G1 F1083.9 X-2.044 Y-3.998 E188.18278
G1 F1137 X-2.045 Y-4.319 E188.18823
G0 F9000 X-1.711 Y-3.73
G1 F1159.8 X-1.787 Y-3.829 E188.1903
G1 X-1.843 Y-4.032 E188.1938
G1 X-1.844 Y-4.52 E188.20192
G1 X-2.246 Y-4.52 E188.2086
G1 X-2.246 Y-3.729 E188.22176
G1 X-1.711 Y-3.73 E188.23066
G0 F9000 X-1.905 Y-3.509
;MESH:NONMESH
G0 F300 X-1.905 Y-3.509 Z6.5
G0 F9000 X3.533 Y0.662
G0 X3.692 Y0.662
;TIME_ELAPSED:581.186314
;LAYER:31
;TYPE:FILL
;MESH:xyzCalibration_cube.stl
G1 F1116.3 X-4.659 Y2.9 E188.37443
G0 F9000 X-4.5 Y2.9
G0 X-4.5 Y1.568
G0 X-4.659 Y1.568
G1 F1116.3 X-1.568 Y4.659 E188.44713
G0 F9000 X-1.568 Y4.5
G0 X-2.9 Y4.5
G0 X-2.9 Y4.659
G1 F1116.3 X-.657 Y-3.713 E188.59127
G0 F9000 X-1.452 Y-3.709
G1 F1116.3 X3.694 Y1.437 E188.71229
G0 F9000 X3.986 Y2.139
G1 F1116.3 X3.31 Y4.66 E188.7557
G0 F9000 X2.674 Y4.659
G1 F1116.3 X-4.659 Y-2.674 E188.92816
G0 F9000 X-4.659 Y-3.31
G1 F1116.3 X-2.379 Y-3.921 E188.96741
G0 F9000 X-2.48 Y-3.922
G0 X-3.509 Y-4.5
G0 X-3.509 Y-4.66
G1 F1116.3 X-4.659 Y-.367 E189.04132
G0 F9000 X-4.658 Y-.205
G1 F1116.3 X3.695 Y-2.443 E189.18513
G0 F9000 X3.875 Y-2.624
G1 F1116.3 X2.019 Y-4.48 E189.22878
G0 F9000 X2.702 Y-4.659
G1 F1116.3 X0.204 Y4.659 E189.38922
G0 F9000 X0.366 Y4.659
G1 F1116.3 X4.659 Y3.509 E189.46313
G0 F9000 X4.5 Y3.509
G0 X4.5 Y2.402
G0 X4.659 Y2.402
G1 F1116.3 X4.4 Y2.143 E189.46922
G0 F9000 X4.399 Y2.243
G0 X3.667 Y2.168
G0 X3.605 Y1.662
G0 X3.607 Y-2.114
G0 X3.669 Y-2.651
G0 X4.372 Y-2.726
G0 X4.372 Y-2.625
G1 F1116.3 X4.659 Y-2.702 E189.47416
G0 F9000 X4.5 Y-2.702
G0 X3.669 Y-2.651
G0 X3.607 Y-2.114
G0 X3.605 Y1.662
G0 X3.655 Y2.072
G0 X4.53 Y4.53
G0 X4.7 Y4.7
;TYPE:WALL-INNER
G1 F1116.3 X4.7 Y1.537 E189.52676
G1 X4.032 Y1.535 E189.53787
G1 X3.875 Y1.491 E189.54058
G1 X3.733 Y1.295 E189.5446
G1 X3.734 Y0.361 E189.56014
G1 X3.818 Y0.181 E189.56344
G1 X4.036 Y0.092 E189.56736
G1 X4.7 Y0.092 E189.5784
G1 X4.7 Y-.538 E189.58888
G1 X4.036 Y-.538 E189.59992
G1 X3.819 Y-.628 E189.60382
G1 X3.738 Y-.79 E189.60684
G1 X3.735 Y-1.763 E189.62302
G1 X3.926 Y-1.987 E189.62791
G1 X4.7 Y-1.989 E189.64079
G1 X4.7 Y-4.7 E189.68587
G1 X1.342 Y-4.7 E189.74171
G1 X1.342 Y-4.052 E189.75249
G1 X1.301 Y-3.898 E189.75514
G1 X1.209 Y-3.801 E189.75736
G1 X1.093 Y-3.751 E189.75946
G1 X0.184 Y-3.753 E189.77458
G1 X0.072 Y-3.795 E189.77657
G1 F1014.9 X-0.089 Y-4.022 E189.78166
G1 F934.2 X-0.089 Y-4.681 E189.79476
G1 X-.327 Y-4.681 E189.79949
G1 X-.327 Y-4.022 E189.81258
G1 F1014.9 X-.488 Y-3.795 E189.81767
G1 F1116.3 X-.615 Y-3.751 E189.81991
G1 X-1.536 Y-3.75 E189.83523
G1 X-1.737 Y-3.901 E189.83941
G1 X-1.776 Y-4.05 E189.84197
G1 X-1.776 Y-4.7 E189.85278
G1 X-4.7 Y-4.7 E189.9014
G1 X-4.7 Y4.7 E190.05773
G1 X4.7 Y4.7 E190.21405
G0 F9000 X4.9 Y4.9
;TYPE:WALL-OUTER
G1 F1116.3 X4.9 Y1.337 E190.2733
G1 X3.99 Y1.335 E190.28843
G1 X3.936 Y1.262 E190.28994
G1 X3.937 Y0.36 E190.30495
G1 X4.036 Y0.292 E190.30694
G1 X4.9 Y0.292 E190.32131
G1 X4.9 Y-.738 E190.33844
G1 X4.036 Y-.738 E190.35281
G1 X3.936 Y-.818 E190.35494
G1 X3.941 Y-1.722 E190.36997
G1 X4.034 Y-1.787 E190.37186
G1 X4.9 Y-1.789 E190.38626
G1 X4.9 Y-4.9 E190.438
G1 X1.142 Y-4.9 E190.50049
G1 X1.142 Y-4.01 E190.51529
G1 X1.066 Y-3.953 E190.51687
G1 X0.185 Y-3.954 E190.53152
G1 X0.131 Y-4.041 E190.53323
G1 X0.13 Y-4.9 E190.54751
G1 X-.546 Y-4.9 E190.55875
G1 X-.547 Y-4.041 E190.57304
G1 X-.601 Y-3.954 E190.57474
G1 X-1.504 Y-3.953 E190.58976
G1 X-1.576 Y-4.01 E190.59129
G1 X-1.576 Y-4.9 E190.60609
G1 X-4.9 Y-4.9 E190.66137
G1 X-4.9 Y4.9 E190.82434
G1 X4.9 Y4.9 E190.98731
G0 F9000 X4.9 Y4.7
G0 X4.53 Y4.53
G0 X4.315 Y2.242
G0 X4.316 Y1.919
;TYPE:SKIN
G1 F1043.3 X3.927 Y1.909 E190.99424
G0 F9000 X4.52 Y2.124
G1 F1116.3 X4.52 Y1.718 E191.00099
G1 X4.006 Y1.712 E191.00954
G1 X3.808 Y1.657 E191.01296
G1 X3.716 Y1.586 E191.01489
G1 X3.716 Y2.119 E191.02375
G1 X4.52 Y2.124 E191.03712
G0 F9000 X4.519 Y2.243
G0 X3.667 Y2.168
G0 X3.632 Y1.881
G0 X3.592 Y-0.017
G0 X3.749 Y-0.017
G1 F811.9 X3.75 Y-.43 E191.04657
G1 F845.7 X3.991 Y-.34 E191.05221
G1 F915 X4.503 Y-.341 E191.0626
G1 F950.1 X4.503 Y-.105 E191.06721
G1 F915 X3.99 Y-.106 E191.07762
G1 F845.7 X3.749 Y-0.017 E191.08326
G0 F9000 X3.592 Y-0.017
G0 X3.596 Y-2.379
G0 X3.942 Y-2.379
G1 F918.8 X4.301 Y-2.386 E191.09052
G0 F9000 X3.717 Y-2.027
G1 F1116.3 X3.838 Y-2.123 E191.09309
G1 X4.018 Y-2.166 E191.09616
G1 X4.52 Y-2.17 E191.10451
G1 X4.52 Y-2.607 E191.11178
G1 X3.717 Y-2.602 E191.12513
G1 X3.717 Y-2.027 E191.1347
G0 F9000 X3.626 Y-2.156
G0 X1.758 Y-3.61
G0 X1.758 Y-3.973
G1 F788.9 X1.761 Y-4.281 E191.14194
G0 F9000 X1.385 Y-3.73
G1 F1116.3 X2.003 Y-3.73 E191.15222
G1 X1.998 Y-4.52 E191.16536
G1 X1.522 Y-4.52 E191.17327
G1 X1.522 Y-4.033 E191.18137
G1 X1.468 Y-3.834 E191.1848
G1 X1.385 Y-3.73 E191.18702
G0 F9000 X1.512 Y-3.64
G0 X-2.121 Y-3.609
G0 X-2.121 Y-3.941
G1 F996.7 X-2.177 Y-3.941 E191.18806
G1 X-2.136 Y-3.965 E191.18894
G1 F1028.9 X-2.158 Y-4.004 E191.18975
G1 F1083.8 X-2.157 Y-4.319 E191.19515
G0 F9000 X-1.822 Y-3.73
G1 F1116.3 X-1.902 Y-3.834 E191.19733
G1 X-1.955 Y-4.035 E191.20079
G1 X-1.956 Y-4.52 E191.20885
G1 X-2.356 Y-4.52 E191.2155
G1 X-2.361 Y-3.729 E191.22866
G1 X-1.822 Y-3.73 E191.23762
G0 F9000 X-2.017 Y-3.509
;MESH:NONMESH
G0 F300 X-2.017 Y-3.509 Z6.7
G0 F9000 X3.533 Y0.808
G0 X3.693 Y0.808
;TIME_ELAPSED:594.838569
;LAYER:32
;TYPE:FILL
;MESH:xyzCalibration_cube.stl
G1 F1118.3 X-4.659 Y3.046 E191.38142
G0 F9000 X-4.5 Y3.046
G0 X-4.5 Y1.368
G0 X-4.659 Y1.368
G1 F1118.3 X-1.368 Y4.659 E191.45882
G0 F9000 X-1.368 Y4.5
G0 X0.058 Y4.5
G0 X0.058 Y4.66
G1 F1118.3 X2.556 Y-4.66 E191.61928
G0 F9000 X2.147 Y-4.551
G1 F1118.3 X3.954 Y-2.744 E191.66178
G0 F9000 X3.696 Y-2.297
G1 F1118.3 X-4.659 Y-0.059 E191.80562
G0 F9000 X-4.659 Y-.912
G1 F1118.3 X-3.655 Y-4.659 E191.87013
G0 F9000 X-3.655 Y-4.5
G0 X-2.591 Y-3.745
G0 X-2.491 Y-3.745
G1 F1118.3 X-4.658 Y-3.165 E191.90744
G0 F9000 X-4.659 Y-2.873
G1 F1118.3 X2.873 Y4.659 E192.08458
G0 F9000 X3.164 Y4.659
G1 F1118.3 X3.81 Y2.251 E192.12604
G0 F9000 X3.809 Y2.353
G0 X3.534 Y1.237
G0 X3.693 Y1.237
G1 F1118.3 X-1.252 Y-3.709 E192.24235
G0 F9000 X-.803 Y-3.712
G1 F1118.3 X-3.046 Y4.66 E192.38649
G0 F9000 X-3.046 Y4.5
G0 X0.911 Y4.5
G0 X0.911 Y4.659
G1 F1118.3 X4.658 Y3.655 E192.451
G0 F9000 X4.5 Y3.655
G0 X4.53 Y4.53
G0 X4.7 Y4.7
;TYPE:WALL-INNER
G1 F1118.3 X4.7 Y1.651 E192.5017
G1 X4.033 Y1.649 E192.51279
G1 X3.881 Y1.608 E192.51541
G1 X3.734 Y1.408 E192.51954
G1 X3.734 Y0.478 E192.53501
G1 X3.838 Y0.274 E192.53881
G1 X4.035 Y0.203 E192.5423
G1 X4.7 Y0.204 E192.55336
G1 X4.7 Y-.655 E192.56764
G1 X4.036 Y-.655 E192.57868
G1 X3.839 Y-.727 E192.58217
G1 X3.775 Y-.803 E192.58382
G1 X3.735 Y-.955 E192.58644
G1 X3.735 Y-1.886 E192.60192
G1 X3.83 Y-2.027 E192.60475
G1 X4.034 Y-2.107 E192.60839
G1 X4.7 Y-2.108 E192.61947
G1 X4.7 Y-4.7 E192.66257
G1 X1.469 Y-4.7 E192.7163
G1 X1.469 Y-4.051 E192.7271
G1 X1.432 Y-3.905 E192.7296
G1 X1.34 Y-3.803 E192.73189
G1 X1.224 Y-3.751 E192.734
G1 X0.333 Y-3.749 E192.74882
G1 X0.17 Y-3.814 E192.75174
G1 X0.058 Y-4.023 E192.75568
G1 X0.056 Y-4.7 E192.76694
G1 X-.459 Y-4.7 E192.7755
G1 X-.46 Y-4.023 E192.78676
G1 X-.573 Y-3.814 E192.79071
G1 X-.701 Y-3.749 E192.7931
G1 X-1.65 Y-3.749 E192.80888
G1 X-1.853 Y-3.907 E192.81316
G1 X-1.889 Y-4.051 E192.81563
G1 X-1.889 Y-4.7 E192.82642
G1 X-4.7 Y-4.7 E192.87317
G1 X-4.7 Y4.7 E193.02949
G1 X4.7 Y4.7 E193.18581
G0 F9000 X4.9 Y4.9
;TYPE:WALL-OUTER
G1 F1118.3 X4.9 Y1.451 E193.24317
G1 X3.993 Y1.449 E193.25825
G1 X3.937 Y1.377 E193.25977
G1 X3.937 Y0.474 E193.27479
G1 X4.035 Y0.403 E193.2768
G1 X4.9 Y0.404 E193.29118
G1 X4.9 Y-.855 E193.31212
G1 X3.983 Y-.855 E193.32737
G1 X3.936 Y-.935 E193.32891
G1 X3.941 Y-1.843 E193.34401
G1 X4.034 Y-1.907 E193.34589
G1 X4.9 Y-1.908 E193.36029
G1 X4.9 Y-4.9 E193.41005
G1 X1.269 Y-4.9 E193.47044
G1 X1.269 Y-4.011 E193.48522
G1 X1.194 Y-3.953 E193.4868
G1 X0.305 Y-3.949 E193.50158
G1 X0.257 Y-4.04 E193.50329
G1 X0.256 Y-4.9 E193.51759
G1 X-.659 Y-4.9 E193.53281
G1 X-.66 Y-4.04 E193.54711
G1 X-.74 Y-3.95 E193.54911
G1 X-1.618 Y-3.953 E193.56372
G1 X-1.689 Y-4.012 E193.56525
G1 X-1.689 Y-4.9 E193.58002
G1 X-4.9 Y-4.9 E193.63342
G1 X-4.9 Y4.9 E193.79639
G1 X4.9 Y4.9 E193.95937
G0 F9000 X4.9 Y4.7
G0 X4.53 Y4.53
G0 X4.316 Y2.355
G0 X4.317 Y2.032
;TYPE:SKIN
G1 F1050.1 X3.926 Y2.023 E193.96629
G0 F9000 X4.52 Y2.237
G1 F1118.3 X4.52 Y1.832 E193.97303
G1 X4.005 Y1.826 E193.98159
G1 X3.814 Y1.773 E193.98489
G1 X3.716 Y1.698 E193.98694
G1 X3.715 Y2.232 E193.99582
G1 X4.52 Y2.237 E194.00921
G0 F9000 X4.519 Y2.356
G0 X4.628 Y1.723
G0 X3.806 Y1.577
G0 X3.806 Y0.275
G0 X4.271 Y0.203
G0 X4.27 Y-.225
G1 F733.3 X3.97 Y-.227 E194.01682
G0 F9000 X3.713 Y0.133
G1 F1118.3 X4.02 Y0.024 E194.02224
G1 X4.52 Y0.023 E194.03055
G1 X4.52 Y-.475 E194.03883
G1 X4.02 Y-.476 E194.04715
G1 X3.714 Y-.585 E194.05255
G1 X3.713 Y0.133 E194.06449
G0 F9000 X3.622 Y0.032
G0 X3.597 Y-2.499
G0 X3.942 Y-2.499
G1 F916.7 X4.301 Y-2.506 E194.07178
G0 F9000 X3.717 Y-2.143
G1 F1118.3 X3.852 Y-2.251 E194.07465
G1 X4.018 Y-2.286 E194.07747
G1 X4.52 Y-2.288 E194.08582
G1 X4.52 Y-2.727 E194.09312
G1 X3.717 Y-2.722 E194.10647
G1 X3.717 Y-2.143 E194.1161
G0 F9000 X3.627 Y-2.277
G0 X2.248 Y-3.973
G0 X1.885 Y-3.973
G1 F793.2 X1.889 Y-4.281 E194.12333
G0 F9000 X1.515 Y-3.731
G1 F1118.3 X2.128 Y-3.73 E194.13352
G1 X2.128 Y-4.52 E194.14666
G1 X1.65 Y-4.52 E194.15461
G1 X1.649 Y-4.032 E194.16272
G1 X1.601 Y-3.841 E194.166
G1 X1.515 Y-3.731 E194.16832
G0 F9000 X1.639 Y-3.64
G0 X-.113 Y-3.64
G0 X-0.008 Y-3.746
G1 F964.1 X-.396 Y-3.746 E194.17581
G1 F1026 X-.29 Y-3.942 E194.17984
G1 F1171 X-.29 Y-4.531 E194.1892
G1 F1256.6 X-.114 Y-4.531 E194.1918
G1 F1177.2 X-.112 Y-3.972 E194.20063
G1 F1030.7 X-0.008 Y-3.746 E194.20512
G0 F9000 X-.113 Y-3.64
G0 X-2.017 Y-3.622
G0 X-2.519 Y-3.681
G0 X-2.591 Y-3.94
G0 X-2.261 Y-3.94
G1 F1055 X-2.269 Y-3.998 E194.20616
G1 F1096.4 X-2.27 Y-4.319 E194.2116
G0 F9000 X-1.938 Y-3.731
G1 F1118.3 X-2.021 Y-3.843 E194.21392
G1 X-2.068 Y-4.032 E194.21716
G1 X-2.069 Y-4.52 E194.22527
G1 X-2.471 Y-4.52 E194.23196
G1 X-2.471 Y-3.729 E194.24511
G1 X-1.938 Y-3.731 E194.25398
G0 F9000 X-2.13 Y-3.509
;MESH:NONMESH
G0 F300 X-2.13 Y-3.509 Z6.9
G0 F9000 X3.534 Y0.955
G0 X3.694 Y0.955
;TIME_ELAPSED:608.417036
;LAYER:33
;TYPE:FILL
;MESH:xyzCalibration_cube.stl
G1 F1150.1 X-4.658 Y3.193 E194.39777
G0 F9000 X-4.5 Y3.193
G0 X-4.5 Y1.168
G0 X-4.659 Y1.168
G1 F1150.1 X-1.169 Y4.658 E194.47985
G0 F9000 X-1.169 Y4.5
G0 X-0.088 Y4.5
G0 X-0.088 Y4.659
G1 F1150.1 X2.154 Y-3.708 E194.6239
G0 F9000 X2.275 Y-4.161
G1 F1150.1 X2.409 Y-4.66 E194.6325
G0 F9000 X2.276 Y-4.623
G1 F1150.1 X4.036 Y-2.863 E194.67389
G0 F9000 X3.696 Y-2.15
G1 F1150.1 X-4.659 Y0.087 E194.81773
G0 F9000 X-4.5 Y0.087
G0 X-4.5 Y-1.462
G0 X-4.659 Y-1.462
G1 F1150.1 X-3.802 Y-4.659 E194.87277
G0 F9000 X-3.802 Y-4.5
G0 X-4.5 Y-3.074
G0 X-4.659 Y-3.074
G1 F1150.1 X3.073 Y4.659 E195.05463
G1 X3.017 Y4.659
G1 X3.694 Y2.134 E195.0981
G0 F9000 X3.595 Y2.134
G0 X3.534 Y1.037
G0 X3.694 Y1.037
G1 F1150.1 X-1.05 Y-3.708 E195.20968
G1 X-.951 Y-3.709
G1 X-3.193 Y4.659 E195.35375
G0 F9000 X-3.193 Y4.5
G0 X1.461 Y4.5
G0 X1.461 Y4.659
G1 F1150.1 X4.658 Y3.802 E195.4088
G0 F9000 X4.5 Y3.802
G0 X-2.171 Y-3.639
G0 X-2.079 Y-3.709
G1 F1150.1 X-4.658 Y-3.018 E195.4532
G0 F9000 X-4.5 Y-3.018
G0 X4.53 Y4.53
G0 X4.7 Y4.7
;TYPE:WALL-INNER
G1 F1150.1 X4.7 Y1.764 E195.50202
G1 X4.033 Y1.762 E195.51312
G1 X3.887 Y1.724 E195.51562
G1 X3.734 Y1.522 E195.51984
G1 X3.735 Y0.582 E195.53547
G1 X3.856 Y0.372 E195.5395
G1 X4.037 Y0.315 E195.54266
G1 X4.7 Y0.316 E195.55368
G1 X4.7 Y-.772 E195.57178
G1 X4.037 Y-.772 E195.5828
G1 X3.857 Y-.83 E195.58595
G1 X3.74 Y-1.019 E195.58964
G1 X3.736 Y-2.005 E195.60604
G1 X3.835 Y-2.15 E195.60896
G1 X4.035 Y-2.226 E195.61252
G1 X4.7 Y-2.228 E195.62358
G1 X4.7 Y-4.7 E195.66469
G1 X1.597 Y-4.7 E195.71629
G1 X1.597 Y-4.05 E195.7271
G1 X1.564 Y-3.911 E195.72948
G1 X1.473 Y-3.806 E195.73179
G1 X1.353 Y-3.75 E195.73399
G1 X0.47 Y-3.749 E195.74867
G1 X0.275 Y-3.833 E195.7522
G1 X0.184 Y-4.022 E195.75569
G1 X0.182 Y-4.7 E195.76697
G1 X-.572 Y-4.7 E195.77951
G1 X-.573 Y-4.022 E195.79078
G1 X-.664 Y-3.833 E195.79427
G1 X-.825 Y-3.752 E195.79727
G1 X-1.763 Y-3.749 E195.81287
G1 X-1.884 Y-3.81 E195.81512
G1 X-1.969 Y-3.912 E195.81733
G1 X-2.001 Y-4.049 E195.81967
G1 X-2.001 Y-4.7 E195.83049
G1 X-4.7 Y-4.7 E195.87538
G1 X-4.699 Y4.699 E196.03169
G1 X4.7 Y4.7 E196.18799
G0 F9000 X4.9 Y4.9
;TYPE:WALL-OUTER
G1 F1150.1 X4.9 Y1.564 E196.24347
G1 X3.995 Y1.562 E196.25852
G1 X3.937 Y1.49 E196.26006
G1 X3.937 Y0.588 E196.27506
G1 X3.987 Y0.515 E196.27653
G1 X4.9 Y0.516 E196.29171
G1 X4.9 Y-.972 E196.31646
G1 X3.988 Y-.972 E196.33162
G1 X3.937 Y-1.054 E196.33323
G1 X3.936 Y-1.969 E196.34845
G1 X4.006 Y-2.026 E196.34995
G1 X4.9 Y-2.028 E196.36481
G1 X4.9 Y-4.9 E196.41258
G1 X1.397 Y-4.9 E196.47083
G1 X1.397 Y-4.012 E196.4856
G1 X1.322 Y-3.953 E196.48719
G1 X0.473 Y-3.949 E196.50131
G1 X0.384 Y-4.04 E196.50342
G1 X0.382 Y-4.9 E196.51772
G1 X-.772 Y-4.9 E196.53691
G1 X-.773 Y-4.04 E196.55122
G1 X-.853 Y-3.95 E196.55322
G1 X-1.73 Y-3.953 E196.5678
G1 X-1.801 Y-4.011 E196.56933
G1 X-1.801 Y-4.9 E196.58411
G1 X-4.9 Y-4.9 E196.63565
G1 X-4.899 Y4.899 E196.79861
G1 X4.9 Y4.9 E196.96157
G0 F9000 X4.9 Y4.7
G0 X4.53 Y4.53
G0 X4.316 Y2.468
G0 X4.317 Y2.146
;TYPE:SKIN
G1 F1079.9 X3.927 Y2.136 E196.96847
G0 F9000 X4.52 Y2.349
G1 F1150.1 X4.52 Y1.945 E196.97519
G1 X4.01 Y1.94 E196.98368
G1 X3.822 Y1.892 E196.9869
G1 X3.716 Y1.812 E196.98911
G1 X3.716 Y2.347 E196.99801
G1 X4.52 Y2.349 E197.01138
G0 F9000 X4.519 Y2.468
G0 X3.667 Y2.396
G0 X3.632 Y2.109
G0 X3.622 Y0.145
G0 X3.713 Y0.262
G1 F1150.1 X3.714 Y-.72 E197.02771
G1 X4.007 Y-.596 E197.033
G1 X4.52 Y-.592 E197.04153
G1 X4.52 Y0.136 E197.05364
G1 X4.012 Y0.139 E197.06209
G1 X3.713 Y0.262 E197.06746
G0 F9000 X4.418 Y-.176
G1 F1150.1 X4.207 Y0.035 E197.07243
G0 F9000 X3.886 Y0.072
G1 F1150.1 X4.418 Y-.458 E197.08491
G0 F9000 X4.169 Y-.492
G1 F1150.1 X3.814 Y-.137 E197.09326
G0 F9000 X3.815 Y-.421
G1 F1150.1 X3.886 Y-.492 E197.09493
G1 X3.915 Y-.521 E197.09561
G0 F9000 X4.136 Y-.772
G0 X3.808 Y-.844
G0 X3.597 Y-2.616
G0 X3.944 Y-2.616
G1 F938.9 X4.301 Y-2.625 E197.10289
G0 F9000 X3.718 Y-2.293
G1 F1150.1 X4.022 Y-2.405 E197.10828
G1 X4.52 Y-2.409 E197.11656
G1 X4.52 Y-2.846 E197.12383
G1 X3.718 Y-2.841 E197.13716
G1 X3.718 Y-2.293 E197.14628
G0 F9000 X3.627 Y-2.395
G0 X2.376 Y-3.972
G0 X2.013 Y-3.972
G1 F815.7 X2.017 Y-4.281 E197.15352
G0 F9000 X1.641 Y-3.73
G1 F1150.1 X2.256 Y-3.729 E197.16375
G1 X2.256 Y-4.52 E197.17691
G1 X1.778 Y-4.52 E197.18485
G1 X1.777 Y-4.034 E197.19294
G1 X1.732 Y-3.849 E197.1961
G1 X1.641 Y-3.73 E197.19859
G0 F9000 X1.767 Y-3.639
G0 X-.195 Y-3.61
G0 X-.195 Y-3.939
G1 F1111.2 X-.195 Y-4.321 E197.20517
G0 F9000 X0.129 Y-3.732
G1 F1150.1 X0.008 Y-3.994 E197.20997
G1 X0.002 Y-4.52 E197.21872
G1 X-.393 Y-4.52 E197.22529
G1 X-.393 Y-4.009 E197.23378
G1 X-.516 Y-3.732 E197.23882
G1 X0.129 Y-3.732 E197.24955
G0 F9000 X0.015 Y-3.64
G0 X-2.347 Y-3.609
G0 X-2.347 Y-3.94
G1 F1055.2 X-2.401 Y-3.94 E197.25053
G1 X-2.361 Y-3.963 E197.25137
G1 F1074.9 X-2.383 Y-4.001 E197.25215
G1 F1116.6 X-2.382 Y-4.319 E197.25759
G0 F9000 X-2.05 Y-3.73
G1 F1150.1 X-2.139 Y-3.852 E197.26011
G1 X-2.18 Y-4.033 E197.26319
G1 X-2.181 Y-4.52 E197.27129
G1 X-2.581 Y-4.52 E197.27794
G1 X-2.586 Y-3.73 E197.29108
G1 X-2.05 Y-3.73 E197.29999
G0 F9000 X-2.242 Y-3.509
;MESH:NONMESH
G0 F300 X-2.242 Y-3.509 Z7.1
G0 F9000 X3.534 Y0.837
G0 X3.694 Y0.837
;TIME_ELAPSED:622.611854
;LAYER:34
;TYPE:FILL
;MESH:xyzCalibration_cube.stl
G1 F1130.9 X-.852 Y-3.708 E197.4069
G0 F9000 X-1.097 Y-3.71
G1 F1130.9 X-3.339 Y4.66 E197.551
G0 F9000 X-3.339 Y4.5
G0 X-4.5 Y3.339
G0 X-4.659 Y3.339
G1 F1130.9 X3.693 Y1.101 E197.69479
G0 F9000 X3.694 Y1.591
G1 F1130.9 X2.871 Y4.66 E197.74763
G0 F9000 X3.273 Y4.659
G1 F1130.9 X-4.659 Y-3.273 E197.93418
G0 F9000 X-4.659 Y-2.872
G1 F1130.9 X-1.534 Y-3.709 E197.98798
G0 F9000 X-1.534 Y-3.549
G0 X-2.634 Y-3.681
G0 X-3.948 Y-4.5
G0 X-3.948 Y-4.659
G1 F1130.9 X-4.659 Y-2.005 E198.03368
G0 F9000 X-4.5 Y-2.005
G0 X-4.5 Y0.233
G0 X-4.659 Y0.233
G1 F1130.9 X3.695 Y-2.004 E198.1775
G0 F9000 X3.536 Y-2.004
G0 X3.669 Y-2.89
G0 X4.234 Y-2.965
G0 X4.234 Y-2.864
G1 F1130.9 X2.44 Y-4.659 E198.2197
G0 F9000 X2.44 Y-4.5
G0 X2.008 Y-3.609
G0 X2.008 Y-3.708
G1 F1130.9 X-.234 Y4.66 E198.36377
G0 F9000 X-.968 Y4.659
G1 F1130.9 X-4.659 Y0.968 E198.45058
G0 F9000 X-4.5 Y0.968
G0 X2.004 Y4.5
G0 X2.004 Y4.66
G1 F1130.9 X4.659 Y3.948 E198.49629
G0 F9000 X4.7 Y4.7
;TYPE:WALL-INNER
G1 F1130.9 X4.7 Y1.877 E198.54324
G1 X4.033 Y1.875 E198.55433
G1 X3.893 Y1.84 E198.55673
G1 X3.794 Y1.756 E198.55889
G1 X3.734 Y1.636 E198.56112
G1 X3.736 Y0.684 E198.57695
G1 X3.767 Y0.587 E198.57864
G1 X3.871 Y0.473 E198.58121
G1 X4.036 Y0.426 E198.58406
G1 X4.7 Y0.427 E198.59511
G1 X4.7 Y-.889 E198.61699
G1 X4.036 Y-.889 E198.62803
G1 X3.873 Y-.936 E198.63085
G1 X3.736 Y-1.105 E198.63447
G1 X3.736 Y-2.129 E198.6515
G1 X3.84 Y-2.274 E198.65447
G1 X3.958 Y-2.346 E198.65677
G1 X4.7 Y-2.348 E198.66911
G1 X4.7 Y-4.7 E198.70822
G1 X1.725 Y-4.7 E198.7577
G1 X1.725 Y-3.954 E198.7701
G1 X1.605 Y-3.81 E198.77322
G1 X1.483 Y-3.75 E198.77548
G1 X0.588 Y-3.749 E198.79036
G1 X0.384 Y-3.851 E198.79416
G1 X0.31 Y-4.023 E198.79727
G1 X0.308 Y-4.7 E198.80853
G1 X-.685 Y-4.7 E198.82504
G1 X-.686 Y-4.023 E198.8363
G1 X-.76 Y-3.851 E198.83942
G1 X-.952 Y-3.75 E198.84302
G1 X-1.878 Y-3.749 E198.85842
G1 X-2 Y-3.813 E198.86071
G1 X-2.114 Y-3.955 E198.86374
G1 X-2.114 Y-4.7 E198.87613
G1 X-4.7 Y-4.7 E198.91914
G1 X-4.7 Y4.7 E199.07546
G1 X4.7 Y4.7 E199.23178
G0 F9000 X4.9 Y4.9
;TYPE:WALL-OUTER
G1 F1130.9 X4.9 Y1.677 E199.28538
G1 X3.996 Y1.675 E199.30041
G1 X3.938 Y1.604 E199.30194
G1 X3.935 Y0.706 E199.31687
G1 X3.989 Y0.626 E199.31848
G1 X4.9 Y0.627 E199.33363
G1 X4.9 Y-1.089 E199.36217
G1 X3.991 Y-1.089 E199.37728
G1 X3.937 Y-1.171 E199.37891
G1 X3.936 Y-2.074 E199.39393
G1 X4.035 Y-2.146 E199.39597
G1 X4.9 Y-2.148 E199.41035
G1 X4.9 Y-4.9 E199.45612
G1 X1.525 Y-4.9 E199.51225
G1 X1.525 Y-4.016 E199.52695
G1 X1.451 Y-3.953 E199.52856
G1 X0.596 Y-3.949 E199.54278
G1 X0.51 Y-4.04 E199.54486
G1 X0.508 Y-4.9 E199.55917
G1 X-.885 Y-4.9 E199.58233
G1 X-.886 Y-4.04 E199.59663
G1 X-.967 Y-3.95 E199.59865
G1 X-1.843 Y-3.953 E199.61321
G1 X-1.914 Y-4.013 E199.61476
G1 X-1.914 Y-4.9 E199.62951
G1 X-4.9 Y-4.9 E199.67917
G1 X-4.9 Y4.9 E199.84214
G1 X4.9 Y4.9 E200.00512
G0 F9000 X4.9 Y4.7
G0 X4.53 Y4.53
G0 X4.316 Y2.582
G0 X4.317 Y2.259
;TYPE:SKIN
G1 F1066.9 X3.927 Y2.25 E200.01199
G0 F9000 X4.52 Y2.464
G1 F1130.9 X4.52 Y2.058 E200.01875
G1 X4.008 Y2.053 E200.02726
G1 X3.831 Y2.009 E200.03029
G1 X3.716 Y1.924 E200.03267
G1 X3.717 Y2.459 E200.04157
G1 X4.52 Y2.464 E200.05492
G0 F9000 X4.519 Y2.583
G0 X3.668 Y2.508
G0 X3.633 Y2.221
G0 X3.623 Y0.256
G0 X3.714 Y0.381
G1 F1130.9 X3.715 Y-.837 E200.07518
G1 X3.801 Y-.77 E200.07699
G1 X4.013 Y-.712 E200.08065
G1 X4.52 Y-.709 E200.08908
G1 X4.52 Y0.246 E200.10496
G1 X4.01 Y0.249 E200.11344
G1 X3.801 Y0.307 E200.11705
G1 X3.714 Y0.381 E200.11895
G0 F9000 X3.864 Y0.187
G1 F1130.9 X3.823 Y0.146 E200.11991
G0 F9000 X4.105 Y0.145
G1 F1130.9 X3.814 Y-.145 E200.12675
G0 F9000 X3.814 Y-.427
G1 F1130.9 X4.388 Y0.145 E200.14022
G0 F9000 X4.419 Y-.106
G1 F1130.9 X3.916 Y-.608 E200.15204
G1 X3.877 Y-.647 E200.15296
G0 F9000 X4.199 Y-.608
G1 F1130.9 X4.419 Y-.388 E200.15813
G0 F9000 X4.7 Y-.388
G0 X4.628 Y-.817
G0 X3.808 Y-.961
G0 X3.597 Y-2.465
G0 X3.748 Y-2.465
G1 F866.6 X3.748 Y-2.811 E200.16564
G1 F869.9 X4.491 Y-2.817 E200.1817
G1 F873.3 X4.491 Y-2.558 E200.18728
G1 F869.9 X3.908 Y-2.554 E200.19988
G1 F866.6 X3.748 Y-2.465 E200.20386
G0 F9000 X3.597 Y-2.465
G0 X1.863 Y-3.609
G0 X1.863 Y-3.773
G1 F799.2 X1.941 Y-4.022 E200.21
G1 F816.5 X1.943 Y-4.483 E200.22062
G1 F822.5 X2.219 Y-4.483 E200.22693
G1 F804.9 X2.213 Y-3.772 E200.24354
G1 F788.1 X1.863 Y-3.773 E200.25189
G0 F9000 X1.863 Y-3.609
G0 X-0.078 Y-3.61
G0 X-0.078 Y-3.939
G1 F1037.5 X-0.08 Y-4.311 E200.25864
G1 X-.296 Y-4.311 E200.26255
G1 X-.297 Y-3.939 E200.2693
G1 X-0.078 Y-3.939 E200.27327
G0 F9000 X0.241 Y-3.731
G1 F1130.9 X0.131 Y-3.993 E200.27799
G1 X0.128 Y-4.52 E200.28675
G1 X-.504 Y-4.52 E200.29727
G1 X-.507 Y-3.993 E200.30603
G1 X-.617 Y-3.731 E200.31075
G1 X0.241 Y-3.731 E200.32502
G0 F9000 X0.141 Y-3.64
G0 X-2.222 Y-3.609
G0 X-2.222 Y-3.759
G1 F869.9 X-2.555 Y-3.76 E200.33222
G1 F897.5 X-2.559 Y-4.498 E200.34769
G1 F927 X-2.316 Y-4.498 E200.35262
G1 F912 X-2.317 Y-3.91 E200.36474
G1 F883.5 X-2.222 Y-3.759 E200.36854
G0 F9000 X-2.355 Y-3.508
;MESH:NONMESH
G0 F300 X-2.355 Y-3.508 Z7.3
G0 F9000 X3.534 Y0.635
G0 X3.691 Y0.635
;TIME_ELAPSED:636.331027
;LAYER:35
;TYPE:FILL
;MESH:xyzCalibration_cube.stl
G1 F1110.5 X-.652 Y-3.708 E200.47068
G0 F9000 X-.988 Y-3.709
G1 F1110.5 X-4.658 Y-2.726 E200.53386
G0 F9000 X-4.658 Y-2.553
G1 F1110.5 X-4.094 Y-4.659 E200.57012
G0 F9000 X-4.094 Y-4.5
G0 X-4.5 Y-3.471
G0 X-4.658 Y-3.471
G1 F1110.5 X3.472 Y4.659 E200.76133
G0 F9000 X2.725 Y4.66
G1 F1110.5 X3.695 Y1.041 E200.82363
G0 F9000 X3.693 Y1.247
G1 F1110.5 X-4.658 Y3.485 E200.96741
G0 F9000 X-4.5 Y3.485
G0 X-3.485 Y4.5
G0 X-3.485 Y4.659
G1 F1110.5 X-1.242 Y-3.711 E201.11152
G0 F9000 X-1.242 Y-3.549
G0 X-.671 Y-3.621
G0 X1.981 Y-3.622
G0 X2.053 Y-4.481
G0 X1.892 Y-4.481
G1 F1110.5 X2.558 Y-4.659 E201.12298
G1 X2.639 Y-4.659
G1 X4.659 Y-2.638 E201.1705
G1 X4.659 Y-2.556
G1 X4.645 Y-2.505 E201.17138
G0 F9000 X4.53 Y-2.636
G0 X3.608 Y-2.592
G0 X3.536 Y-1.859
G0 X3.696 Y-1.859
G1 F1110.5 X-4.658 Y0.379 E201.31521
G0 F9000 X-4.658 Y0.77
G1 F1110.5 X-.77 Y4.658 E201.40665
G0 F9000 X-.379 Y4.659
G1 F1110.5 X2.117 Y-4.66 E201.56709
G0 F9000 X2.117 Y-4.5
G0 X3.666 Y-.352
G0 X4.075 Y-.28
G0 X4.076 Y-.38
G1 F1110.5 X3.99 Y-0.059 E201.57261
G0 F9000 X3.991 Y-.159
G0 X3.665 Y-0.088
G0 X3.607 Y0.409
G0 X3.607 Y2.116
G0 X3.657 Y2.434
G0 X4.5 Y4.094
G0 X4.659 Y4.094
G1 F1110.5 X2.55 Y4.659 E201.60892
G0 F9000 X2.55 Y4.5
G0 X4.53 Y4.53
G0 X4.7 Y4.7
;TYPE:WALL-INNER
G1 F1110.5 X4.7 Y1.991 E201.65397
G1 X3.937 Y1.989 E201.66666
G1 X3.797 Y1.873 E201.66968
G1 X3.735 Y1.751 E201.67196
G1 X3.737 Y0.799 E201.68779
G1 X3.829 Y0.617 E201.69118
G1 X4.003 Y0.538 E201.69436
G1 X4.7 Y0.537 E201.70595
G1 X4.7 Y-1.006 E201.73161
G1 X4.004 Y-1.007 E201.74319
G1 X3.83 Y-1.087 E201.74637
G1 X3.74 Y-1.251 E201.74948
G1 X3.736 Y-2.25 E201.7661
G1 X3.844 Y-2.397 E201.76913
G1 X3.962 Y-2.465 E201.7714
G1 X4.7 Y-2.467 E201.78367
G1 X4.7 Y-4.7 E201.8208
G1 X1.853 Y-4.7 E201.86815
G1 X1.853 Y-3.959 E201.88047
G1 X1.739 Y-3.813 E201.88355
G1 X1.612 Y-3.75 E201.88591
G1 X0.682 Y-3.748 E201.90138
G1 X0.496 Y-3.867 E201.90505
G1 X0.436 Y-4.022 E201.90781
G1 X0.434 Y-4.7 E201.91909
G1 X-.798 Y-4.7 E201.93958
G1 X-.799 Y-4.022 E201.95085
G1 X-.86 Y-3.867 E201.95362
G1 X-1.057 Y-3.751 E201.95742
G1 X-1.99 Y-3.749 E201.97294
G1 X-2.116 Y-3.816 E201.97531
G1 X-2.226 Y-3.958 E201.9783
G1 X-2.226 Y-4.7 E201.99064
G1 X-4.699 Y-4.699 E202.03176
G1 X-4.699 Y4.699 E202.18805
G1 X4.7 Y4.7 E202.34436
G0 F9000 X4.9 Y4.9
;TYPE:WALL-OUTER
G1 F1110.5 X4.9 Y1.791 E202.39606
G1 X3.998 Y1.789 E202.41106
G1 X3.939 Y1.718 E202.4126
G1 X3.938 Y0.808 E202.42773
G1 X4.024 Y0.737 E202.42959
G1 X4.9 Y0.737 E202.44415
G1 X4.9 Y-1.206 E202.47647
G1 X4.025 Y-1.206 E202.49102
G1 X3.937 Y-1.287 E202.49301
G1 X3.936 Y-2.195 E202.50811
G1 X4.001 Y-2.26 E202.50964
G1 X4.9 Y-2.267 E202.52459
G1 X4.9 Y-4.9 E202.56837
G1 X1.653 Y-4.9 E202.62237
G1 X1.653 Y-4.05 E202.63651
G1 X1.58 Y-3.953 E202.63853
G1 X0.69 Y-3.948 E202.65333
G1 X0.636 Y-4.04 E202.6551
G1 X0.634 Y-4.9 E202.6694
G1 X-.998 Y-4.9 E202.69654
G1 X-.999 Y-4 E202.71151
G1 X-1.085 Y-3.949 E202.71317
G1 X-1.956 Y-3.953 E202.72766
G1 X-2.026 Y-4.019 E202.72926
G1 X-2.026 Y-4.9 E202.74391
G1 X-4.899 Y-4.899 E202.79169
G1 X-4.899 Y4.899 E202.95463
G1 X4.9 Y4.9 E203.11759
G0 F9000 X4.9 Y4.7
G0 X4.53 Y4.53
G0 X3.596 Y2.429
G0 X3.747 Y2.429
;TYPE:SKIN
G1 F854.2 X3.747 Y2.103 E203.12463
G1 F874.4 X4.008 Y2.191 E203.13045
G1 F899.2 X4.497 Y2.195 E203.1405
G1 F902.8 X4.497 Y2.441 E203.14553
G1 F877.9 X3.747 Y2.429 E203.16131
G0 F9000 X3.596 Y2.429
G0 X3.593 Y0.166
G0 X3.918 Y0.166
G1 F1099.5 X4.322 Y0.16 E203.16809
G0 F9000 X3.714 Y0.476
G1 F1110.5 X3.98 Y0.359 E203.17293
G1 X4.52 Y0.357 E203.18191
G1 X4.52 Y-0.038 E203.18848
G1 X3.714 Y-0.039 E203.20188
G1 X3.714 Y0.476 E203.21044
G0 F9000 X3.623 Y0.367
G0 X3.594 Y-.618
G0 X3.931 Y-.618
G1 F974.1 X4.308 Y-.615 E203.21759
G0 F9000 X4.52 Y-.403
G1 F1110.5 X4.52 Y-.825 E203.22461
G1 X3.976 Y-.83 E203.23366
G1 X3.715 Y-.945 E203.2384
G1 X3.714 Y-.4 E203.24746
G1 X4.52 Y-.403 E203.26087
G0 F9000 X4.52 Y-.281
G0 X3.666 Y-.352
G0 X0.267 Y-3.64
G0 X0.379 Y-3.731
G1 F1110.5 X-.744 Y-3.73 E203.27954
G1 X-.625 Y-3.981 E203.28416
G1 X-.618 Y-4.52 E203.29313
G1 X0.253 Y-4.52 E203.30761
G1 X0.257 Y-4.017 E203.31598
G1 X0.379 Y-3.731 E203.32115
G0 F9000 X0.198 Y-3.875
G1 F1110.5 X0.159 Y-3.836 E203.32206
G0 F9000 X0.155 Y-4.115
G1 F1110.5 X-.129 Y-3.83 E203.32876
G0 F9000 X-.412 Y-3.83
G1 F1110.5 X0.152 Y-4.395 E203.34203
G0 F9000 X-.106 Y-4.419
G1 F1110.5 X-.518 Y-4.007 E203.35172
G0 F9000 X-.516 Y-4.291
G1 F1110.5 X-.388 Y-4.419 E203.35473
G0 F9000 X-.388 Y-3.51
;MESH:NONMESH
G0 F300 X-.388 Y-3.51 Z7.5
G0 F9000 X3.593 Y0.435
G0 X3.692 Y0.435
;TIME_ELAPSED:649.754808
;LAYER:36
;TYPE:FILL
;MESH:xyzCalibration_cube.stl
G1 F1101.9 X-.451 Y-3.708 E203.45217
G1 X-.442 Y-3.708
G1 X-4.658 Y-2.579 E203.52475
G0 F9000 X-4.659 Y-3.101
G1 F1101.9 X-4.241 Y-4.659 E203.55158
G0 F9000 X-4.241 Y-4.5
G0 X-4.5 Y-3.673
G0 X-4.659 Y-3.673
G1 F1101.9 X3.674 Y4.659 E203.74754
G0 F9000 X3.098 Y4.659
G1 F1101.9 X4.659 Y4.241 E203.77442
G0 F9000 X4.5 Y4.241
G0 X2.578 Y4.5
G0 X2.578 Y4.66
G1 F1101.9 X3.692 Y0.503 E203.84599
G0 F9000 X3.813 Y0.051
G1 F1101.9 X3.96 Y-.497 E203.85542
G0 F9000 X3.959 Y-.397
G0 X3.696 Y-.462
G0 X3.537 Y-1.712
G0 X3.699 Y-1.712
G1 F1101.9 X-4.658 Y0.526 E203.9993
G1 X-4.659 Y0.568
G1 X-.568 Y4.659 E204.09551
G1 X-.527 Y4.66
G1 X1.715 Y-3.71 E204.23961
G0 F9000 X2.021 Y-4.368
G1 F1101.9 X3.106 Y-4.659 E204.2583
G0 F9000 X2.839 Y-4.659
G1 F1101.9 X4.659 Y-2.839 E204.3011
G0 F9000 X4.53 Y-2.625
G1 F1101.9 X4.659 Y-3.104 E204.30935
G0 F9000 X4.5 Y-3.104
G0 X3.609 Y-2.712
G0 X3.535 Y1.394
G0 X3.694 Y1.394
G1 F1101.9 X-4.659 Y3.632 E204.45316
G0 F9000 X-4.5 Y3.632
G0 X-3.633 Y4.5
G0 X-3.633 Y4.66
G1 F1101.9 X-1.39 Y-3.709 E204.59725
G0 F9000 X-1.39 Y-3.549
G0 X-.392 Y-3.669
G0 X-.308 Y-3.744
G1 F1101.9 X-.108 Y-3.798 E204.60069
G0 F9000 X-.208 Y-3.799
G0 X4.53 Y4.53
G0 X4.7 Y4.7
;TYPE:WALL-INNER
G1 F1101.9 X4.7 Y2.104 E204.64386
G1 X3.942 Y2.102 E204.65647
G1 X3.8 Y1.989 E204.65949
G1 X3.735 Y1.867 E204.66179
G1 X3.736 Y0.913 E204.67765
G1 X3.831 Y0.727 E204.68113
G1 X3.974 Y0.654 E204.6838
G1 X4.7 Y0.649 E204.69587
G1 X4.7 Y-1.123 E204.72534
G1 X3.975 Y-1.129 E204.7374
G1 X3.832 Y-1.203 E204.74007
G1 X3.742 Y-1.367 E204.74318
G1 X3.737 Y-2.372 E204.7599
G1 X3.85 Y-2.521 E204.76301
G1 X3.97 Y-2.585 E204.76527
G1 X4.7 Y-2.587 E204.77741
G1 X4.7 Y-4.7 E204.81255
G1 X1.981 Y-4.7 E204.85777
G1 X1.981 Y-3.966 E204.86997
G1 X1.873 Y-3.818 E204.87302
G1 X1.743 Y-3.75 E204.87546
G1 X0.808 Y-3.748 E204.89101
G1 X0.621 Y-3.87 E204.89472
G1 X0.562 Y-4.023 E204.89745
G1 X0.561 Y-4.7 E204.90871
G1 X-.911 Y-4.7 E204.93319
G1 X-.912 Y-4.023 E204.94444
G1 X-.971 Y-3.87 E204.94717
G1 X-1.156 Y-3.749 E204.95085
G1 X-2.107 Y-3.749 E204.96666
G1 X-2.233 Y-3.819 E204.96906
G1 X-2.339 Y-3.964 E204.97205
G1 X-2.339 Y-4.7 E204.98429
G1 X-4.699 Y-4.699 E205.02353
G1 X-4.7 Y4.7 E205.17984
G1 X4.7 Y4.7 E205.33616
G0 F9000 X4.9 Y4.9
;TYPE:WALL-OUTER
G1 F1101.9 X4.9 Y1.904 E205.38599
G1 X4.003 Y1.902 E205.4009
G1 X3.939 Y1.832 E205.40248
G1 X3.936 Y0.928 E205.41751
G1 X4.014 Y0.85 E205.41935
G1 X4.9 Y0.849 E205.43408
G1 X4.9 Y-1.323 E205.4702
G1 X4.016 Y-1.325 E205.4849
G1 X3.938 Y-1.404 E205.48675
G1 X3.937 Y-2.314 E205.50188
G1 X4.006 Y-2.381 E205.50348
G1 X4.9 Y-2.387 E205.51835
G1 X4.9 Y-4.9 E205.56014
G1 X1.781 Y-4.9 E205.61201
G1 X1.781 Y-4.022 E205.62661
G1 X1.71 Y-3.954 E205.62825
G1 X0.837 Y-3.951 E205.64277
G1 X0.762 Y-4.002 E205.64427
G1 X0.761 Y-4.9 E205.65921
G1 X-1.111 Y-4.9 E205.69034
G1 X-1.112 Y-4.002 E205.70527
G1 X-1.187 Y-3.951 E205.70678
G1 X-2.07 Y-3.953 E205.72147
G1 X-2.139 Y-4.02 E205.72307
G1 X-2.139 Y-4.9 E205.7377
G1 X-4.899 Y-4.899 E205.7836
G1 X-4.9 Y4.9 E205.94656
G1 X4.9 Y4.9 E206.10953
G0 F9000 X4.9 Y4.7
G0 X4.53 Y4.53
G0 X3.607 Y2.229
G0 X3.607 Y0.519
G0 X3.665 Y0.023
G0 X4.324 Y-0.046
G0 X4.323 Y0.272
;TYPE:SKIN
G1 F1107.5 X3.924 Y0.269 E206.11613
G0 F9000 X3.714 Y0.588
G1 F1101.9 X3.957 Y0.469 E206.12063
G1 X4.52 Y0.469 E206.13
G1 X4.52 Y0.075 E206.13655
G1 X3.713 Y0.071 E206.14997
G1 X3.714 Y0.588 E206.15857
G0 F9000 X3.623 Y0.477
G0 X3.595 Y-.732
G0 X3.929 Y-.732
G1 F983.9 X4.309 Y-.732 E206.16564
G0 F9000 X4.52 Y-.521
G1 F1101.9 X4.52 Y-.943 E206.17266
G1 X3.961 Y-.943 E206.18196
G1 X3.716 Y-1.062 E206.18649
G1 X3.715 Y-.517 E206.19555
G1 X4.52 Y-.521 E206.20894
G0 F9000 X4.52 Y-.399
G0 X3.667 Y-.469
G0 X0.149 Y-3.609
G0 X0.149 Y-3.967
G1 F810.2 X0.146 Y-4.284 E206.21611
G0 F9000 X0.505 Y-3.729
G1 F1101.9 X0.383 Y-4.002 E206.22108
G1 X0.38 Y-4.52 E206.2297
G1 X-0.09 Y-4.52 E206.23751
G1 X-0.086 Y-3.731 E206.25063
G1 X0.505 Y-3.729 E206.26046
G0 F9000 X0.392 Y-3.639
G0 X-.536 Y-3.609
G0 X-.536 Y-3.937
G1 F1059.5 X-.529 Y-4.317 E206.26704
G0 F9000 X-.329 Y-3.73
G1 F1101.9 X-.327 Y-4.52 E206.28017
G1 X-.73 Y-4.52 E206.28687
G1 X-.733 Y-3.999 E206.29554
G1 X-.849 Y-3.735 E206.30033
G1 X-.329 Y-3.73 E206.30898
G0 F9000 X-.329 Y-3.51
;MESH:NONMESH
G0 F300 X-.329 Y-3.51 Z7.7
G0 F9000 X3.593 Y0.236
G0 X3.693 Y0.236
;TIME_ELAPSED:663.042154
;LAYER:37
;TYPE:FILL
;MESH:xyzCalibration_cube.stl
G1 F1108.3 X-.422 Y-3.878 E206.40575
G0 F9000 X0.1 Y-3.708
G1 F1108.3 X-4.659 Y-2.432 E206.48769
G0 F9000 X-4.5 Y-2.432
G0 X-4.5 Y-3.644
G0 X-4.659 Y-3.644
G1 F1108.3 X-4.387 Y-4.66 E206.50518
G0 F9000 X-4.659 Y-3.873
G1 F1108.3 X3.873 Y4.659 E206.70584
G0 F9000 X3.643 Y4.659
G1 F1108.3 X4.659 Y4.387 E206.72333
G0 F9000 X4.5 Y4.387
G0 X2.432 Y4.5
G0 X2.432 Y4.66
G1 F1108.3 X3.846 Y-.614 E206.81413
G0 F9000 X3.696 Y-1.566
G1 F1108.3 X-4.659 Y0.672 E206.95798
G0 F9000 X-4.659 Y0.369
G1 F1108.3 X-.369 Y4.659 E207.05887
G0 F9000 X-.673 Y4.66
G1 F1108.3 X1.569 Y-3.709 E207.20296
G0 F9000 X2.148 Y-4.257
G1 F1108.3 X3.651 Y-4.659 E207.22883
G0 F9000 X3.039 Y-4.659
G1 F1108.3 X4.659 Y-3.039 E207.26693
G0 F9000 X4.417 Y-2.745
G1 F1108.3 X4.659 Y-3.65 E207.28251
G0 F9000 X4.5 Y-3.65
G0 X3.609 Y-2.832
G0 X3.535 Y1.539
G0 X3.696 Y1.539
G1 F1108.3 X-4.658 Y3.778 E207.42634
G0 F9000 X-4.659 Y4.611
G1 F1108.3 X-4.611 Y4.659 E207.42747
G0 F9000 X-3.778 Y4.659
G1 F1108.3 X-1.536 Y-3.709 E207.57154
G0 F9000 X-1.536 Y-3.549
G0 X4.53 Y4.53
G0 X4.7 Y4.7
;TYPE:WALL-INNER
G1 F1108.3 X4.7 Y2.217 E207.61283
G1 X3.947 Y2.215 E207.62535
G1 X3.803 Y2.106 E207.62835
G1 X3.735 Y1.981 E207.63072
G1 X3.739 Y1.004 E207.64697
G1 X3.831 Y0.838 E207.65012
G1 X3.969 Y0.759 E207.65277
G1 X4.7 Y0.76 E207.66493
G1 X4.7 Y-1.24 E207.69819
G1 X3.972 Y-1.24 E207.71029
G1 X3.832 Y-1.319 E207.71297
G1 X3.737 Y-1.464 E207.71585
G1 X3.737 Y-2.495 E207.73299
G1 X3.855 Y-2.645 E207.73617
G1 X3.977 Y-2.705 E207.73843
G1 X4.7 Y-2.707 E207.75045
G1 X4.7 Y-4.7 E207.7836
G1 X2.108 Y-4.7 E207.8267
G1 X2.108 Y-3.974 E207.83878
G1 X2.006 Y-3.823 E207.84181
G1 X1.874 Y-3.75 E207.84431
G1 X0.927 Y-3.749 E207.86006
G1 X0.749 Y-3.867 E207.86361
G1 X0.693 Y-3.99 E207.86586
G1 X0.687 Y-4.7 E207.87767
G1 X-1.024 Y-4.7 E207.90612
G1 X-1.03 Y-3.99 E207.91793
G1 X-1.086 Y-3.867 E207.92018
G1 X-1.267 Y-3.754 E207.92373
G1 X-2.218 Y-3.749 E207.93954
G1 X-2.349 Y-3.822 E207.94204
G1 X-2.451 Y-3.969 E207.94501
G1 X-2.451 Y-4.7 E207.95717
G1 X-4.7 Y-4.7 E207.99457
G1 X-4.7 Y4.7 E208.15089
G1 X4.7 Y4.7 E208.30721
G0 F9000 X4.9 Y4.9
;TYPE:WALL-OUTER
G1 F1108.3 X4.9 Y2.017 E208.35516
G1 X4.004 Y2.015 E208.37006
G1 X3.939 Y1.945 E208.37165
G1 X3.938 Y1.031 E208.38685
G1 X4.006 Y0.963 E208.38845
G1 X4.9 Y0.96 E208.40332
G1 X4.9 Y-1.44 E208.44323
G1 X4.007 Y-1.444 E208.45808
G1 X3.938 Y-1.52 E208.45979
G1 X3.937 Y-2.436 E208.47502
G1 X4.009 Y-2.502 E208.47664
G1 X4.9 Y-2.507 E208.49146
G1 X4.9 Y-4.9 E208.53126
G1 X1.908 Y-4.9 E208.58101
G1 X1.902 Y-4.015 E208.59573
G1 X1.838 Y-3.954 E208.5972
G1 X0.961 Y-3.952 E208.61179
G1 X0.889 Y-4.029 E208.61354
G1 X0.887 Y-4.9 E208.62802
G1 X-1.224 Y-4.9 E208.66313
G1 X-1.226 Y-4.029 E208.67761
G1 X-1.305 Y-3.95 E208.67947
G1 X-2.182 Y-3.953 E208.69406
G1 X-2.245 Y-4.013 E208.6955
G1 X-2.251 Y-4.9 E208.71026
G1 X-4.9 Y-4.9 E208.75431
G1 X-4.9 Y4.9 E208.91728
G1 X4.9 Y4.9 E209.08026
G0 F9000 X4.9 Y4.7
G0 X4.53 Y4.53
G0 X3.607 Y2.342
G0 X3.607 Y0.63
G0 X3.666 Y0.134
G0 X4.324 Y0.065
G0 X4.323 Y0.383
;TYPE:SKIN
G1 F1136.7 X3.914 Y0.382 E209.08689
G0 F9000 X3.714 Y0.707
G1 F1108.3 X3.94 Y0.579 E209.09121
G1 X4.52 Y0.58 E209.10085
G1 X4.52 Y0.186 E209.10741
G1 X3.715 Y0.182 E209.12079
G1 X3.714 Y0.707 E209.12952
G0 F9000 X3.624 Y0.588
G0 X3.658 Y0.22
G0 X3.938 Y-.514
G0 X3.938 Y-.847
G1 F989.5 X4.309 Y-.849 E209.13643
G0 F9000 X4.52 Y-.638
G1 F1108.3 X4.52 Y-1.06 E209.14345
G1 X3.947 Y-1.06 E209.15298
G1 X3.716 Y-1.19 E209.15739
G1 X3.715 Y-.634 E209.16664
G1 X4.52 Y-.638 E209.18002
G0 F9000 X4.52 Y-.516
G0 X3.667 Y-.586
G0 X0.274 Y-3.609
G0 X0.274 Y-3.965
G1 F821 X0.272 Y-4.285 E209.18721
G0 F9000 X0.627 Y-3.733
G1 F1108.3 X0.508 Y-3.982 E209.1918
G1 X0.507 Y-4.52 E209.20074
G1 X0.036 Y-4.52 E209.20858
G1 X0.04 Y-3.729 E209.22173
G1 X0.627 Y-3.733 E209.23149
G0 F9000 X0.518 Y-3.639
G0 X-.322 Y-3.933
G0 X-.646 Y-3.934
G1 F1081.3 X-.643 Y-4.317 E209.23802
G0 F9000 X-.989 Y-3.73
G1 F1108.3 X-.443 Y-3.73 E209.2471
G1 X-.439 Y-4.52 E209.26024
G1 X-.844 Y-4.52 E209.26698
G1 X-.846 Y-3.972 E209.27609
G1 X-.989 Y-3.73 E209.28076
G0 F9000 X-.784 Y-3.509
;MESH:NONMESH
G0 F300 X-.784 Y-3.509 Z7.9
G0 F9000 X0.649 Y-3.549
G0 X0.649 Y-3.708
;TIME_ELAPSED:676.215545
;LAYER:38
;TYPE:FILL
;MESH:xyzCalibration_cube.stl
G1 F1119.2 X-4.658 Y-2.286 E209.37213
G0 F9000 X-4.5 Y-2.286
G0 X-4.5 Y-4.072
G0 X-4.658 Y-4.072
G1 F1119.2 X4.073 Y4.659 E209.57747
G0 F9000 X4.191 Y4.659
G1 F1119.2 X4.659 Y4.534 E209.58553
G0 F9000 X4.5 Y4.534
G0 X2.285 Y4.5
G0 X2.285 Y4.66
G1 F1119.2 X3.73 Y-.731 E209.67835
G0 F9000 X3.695 Y-1.418
G1 F1119.2 X-4.658 Y0.819 E209.82215
G0 F9000 X-4.658 Y0.169
G1 F1119.2 X-.169 Y4.658 E209.92773
G0 F9000 X-.819 Y4.659
G1 F1119.2 X1.422 Y-3.71 E210.07181
G0 F9000 X2.275 Y-4.144
G1 F1119.2 X4.2 Y-4.659 E210.10495
G0 F9000 X4.659 Y-4.199
G1 F1119.2 X4.301 Y-2.864 E210.12793
G0 F9000 X4.659 Y-3.239
G1 F1119.2 X3.24 Y-4.659 E210.16132
G0 F9000 X3.24 Y-4.5
G0 X2.364 Y-3.621
G0 X0.688 Y-3.621
G0 X0.175 Y-3.675
G0 X-.434 Y-4.191
G0 X-.533 Y-4.191
G1 F1119.2 X3.93 Y0.273 E210.26629
G0 F9000 X3.93 Y0.175
G0 X3.666 Y0.246
G0 X3.535 Y1.687
G0 X3.695 Y1.687
G1 F1119.2 X-4.658 Y3.925 E210.4101
G0 F9000 X-4.658 Y4.412
G1 F1119.2 X-4.412 Y4.658 E210.41589
G0 F9000 X-3.925 Y4.659
G1 F1119.2 X-1.683 Y-3.709 E210.55995
G0 F9000 X-1.683 Y-3.549
G0 X-2.591 Y-3.614
G0 X-4.534 Y-4.5
G0 X-4.534 Y-4.659
G1 F1119.2 X-4.658 Y-4.195 E210.56794
G0 F9000 X-4.5 Y-4.195
G0 X4.53 Y4.53
G0 X4.7 Y4.7
;TYPE:WALL-INNER
G1 F1119.2 X4.7 Y2.331 E210.60734
G1 X3.95 Y2.328 E210.61981
G1 X3.806 Y2.223 E210.62277
G1 X3.735 Y2.093 E210.62524
G1 X3.741 Y1.108 E210.64162
G1 X3.83 Y0.951 E210.64462
G1 X3.957 Y0.871 E210.64712
G1 X4.7 Y0.871 E210.65947
G1 X4.7 Y-1.357 E210.69652
G1 X3.952 Y-1.357 E210.70896
G1 X3.788 Y-1.488 E210.71245
G1 X3.742 Y-1.597 E210.71442
G1 X3.737 Y-2.617 E210.73138
G1 X3.861 Y-2.768 E210.73463
G1 X3.984 Y-2.824 E210.73688
G1 X4.7 Y-2.826 E210.74879
G1 X4.7 Y-4.7 E210.77995
G1 X2.236 Y-4.7 E210.82093
G1 X2.236 Y-3.979 E210.83292
G1 X2.141 Y-3.829 E210.83587
G1 X2.005 Y-3.749 E210.8385
G1 X1.062 Y-3.753 E210.85418
G1 X0.93 Y-3.812 E210.85658
G1 X0.815 Y-3.984 E210.86002
G1 X0.813 Y-4.7 E210.87193
G1 X-1.137 Y-4.7 E210.90436
G1 X-1.139 Y-3.984 E210.91627
G1 X-1.203 Y-3.863 E210.91854
G1 X-1.359 Y-3.749 E210.92176
G1 X-2.333 Y-3.749 E210.93795
G1 X-2.466 Y-3.826 E210.94051
G1 X-2.564 Y-3.975 E210.94348
G1 X-2.564 Y-4.7 E210.95553
G1 X-4.699 Y-4.699 E210.99104
G1 X-4.699 Y4.699 E211.14733
G1 X4.7 Y4.7 E211.30363
G0 F9000 X4.9 Y4.9
;TYPE:WALL-OUTER
G1 F1119.2 X4.9 Y2.131 E211.34968
G1 X4.007 Y2.128 E211.36453
G1 X3.939 Y2.059 E211.36614
G1 X3.939 Y1.14 E211.38143
G1 X3.998 Y1.077 E211.38286
G1 X4.9 Y1.071 E211.39786
G1 X4.9 Y-1.557 E211.44157
G1 X4 Y-1.563 E211.45653
G1 X3.938 Y-1.637 E211.45814
G1 X3.937 Y-2.555 E211.47341
G1 X4.013 Y-2.622 E211.47509
G1 X4.9 Y-2.626 E211.48984
G1 X4.9 Y-4.9 E211.52766
G1 X2.036 Y-4.9 E211.57529
G1 X2.032 Y-4.018 E211.58996
G1 X1.967 Y-3.953 E211.59148
G1 X1.091 Y-3.951 E211.60605
G1 X1.019 Y-4.02 E211.60771
G1 X1.013 Y-4.9 E211.62234
G1 X-1.337 Y-4.9 E211.66143
G1 X-1.343 Y-4.02 E211.67606
G1 X-1.397 Y-3.951 E211.67752
G1 X-2.296 Y-3.954 E211.69247
G1 X-2.359 Y-4.016 E211.69394
G1 X-2.364 Y-4.9 E211.70864
G1 X-4.899 Y-4.899 E211.7508
G1 X-4.899 Y4.899 E211.91374
G1 X4.9 Y4.9 E212.0767
G0 F9000 X4.9 Y4.7
G0 X4.53 Y4.53
G0 X3.607 Y2.455
G0 X3.607 Y0.743
G0 X3.666 Y0.246
G0 X4.324 Y0.177
G0 X4.323 Y0.494
;TYPE:SKIN
G1 F1147.9 X3.913 Y0.493 E212.08334
G0 F9000 X3.715 Y0.834
G1 F1119.2 X3.924 Y0.691 E212.08756
G1 X4.52 Y0.691 E212.09747
G1 X4.52 Y0.298 E212.104
G1 X3.715 Y0.294 E212.11739
G1 X3.715 Y0.834 E212.12637
G0 F9000 X3.624 Y0.701
G0 X3.648 Y0.443
G0 X3.932 Y-.631
G0 X3.932 Y-.964
G1 F994.8 X4.308 Y-.965 E212.1334
G0 F9000 X4.52 Y-.755
G1 F1119.2 X4.52 Y-1.177 E212.14042
G1 X3.936 Y-1.177 E212.15013
G1 X3.717 Y-1.303 E212.15434
G1 X3.716 Y-.751 E212.16352
G1 X4.52 Y-.755 E212.17689
G0 F9000 X4.52 Y-.633
G0 X3.668 Y-.703
G0 X0.401 Y-3.609
G0 X0.401 Y-3.964
G1 F832.1 X0.398 Y-4.286 E212.18409
G0 F9000 X0.773 Y-3.73
G1 F1119.2 X0.635 Y-3.971 E212.18871
G1 X0.632 Y-4.52 E212.19784
G1 X0.163 Y-4.52 E212.20564
G1 X0.167 Y-3.729 E212.21879
G1 X0.773 Y-3.73 E212.22887
G0 F9000 X0.646 Y-3.639
G0 X-.758 Y-3.609
G0 X-.758 Y-3.932
G1 F1097.2 X-.756 Y-4.318 E212.23542
G0 F9000 X-.556 Y-3.729
G1 F1119.2 X-.552 Y-4.52 E212.24857
G1 X-.956 Y-4.52 E212.25529
G1 X-.959 Y-3.956 E212.26467
G1 X-1.081 Y-3.73 E212.26894
G1 X-.556 Y-3.729 E212.27767
G0 F9000 X-.556 Y-3.509
;MESH:NONMESH
G0 F300 X-.556 Y-3.509 Z8.1
G0 F9000 X0.607 Y-.445
;TIME_ELAPSED:689.691679
;LAYER:39
;TYPE:FILL
;MESH:xyzCalibration_cube.stl
G1 F6000 X3.694 Y-1.272 E212.33082
G0 F9000 X3.695 Y-1.145
G1 F6000 X2.139 Y4.659 E212.43075
G0 F9000 X2.139 Y4.5
G0 X0.03 Y4.5
G0 X0.03 Y4.659
G1 F6000 X-1.131 Y3.497 E212.45806
G0 F9000 X-.654 Y3.497
G1 F6000 X-.965 Y4.659 E212.47807
G0 F9000 X-.965 Y4.5
G0 X-1.939 Y3.711
G0 X-2.238 Y3.395
G0 X-2.138 Y3.396
G1 F6000 X-4.658 Y4.071 E212.52145
G0 F9000 X-4.659 Y4.212
G1 F6000 X-4.212 Y4.658 E212.53196
G0 F9000 X-4.071 Y4.659
G1 F6000 X-2.126 Y-2.599 E212.65692
G0 F9000 X-2.178 Y-2.804
G1 F6000 X-4.658 Y-2.14 E212.69961
G0 F9000 X-4.5 Y-2.14
G0 X-4.5 Y-0.031
G0 X-4.659 Y-0.031
G1 F6000 X-2.134 Y2.493 E212.75898
G0 F9000 X-2.235 Y2.492
G0 X-2.162 Y2.035
G0 X-.269 Y1.963
G0 X-.269 Y2.062
G1 F6000 X-0.089 Y1.39 E212.77055
G0 F9000 X-.179 Y1.435
G0 X-.919 Y-0.015
G0 X-.828 Y-0.06
G1 F6000 X-4.658 Y0.965 E212.83649
G0 F9000 X-4.5 Y0.965
G0 X-1.319 Y-.8
G0 X-1.23 Y-.844
G1 F6000 X-4.659 Y-4.273 E212.91713
G0 F9000 X-4.5 Y-4.273
G0 X-2.633 Y-3.681
G0 X-1.829 Y-3.609
G0 X-1.829 Y-3.708
G1 F6000 X-1.929 Y-3.335 E212.92355
G0 F9000 X-1.928 Y-3.435
G0 X-.197 Y-3.435
G0 X-.198 Y-3.335
G1 F6000 X1.194 Y-3.708 E212.94752
G1 X1.276 Y-3.709
G1 X1.176 Y-3.334 E212.95397
G0 F9000 X0.521 Y-3.334
G1 F6000 X-.645 Y-4.502 E212.98142
G0 F9000 X-.546 Y-4.502
G0 X0.244 Y-3.681
G0 X2.304 Y-3.681
G0 X2.376 Y-3.998
G0 X2.275 Y-3.998
G1 F6000 X4.659 Y-4.637 E213.02247
G1 X4.637 Y-4.66
G1 X4.155 Y-2.863 E213.05341
G0 F9000 X4.659 Y-3.439
G1 F6000 X3.44 Y-4.659 E213.08209
G0 F9000 X3.44 Y-4.5
G0 X2.424 Y-1.872
G0 X1.957 Y-1.8
G0 X1.957 Y-1.899
G1 F6000 X4.241 Y0.385 E213.1358
G0 F9000 X4.241 Y0.286
G0 X3.666 Y0.357
G0 X3.536 Y1.832
G0 X3.696 Y1.832
G1 F6000 X2.005 Y2.285 E213.16492
G0 F9000 X2.119 Y2.505
G1 F6000 X4.273 Y4.659 E213.21557
G0 F9000 X4.273 Y4.5
G0 X0.563 Y-.755
G0 X0.473 Y-.71
G1 F6000 X0.791 Y-1.9 E213.23606
G0 F9000 X0.791 Y-1.8
G0 X4.53 Y4.53
G0 X4.7 Y4.7
;TYPE:WALL-INNER
G1 F1500 X4.7 Y2.444 E213.27358
G1 X3.958 Y2.442 E213.28592
G1 X3.81 Y2.341 E213.2889
G1 X3.736 Y2.21 E213.2914
G1 X3.741 Y1.226 E213.30776
G1 X3.877 Y1.027 E213.31177
G1 X4.037 Y0.982 E213.31453
G1 X4.7 Y0.983 E213.32556
G1 X4.7 Y-4.7 E213.42007
G1 X-4.7 Y-4.7 E213.57639
G1 X-4.699 Y4.699 E213.7327
G1 X4.7 Y4.7 E213.889
G0 F9000 X4.9 Y4.9
;TYPE:WALL-OUTER
G1 F1500 X4.9 Y2.244 E213.93317
G1 X4.001 Y2.236 E213.94812
G1 X3.94 Y2.173 E213.94958
G1 X3.937 Y1.263 E213.96472
G1 X3.993 Y1.182 E213.96635
G1 X4.9 Y1.183 E213.98144
G1 X4.9 Y-4.9 E214.0826
G1 X-4.9 Y-4.9 E214.24557
G1 X-4.899 Y4.899 E214.40853
G1 X4.9 Y4.9 E214.57149
G0 F9000 X4.9 Y4.7
G0 X4.53 Y4.53
G0 X2.283 Y3.598
G0 X2.284 Y3.479
;TYPE:SKIN
G1 F1500 X-2.119 Y3.478 E214.64471
G1 X-2.113 Y2.083 E214.66791
G1 X0.141 Y2.082 E214.70539
G1 X0.21 Y2.035 E214.70678
G1 X0.213 Y1.937 E214.70841
G1 X-2.158 Y-2.707 E214.79513
G1 X-2.155 Y-3.315 E214.80524
G1 X2.376 Y-3.315 E214.88059
G1 X2.376 Y-1.92 E214.90379
G1 X-0.024 Y-1.919 E214.9437
G1 X-0.092 Y-1.872 E214.94507
G1 X-0.096 Y-1.774 E214.9467
G1 X2.284 Y2.87 E215.03349
G1 X2.284 Y3.479 E215.04361
G0 F9000 X1.996 Y3.377
G1 F1500 X2.183 Y3.19 E215.04801
G0 F9000 X2.183 Y2.907
G1 F1500 X1.713 Y3.377 E215.05907
G0 F9000 X1.43 Y3.377
G1 F1500 X2.092 Y2.715 E215.07463
G0 F9000 X1.996 Y2.529
G1 F1500 X1.147 Y3.377 E215.09459
G0 F9000 X0.864 Y3.377
G1 F1500 X1.9 Y2.341 E215.11896
G0 F9000 X1.804 Y2.155
G1 F1500 X0.581 Y3.377 E215.14771
G0 F9000 X0.299 Y3.377
G1 F1500 X1.708 Y1.968 E215.18084
G0 F9000 X1.612 Y1.781
G1 F1500 X0.016 Y3.377 E215.21838
G0 F9000 X-.266 Y3.377
G1 F1500 X1.516 Y1.594 E215.2603
G0 F9000 X1.421 Y1.407
G1 F1500 X-.549 Y3.377 E215.30663
G0 F9000 X-.832 Y3.377
G1 F1500 X1.325 Y1.22 E215.35736
G0 F9000 X1.229 Y1.033
G1 F1500 X0.3 Y1.962 E215.37921
G0 F9000 X0.229 Y1.75
G1 F1500 X1.133 Y0.846 E215.40047
G0 F9000 X1.038 Y0.659
G1 F1500 X0.134 Y1.562 E215.42172
G0 F9000 X0.038 Y1.375
G1 F1500 X0.941 Y0.472 E215.44296
G0 F9000 X0.845 Y0.285
G1 F1500 X-0.056 Y1.187 E215.46416
G0 F9000 X-.152 Y1
G1 F1500 X0.75 Y0.098 E215.48537
G0 F9000 X0.654 Y-0.088
G1 F1500 X-.248 Y0.813 E215.50657
G0 F9000 X-.343 Y0.626
G1 F1500 X0.558 Y-.275 E215.52777
G0 F9000 X0.462 Y-.462
G1 F1500 X-.439 Y0.439 E215.54896
G0 F9000 X-.534 Y0.251
G1 F1500 X0.366 Y-.649 E215.57012
G0 F9000 X0.27 Y-.836
G1 F1500 X-.63 Y0.065 E215.5913
G0 F9000 X-.726 Y-.122
G1 F1500 X0.175 Y-1.023 E215.61249
G0 F9000 X0.079 Y-1.21
G1 F1500 X-.821 Y-.309 E215.63367
G0 F9000 X-.917 Y-.497
G1 F1500 X-0.016 Y-1.397 E215.65485
G0 F9000 X-.112 Y-1.584
G1 F1500 X-1.013 Y-.683 E215.67604
G0 F9000 X-1.108 Y-.871
G1 F1500 X-.182 Y-1.797 E215.69782
G0 F9000 X0.038 Y-2.018
G1 F1500 X1.233 Y-3.213 E215.72592
G0 F9000 X0.951 Y-3.213
G1 F1500 X-1.204 Y-1.058 E215.7766
G0 F9000 X-1.299 Y-1.245
G1 F1500 X0.668 Y-3.213 E215.82287
G0 F9000 X0.385 Y-3.213
G1 F1500 X-1.395 Y-1.433 E215.86474
G0 F9000 X-1.491 Y-1.619
G1 F1500 X0.102 Y-3.213 E215.90221
G0 F9000 X-.18 Y-3.213
G1 F1500 X-1.586 Y-1.807 E215.93528
G0 F9000 X-1.682 Y-1.994
G1 F1500 X-.463 Y-3.213 E215.96395
G0 F9000 X-.745 Y-3.213
G1 F1500 X-1.777 Y-2.182 E215.98821
G0 F9000 X-1.873 Y-2.368
G1 F1500 X-1.028 Y-3.213 E216.00808
G0 F9000 X-1.311 Y-3.213
G1 F1500 X-1.969 Y-2.556 E216.02355
G0 F9000 X-2.057 Y-2.75
G1 F1500 X-1.594 Y-3.213 E216.03444
G0 F9000 X-1.877 Y-3.213
G1 F1500 X-2.055 Y-3.035 E216.03862
G0 F9000 X-2.277 Y-3.036
G0 X-2.204 Y-3.364
G0 X2.424 Y-3.363
G0 X2.424 Y-1.872
G0 X0.321 Y-1.8
G0 X0.321 Y-2.018
G1 F1500 X1.516 Y-3.213 E216.06673
G0 F9000 X1.799 Y-3.213
G1 F1500 X0.603 Y-2.018 E216.09484
G0 F9000 X0.887 Y-2.018
G1 F1500 X2.082 Y-3.213 E216.12295
G0 F9000 X2.275 Y-3.123
G1 F1500 X1.17 Y-2.018 E216.14893
G0 F9000 X1.453 Y-2.018
G1 F1500 X2.275 Y-2.841 E216.16828
G0 F9000 X2.275 Y-2.558
G1 F1500 X1.736 Y-2.019 E216.18096
G0 F9000 X2.019 Y-2.019
G1 F1500 X2.275 Y-2.275 E216.18698
G0 F9000 X2.496 Y-2.275
G0 X2.332 Y3.527
G0 X-2.167 Y3.526
G0 X-2.162 Y2.035
G0 X0.082 Y1.963
G0 X0.082 Y2.18
G1 F1500 X-1.115 Y3.377 E216.21513
G0 F9000 X-1.397 Y3.377
G1 F1500 X-.2 Y2.18 E216.24328
G0 F9000 X-.482 Y2.18
G1 F1500 X-1.68 Y3.377 E216.27144
G0 F9000 X-1.963 Y3.377
G1 F1500 X-.766 Y2.18 E216.29959
G0 F9000 X-1.049 Y2.18
G1 F1500 X-2.018 Y3.149 E216.32238
G0 F9000 X-2.016 Y2.865
G1 F1500 X-1.332 Y2.181 E216.33847
G0 F9000 X-1.615 Y2.181
G1 F1500 X-2.015 Y2.58 E216.34787
G0 F9000 X-2.013 Y2.296
G1 F1500 X-1.898 Y2.181 E216.35057
G0 F9000 X-1.898 Y1.963
G0 X-2.162 Y2.035
G0 X-2.167 Y3.526
G0 X2.332 Y3.527
G0 X2.342 Y2.857
G0 X1.492 Y1.197
G0 X3.924 Y0.286
G0 X3.923 Y0.614
G1 F1449.3 X3.986 Y0.605 E216.35167
G1 F1522.8 X4.323 Y0.604 E216.35719
G0 F9000 X3.715 Y0.938
G1 F1500 X3.807 Y0.862 E216.35917
G1 X4.021 Y0.803 E216.36286
G1 X4.52 Y0.802 E216.37116
G1 X4.52 Y0.407 E216.37773
G1 X3.714 Y0.406 E216.39113
G1 X3.715 Y0.938 E216.39998
G0 F9000 X3.624 Y0.811
G0 X3.596 Y-.869
G0 X3.716 Y-.869
G1 F1500 X3.717 Y-2.841 E216.43278
G1 X4.52 Y-2.845 E216.44613
G1 X4.52 Y-.869 E216.47899
G1 X3.716 Y-.869 E216.49236
G0 F9000 X4.419 Y-1.025
G1 F1500 X4.362 Y-.968 E216.4937
G0 F9000 X4.08 Y-.968
G1 F1500 X4.419 Y-1.308 E216.50169
G0 F9000 X4.419 Y-1.59
G1 F1500 X3.816 Y-.987 E216.51587
G0 F9000 X3.816 Y-1.27
G1 F1500 X4.419 Y-1.873 E216.53005
G0 F9000 X4.419 Y-2.156
G1 F1500 X3.816 Y-1.553 E216.54423
G0 F9000 X3.816 Y-1.836
G1 F1500 X4.419 Y-2.439 E216.55841
G0 F9000 X4.419 Y-2.722
G1 F1500 X3.816 Y-2.119 E216.57259
G0 F9000 X3.816 Y-2.402
G1 F1500 X4.157 Y-2.743 E216.58061
G0 F9000 X3.873 Y-2.742
G1 F1500 X3.816 Y-2.684 E216.58197
G0 F9000 X3.597 Y-2.684
G0 X2.424 Y-3.363
G0 X0.293 Y-3.609
G0 X0.293 Y-3.729
G1 F1500 X0.289 Y-4.52 E216.59512
G1 X2.256 Y-4.52 E216.62783
G1 X2.256 Y-3.73 E216.64097
G1 X0.293 Y-3.729 E216.67361
G0 F9000 X0.459 Y-4.419
G1 F1500 X0.389 Y-4.349 E216.67526
G0 F9000 X0.391 Y-4.067
G1 F1500 X0.742 Y-4.419 E216.68353
G0 F9000 X1.025 Y-4.419
G1 F1500 X0.434 Y-3.828 E216.69743
G0 F9000 X0.717 Y-3.828
G1 F1500 X1.308 Y-4.419 E216.71133
G0 F9000 X1.59 Y-4.419
G1 F1500 X0.999 Y-3.828 E216.72523
G0 F9000 X1.282 Y-3.828
G1 F1500 X1.873 Y-4.419 E216.73913
G0 F9000 X2.155 Y-4.418
G1 F1500 X1.565 Y-3.828 E216.753
G0 F9000 X1.848 Y-3.828
G1 F1500 X2.155 Y-4.135 E216.76022
G0 F9000 X2.376 Y-4.135
G0 X2.304 Y-3.681
G0 X-.669 Y-3.609
G0 X-.669 Y-3.73
G1 F1500 X-2.584 Y-3.73 E216.79207
G1 X-2.583 Y-4.52 E216.80521
G1 X-.665 Y-4.52 E216.8371
G1 X-.669 Y-3.73 E216.85024
G0 F9000 X-.979 Y-3.828
G1 F1500 X-.767 Y-4.04 E216.85523
G0 F9000 X-.767 Y-4.323
G1 F1500 X-1.262 Y-3.828 E216.86687
G0 F9000 X-1.545 Y-3.828
G1 F1500 X-.954 Y-4.419 E216.88077
G0 F9000 X-1.237 Y-4.419
G1 F1500 X-1.827 Y-3.828 E216.89465
G0 F9000 X-2.11 Y-3.828
G1 F1500 X-1.52 Y-4.419 E216.90854
G0 F9000 X-1.803 Y-4.419
G1 F1500 X-2.393 Y-3.828 E216.92243
G0 F9000 X-2.483 Y-4.022
G1 F1500 X-2.085 Y-4.419 E216.93178
G0 F9000 X-2.368 Y-4.419
G1 F1500 X-2.481 Y-4.306 E216.93444
G0 F9000 X-2.804 Y-4.307
;MESH:NONMESH
G0 F300 X-2.804 Y-4.307 Z8.3
G0 F9000 X-2.633 Y-3.681
G0 X2.424 Y-3.363
G0 X2.424 Y-1.872
G0 X0.764 Y-.362
G0 X0.672 Y-.316
;TIME_ELAPSED:711.956529
;LAYER:40
;TYPE:FILL
;MESH:xyzCalibration_cube.stl
G1 F6000 X3.695 Y-1.126 E216.98648
G0 F9000 X3.695 Y-1.69
G1 F6000 X1.993 Y4.659 E217.09579
G0 F9000 X1.993 Y4.5
G0 X0.23 Y4.5
G0 X0.23 Y4.659
G1 F6000 X-.93 Y3.498 E217.12309
G0 F9000 X-.8 Y3.497
G1 F6000 X-1.111 Y4.659 E217.14309
G0 F9000 X-1.111 Y4.5
G0 X-1.973 Y3.599
G0 X-1.973 Y3.498
G1 F6000 X-4.659 Y4.217 E217.18933
G0 F9000 X-4.659 Y4.012
G1 F6000 X-4.012 Y4.659 E217.20455
G0 F9000 X-4.217 Y4.66
G1 F6000 X-2.179 Y-2.948 E217.33553
G0 F9000 X-2.159 Y-2.663
G1 F6000 X-4.658 Y-1.994 E217.37855
G0 F9000 X-4.5 Y-1.994
G0 X-4.5 Y-.23
G0 X-4.659 Y-.23
G1 F6000 X-2.136 Y2.293 E217.43789
G0 F9000 X-2.237 Y2.293
G0 X-.416 Y1.963
G0 X-.416 Y2.062
G1 F6000 X-.185 Y1.201 E217.45272
G0 F9000 X-.275 Y1.246
G0 X-.854 Y0.112
G0 X-.763 Y0.067
G1 F6000 X-4.659 Y1.111 E217.51979
G0 F9000 X-4.5 Y1.111
G0 X-1.527 Y-1.207
G0 X-1.438 Y-1.251
G1 F6000 X-4.659 Y-4.473 E217.59556
G0 F9000 X-4.5 Y-4.473
G0 X-2.633 Y-3.681
G0 X-1.975 Y-3.609
G0 X-1.975 Y-3.708
G1 F6000 X-2.075 Y-3.334 E217.602
G0 F9000 X-2.075 Y-3.436
G0 X-.733 Y-3.681
G0 X-.603 Y-4.5
G0 X-.603 Y-4.659
G1 F6000 X0.72 Y-3.335 E217.63312
G0 F9000 X1.03 Y-3.334
G1 F6000 X1.13 Y-3.708 E217.63956
G0 F9000 X1.739 Y-3.708
G1 F6000 X0.347 Y-3.335 E217.66353
G0 F9000 X0.347 Y-3.436
G0 X2.424 Y-3.364
G0 X2.424 Y-1.872
G0 X0.645 Y-1.8
G0 X0.645 Y-1.9
G1 F6000 X0.377 Y-.897 E217.68079
G0 F9000 X0.467 Y-.942
G0 X2.156 Y-1.8
G0 X2.156 Y-1.899
G1 F6000 X4.553 Y0.497 E217.73715
G0 F9000 X4.553 Y0.399
G0 X3.667 Y0.468
G0 X3.595 Y1.979
G0 X3.694 Y1.979
G1 F6000 X2.071 Y2.414 E217.7651
G0 F9000 X1.909 Y2.096
G1 F6000 X4.473 Y4.659 E217.82539
G0 F9000 X4.473 Y4.5
G0 X3.668 Y2.508
G0 X3.669 Y-2.89
G0 X4.009 Y-2.964
G0 X4.009 Y-2.862
G1 F6000 X4.491 Y-4.66 E217.85634
G0 F9000 X4.659 Y-4.49
G1 F6000 X2.276 Y-3.852 E217.89737
G0 F9000 X2.376 Y-3.852
G0 X3.639 Y-4.5
G0 X3.639 Y-4.659
G1 F6000 X4.659 Y-3.638 E217.92137
G0 F9000 X4.5 Y-3.638
G0 X3.669 Y-2.89
G0 X3.668 Y2.508
G0 X4.53 Y4.53
G0 X4.7 Y4.7
;TYPE:WALL-INNER
G1 F1500 X4.7 Y-4.7 E218.07769
G1 X-4.7 Y-4.7 E218.23401
G1 X-4.7 Y4.7 E218.39034
G1 X4.7 Y4.7 E218.54666
G0 F9000 X4.9 Y4.9
;TYPE:WALL-OUTER
G1 F1500 X4.9 Y-4.9 E218.70963
G1 X-4.9 Y-4.9 E218.87261
G1 X-4.9 Y4.9 E219.03558
G1 X4.9 Y4.9 E219.19856
G0 F9000 X4.9 Y4.7
G0 X4.53 Y4.53
G0 X3.596 Y2.46
G0 X3.716 Y2.46
;TYPE:SKIN
G1 F1500 X3.716 Y0.516 E219.23089
G1 X4.52 Y0.52 E219.24426
G1 X4.52 Y2.462 E219.27655
G1 X3.716 Y2.46 E219.28992
G0 F9000 X4.057 Y2.36
G1 F1500 X3.815 Y2.118 E219.29561
G0 F9000 X3.815 Y1.835
G1 F1500 X4.34 Y2.36 E219.30796
G0 F9000 X4.419 Y2.156
G1 F1500 X3.815 Y1.552 E219.32217
G0 F9000 X3.815 Y1.269
G1 F1500 X4.419 Y1.873 E219.33637
G0 F9000 X4.419 Y1.59
G1 F1500 X3.815 Y0.987 E219.35057
G0 F9000 X3.815 Y0.704
G1 F1500 X4.419 Y1.308 E219.36477
G0 F9000 X4.419 Y1.025
G1 F1500 X4.012 Y0.618 E219.37434
G0 F9000 X4.296 Y0.619
G1 F1500 X4.419 Y0.742 E219.37724
G0 F9000 X4.42 Y0.399
G0 X3.667 Y0.468
G0 X2.404 Y3.479
G0 X2.284 Y3.479
G1 F1500 X-2.117 Y3.479 E219.45042
G1 X-2.117 Y2.083 E219.47364
G1 X0.141 Y2.082 E219.51119
G1 X0.21 Y2.035 E219.51258
G1 X0.213 Y1.937 E219.51421
G1 X-2.159 Y-2.708 E219.60095
G1 X-2.159 Y-3.316 E219.61106
G1 X2.376 Y-3.316 E219.68647
G1 X2.376 Y-1.92 E219.70969
G1 X-0.024 Y-1.919 E219.7496
G1 X-0.092 Y-1.872 E219.75098
G1 X-0.096 Y-1.774 E219.75261
G1 X2.284 Y2.87 E219.83939
G1 X2.284 Y3.479 E219.84952
G0 F9000 X2.404 Y3.479
G0 X-1.713 Y3.599
G0 X-1.713 Y3.377
G1 F1500 X-2.016 Y3.074 E219.85664
G0 F9000 X-2.016 Y2.791
G1 F1500 X-1.43 Y3.377 E219.87042
G0 F9000 X-1.147 Y3.377
G1 F1500 X-2.016 Y2.508 E219.89086
G0 F9000 X-2.016 Y2.225
G1 F1500 X-.864 Y3.377 E219.91796
G0 F9000 X-.581 Y3.377
G1 F1500 X-1.777 Y2.182 E219.94607
G0 F9000 X-1.494 Y2.182
G1 F1500 X-.299 Y3.377 E219.97418
G0 F9000 X-0.016 Y3.377
G1 F1500 X-1.212 Y2.181 E220.0023
G0 F9000 X-.929 Y2.181
G1 F1500 X0.266 Y3.377 E220.03042
G0 F9000 X0.549 Y3.377
G1 F1500 X-.647 Y2.181 E220.05855
G0 F9000 X-.364 Y2.18
G1 F1500 X0.832 Y3.377 E220.08669
G0 F9000 X1.115 Y3.377
G1 F1500 X-0.082 Y2.18 E220.11484
G0 F9000 X0.183 Y2.163
G1 F1500 X1.397 Y3.377 E220.14339
G0 F9000 X1.68 Y3.377
G1 F1500 X0.298 Y1.995 E220.17589
G0 F9000 X0.118 Y1.533
G1 F1500 X1.963 Y3.377 E220.21927
G0 F9000 X2.184 Y3.315
G1 F1500 X-.176 Y0.954 E220.27479
G0 F9000 X-.472 Y0.376
G1 F1500 X2.184 Y3.032 E220.33725
G0 F9000 X2.031 Y2.597
G1 F1500 X-.767 Y-.201 E220.40306
G0 F9000 X-1.062 Y-.779
G1 F1500 X1.733 Y2.016 E220.46879
G0 F9000 X1.436 Y1.436
G1 F1500 X-1.358 Y-1.358 E220.5345
G0 F9000 X-1.653 Y-1.936
G1 F1500 X1.139 Y0.856 E220.60017
G0 F9000 X0.841 Y0.275
G1 F1500 X-1.948 Y-2.514 E220.66576
G0 F9000 X-2.059 Y-2.907
G1 F1500 X0.543 Y-.304 E220.72697
G0 F9000 X0.246 Y-.884
G1 F1500 X-2.059 Y-3.19 E220.78119
G0 F9000 X-1.801 Y-3.215
G1 F1500 X-0.05 Y-1.465 E220.82236
G0 F9000 X-.179 Y-1.876
G1 F1500 X-1.518 Y-3.215 E220.85385
G0 F9000 X-1.235 Y-3.215
G1 F1500 X-0.038 Y-2.018 E220.882
G0 F9000 X0.244 Y-2.018
G1 F1500 X-.952 Y-3.215 E220.91014
G0 F9000 X-.669 Y-3.215
G1 F1500 X0.527 Y-2.018 E220.93828
G0 F9000 X0.809 Y-2.018
G1 F1500 X-.386 Y-3.215 E220.96641
G0 F9000 X-.103 Y-3.215
G1 F1500 X1.092 Y-2.018 E220.99454
G0 F9000 X1.375 Y-2.018
G1 F1500 X0.178 Y-3.215 E221.02269
G0 F9000 X0.461 Y-3.215
G1 F1500 X1.657 Y-2.019 E221.05082
G0 F9000 X1.94 Y-2.019
G1 F1500 X0.744 Y-3.215 E221.07894
G0 F9000 X1.027 Y-3.215
G1 F1500 X2.223 Y-2.019 E221.10707
G0 F9000 X2.276 Y-2.249
G1 F1500 X1.31 Y-3.215 E221.12979
G0 F9000 X1.593 Y-3.215
G1 F1500 X2.276 Y-2.532 E221.14585
G0 F9000 X2.276 Y-2.814
G1 F1500 X1.875 Y-3.215 E221.15529
G0 F9000 X2.158 Y-3.215
G1 F1500 X2.276 Y-3.097 E221.15806
G0 F9000 X2.496 Y-3.097
G0 X3.596 Y-.986
G0 X3.716 Y-.986
G1 F1500 X3.717 Y-2.841 E221.18891
G1 X4.52 Y-2.845 E221.20226
G1 X4.52 Y-.986 E221.23318
G1 X3.716 Y-.986 E221.24655
G0 F9000 X3.815 Y-1.275
G1 F1500 X4.005 Y-1.086 E221.25101
G0 F9000 X4.287 Y-1.086
G1 F1500 X3.815 Y-1.558 E221.26211
G0 F9000 X3.815 Y-1.841
G1 F1500 X4.419 Y-1.237 E221.27631
G0 F9000 X4.419 Y-1.52
G1 F1500 X3.815 Y-2.124 E221.29052
G0 F9000 X3.815 Y-2.406
G1 F1500 X4.419 Y-1.803 E221.30471
G0 F9000 X4.419 Y-2.085
G1 F1500 X3.815 Y-2.689 E221.31892
G0 F9000 X4.046 Y-2.742
G1 F1500 X4.419 Y-2.368 E221.3277
G0 F9000 X4.419 Y-2.651
G1 F1500 X4.326 Y-2.744 E221.32989
G0 F9000 X4.326 Y-2.965
G0 X2.785 Y-3.288
G0 X0.419 Y-3.609
G0 X0.419 Y-3.729
G1 F1500 X0.415 Y-4.52 E221.34304
G1 X2.256 Y-4.52 E221.37366
G1 X2.256 Y-3.73 E221.3868
G1 X0.419 Y-3.729 E221.41734
G0 F9000 X0.696 Y-3.828
G1 F1500 X0.516 Y-4.009 E221.42159
G0 F9000 X0.514 Y-4.293
G1 F1500 X0.979 Y-3.828 E221.43253
G0 F9000 X1.262 Y-3.828
G1 F1500 X0.672 Y-4.418 E221.4464
G0 F9000 X0.955 Y-4.418
G1 F1500 X1.545 Y-3.828 E221.46028
G0 F9000 X1.827 Y-3.828
G1 F1500 X1.238 Y-4.418 E221.47414
G0 F9000 X1.52 Y-4.418
G1 F1500 X2.11 Y-3.828 E221.48802
G0 F9000 X2.155 Y-4.066
G1 F1500 X1.803 Y-4.418 E221.4963
G0 F9000 X2.086 Y-4.418
G1 F1500 X2.155 Y-4.349 E221.49792
G0 F9000 X2.376 Y-4.349
G0 X2.304 Y-3.681
G0 X-.782 Y-3.609
G0 X-.782 Y-3.73
G1 F1500 X-2.584 Y-3.73 E221.52789
G1 X-2.583 Y-4.52 E221.54102
G1 X-.778 Y-4.52 E221.57104
G1 X-.782 Y-3.73 E221.58418
G0 F9000 X-.878 Y-4.273
G1 F1500 X-1.024 Y-4.418 E221.5876
G0 F9000 X-1.307 Y-4.418
G1 F1500 X-.88 Y-3.991 E221.59764
G0 F9000 X-1 Y-3.828
G1 F1500 X-1.59 Y-4.418 E221.61152
G0 F9000 X-1.873 Y-4.418
G1 F1500 X-1.283 Y-3.828 E221.6254
G0 F9000 X-1.566 Y-3.828
G1 F1500 X-2.155 Y-4.418 E221.63926
G0 F9000 X-2.438 Y-4.418
G1 F1500 X-1.849 Y-3.828 E221.65312
G0 F9000 X-2.131 Y-3.828
G1 F1500 X-2.482 Y-4.179 E221.66138
G0 F9000 X-2.483 Y-3.897
G1 F1500 X-2.414 Y-3.828 E221.663
G0 F9000 X-2.414 Y-3.509
;MESH:NONMESH
G0 F300 X-2.414 Y-3.509 Z8.5
G0 F9000 X-2.255 Y-2.848
G0 X-.788 Y0.242
G0 X-.697 Y0.197
;TIME_ELAPSED:732.881997
;LAYER:41
;TYPE:FILL
;MESH:xyzCalibration_cube.stl
G1 F6000 X-4.658 Y1.258 E221.7312
G0 F9000 X-4.5 Y1.258
G0 X-4.5 Y-.431
G0 X-4.659 Y-.431
G1 F6000 X-2.136 Y2.092 E221.79053
G0 F9000 X-2.237 Y2.092
G0 X-.563 Y1.963
G0 X-.563 Y2.062
G1 F6000 X-.281 Y1.013 E221.8086
G0 F9000 X-.371 Y1.058
G0 X-2.165 Y2.035
G0 X-2.165 Y3.527
G0 X2.332 Y3.527
G0 X2.341 Y2.924
G0 X0.83 Y-.232
G0 X0.739 Y-.187
G1 F6000 X4.081 Y-1.083 E221.86614
G0 F9000 X4.081 Y-.983
G0 X3.669 Y-1.055
G0 X3.597 Y-2.242
G0 X3.696 Y-2.242
G1 F6000 X2.303 Y2.953 E221.95558
G0 F9000 X2.138 Y2.543
G1 F6000 X3.694 Y2.126 E221.98237
G0 F9000 X3.595 Y2.126
G0 X3.667 Y0.579
G0 X4.5 Y0.402
G0 X4.659 Y0.402
G1 F6000 X2.357 Y-1.899 E222.0365
G0 F9000 X2.357 Y-1.8
G0 X3.538 Y-2.781
G0 X3.862 Y-2.963
G0 X3.862 Y-2.861
G1 F6000 X4.344 Y-4.66 E222.06747
G0 F9000 X4.659 Y-4.343
G1 F6000 X0.896 Y-3.335 E222.13226
G1 X0.883 Y-3.335
G1 X0.983 Y-3.708 E222.13868
G0 F9000 X0.921 Y-3.335
G1 F6000 X0.548 Y-3.708 E222.14745
G1 X0.523 Y-3.732
G1 X-.402 Y-4.659 E222.16923
G0 F9000 X-.402 Y-4.5
G0 X-.846 Y-3.681
G0 X-2.122 Y-3.609
G0 X-2.122 Y-3.708
G1 F6000 X-4.364 Y4.66 E222.3133
G0 F9000 X-4.659 Y4.364
G1 F6000 X-1.425 Y3.498 E222.36898
G0 F9000 X-.947 Y3.497
G1 F6000 X-1.258 Y4.659 E222.38898
G0 F9000 X-1.258 Y4.5
G0 X-.729 Y3.599
G0 X-.729 Y3.498
G1 F6000 X0.431 Y4.659 E222.41627
G0 F9000 X0.431 Y4.5
G0 X1.846 Y4.5
G0 X1.846 Y4.659
G1 F6000 X2.158 Y3.497 E222.43628
G0 F9000 X2.158 Y3.599
G0 X2.341 Y2.924
G0 X1.789 Y1.64
G0 X1.699 Y1.685
G1 F6000 X4.659 Y4.645 E222.5059
G0 F9000 X4.53 Y4.53
G0 X0.37 Y-1.131
G0 X0.28 Y-1.086
G1 F6000 X0.498 Y-1.9 E222.51991
G0 F9000 X0.498 Y-1.8
G0 X2.424 Y-1.872
G0 X2.424 Y-3.364
G0 X-2.207 Y-3.364
G0 X-2.216 Y-2.761
G0 X-1.737 Y-1.616
G0 X-1.647 Y-1.661
G1 F6000 X-4.644 Y-4.659 E222.59041
G0 F9000 X-4.53 Y-4.53
G0 X-4.5 Y-1.847
G0 X-4.658 Y-1.847
G1 F6000 X-2.092 Y-2.534 E222.63458
G0 F9000 X-2.182 Y-2.489
G0 X-2.207 Y-3.364
G0 X2.304 Y-3.681
G0 X3.84 Y-4.5
G0 X3.84 Y-4.659
G1 F6000 X4.659 Y-3.839 E222.65386
G0 F9000 X4.5 Y-3.839
G0 X0.962 Y0.163
G0 X2.342 Y2.857
G0 X2.332 Y3.527
G0 X-3.811 Y4.5
G0 X-3.811 Y4.659
G1 F6000 X-4.659 Y3.811 E222.6738
G0 F9000 X-4.5 Y3.811
G0 X4.53 Y4.53
G0 X4.7 Y4.7
;TYPE:WALL-INNER
G1 F1500 X4.7 Y-4.7 E222.83012
G1 X-4.7 Y-4.7 E222.98644
G1 X-4.7 Y4.7 E223.14277
G1 X4.7 Y4.7 E223.29909
G0 F9000 X4.9 Y4.9
;TYPE:WALL-OUTER
G1 F1500 X4.9 Y-4.9 E223.46206
G1 X-4.9 Y-4.9 E223.62504
G1 X-4.9 Y4.9 E223.78801
G1 X4.9 Y4.9 E223.95099
G0 F9000 X4.9 Y4.7
G0 X4.53 Y4.53
G0 X3.596 Y2.46
G0 X3.716 Y2.46
;TYPE:SKIN
G1 F1500 X3.716 Y0.627 E223.98147
G1 X4.52 Y0.631 E223.99484
G1 X4.52 Y2.462 E224.02529
G1 X3.716 Y2.46 E224.03866
G0 F9000 X4.145 Y2.36
G1 F1500 X4.418 Y2.086 E224.04509
G0 F9000 X4.418 Y1.803
G1 F1500 X3.862 Y2.36 E224.05818
G0 F9000 X3.815 Y2.124
G1 F1500 X4.418 Y1.52 E224.07238
G0 F9000 X4.418 Y1.238
G1 F1500 X3.815 Y1.841 E224.08656
G0 F9000 X3.815 Y1.558
G1 F1500 X4.418 Y0.955 E224.10074
G0 F9000 X4.36 Y0.73
G1 F1500 X3.815 Y1.275 E224.11356
G0 F9000 X3.815 Y0.992
G1 F1500 X4.079 Y0.729 E224.11975
G0 F9000 X4.08 Y0.509
G0 X3.708 Y0.572
G0 X2.404 Y3.479
G0 X2.284 Y3.479
G1 F1500 X-2.117 Y3.479 E224.19294
G1 X-2.117 Y2.083 E224.21616
G1 X0.141 Y2.082 E224.25371
G1 X0.21 Y2.035 E224.2551
G1 X0.213 Y1.937 E224.25673
G1 X-2.159 Y-2.708 E224.34346
G1 X-2.159 Y-3.316 E224.35357
G1 X2.376 Y-3.316 E224.42899
G1 X2.376 Y-1.92 E224.45221
G1 X-0.024 Y-1.919 E224.49212
G1 X-0.092 Y-1.872 E224.49349
G1 X-0.096 Y-1.774 E224.49513
G1 X2.284 Y2.87 E224.58191
G1 X2.284 Y3.479 E224.59203
G0 F9000 X1.995 Y3.378
G1 F1500 X2.183 Y3.19 E224.59646
G0 F9000 X2.183 Y2.907
G1 F1500 X1.712 Y3.378 E224.60753
G0 F9000 X1.429 Y3.378
G1 F1500 X2.092 Y2.715 E224.62313
G0 F9000 X1.996 Y2.529
G1 F1500 X1.146 Y3.378 E224.64311
G0 F9000 X0.864 Y3.378
G1 F1500 X1.9 Y2.341 E224.66748
G0 F9000 X1.804 Y2.155
G1 F1500 X0.581 Y3.378 E224.69625
G0 F9000 X0.298 Y3.378
G1 F1500 X1.708 Y1.968 E224.72941
G0 F9000 X1.612 Y1.781
G1 F1500 X0.015 Y3.378 E224.76697
G0 F9000 X-.267 Y3.378
G1 F1500 X1.516 Y1.594 E224.80891
G0 F9000 X1.421 Y1.407
G1 F1500 X-.55 Y3.378 E224.85527
G0 F9000 X-.832 Y3.378
G1 F1500 X1.325 Y1.22 E224.90601
G0 F9000 X1.229 Y1.033
G1 F1500 X0.3 Y1.962 E224.92786
G0 F9000 X0.229 Y1.75
G1 F1500 X1.133 Y0.846 E224.94912
G0 F9000 X1.038 Y0.659
G1 F1500 X0.134 Y1.562 E224.97036
G0 F9000 X0.038 Y1.375
G1 F1500 X0.941 Y0.472 E224.9916
G0 F9000 X0.845 Y0.285
G1 F1500 X-0.056 Y1.187 E225.0128
G0 F9000 X-.152 Y1.001
G1 F1500 X0.75 Y0.098 E225.03403
G0 F9000 X0.654 Y-0.088
G1 F1500 X-.248 Y0.813 E225.05523
G0 F9000 X-.343 Y0.626
G1 F1500 X0.558 Y-.275 E225.07642
G0 F9000 X0.462 Y-.462
G1 F1500 X-.439 Y0.439 E225.09761
G0 F9000 X-.534 Y0.251
G1 F1500 X0.366 Y-.649 E225.11878
G0 F9000 X0.27 Y-.836
G1 F1500 X-.63 Y0.065 E225.13996
G0 F9000 X-.726 Y-.122
G1 F1500 X0.175 Y-1.023 E225.16115
G0 F9000 X0.079 Y-1.21
G1 F1500 X-.821 Y-.309 E225.18232
G0 F9000 X-.917 Y-.497
G1 F1500 X-0.016 Y-1.397 E225.2035
G0 F9000 X-.112 Y-1.584
G1 F1500 X-1.013 Y-.683 E225.22469
G0 F9000 X-1.108 Y-.871
G1 F1500 X-.182 Y-1.797 E225.24647
G0 F9000 X0.038 Y-2.018
G1 F1500 X1.235 Y-3.215 E225.27462
G0 F9000 X1.518 Y-3.215
G1 F1500 X0.321 Y-2.018 E225.30277
G0 F9000 X0.603 Y-2.018
G1 F1500 X1.801 Y-3.215 E225.33094
G0 F9000 X2.083 Y-3.215
G1 F1500 X0.887 Y-2.018 E225.35908
G0 F9000 X1.17 Y-2.018
G1 F1500 X2.275 Y-3.123 E225.38507
G0 F9000 X2.275 Y-2.841
G1 F1500 X1.453 Y-2.018 E225.40441
G0 F9000 X1.736 Y-2.019
G1 F1500 X2.275 Y-2.558 E225.41709
G0 F9000 X2.275 Y-2.275
G1 F1500 X2.019 Y-2.019 E225.42311
G0 F9000 X2.019 Y-1.8
G0 X2.424 Y-1.872
G0 X2.424 Y-3.364
G0 X0.952 Y-3.436
G0 X0.952 Y-3.215
G1 F1500 X-1.204 Y-1.058 E225.47382
G0 F9000 X-1.299 Y-1.245
G1 F1500 X0.669 Y-3.215 E225.52013
G0 F9000 X0.386 Y-3.215
G1 F1500 X-1.395 Y-1.432 E225.56204
G0 F9000 X-1.491 Y-1.619
G1 F1500 X0.103 Y-3.215 E225.59955
G0 F9000 X-.178 Y-3.215
G1 F1500 X-1.586 Y-1.807 E225.63267
G0 F9000 X-1.682 Y-1.994
G1 F1500 X-.461 Y-3.215 E225.66138
G0 F9000 X-.744 Y-3.215
G1 F1500 X-1.778 Y-2.181 E225.6857
G0 F9000 X-1.873 Y-2.368
G1 F1500 X-1.027 Y-3.215 E225.70561
G0 F9000 X-1.31 Y-3.215
G1 F1500 X-1.969 Y-2.556 E225.72111
G0 F9000 X-2.058 Y-2.749
G1 F1500 X-1.593 Y-3.215 E225.73206
G0 F9000 X-1.875 Y-3.215
G1 F1500 X-2.058 Y-3.032 E225.73636
G0 F9000 X-2.279 Y-3.032
G0 X-1.898 Y1.963
G0 X-1.898 Y2.181
G1 F1500 X-2.016 Y2.299 E225.73914
G0 F9000 X-2.016 Y2.582
G1 F1500 X-1.615 Y2.181 E225.74857
G0 F9000 X-1.332 Y2.181
G1 F1500 X-2.016 Y2.865 E225.76465
G0 F9000 X-2.016 Y3.148
G1 F1500 X-1.049 Y2.18 E225.78741
G0 F9000 X-.766 Y2.18
G1 F1500 X-1.964 Y3.378 E225.81558
G0 F9000 X-1.681 Y3.378
G1 F1500 X-.482 Y2.18 E225.84377
G0 F9000 X-.2 Y2.18
G1 F1500 X-1.398 Y3.378 E225.87195
G0 F9000 X-1.115 Y3.378
G1 F1500 X0.082 Y2.18 E225.90011
G0 F9000 X0.082 Y1.963
G0 X-2.165 Y2.035
G0 X-2.165 Y3.527
G0 X2.332 Y3.527
G0 X3.597 Y-1.104
G0 X3.718 Y-1.104
G1 F1500 X3.718 Y-2.841 E225.929
G1 X4.52 Y-2.845 E225.94233
G1 X4.52 Y-1.104 E225.97129
G1 X3.718 Y-1.104 E225.98462
G0 F9000 X4.419 Y-1.308
G1 F1500 X4.314 Y-1.203 E225.98709
G0 F9000 X4.031 Y-1.203
G1 F1500 X4.419 Y-1.59 E225.99621
G0 F9000 X4.419 Y-1.873
G1 F1500 X3.817 Y-1.272 E226.01035
G0 F9000 X3.817 Y-1.554
G1 F1500 X4.419 Y-2.156 E226.02451
G0 F9000 X4.419 Y-2.439
G1 F1500 X3.817 Y-1.837 E226.03867
G0 F9000 X3.817 Y-2.12
G1 F1500 X4.419 Y-2.722 E226.05283
G0 F9000 X4.157 Y-2.742
G1 F1500 X3.817 Y-2.403 E226.06081
G0 F9000 X3.817 Y-2.686
G1 F1500 X3.872 Y-2.741 E226.0621
G0 F9000 X3.872 Y-2.963
G0 X2.569 Y-3.324
G0 X0.545 Y-3.609
G0 X0.545 Y-3.729
G1 F1500 X0.541 Y-4.52 E226.07526
G1 X2.256 Y-4.52 E226.10378
G1 X2.256 Y-3.73 E226.11692
G1 X0.545 Y-3.729 E226.14537
G0 F9000 X0.742 Y-4.419
G1 F1500 X0.641 Y-4.318 E226.14775
G0 F9000 X0.642 Y-4.036
G1 F1500 X1.025 Y-4.419 E226.15675
G0 F9000 X1.308 Y-4.419
G1 F1500 X0.717 Y-3.828 E226.17065
G0 F9000 X0.999 Y-3.828
G1 F1500 X1.59 Y-4.419 E226.18455
G0 F9000 X1.873 Y-4.419
G1 F1500 X1.282 Y-3.828 E226.19845
G0 F9000 X1.565 Y-3.828
G1 F1500 X2.155 Y-4.418 E226.21233
G0 F9000 X2.155 Y-4.135
G1 F1500 X1.848 Y-3.828 E226.21955
G0 F9000 X1.848 Y-3.609
G0 X-.895 Y-3.609
G0 X-.895 Y-3.73
G1 F1500 X-2.584 Y-3.73 E226.24764
G1 X-2.583 Y-4.52 E226.26077
G1 X-.891 Y-4.52 E226.28891
G1 X-.895 Y-3.73 E226.30205
G0 F9000 X-.994 Y-4.096
G1 F1500 X-1.262 Y-3.828 E226.30835
G0 F9000 X-1.545 Y-3.828
G1 F1500 X-.992 Y-4.381 E226.32136
G0 F9000 X-1.237 Y-4.419
G1 F1500 X-1.827 Y-3.828 E226.33525
G0 F9000 X-2.11 Y-3.828
G1 F1500 X-1.52 Y-4.419 E226.34913
G0 F9000 X-1.803 Y-4.419
G1 F1500 X-2.393 Y-3.828 E226.36302
G0 F9000 X-2.483 Y-4.022
G1 F1500 X-2.085 Y-4.419 E226.37237
G0 F9000 X-2.368 Y-4.419
G1 F1500 X-2.481 Y-4.306 E226.37503
G0 F9000 X-2.804 Y-4.307
;MESH:NONMESH
G0 F300 X-2.804 Y-4.307 Z8.7
G0 F9000 X-2.633 Y-3.681
G0 X-2.515 Y-3.401
G0 X-.722 Y0.37
G0 X-.632 Y0.325
;TIME_ELAPSED:756.081017
;LAYER:42
;TYPE:FILL
;MESH:xyzCalibration_cube.stl
G1 F6000 X-4.659 Y1.404 E226.44436
G0 F9000 X-4.5 Y1.404
G0 X-4.5 Y-.63
G0 X-4.659 Y-.63
G1 F6000 X-1.966 Y2.062 E226.50768
G0 F9000 X-1.966 Y1.963
G0 X-.709 Y1.963
G0 X-.709 Y2.062
G1 F6000 X-.377 Y0.826 E226.52897
G0 F9000 X-.467 Y0.871
G0 X-2.165 Y2.035
G0 X-2.165 Y3.527
G0 X2.332 Y3.527
G0 X2.341 Y2.924
G0 X0.896 Y-.104
G0 X0.805 Y-0.059
G1 F6000 X4.658 Y-1.091 E226.5953
G0 F9000 X4.5 Y-1.091
G0 X4.5 Y0.202
G0 X4.659 Y0.202
G1 F6000 X2.394 Y-2.061 E226.64855
G0 F9000 X2.496 Y-2.061
G0 X3.597 Y-2.788
G0 X3.696 Y-2.788
G1 F6000 X2.223 Y2.708 E226.74317
G1 X2.203 Y2.671
G1 X3.693 Y2.272 E226.76882
G0 F9000 X3.595 Y2.272
G0 X2.332 Y3.527
G0 X2.012 Y3.599
G0 X2.012 Y3.497
G1 F6000 X1.7 Y4.66 E226.78885
G0 F9000 X1.7 Y4.5
G0 X0.63 Y4.5
G0 X0.63 Y4.659
G1 F6000 X-.53 Y3.498 E226.81614
G0 F9000 X-.881 Y3.498
G1 F6000 X-4.659 Y4.51 E226.88118
G0 F9000 X-4.51 Y4.66
G1 F6000 X-2.268 Y-3.709 E227.02527
G0 F9000 X-2.268 Y-3.609
G0 X-2.227 Y-2.867
G0 X-2.117 Y-2.361
G0 X-2.026 Y-2.406
G1 F6000 X-4.659 Y-1.701 E227.0706
G0 F9000 X-4.5 Y-1.701
G0 X-1.945 Y-2.025
G0 X-1.856 Y-2.069
G1 F6000 X-4.445 Y-4.659 E227.1315
G0 F9000 X-4.445 Y-4.5
G0 X-2.633 Y-3.681
G0 X-.959 Y-3.681
G0 X-.202 Y-4.5
G0 X-.202 Y-4.659
G1 F6000 X0.649 Y-3.806 E227.15154
G0 F9000 X0.747 Y-3.708
G1 F6000 X1.12 Y-3.335 E227.16031
G0 F9000 X1.44 Y-3.335
G1 F6000 X4.659 Y-4.197 E227.21573
G0 F9000 X4.659 Y-4.038
G1 F6000 X4.039 Y-4.659 E227.23032
G0 F9000 X4.198 Y-4.66
G1 F6000 X3.716 Y-2.861 E227.26129
G0 F9000 X3.716 Y-2.963
G0 X2.553 Y-3.324
G0 X0.837 Y-3.609
G0 X0.837 Y-3.708
G1 F6000 X0.737 Y-3.334 E227.26773
G0 F9000 X0.737 Y-3.436
G0 X2.424 Y-3.364
G0 X2.424 Y-1.872
G0 X0.352 Y-1.8
G0 X0.352 Y-1.9
G1 F6000 X0.184 Y-1.273 E227.27853
G0 F9000 X0.274 Y-1.318
G0 X1.58 Y1.232
G0 X1.49 Y1.277
G1 F6000 X4.659 Y4.446 E227.35306
G0 F9000 X4.5 Y4.446
G0 X-1.093 Y3.599
G0 X-1.093 Y3.498
G1 F6000 X-1.405 Y4.66 E227.37307
G0 F9000 X-1.405 Y4.5
G0 X-3.611 Y4.5
G0 X-3.611 Y4.659
G1 F6000 X-4.659 Y3.611 E227.39771
G0 F9000 X-4.5 Y3.611
G0 X4.53 Y4.53
G0 X4.7 Y4.7
;TYPE:WALL-INNER
G1 F1500 X4.7 Y-4.7 E227.55404
G1 X-4.7 Y-4.7 E227.71036
G1 X-4.7 Y4.7 E227.86668
G1 X4.7 Y4.7 E228.023
G0 F9000 X4.9 Y4.9
;TYPE:WALL-OUTER
G1 F1500 X4.9 Y-4.9 E228.18598
G1 X-4.9 Y-4.9 E228.34895
G1 X-4.9 Y4.9 E228.51193
G1 X4.9 Y4.9 E228.6749
G0 F9000 X4.9 Y4.7
G0 X4.53 Y4.53
G0 X3.596 Y2.46
G0 X3.716 Y2.46
;TYPE:SKIN
G1 F1500 X3.716 Y0.738 E228.70354
G1 X4.52 Y0.742 E228.71691
G1 X4.52 Y2.462 E228.74551
G1 X3.716 Y2.46 E228.75888
G0 F9000 X4.057 Y2.36
G1 F1500 X3.815 Y2.118 E228.76458
G0 F9000 X3.815 Y1.835
G1 F1500 X4.34 Y2.36 E228.77692
G0 F9000 X4.419 Y2.156
G1 F1500 X3.815 Y1.552 E228.79113
G0 F9000 X3.815 Y1.269
G1 F1500 X4.419 Y1.873 E228.80533
G0 F9000 X4.419 Y1.59
G1 F1500 X3.815 Y0.987 E228.81953
G0 F9000 X3.95 Y0.839
G1 F1500 X4.419 Y1.308 E228.83056
G0 F9000 X4.419 Y1.025
G1 F1500 X4.234 Y0.84 E228.83491
G0 F9000 X4.235 Y0.62
G0 X3.667 Y0.69
G0 X2.404 Y3.479
G0 X2.284 Y3.479
G1 F1500 X-2.117 Y3.479 E228.9081
G1 X-2.117 Y2.083 E228.93131
G1 X0.141 Y2.082 E228.96886
G1 X0.21 Y2.035 E228.97025
G1 X0.213 Y1.937 E228.97188
G1 X-2.159 Y-2.708 E229.05862
G1 X-2.159 Y-3.316 E229.06873
G1 X2.376 Y-3.316 E229.14415
G1 X2.376 Y-1.92 E229.16736
G1 X-0.024 Y-1.919 E229.20727
G1 X-0.092 Y-1.872 E229.20865
G1 X-0.096 Y-1.774 E229.21028
G1 X2.284 Y2.87 E229.29706
G1 X2.284 Y3.479 E229.30719
G0 F9000 X2.404 Y3.479
G0 X-1.713 Y3.599
G0 X-1.713 Y3.377
G1 F1500 X-2.016 Y3.074 E229.31431
G0 F9000 X-2.016 Y2.791
G1 F1500 X-1.43 Y3.377 E229.3281
G0 F9000 X-1.147 Y3.377
G1 F1500 X-2.016 Y2.508 E229.34853
G0 F9000 X-2.016 Y2.225
G1 F1500 X-.864 Y3.377 E229.37563
G0 F9000 X-.581 Y3.377
G1 F1500 X-1.777 Y2.182 E229.40374
G0 F9000 X-1.494 Y2.182
G1 F1500 X-.299 Y3.377 E229.43185
G0 F9000 X-0.016 Y3.377
G1 F1500 X-1.212 Y2.181 E229.45998
G0 F9000 X-.929 Y2.181
G1 F1500 X0.266 Y3.377 E229.48809
G0 F9000 X0.549 Y3.377
G1 F1500 X-.647 Y2.181 E229.51622
G0 F9000 X-.364 Y2.18
G1 F1500 X0.832 Y3.377 E229.54436
G0 F9000 X1.115 Y3.377
G1 F1500 X-0.082 Y2.18 E229.57251
G0 F9000 X0.183 Y2.163
G1 F1500 X1.397 Y3.377 E229.60106
G0 F9000 X1.68 Y3.377
G1 F1500 X0.298 Y1.995 E229.63357
G0 F9000 X0.118 Y1.533
G1 F1500 X1.963 Y3.377 E229.67695
G0 F9000 X2.184 Y3.315
G1 F1500 X-.176 Y0.954 E229.73246
G0 F9000 X-.472 Y0.376
G1 F1500 X2.184 Y3.032 E229.79493
G0 F9000 X2.031 Y2.597
G1 F1500 X-.767 Y-.201 E229.86073
G0 F9000 X-1.062 Y-.779
G1 F1500 X1.733 Y2.016 E229.92647
G0 F9000 X1.436 Y1.436
G1 F1500 X-1.358 Y-1.358 E229.99218
G0 F9000 X-1.653 Y-1.936
G1 F1500 X1.139 Y0.856 E230.05784
G0 F9000 X0.841 Y0.275
G1 F1500 X-1.948 Y-2.514 E230.12343
G0 F9000 X-2.059 Y-2.907
G1 F1500 X0.543 Y-.304 E230.18464
G0 F9000 X0.246 Y-.884
G1 F1500 X-2.059 Y-3.19 E230.23886
G0 F9000 X-1.801 Y-3.215
G1 F1500 X-0.05 Y-1.465 E230.28003
G0 F9000 X-.179 Y-1.876
G1 F1500 X-1.518 Y-3.215 E230.31152
G0 F9000 X-1.235 Y-3.215
G1 F1500 X-0.038 Y-2.018 E230.33967
G0 F9000 X0.244 Y-2.018
G1 F1500 X-.952 Y-3.215 E230.36781
G0 F9000 X-.669 Y-3.215
G1 F1500 X0.527 Y-2.018 E230.39595
G0 F9000 X0.809 Y-2.018
G1 F1500 X-.386 Y-3.215 E230.42408
G0 F9000 X-.103 Y-3.215
G1 F1500 X1.092 Y-2.018 E230.45221
G0 F9000 X1.375 Y-2.018
G1 F1500 X0.178 Y-3.215 E230.48036
G0 F9000 X0.461 Y-3.215
G1 F1500 X1.657 Y-2.019 E230.50849
G0 F9000 X1.94 Y-2.019
G1 F1500 X0.744 Y-3.215 E230.53662
G0 F9000 X1.027 Y-3.215
G1 F1500 X2.223 Y-2.019 E230.56474
G0 F9000 X2.276 Y-2.249
G1 F1500 X1.31 Y-3.215 E230.58746
G0 F9000 X1.593 Y-3.215
G1 F1500 X2.276 Y-2.532 E230.60353
G0 F9000 X2.276 Y-2.814
G1 F1500 X1.875 Y-3.215 E230.61296
G0 F9000 X2.158 Y-3.215
G1 F1500 X2.276 Y-3.097 E230.61573
G0 F9000 X2.496 Y-3.097
G0 X3.597 Y-1.221
G0 X3.718 Y-1.221
G1 F1500 X3.718 Y-2.841 E230.64267
G1 X4.52 Y-2.845 E230.65601
G1 X4.52 Y-1.221 E230.68302
G1 X3.718 Y-1.221 E230.69636
G0 F9000 X4.053 Y-1.32
G1 F1500 X3.816 Y-1.557 E230.70193
G0 F9000 X3.816 Y-1.839
G1 F1500 X4.335 Y-1.32 E230.71414
G0 F9000 X4.419 Y-1.52
G1 F1500 X3.816 Y-2.122 E230.72831
G0 F9000 X3.816 Y-2.405
G1 F1500 X4.419 Y-1.803 E230.74247
G0 F9000 X4.419 Y-2.085
G1 F1500 X3.816 Y-2.688 E230.75666
G0 F9000 X4.046 Y-2.741
G1 F1500 X4.419 Y-2.368 E230.76543
G0 F9000 X4.419 Y-2.651
G1 F1500 X4.328 Y-2.742 E230.76757
G0 F9000 X4.328 Y-2.965
G0 X2.785 Y-3.288
G0 X0.671 Y-3.609
G0 X0.671 Y-3.729
G1 F1500 X0.667 Y-4.52 E230.78072
G1 X2.256 Y-4.52 E230.80715
G1 X2.256 Y-3.73 E230.82029
G1 X0.671 Y-3.729 E230.84665
G0 F9000 X0.979 Y-3.828
G1 F1500 X0.767 Y-4.04 E230.85163
G0 F9000 X0.766 Y-4.324
G1 F1500 X1.262 Y-3.828 E230.8633
G0 F9000 X1.545 Y-3.828
G1 F1500 X0.955 Y-4.418 E230.87717
G0 F9000 X1.238 Y-4.418
G1 F1500 X1.827 Y-3.828 E230.89104
G0 F9000 X2.11 Y-3.828
G1 F1500 X1.52 Y-4.418 E230.90491
G0 F9000 X1.803 Y-4.418
G1 F1500 X2.155 Y-4.066 E230.91319
G0 F9000 X2.155 Y-4.349
G1 F1500 X2.086 Y-4.418 E230.91481
G0 F9000 X2.376 Y-4.418
G0 X2.304 Y-3.681
G0 X-1.008 Y-3.609
G0 X-1.008 Y-3.73
G1 F1500 X-2.584 Y-3.73 E230.94102
G1 X-2.583 Y-4.52 E230.95416
G1 X-1.004 Y-4.52 E230.98042
G1 X-1.008 Y-3.73 E230.99356
G0 F9000 X-1.308 Y-4.419
G1 F1500 X-1.105 Y-4.216 E230.99833
G0 F9000 X-1.107 Y-3.935
G1 F1500 X-1.59 Y-4.419 E231.0097
G0 F9000 X-1.873 Y-4.419
G1 F1500 X-1.283 Y-3.828 E231.02359
G0 F9000 X-1.566 Y-3.828
G1 F1500 X-2.156 Y-4.419 E231.03748
G0 F9000 X-2.439 Y-4.419
G1 F1500 X-1.849 Y-3.828 E231.05137
G0 F9000 X-2.131 Y-3.828
G1 F1500 X-2.482 Y-4.179 E231.05962
G0 F9000 X-2.483 Y-3.897
G1 F1500 X-2.414 Y-3.828 E231.06124
G0 F9000 X-2.414 Y-3.509
;MESH:NONMESH
G0 F300 X-2.414 Y-3.509 Z8.9
G0 F9000 X-2.255 Y-2.848
G0 X-.656 Y0.499
G0 X-.565 Y0.454
;TIME_ELAPSED:776.936207
;LAYER:43
;TYPE:FILL
;MESH:xyzCalibration_cube.stl
G1 F6000 X-4.659 Y1.551 E231.13173
G0 F9000 X-4.5 Y1.551
G0 X-4.5 Y3.411
G0 X-4.659 Y3.411
G1 F6000 X-3.411 Y4.659 E231.16108
G0 F9000 X-3.411 Y4.5
G0 X-4.53 Y4.53
G0 X-4.657 Y4.66
G1 F6000 X-2.415 Y-3.708 E231.30515
G0 F9000 X-2.415 Y-3.609
G0 X-2.154 Y-2.435
G0 X-2.065 Y-2.479
G1 F6000 X-4.244 Y-4.659 E231.35641
G0 F9000 X-4.244 Y-4.5
G0 X-4.5 Y-1.554
G0 X-4.658 Y-1.554
G1 F6000 X-1.961 Y-2.277 E231.40284
G0 F9000 X-2.051 Y-2.232
G0 X-2.217 Y-2.694
G0 X-2.207 Y-3.364
G0 X2.424 Y-3.364
G0 X2.424 Y-1.872
G0 X0.205 Y-1.8
G0 X0.205 Y-1.9
G1 F6000 X0.088 Y-1.461 E231.4104
G0 F9000 X0.178 Y-1.506
G0 X0.961 Y0.024
G0 X0.871 Y0.069
G1 F6000 X4.659 Y-.945 E231.47561
G0 F9000 X4.659 Y0.002
G1 F6000 X2.394 Y-2.262 E231.52887
G0 F9000 X2.496 Y-2.262
G0 X2.424 Y-3.364
G0 X1.989 Y-3.436
G0 X1.989 Y-3.335
G1 F6000 X4.659 Y-4.05 E231.57483
G0 F9000 X4.659 Y-4.239
G1 F6000 X4.24 Y-4.659 E231.5847
G0 F9000 X4.051 Y-4.66
G1 F6000 X2.127 Y2.52 E231.70832
G0 F9000 X2.269 Y2.801
G1 F6000 X3.695 Y2.419 E231.73287
G0 F9000 X3.596 Y2.419
G0 X4.5 Y4.245
G0 X4.659 Y4.245
G1 F6000 X1.279 Y0.865 E231.81236
G0 F9000 X1.369 Y0.82
G0 X2.342 Y2.857
G0 X2.332 Y3.527
G0 X-2.165 Y3.527
G0 X-2.165 Y2.035
G0 X-.563 Y0.681
G0 X-.474 Y0.637
G1 F6000 X-.856 Y2.062 E231.83689
G0 F9000 X-1.765 Y2.062
G1 F6000 X-4.659 Y-.831 E231.90494
G0 F9000 X-4.5 Y-.831
G0 X-4.53 Y4.53
G0 X-4.659 Y4.657
G1 F6000 X-.332 Y3.498 E231.97944
G1 X-.329 Y3.498
G1 X0.831 Y4.659 E232.00673
G0 F9000 X1.553 Y4.659
G1 F6000 X1.865 Y3.497 E232.02674
G0 F9000 X1.865 Y3.599
G0 X-1.24 Y3.599
G0 X-1.24 Y3.498
G1 F6000 X-1.552 Y4.66 E232.04675
G0 F9000 X-1.552 Y4.5
G0 X-2.165 Y3.527
G0 X-2.207 Y-3.364
G0 X0.59 Y-3.436
G0 X0.59 Y-3.334
G1 F6000 X0.776 Y-4.029 E232.05871
G0 F9000 X0.777 Y-3.879
G1 F6000 X-0.002 Y-4.659 E232.07705
G0 F9000 X-0.002 Y-4.5
G0 X0.674 Y-3.763
G0 X0.948 Y-3.609
G0 X0.948 Y-3.708
G1 F6000 X1.321 Y-3.335 E232.08582
G0 F9000 X1.321 Y-3.436
G0 X2.424 Y-3.364
G0 X3.668 Y2.508
G0 X4.53 Y4.53
G0 X4.7 Y4.7
;TYPE:WALL-INNER
G1 F1500 X4.7 Y-4.7 E232.24214
G1 X-4.7 Y-4.7 E232.39847
G1 X-4.7 Y4.7 E232.55479
G1 X4.7 Y4.7 E232.71111
G0 F9000 X4.9 Y4.9
;TYPE:WALL-OUTER
G1 F1500 X4.9 Y-4.9 E232.87409
G1 X-4.9 Y-4.9 E233.03706
G1 X-4.9 Y4.9 E233.20003
G1 X4.9 Y4.9 E233.36301
G0 F9000 X4.9 Y4.7
G0 X4.53 Y4.53
G0 X3.596 Y2.46
G0 X3.716 Y2.46
;TYPE:SKIN
G1 F1500 X3.716 Y0.85 E233.38978
G1 X4.52 Y0.854 E233.40315
G1 X4.52 Y2.462 E233.4299
G1 X3.716 Y2.46 E233.44327
G0 F9000 X4.145 Y2.36
G1 F1500 X4.418 Y2.086 E233.4497
G0 F9000 X4.418 Y1.803
G1 F1500 X3.862 Y2.36 E233.46279
G0 F9000 X3.815 Y2.124
G1 F1500 X4.418 Y1.52 E233.47698
G0 F9000 X4.418 Y1.238
G1 F1500 X3.815 Y1.841 E233.49116
G0 F9000 X3.815 Y1.558
G1 F1500 X4.418 Y0.955 E233.50534
G0 F9000 X4.138 Y0.952
G1 F1500 X3.815 Y1.275 E233.51294
G0 F9000 X3.815 Y0.992
G1 F1500 X3.857 Y0.951 E233.51392
G0 F9000 X3.858 Y0.731
G0 X2.404 Y3.479
G0 X2.284 Y3.479
G1 F1500 X-2.117 Y3.479 E233.5871
G1 X-2.117 Y2.083 E233.61032
G1 X0.141 Y2.082 E233.64787
G1 X0.21 Y2.035 E233.64926
G1 X0.213 Y1.937 E233.65089
G1 X-2.159 Y-2.708 E233.73763
G1 X-2.159 Y-3.316 E233.74774
G1 X2.376 Y-3.316 E233.82315
G1 X2.376 Y-1.92 E233.84637
G1 X-0.024 Y-1.919 E233.88628
G1 X-0.092 Y-1.872 E233.88766
G1 X-0.096 Y-1.774 E233.88929
G1 X2.284 Y2.87 E233.97607
G1 X2.284 Y3.479 E233.9862
G0 F9000 X1.995 Y3.378
G1 F1500 X2.183 Y3.19 E233.99062
G0 F9000 X2.183 Y2.907
G1 F1500 X1.712 Y3.378 E234.0017
G0 F9000 X1.429 Y3.378
G1 F1500 X2.092 Y2.715 E234.01729
G0 F9000 X1.996 Y2.529
G1 F1500 X1.146 Y3.378 E234.03727
G0 F9000 X0.864 Y3.378
G1 F1500 X1.9 Y2.341 E234.06164
G0 F9000 X1.804 Y2.155
G1 F1500 X0.581 Y3.378 E234.09041
G0 F9000 X0.298 Y3.378
G1 F1500 X1.708 Y1.968 E234.12357
G0 F9000 X1.612 Y1.781
G1 F1500 X0.015 Y3.378 E234.16113
G0 F9000 X-.267 Y3.378
G1 F1500 X1.516 Y1.594 E234.20307
G0 F9000 X1.421 Y1.407
G1 F1500 X-.55 Y3.378 E234.24943
G0 F9000 X-.832 Y3.378
G1 F1500 X1.325 Y1.22 E234.30017
G0 F9000 X1.229 Y1.033
G1 F1500 X0.3 Y1.962 E234.32202
G0 F9000 X0.229 Y1.75
G1 F1500 X1.133 Y0.846 E234.34328
G0 F9000 X1.038 Y0.659
G1 F1500 X0.134 Y1.562 E234.36453
G0 F9000 X0.038 Y1.375
G1 F1500 X0.941 Y0.472 E234.38576
G0 F9000 X0.845 Y0.285
G1 F1500 X-0.056 Y1.187 E234.40697
G0 F9000 X-.152 Y1.001
G1 F1500 X0.75 Y0.098 E234.42819
G0 F9000 X0.654 Y-0.088
G1 F1500 X-.248 Y0.813 E234.44939
G0 F9000 X-.343 Y0.626
G1 F1500 X0.558 Y-.275 E234.47058
G0 F9000 X0.462 Y-.462
G1 F1500 X-.439 Y0.439 E234.49177
G0 F9000 X-.534 Y0.251
G1 F1500 X0.366 Y-.649 E234.51294
G0 F9000 X0.27 Y-.836
G1 F1500 X-.63 Y0.065 E234.53412
G0 F9000 X-.726 Y-.122
G1 F1500 X0.175 Y-1.023 E234.55531
G0 F9000 X0.079 Y-1.21
G1 F1500 X-.821 Y-.309 E234.57649
G0 F9000 X-.917 Y-.497
G1 F1500 X-0.016 Y-1.397 E234.59766
G0 F9000 X-.112 Y-1.584
G1 F1500 X-1.013 Y-.683 E234.61886
G0 F9000 X-1.108 Y-.871
G1 F1500 X-.182 Y-1.797 E234.64063
G0 F9000 X0.038 Y-2.018
G1 F1500 X1.235 Y-3.215 E234.66878
G0 F9000 X1.518 Y-3.215
G1 F1500 X0.321 Y-2.018 E234.69694
G0 F9000 X0.603 Y-2.018
G1 F1500 X1.801 Y-3.215 E234.7251
G0 F9000 X2.083 Y-3.215
G1 F1500 X0.887 Y-2.018 E234.75324
G0 F9000 X1.17 Y-2.018
G1 F1500 X2.275 Y-3.123 E234.77923
G0 F9000 X2.275 Y-2.841
G1 F1500 X1.453 Y-2.018 E234.79857
G0 F9000 X1.736 Y-2.019
G1 F1500 X2.275 Y-2.558 E234.81125
G0 F9000 X2.275 Y-2.275
G1 F1500 X2.019 Y-2.019 E234.81727
G0 F9000 X2.019 Y-1.8
G0 X2.424 Y-1.872
G0 X2.424 Y-3.364
G0 X0.952 Y-3.436
G0 X0.952 Y-3.215
G1 F1500 X-1.204 Y-1.058 E234.86799
G0 F9000 X-1.299 Y-1.245
G1 F1500 X0.669 Y-3.215 E234.91429
G0 F9000 X0.386 Y-3.215
G1 F1500 X-1.395 Y-1.432 E234.9562
G0 F9000 X-1.491 Y-1.619
G1 F1500 X0.103 Y-3.215 E234.99372
G0 F9000 X-.178 Y-3.215
G1 F1500 X-1.586 Y-1.807 E235.02683
G0 F9000 X-1.682 Y-1.994
G1 F1500 X-.461 Y-3.215 E235.05555
G0 F9000 X-.744 Y-3.215
G1 F1500 X-1.778 Y-2.181 E235.07986
G0 F9000 X-1.873 Y-2.368
G1 F1500 X-1.027 Y-3.215 E235.09977
G0 F9000 X-1.31 Y-3.215
G1 F1500 X-1.969 Y-2.556 E235.11527
G0 F9000 X-2.058 Y-2.749
G1 F1500 X-1.593 Y-3.215 E235.12622
G0 F9000 X-1.875 Y-3.215
G1 F1500 X-2.058 Y-3.032 E235.13052
G0 F9000 X-2.279 Y-3.032
G0 X-1.898 Y1.963
G0 X-1.898 Y2.181
G1 F1500 X-2.016 Y2.299 E235.1333
G0 F9000 X-2.016 Y2.582
G1 F1500 X-1.615 Y2.181 E235.14273
G0 F9000 X-1.332 Y2.181
G1 F1500 X-2.016 Y2.865 E235.15882
G0 F9000 X-2.016 Y3.148
G1 F1500 X-1.049 Y2.18 E235.18157
G0 F9000 X-.766 Y2.18
G1 F1500 X-1.964 Y3.378 E235.20974
G0 F9000 X-1.681 Y3.378
G1 F1500 X-.482 Y2.18 E235.23793
G0 F9000 X-.2 Y2.18
G1 F1500 X-1.398 Y3.378 E235.26611
G0 F9000 X-1.115 Y3.378
G1 F1500 X0.082 Y2.18 E235.29427
G0 F9000 X0.082 Y1.963
G0 X-2.165 Y2.035
G0 X-2.165 Y3.527
G0 X2.332 Y3.527
G0 X3.597 Y-1.338
G0 X3.718 Y-1.338
G1 F1500 X3.718 Y-2.841 E235.31927
G1 X4.52 Y-2.845 E235.3326
G1 X4.52 Y-1.338 E235.35766
G1 X3.718 Y-1.338 E235.371
G0 F9000 X4.419 Y-1.59
G1 F1500 X4.266 Y-1.438 E235.37459
G0 F9000 X3.983 Y-1.438
G1 F1500 X4.419 Y-1.873 E235.38483
G0 F9000 X4.419 Y-2.156
G1 F1500 X3.816 Y-1.554 E235.399
G0 F9000 X3.816 Y-1.837
G1 F1500 X4.419 Y-2.439 E235.41317
G0 F9000 X4.419 Y-2.722
G1 F1500 X3.816 Y-2.119 E235.42735
G0 F9000 X3.816 Y-2.402
G1 F1500 X4.157 Y-2.742 E235.43536
G0 F9000 X3.872 Y-2.741
G1 F1500 X3.816 Y-2.685 E235.43668
G0 F9000 X3.597 Y-2.685
G0 X2.424 Y-3.364
G0 X0.798 Y-3.609
G0 X0.798 Y-3.729
G1 F1500 X0.794 Y-4.52 E235.44983
G1 X2.256 Y-4.52 E235.47414
G1 X2.256 Y-3.73 E235.48728
G1 X0.798 Y-3.729 E235.51153
G0 F9000 X1.025 Y-4.419
G1 F1500 X0.894 Y-4.288 E235.51461
G0 F9000 X0.895 Y-4.007
G1 F1500 X1.308 Y-4.419 E235.52431
G0 F9000 X1.59 Y-4.419
G1 F1500 X0.999 Y-3.828 E235.53821
G0 F9000 X1.282 Y-3.828
G1 F1500 X1.873 Y-4.419 E235.55211
G0 F9000 X2.155 Y-4.418
G1 F1500 X1.565 Y-3.828 E235.56599
G0 F9000 X1.848 Y-3.828
G1 F1500 X2.155 Y-4.135 E235.57321
G0 F9000 X2.376 Y-4.135
G0 X2.304 Y-3.681
G0 X-1.122 Y-3.609
G0 X-1.122 Y-3.73
G1 F1500 X-2.584 Y-3.73 E235.59752
G1 X-2.583 Y-4.52 E235.61066
G1 X-1.118 Y-4.52 E235.63502
G1 X-1.122 Y-3.73 E235.64816
G0 F9000 X-1.221 Y-3.869
G1 F1500 X-1.262 Y-3.828 E235.64912
G0 F9000 X-1.545 Y-3.828
G1 F1500 X-1.22 Y-4.153 E235.65677
G0 F9000 X-1.237 Y-4.419
G1 F1500 X-1.827 Y-3.828 E235.67065
G0 F9000 X-2.11 Y-3.828
G1 F1500 X-1.52 Y-4.419 E235.68454
G0 F9000 X-1.803 Y-4.419
G1 F1500 X-2.393 Y-3.828 E235.69843
G0 F9000 X-2.483 Y-4.022
G1 F1500 X-2.085 Y-4.419 E235.70778
G0 F9000 X-2.368 Y-4.419
G1 F1500 X-2.481 Y-4.306 E235.71043
G0 F9000 X-2.804 Y-4.307
;MESH:NONMESH
G0 F300 X-2.804 Y-4.307 Z9.1
G0 F9000 X-2.165 Y3.527
G0 X2.174 Y3.599
G0 X2.174 Y3.374
;TIME_ELAPSED:799.321600
;LAYER:44
;TYPE:WALL-INNER
;MESH:xyzCalibration_cube.stl
G1 F1500 X2.016 Y3.455 E235.71339
G1 X-1.797 Y3.459 E235.7768
G1 X-2.016 Y3.364 E235.78077
G1 X-2.095 Y3.202 E235.78377
G1 X-2.096 Y2.307 E235.79865
G1 X-1.924 Y2.131 E235.80274
G1 X-1.796 Y2.103 E235.80492
G1 X0.319 Y2.103 E235.84009
G1 X-2.135 Y-2.704 E235.92985
G1 X-2.14 Y-3.054 E235.93567
G1 X-2.042 Y-3.218 E235.93885
G1 X-1.891 Y-3.292 E235.94164
G1 X2.056 Y-3.295 E236.00728
G1 X2.246 Y-3.228 E236.01063
G1 X2.356 Y-3.069 E236.01385
G1 X2.352 Y-2.188 E236.0285
G1 X2.25 Y-2.01 E236.03191
G1 X2.129 Y-1.94 E236.03424
G1 X-.203 Y-1.94 E236.07302
G1 X2.266 Y2.878 E236.16305
G1 X2.258 Y3.22 E236.16874
G1 X2.174 Y3.374 E236.17165
G1 F1500 E229.67165
G0 F9000 X2.234 Y3.429
G0 X2.229 Y4.619
G0 X4.7 Y4.7
G1 F1500 E236.17165
G1 X4.7 Y-4.7 E236.32798
G1 X-4.699 Y-4.699 E236.48428
G1 X-4.699 Y4.699 E236.64057
G1 X4.7 Y4.7 E236.79688
G0 F9000 X4.9 Y4.9
;TYPE:WALL-OUTER
G1 F1500 X4.9 Y-4.9 E236.95985
G1 X-4.899 Y-4.899 E237.12281
G1 X-4.899 Y4.899 E237.28575
G1 X4.9 Y4.9 E237.44871
G0 F9000 X4.9 Y4.7
G1 F1500 E230.94871
G0 F9000 X4.499 Y4.699
G0 X1.979 Y4.619
G0 X1.978 Y3.554
G0 X1.982 Y3.258
G1 F1500 E237.44871
G1 X-1.797 Y3.259 E237.51156
G1 X-1.897 Y3.173 E237.51375
G1 X-1.896 Y2.37 E237.5271
G1 X-1.83 Y2.303 E237.52867
G1 X0.645 Y2.303 E237.56983
G1 X-1.938 Y-2.769 E237.66448
G1 X-1.936 Y-3.021 E237.66867
G1 X-1.857 Y-3.095 E237.67047
G1 X2.056 Y-3.095 E237.73555
G1 X2.151 Y-3.028 E237.73748
G1 X2.155 Y-2.222 E237.75088
G1 X2.091 Y-2.146 E237.75254
G1 X-.53 Y-2.14 E237.79612
G1 X2.054 Y2.903 E237.89036
G1 X2.062 Y3.18 E237.89497
G1 X1.982 Y3.258 E237.89682
G0 F9000 X1.782 Y3.258
G1 F1500 E231.39682
G0 F9000 X1.781 Y3.458
G0 X-1.997 Y3.358
G0 X-1.999 Y4.619
G0 X-4.519 Y4.519
;TYPE:SKIN
G1 F1500 E237.89682
G1 X-4.519 Y-4.519 E238.04713
G1 X4.52 Y-4.519 E238.19745
G1 X4.52 Y4.519 E238.34775
G1 X-4.519 Y4.519 E238.49807
G1 F1500 E231.99807
G0 F9000 X-4.699 Y4.519
G0 X2.173 Y4.619
G0 X2.029 Y3.535
G0 X2.304 Y3.508
G1 F1500 E238.49807
G1 X2.434 Y3.253 E238.50283
G1 X2.444 Y2.948 E238.5079
G1 X2.401 Y2.75 E238.51127
G1 X0.091 Y-1.76 E238.59554
G1 X2.174 Y-1.76 E238.63018
G1 X2.375 Y-1.874 E238.63402
G1 X2.53 Y-2.158 E238.6394
G1 X2.537 Y-3.117 E238.65535
G1 X2.362 Y-3.372 E238.6605
G1 X2.087 Y-3.47 E238.66535
G1 X-1.922 Y-3.47 E238.73202
G1 X-2.166 Y-3.354 E238.73651
G1 X-2.316 Y-3.096 E238.74148
G1 X-2.313 Y-2.666 E238.74863
G1 X0.025 Y1.923 E238.83428
G1 X-1.814 Y1.925 E238.86486
G1 X-2 Y1.967 E238.86803
G1 X-2.216 Y2.18 E238.87308
G1 X-2.275 Y2.387 E238.87665
G1 X-2.273 Y3.226 E238.89061
G1 X-2.15 Y3.495 E238.89553
G1 X-1.817 Y3.639 E238.90156
G1 X2.044 Y3.633 E238.96577
G1 X2.304 Y3.508 E238.97057
G1 F1500 E232.47057
G0 F9000 X2.175 Y3.375
G0 X-1.997 Y3.358
G0 X-4.599 Y3.358
G0 X-4.418 Y4.349
G1 F1500 E238.97057
G1 X-4.349 Y4.418 E238.97219
G0 F9000 X-4.066 Y4.418
G1 F1500 X-4.418 Y4.066 E238.98047
G0 F9000 X-4.418 Y3.783
G1 F1500 X-3.783 Y4.418 E238.9954
G0 F9000 X-3.5 Y4.418
G1 F1500 X-4.418 Y3.5 E239.01699
G0 F9000 X-4.418 Y3.218
G1 F1500 X-3.218 Y4.418 E239.04521
G0 F9000 X-2.935 Y4.418
G1 F1500 X-4.418 Y2.935 E239.08009
G0 F9000 X-4.418 Y2.652
G1 F1500 X-2.652 Y4.418 E239.12163
G0 F9000 X-2.369 Y4.418
G1 F1500 X-4.418 Y2.369 E239.16981
G0 F9000 X-4.418 Y2.086
G1 F1500 X-2.086 Y4.418 E239.22466
G0 F9000 X-1.803 Y4.418
G1 F1500 X-4.418 Y1.803 E239.28616
G0 F9000 X-4.418 Y1.52
G1 F1500 X-1.52 Y4.418 E239.35432
G0 F9000 X-1.238 Y4.418
G1 F1500 X-1.979 Y3.676 E239.37176
G0 F9000 X-1.635 Y3.738
G1 F1500 X-.955 Y4.418 E239.38775
G0 F9000 X-.672 Y4.418
G1 F1500 X-1.353 Y3.737 E239.40376
G0 F9000 X-1.07 Y3.737
G1 F1500 X-.389 Y4.418 E239.41978
G0 F9000 X-.106 Y4.418
G1 F1500 X-.788 Y3.737 E239.43581
G0 F9000 X-.506 Y3.736
G1 F1500 X0.176 Y4.418 E239.45185
G0 F9000 X0.458 Y4.418
G1 F1500 X-.224 Y3.735 E239.4679
G0 F9000 X0.058 Y3.735
G1 F1500 X0.741 Y4.418 E239.48396
G0 F9000 X1.024 Y4.418
G1 F1500 X0.34 Y3.734 E239.50005
G0 F9000 X0.622 Y3.734
G1 F1500 X1.307 Y4.418 E239.51615
G0 F9000 X1.59 Y4.418
G1 F1500 X0.905 Y3.733 E239.53226
G0 F9000 X1.187 Y3.733
G1 F1500 X1.873 Y4.418 E239.54838
G0 F9000 X2.155 Y4.418
G1 F1500 X1.47 Y3.732 E239.5645
G0 F9000 X1.752 Y3.732
G1 F1500 X2.438 Y4.418 E239.58064
G0 F9000 X2.721 Y4.418
G1 F1500 X2.035 Y3.732 E239.59677
G0 F9000 X2.236 Y3.65
G1 F1500 X3.004 Y4.418 E239.61483
G0 F9000 X3.287 Y4.418
G1 F1500 X2.4 Y3.531 E239.63569
G0 F9000 X2.497 Y3.346
G1 F1500 X3.57 Y4.418 E239.66092
G0 F9000 X3.853 Y4.418
G1 F1500 X2.537 Y3.103 E239.69185
G0 F9000 X2.513 Y2.795
G1 F1500 X4.135 Y4.418 E239.73001
G0 F9000 X4.419 Y4.419
G1 F1500 X2.26 Y2.26 E239.78079
G0 F9000 X1.964 Y1.681
G1 F1500 X4.419 Y4.136 E239.83853
G0 F9000 X4.419 Y3.853
G1 F1500 X1.668 Y1.102 E239.90323
G0 F9000 X1.371 Y0.523
G1 F1500 X4.419 Y3.57 E239.9749
G0 F9000 X4.419 Y3.288
G1 F1500 X1.075 Y-0.055 E240.05353
G0 F9000 X0.779 Y-.634
G1 F1500 X4.419 Y3.005 E240.13913
G0 F9000 X4.419 Y2.722
G1 F1500 X0.482 Y-1.214 E240.23171
G0 F9000 X0.603 Y-1.659
G1 F1500 X4.419 Y2.156 E240.32144
G0 F9000 X4.419 Y2.439
G1 F1500 X0.32 Y-1.659 E240.41783
G0 F9000 X0.886 Y-1.659
G1 F1500 X4.419 Y1.873 E240.50091
G0 F9000 X4.419 Y1.59
G1 F1500 X1.168 Y-1.659 E240.57735
G0 F9000 X1.451 Y-1.659
G1 F1500 X4.419 Y1.308 E240.64714
G0 F9000 X4.419 Y1.025
G1 F1500 X1.734 Y-1.659 E240.71027
G0 F9000 X2.017 Y-1.659
G1 F1500 X4.419 Y0.742 E240.76675
G0 F9000 X4.419 Y0.459
G1 F1500 X2.263 Y-1.696 E240.81745
G0 F9000 X2.445 Y-1.797
G1 F1500 X4.419 Y0.176 E240.86386
G0 F9000 X4.419 Y-.106
G1 F1500 X2.547 Y-1.977 E240.90788
G0 F9000 X2.628 Y-2.18
G1 F1500 X4.419 Y-.388 E240.95001
G0 F9000 X4.419 Y-.671
G1 F1500 X2.631 Y-2.46 E240.99207
G0 F9000 X2.633 Y-2.74
G1 F1500 X4.419 Y-.954 E241.03408
G0 F9000 X4.419 Y-1.237
G1 F1500 X2.635 Y-3.021 E241.07603
G0 F9000 X2.082 Y-3.574
G1 F1500 X1.238 Y-4.418 E241.09588
G0 F9000 X1.52 Y-4.418
G1 F1500 X4.419 Y-1.52 E241.16405
G0 F9000 X4.419 Y-1.803
G1 F1500 X1.803 Y-4.418 E241.22556
G0 F9000 X2.086 Y-4.418
G1 F1500 X4.419 Y-2.085 E241.28043
G0 F9000 X4.419 Y-2.368
G1 F1500 X2.369 Y-4.418 E241.32865
G0 F9000 X2.652 Y-4.418
G1 F1500 X4.419 Y-2.651 E241.3702
G0 F9000 X4.419 Y-2.934
G1 F1500 X2.935 Y-4.418 E241.4051
G0 F9000 X3.218 Y-4.418
G1 F1500 X4.419 Y-3.217 E241.43335
G0 F9000 X4.419 Y-3.5
G1 F1500 X3.5 Y-4.418 E241.45495
G0 F9000 X3.783 Y-4.418
G1 F1500 X4.419 Y-3.783 E241.4699
G0 F9000 X4.419 Y-4.065
G1 F1500 X4.066 Y-4.418 E241.4782
G0 F9000 X4.349 Y-4.418
G1 F1500 X4.419 Y-4.348 E241.47985
G1 F1500 E234.97985
G0 F9000 X4.7 Y-4.348
G0 X4.6 Y-3.294
G0 X2.438 Y-3.09
G0 X1.799 Y-3.574
G1 F1500 E241.47985
G1 X0.955 Y-4.418 E241.49969
G0 F9000 X0.672 Y-4.418
G1 F1500 X1.517 Y-3.573 E241.51957
G0 F9000 X1.234 Y-3.573
G1 F1500 X0.389 Y-4.418 E241.53944
G0 F9000 X0.106 Y-4.418
G1 F1500 X0.952 Y-3.573 E241.55933
G0 F9000 X0.67 Y-3.572
G1 F1500 X-.176 Y-4.418 E241.57922
G0 F9000 X-.458 Y-4.418
G1 F1500 X0.387 Y-3.572 E241.59911
G0 F9000 X0.105 Y-3.571
G1 F1500 X-.741 Y-4.418 E241.61902
G0 F9000 X-1.024 Y-4.418
G1 F1500 X-.176 Y-3.57 E241.63896
G0 F9000 X-.459 Y-3.57
G1 F1500 X-1.307 Y-4.418 E241.6589
G0 F9000 X-1.59 Y-4.418
G1 F1500 X-.741 Y-3.57 E241.67886
G0 F9000 X-1.024 Y-3.57
G1 F1500 X-1.873 Y-4.418 E241.69881
G0 F9000 X-2.155 Y-4.418
G1 F1500 X-1.306 Y-3.569 E241.71878
G0 F9000 X-1.588 Y-3.568
G1 F1500 X-2.438 Y-4.418 E241.73877
G0 F9000 X-2.721 Y-4.418
G1 F1500 X-1.871 Y-3.568 E241.75876
G0 F9000 X-2.086 Y-3.5
G1 F1500 X-3.004 Y-4.418 E241.78035
G0 F9000 X-3.287 Y-4.418
G1 F1500 X-2.259 Y-3.39 E241.80453
G0 F9000 X-2.361 Y-3.21
G1 F1500 X-3.57 Y-4.418 E241.83295
G0 F9000 X-3.853 Y-4.418
G1 F1500 X-2.417 Y-2.983 E241.86671
G0 F9000 X-2.412 Y-2.695
G1 F1500 X-4.135 Y-4.418 E241.90723
G0 F9000 X-4.418 Y-4.418
G1 F1500 X-2.185 Y-2.185 E241.95975
G0 F9000 X-1.89 Y-1.607
G1 F1500 X-4.418 Y-4.135 E242.01921
G0 F9000 X-4.418 Y-3.853
G1 F1500 X-1.594 Y-1.028 E242.08563
G0 F9000 X-1.298 Y-.45
G1 F1500 X-4.418 Y-3.57 E242.15901
G0 F9000 X-4.418 Y-3.287
G1 F1500 X-1.003 Y0.127 E242.23932
G0 F9000 X-.707 Y0.706
G1 F1500 X-4.418 Y-3.004 E242.32658
G0 F9000 X-4.418 Y-2.721
G1 F1500 X-.412 Y1.284 E242.42078
G0 F9000 X-.439 Y1.822
G1 F1500 X-4.418 Y-2.155 E242.51434
G0 F9000 X-4.418 Y-1.873
G1 F1500 X-.721 Y1.823 E242.60128
G0 F9000 X-1.004 Y1.824
G1 F1500 X-4.418 Y-1.59 E242.68157
G0 F9000 X-4.418 Y-1.307
G1 F1500 X-1.286 Y1.825 E242.75523
G0 F9000 X-1.568 Y1.825
G1 F1500 X-4.418 Y-1.024 E242.82224
G0 F9000 X-4.418 Y-.741
G1 F1500 X-1.846 Y1.829 E242.88271
G0 F9000 X-2.071 Y1.888
G1 F1500 X-4.418 Y-.458 E242.9379
G0 F9000 X-4.418 Y-.176
G1 F1500 X-2.21 Y2.032 E242.98983
G0 F9000 X-2.318 Y2.206
G1 F1500 X-4.418 Y0.106 E243.03921
G0 F9000 X-4.418 Y0.389
G1 F1500 X-2.371 Y2.436 E243.08736
G0 F9000 X-2.371 Y2.719
G1 F1500 X-4.418 Y0.672 E243.1355
G0 F9000 X-4.418 Y0.955
G1 F1500 X-2.371 Y3.002 E243.18364
G0 F9000 X-2.335 Y3.321
G1 F1500 X-4.418 Y1.238 E243.23263
G0 F9000 X-4.699 Y1.238
G0 X-4.699 Y-2.438
G0 X-4.418 Y-2.438
G1 F1500 X-.157 Y1.822 E243.33283
;MESH:NONMESH
G0 F300 X-.157 Y1.822 Z9.3
G0 F9000 X-.157 Y2.103
G0 X-2.024 Y2.175
G0 X-2.025 Y3.386
G0 X2.234 Y3.429
G0 X2.174 Y3.374
;TIME_ELAPSED:830.662121
;LAYER:45
;TYPE:WALL-INNER
;MESH:xyzCalibration_cube.stl
G1 F1500 X2.016 Y3.455 E243.33578
G1 X-1.797 Y3.459 E243.39919
G1 X-2.016 Y3.365 E243.40316
G1 X-2.095 Y3.203 E243.40615
G1 X-2.097 Y2.307 E243.42105
G1 X-1.925 Y2.131 E243.42515
G1 X-1.797 Y2.103 E243.42733
G1 X0.319 Y2.103 E243.46252
G1 X-2.135 Y-2.705 E243.55229
G1 X-2.14 Y-3.054 E243.55809
G1 X-2.042 Y-3.218 E243.56127
G1 X-1.891 Y-3.292 E243.56406
G1 X2.056 Y-3.296 E243.6297
G1 X2.247 Y-3.229 E243.63307
G1 X2.356 Y-3.07 E243.63627
G1 X2.352 Y-2.188 E243.65094
G1 X2.25 Y-2.01 E243.65435
G1 X2.129 Y-1.94 E243.65668
G1 X-.203 Y-1.94 E243.69546
G1 X2.266 Y2.878 E243.78549
G1 X2.258 Y3.22 E243.79118
G1 X2.174 Y3.374 E243.7941
G1 F1500 E237.2941
G0 F9000 X2.234 Y3.429
G0 X2.229 Y4.619
G0 X4.7 Y4.7
G1 F1500 E243.7941
G1 X4.7 Y-4.7 E243.95042
G1 X-4.699 Y-4.699 E244.10673
G1 X-4.699 Y4.699 E244.26302
G1 X4.7 Y4.7 E244.41932
G0 F9000 X4.9 Y4.9
;TYPE:WALL-OUTER
G1 F1500 X4.9 Y-4.9 E244.5823
G1 X-4.899 Y-4.899 E244.74525
G1 X-4.899 Y4.899 E244.9082
G1 X4.9 Y4.9 E245.07115
G0 F9000 X4.9 Y4.7
G1 F1500 E238.57115
G0 F9000 X4.499 Y4.699
G0 X1.98 Y4.619
G0 X1.979 Y3.554
G0 X1.982 Y3.258
G1 F1500 E245.07115
G1 X-1.797 Y3.259 E245.134
G1 X-1.897 Y3.174 E245.13618
G1 X-1.897 Y2.37 E245.14955
G1 X-1.831 Y2.303 E245.15112
G1 X0.645 Y2.303 E245.19229
G1 X-1.938 Y-2.77 E245.28696
G1 X-1.936 Y-3.021 E245.29114
G1 X-1.857 Y-3.095 E245.29294
G1 X2.056 Y-3.096 E245.35801
G1 X2.151 Y-3.029 E245.35994
G1 X2.155 Y-2.222 E245.37336
G1 X2.091 Y-2.146 E245.37502
G1 X-.53 Y-2.14 E245.4186
G1 X2.054 Y2.903 E245.51284
G1 X2.062 Y3.18 E245.51745
G1 X1.982 Y3.258 E245.5193
G0 F9000 X1.782 Y3.258
G1 F1500 E239.0193
G0 F9000 X1.782 Y3.459
G0 X2.231 Y3.432
G0 X2.229 Y4.619
G0 X4.52 Y4.519
;TYPE:SKIN
G1 F1500 E245.5193
G1 X-4.518 Y4.518 E245.66961
G1 X-4.519 Y-4.519 E245.81989
G1 X4.52 Y-4.52 E245.97021
G1 X4.52 Y4.519 E246.12053
G1 F1500 E239.62053
G0 F9000 X4.518 Y4.699
G0 X2.173 Y4.619
G0 X2.029 Y3.535
G0 X2.304 Y3.508
G1 F1500 E246.12053
G1 X2.434 Y3.253 E246.12529
G1 X2.444 Y2.948 E246.13037
G1 X2.401 Y2.75 E246.13374
G1 X0.091 Y-1.76 E246.218
G1 X2.174 Y-1.76 E246.25264
G1 X2.375 Y-1.874 E246.25649
G1 X2.53 Y-2.158 E246.26187
G1 X2.537 Y-3.118 E246.27783
G1 X2.364 Y-3.373 E246.28296
G1 X2.087 Y-3.471 E246.28784
G1 X-1.922 Y-3.47 E246.35451
G1 X-2.166 Y-3.354 E246.35901
G1 X-2.316 Y-3.096 E246.36397
G1 X-2.313 Y-2.667 E246.3711
G1 X0.025 Y1.923 E246.45677
G1 X-1.815 Y1.925 E246.48737
G1 X-2.001 Y1.967 E246.49054
G1 X-2.217 Y2.18 E246.49558
G1 X-2.276 Y2.388 E246.49918
G1 X-2.274 Y3.228 E246.51315
G1 X-2.15 Y3.496 E246.51806
G1 X-1.815 Y3.639 E246.52412
G1 X2.044 Y3.633 E246.58829
G1 X2.304 Y3.508 E246.59309
G1 F1500 E240.09309
G0 F9000 X2.175 Y3.375
G0 X2.229 Y4.619
G0 X4.348 Y4.419
G1 F1500 E246.59309
G1 X4.419 Y4.348 E246.59476
G0 F9000 X4.419 Y4.065
G1 F1500 X4.065 Y4.419 E246.60308
G0 F9000 X3.783 Y4.419
G1 F1500 X4.419 Y3.783 E246.61804
G0 F9000 X4.419 Y3.5
G1 F1500 X3.5 Y4.419 E246.63966
G0 F9000 X3.217 Y4.419
G1 F1500 X4.419 Y3.217 E246.66792
G0 F9000 X4.419 Y2.934
G1 F1500 X2.934 Y4.419 E246.70285
G0 F9000 X2.651 Y4.419
G1 F1500 X4.419 Y2.651 E246.74443
G0 F9000 X4.419 Y2.368
G1 F1500 X2.368 Y4.419 E246.79267
G0 F9000 X2.085 Y4.419
G1 F1500 X4.419 Y2.085 E246.84756
G0 F9000 X4.419 Y1.803
G1 F1500 X1.803 Y4.419 E246.90908
G0 F9000 X1.52 Y4.419
G1 F1500 X4.419 Y1.52 E246.97726
G0 F9000 X4.419 Y1.237
G1 F1500 X2.538 Y3.118 E247.0215
G0 F9000 X2.525 Y2.848
G1 F1500 X4.419 Y0.954 E247.06605
G0 F9000 X4.419 Y0.671
G1 F1500 X2.454 Y2.636 E247.11226
G0 F9000 X2.358 Y2.45
G1 F1500 X4.419 Y0.388 E247.16074
G0 F9000 X4.419 Y0.106
G1 F1500 X2.262 Y2.262 E247.21146
G0 F9000 X2.166 Y2.076
G1 F1500 X4.419 Y-.176 E247.26444
G0 F9000 X4.419 Y-.459
G1 F1500 X2.071 Y1.888 E247.31964
G0 F9000 X1.975 Y1.701
G1 F1500 X4.419 Y-.742 E247.37711
G0 F9000 X4.419 Y-1.025
G1 F1500 X1.879 Y1.514 E247.43684
G0 F9000 X1.784 Y1.327
G1 F1500 X4.419 Y-1.308 E247.49881
G0 F9000 X4.419 Y-1.59
G1 F1500 X1.687 Y1.14 E247.56304
G0 F9000 X1.592 Y0.953
G1 F1500 X4.419 Y-1.873 E247.62951
G0 F9000 X4.419 Y-2.156
G1 F1500 X1.496 Y0.765 E247.69823
G0 F9000 X1.4 Y0.579
G1 F1500 X4.419 Y-2.439 E247.76922
G0 F9000 X4.419 Y-2.722
G1 F1500 X1.305 Y0.391 E247.84245
G0 F9000 X1.209 Y0.204
G1 F1500 X4.419 Y-3.005 E247.91793
G0 F9000 X4.419 Y-3.288
G1 F1500 X1.113 Y0.017 E247.99567
G0 F9000 X1.018 Y-.169
G1 F1500 X4.419 Y-3.57 E248.07566
G0 F9000 X4.419 Y-3.853
G1 F1500 X2.555 Y-1.989 E248.1195
G0 F9000 X2.63 Y-2.347
G1 F1500 X4.419 Y-4.136 E248.16157
G0 F9000 X4.419 Y-4.419
G1 F1500 X2.633 Y-2.633 E248.20357
G0 F9000 X2.635 Y-2.918
G1 F1500 X4.136 Y-4.419 E248.23888
G0 F9000 X3.853 Y-4.419
G1 F1500 X2.613 Y-3.179 E248.26804
G0 F9000 X2.501 Y-3.349
G1 F1500 X3.57 Y-4.419 E248.29319
G0 F9000 X3.288 Y-4.419
G1 F1500 X2.351 Y-3.482 E248.31523
G0 F9000 X2.141 Y-3.556
G1 F1500 X3.005 Y-4.419 E248.33554
G0 F9000 X2.722 Y-4.419
G1 F1500 X1.877 Y-3.574 E248.35541
G0 F9000 X1.593 Y-3.573
G1 F1500 X2.439 Y-4.419 E248.37531
G0 F9000 X2.156 Y-4.419
G1 F1500 X1.31 Y-3.573 E248.3952
G0 F9000 X1.027 Y-3.573
G1 F1500 X1.873 Y-4.419 E248.4151
G0 F9000 X1.59 Y-4.419
G1 F1500 X0.743 Y-3.572 E248.43502
G0 F9000 X0.46 Y-3.571
G1 F1500 X1.308 Y-4.419 E248.45496
G0 F9000 X1.025 Y-4.419
G1 F1500 X0.177 Y-3.571 E248.47491
G0 F9000 X-.106 Y-3.57
G1 F1500 X0.742 Y-4.419 E248.49486
G0 F9000 X0.459 Y-4.419
G1 F1500 X-.389 Y-3.57 E248.51482
G0 F9000 X-.672 Y-3.57
G1 F1500 X0.176 Y-4.419 E248.53477
G0 F9000 X-.106 Y-4.419
G1 F1500 X-.956 Y-3.569 E248.55476
G0 F9000 X-1.239 Y-3.568
G1 F1500 X-.388 Y-4.419 E248.57478
G0 F9000 X-.671 Y-4.419
G1 F1500 X-1.522 Y-3.568 E248.59479
G0 F9000 X-1.805 Y-3.568
G1 F1500 X-.954 Y-4.419 E248.61481
G0 F9000 X-1.237 Y-4.419
G1 F1500 X-2.216 Y-3.44 E248.63783
G1 X-2.252 Y-3.404
G1 X-4.418 Y-1.238 E248.68877
G0 F9000 X-4.418 Y-.956
G1 F1500 X-2.417 Y-2.956 E248.73582
G0 F9000 X-2.413 Y-2.677
G1 F1500 X-4.418 Y-.673 E248.78296
G0 F9000 X-4.418 Y-.39
G1 F1500 X-2.333 Y-2.474 E248.83199
G0 F9000 X-2.237 Y-2.287
G1 F1500 X-4.418 Y-.107 E248.88327
G0 F9000 X-4.417 Y0.174
G1 F1500 X-2.141 Y-2.1 E248.93677
G0 F9000 X-2.046 Y-1.913
G1 F1500 X-4.417 Y0.457 E248.99253
G0 F9000 X-4.417 Y0.74
G1 F1500 X-1.95 Y-1.726 E249.05053
G0 F9000 X-1.855 Y-1.538
G1 F1500 X-4.417 Y1.023 E249.11078
G0 F9000 X-4.417 Y1.306
G1 F1500 X-1.759 Y-1.351 E249.17328
G0 F9000 X-1.663 Y-1.164
G1 F1500 X-4.417 Y1.588 E249.23802
G0 F9000 X-4.417 Y1.871
G1 F1500 X-1.568 Y-.977 E249.30502
G0 F9000 X-1.472 Y-.789
G1 F1500 X-4.417 Y2.154 E249.37425
G0 F9000 X-4.417 Y2.437
G1 F1500 X-1.377 Y-.602 E249.44574
G0 F9000 X-1.281 Y-.415
G1 F1500 X-4.417 Y2.72 E249.51948
G0 F9000 X-4.417 Y3.003
G1 F1500 X-1.185 Y-.228 E249.59548
G0 F9000 X-1.09 Y-0.041
G1 F1500 X-4.417 Y3.285 E249.67371
G0 F9000 X-4.417 Y3.568
G1 F1500 X-.994 Y0.146 E249.75421
G0 F9000 X-.898 Y0.333
G1 F1500 X-4.417 Y3.851 E249.83696
G0 F9000 X-4.417 Y4.134
G1 F1500 X-.803 Y0.52 E249.92195
G0 F9000 X-.707 Y0.707
G1 F1500 X-1.827 Y1.827 E249.94829
G0 F9000 X-1.543 Y1.826
G1 F1500 X-.612 Y0.895 E249.97019
G0 F9000 X-.516 Y1.081
G1 F1500 X-1.26 Y1.825 E249.98769
G0 F9000 X-.976 Y1.825
G1 F1500 X-.42 Y1.269 E250.00076
G0 F9000 X-.325 Y1.456
G1 F1500 X-.692 Y1.824 E250.0094
G0 F9000 X-.409 Y1.823
G1 F1500 X-.229 Y1.644 E250.01363
G0 F9000 X0.02 Y1.518
G0 X0.189 Y2.023
G0 X-2.025 Y2.175
G0 X-2.025 Y3.387
G0 X-.341 Y3.457
G0 X-.341 Y3.735
G1 F1500 X-1.024 Y4.418 E250.02969
G0 F9000 X-.741 Y4.418
G1 F1500 X-0.057 Y3.734 E250.04578
G0 F9000 X0.225 Y3.734
G1 F1500 X-.458 Y4.418 E250.06185
G0 F9000 X-.176 Y4.418
G1 F1500 X0.509 Y3.733 E250.07796
G0 F9000 X0.791 Y3.733
G1 F1500 X0.106 Y4.418 E250.09407
G0 F9000 X0.389 Y4.418
G1 F1500 X1.075 Y3.732 E250.11021
G0 F9000 X1.359 Y3.732
G1 F1500 X0.672 Y4.418 E250.12635
G0 F9000 X0.955 Y4.418
G1 F1500 X1.641 Y3.732 E250.14248
G0 F9000 X1.925 Y3.731
G1 F1500 X1.238 Y4.418 E250.15864
G1 F1500 E243.65864
G0 F9000 X1.236 Y4.699
G0 X-.626 Y4.619
G0 X-.627 Y3.557
G0 X-.624 Y3.735
G1 F1500 E250.15864
G1 X-1.307 Y4.418 E250.1747
G0 F9000 X-1.589 Y4.418
G1 F1500 X-.907 Y3.736 E250.19074
G0 F9000 X-1.191 Y3.737
G1 F1500 X-1.872 Y4.418 E250.20676
G0 F9000 X-2.155 Y4.418
G1 F1500 X-1.475 Y3.737 E250.22276
G0 F9000 X-1.757 Y3.737
G1 F1500 X-2.438 Y4.418 E250.23878
G0 F9000 X-2.72 Y4.418
G1 F1500 X-1.979 Y3.676 E250.25622
G0 F9000 X-2.17 Y3.585
G1 F1500 X-3.003 Y4.418 E250.27581
G0 F9000 X-3.286 Y4.418
G1 F1500 X-2.292 Y3.423 E250.2992
G0 F9000 X-2.373 Y3.222
G1 F1500 X-3.569 Y4.418 E250.32733
G0 F9000 X-3.852 Y4.418
G1 F1500 X-2.373 Y2.939 E250.36211
G0 F9000 X-2.373 Y2.656
G1 F1500 X-4.135 Y4.418 E250.40355
G0 F9000 X-4.417 Y4.417
G1 F1500 X-2.373 Y2.373 E250.45162
G0 F9000 X-2.098 Y2.413
G0 X-2.025 Y3.387
G0 X2.192 Y3.387
G0 X2.201 Y2.941
G0 X0.853 Y0.12
G0 X0.922 Y-.356
G1 F1500 X2.262 Y-1.696 E250.48314
G0 F9000 X1.943 Y-1.66
G1 F1500 X0.826 Y-.543 E250.50941
G0 F9000 X0.731 Y-.731
G1 F1500 X1.66 Y-1.66 E250.53126
G0 F9000 X1.377 Y-1.66
G1 F1500 X0.634 Y-.917 E250.54873
G0 F9000 X0.539 Y-1.105
G1 F1500 X1.094 Y-1.66 E250.56178
G0 F9000 X0.811 Y-1.66
G1 F1500 X0.444 Y-1.292 E250.57043
G0 F9000 X0.347 Y-1.479
G1 F1500 X0.528 Y-1.66 E250.57468
G1 F1500 E244.07468
G0 F9000 X0.528 Y-1.94
G0 X2.284 Y-2.012
G0 X2.284 Y-3.224
G0 X-1.519 Y-3.391
G0 X-1.519 Y-4.6
G0 X-1.52 Y-4.419
G1 F1500 E250.57468
G1 X-4.418 Y-1.521 E250.64284
G0 F9000 X-4.418 Y-1.804
G1 F1500 X-1.803 Y-4.419 E250.70434
G0 F9000 X-2.085 Y-4.419
G1 F1500 X-4.418 Y-2.087 E250.7592
G0 F9000 X-4.418 Y-2.37
G1 F1500 X-2.368 Y-4.419 E250.8074
G0 F9000 X-2.651 Y-4.419
G1 F1500 X-4.418 Y-2.653 E250.84894
G0 F9000 X-4.418 Y-2.935
G1 F1500 X-2.934 Y-4.419 E250.88385
G0 F9000 X-3.217 Y-4.419
G1 F1500 X-4.418 Y-3.218 E250.91209
G0 F9000 X-4.418 Y-3.501
G1 F1500 X-3.5 Y-4.419 E250.93368
G0 F9000 X-3.783 Y-4.419
G1 F1500 X-4.418 Y-3.784 E250.94861
G0 F9000 X-4.418 Y-4.067
G1 F1500 X-4.065 Y-4.419 E250.95691
G0 F9000 X-4.348 Y-4.419
G1 F1500 X-4.418 Y-4.35 E250.95854
G1 F1500 E244.45854
;MESH:NONMESH
G0 F300 X-4.418 Y-4.35 Z9.5
G0 F9000 X-4.699 Y-4.35
G0 X-4.599 Y3.429
G0 X-2.175 Y3.213
G0 X2.174 Y3.374
;TIME_ELAPSED:863.986630
;LAYER:46
;TYPE:WALL-INNER
;MESH:xyzCalibration_cube.stl
G1 F1500 E250.95854
G1 X2.016 Y3.455 E250.96149
G1 X-1.797 Y3.459 E251.0249
G1 X-2.016 Y3.365 E251.02887
G1 X-2.095 Y3.203 E251.03186
G1 X-2.097 Y2.307 E251.04676
G1 X-1.925 Y2.131 E251.05086
G1 X-1.797 Y2.103 E251.05304
G1 X0.319 Y2.103 E251.08822
G1 X-2.135 Y-2.705 E251.17799
G1 X-2.14 Y-3.054 E251.1838
G1 X-2.042 Y-3.218 E251.18698
G1 X-1.891 Y-3.292 E251.18977
G1 X2.056 Y-3.296 E251.25541
G1 X2.247 Y-3.229 E251.25878
G1 X2.356 Y-3.07 E251.26198
G1 X2.352 Y-2.188 E251.27665
G1 X2.25 Y-2.01 E251.28006
G1 X2.129 Y-1.94 E251.28239
G1 X-.203 Y-1.94 E251.32117
G1 X2.266 Y2.878 E251.4112
G1 X2.258 Y3.22 E251.41689
G1 X2.174 Y3.374 E251.41981
G1 F1500 E244.91981
G0 F9000 X2.234 Y3.429
G0 X2.229 Y4.619
G0 X4.7 Y4.7
G1 F1500 E251.41981
G1 X4.7 Y-4.7 E251.57613
G1 X-4.699 Y-4.699 E251.73244
G1 X-4.699 Y4.699 E251.88873
G1 X4.7 Y4.7 E252.04503
G0 F9000 X4.9 Y4.9
;TYPE:WALL-OUTER
G1 F1500 X4.9 Y-4.9 E252.20801
G1 X-4.899 Y-4.899 E252.37096
G1 X-4.899 Y4.899 E252.53391
G1 X4.9 Y4.9 E252.69686
G0 F9000 X4.9 Y4.7
G1 F1500 E246.19686
G0 F9000 X4.499 Y4.699
G0 X1.98 Y4.619
G0 X1.979 Y3.554
G0 X1.982 Y3.258
G1 F1500 E252.69686
G1 X-1.797 Y3.259 E252.75971
G1 X-1.897 Y3.174 E252.76189
G1 X-1.897 Y2.37 E252.77526
G1 X-1.831 Y2.303 E252.77683
G1 X0.645 Y2.303 E252.818
G1 X-1.938 Y-2.77 E252.91267
G1 X-1.936 Y-3.021 E252.91685
G1 X-1.857 Y-3.095 E252.91865
G1 X2.056 Y-3.096 E252.98372
G1 X2.151 Y-3.029 E252.98565
G1 X2.155 Y-2.222 E252.99907
G1 X2.091 Y-2.146 E253.00073
G1 X-.53 Y-2.14 E253.04431
G1 X2.054 Y2.903 E253.13855
G1 X2.062 Y3.18 E253.14316
G1 X1.982 Y3.258 E253.14501
G0 F9000 X1.782 Y3.258
G1 F1500 E246.64501
G0 F9000 X1.782 Y3.459
G0 X2.231 Y3.432
G0 X2.229 Y4.619
G0 X4.52 Y4.519
;TYPE:SKIN
G1 F1500 E253.14501
G1 X-4.518 Y4.518 E253.29532
G1 X-4.519 Y-4.519 E253.4456
G1 X4.52 Y-4.52 E253.59592
G1 X4.52 Y4.519 E253.74624
G1 F1500 E247.24624
G0 F9000 X4.518 Y4.699
G0 X2.173 Y4.619
G0 X2.029 Y3.535
G0 X2.304 Y3.508
G1 F1500 E253.74624
G1 X2.434 Y3.253 E253.751
G1 X2.444 Y2.948 E253.75608
G1 X2.401 Y2.75 E253.75945
G1 X0.091 Y-1.76 E253.84371
G1 X2.174 Y-1.76 E253.87835
G1 X2.375 Y-1.874 E253.8822
G1 X2.53 Y-2.158 E253.88758
G1 X2.537 Y-3.118 E253.90354
G1 X2.364 Y-3.373 E253.90867
G1 X2.087 Y-3.471 E253.91355
G1 X-1.922 Y-3.47 E253.98022
G1 X-2.166 Y-3.354 E253.98472
G1 X-2.316 Y-3.096 E253.98968
G1 X-2.313 Y-2.667 E253.99681
G1 X0.025 Y1.923 E254.08248
G1 X-1.815 Y1.925 E254.11308
G1 X-2.001 Y1.967 E254.11625
G1 X-2.217 Y2.18 E254.12129
G1 X-2.276 Y2.388 E254.12489
G1 X-2.274 Y3.228 E254.13886
G1 X-2.15 Y3.496 E254.14377
G1 X-1.815 Y3.639 E254.14983
G1 X2.044 Y3.633 E254.214
G1 X2.304 Y3.508 E254.2188
G1 F1500 E247.7188
G0 F9000 X2.175 Y3.375
G0 X-1.997 Y3.359
G0 X-4.599 Y3.359
G0 X-4.418 Y4.35
G1 F1500 E254.2188
G1 X-4.35 Y4.417 E254.22039
G0 F9000 X-4.067 Y4.417
G1 F1500 X-4.418 Y4.067 E254.22863
G0 F9000 X-4.418 Y3.784
G1 F1500 X-3.785 Y4.417 E254.24352
G0 F9000 X-3.502 Y4.417
G1 F1500 X-4.418 Y3.501 E254.26506
G0 F9000 X-4.418 Y3.218
G1 F1500 X-3.219 Y4.417 E254.29326
G0 F9000 X-2.936 Y4.417
G1 F1500 X-4.418 Y2.935 E254.32811
G0 F9000 X-4.418 Y2.653
G1 F1500 X-2.653 Y4.417 E254.36961
G0 F9000 X-2.37 Y4.417
G1 F1500 X-4.418 Y2.37 E254.41776
G0 F9000 X-4.418 Y2.087
G1 F1500 X-2.088 Y4.417 E254.47256
G0 F9000 X-1.805 Y4.417
G1 F1500 X-4.418 Y1.804 E254.53402
G0 F9000 X-4.418 Y1.521
G1 F1500 X-1.522 Y4.417 E254.60213
G0 F9000 X-1.238 Y4.418
G1 F1500 X-1.979 Y3.676 E254.61957
G0 F9000 X-1.635 Y3.738
G1 F1500 X-.956 Y4.418 E254.63555
G0 F9000 X-.673 Y4.418
G1 F1500 X-1.353 Y3.737 E254.65155
G0 F9000 X-1.07 Y3.737
G1 F1500 X-.39 Y4.418 E254.66755
G0 F9000 X-.107 Y4.418
G1 F1500 X-.788 Y3.737 E254.68357
G0 F9000 X-.506 Y3.736
G1 F1500 X0.175 Y4.418 E254.6996
G0 F9000 X0.458 Y4.418
G1 F1500 X-.224 Y3.735 E254.71565
G0 F9000 X0.058 Y3.735
G1 F1500 X0.741 Y4.418 E254.73171
G0 F9000 X1.023 Y4.418
G1 F1500 X0.34 Y3.734 E254.74779
G0 F9000 X0.622 Y3.734
G1 F1500 X1.306 Y4.418 E254.76387
G0 F9000 X1.59 Y4.418
G1 F1500 X0.905 Y3.733 E254.77998
G0 F9000 X1.187 Y3.733
G1 F1500 X1.873 Y4.418 E254.79611
G0 F9000 X2.155 Y4.418
G1 F1500 X1.47 Y3.732 E254.81223
G0 F9000 X1.752 Y3.732
G1 F1500 X2.438 Y4.418 E254.82836
G0 F9000 X2.721 Y4.418
G1 F1500 X2.035 Y3.732 E254.8445
G0 F9000 X2.236 Y3.65
G1 F1500 X3.004 Y4.418 E254.86256
G0 F9000 X3.287 Y4.418
G1 F1500 X2.4 Y3.531 E254.88342
G0 F9000 X2.497 Y3.346
G1 F1500 X3.57 Y4.418 E254.90864
G0 F9000 X3.853 Y4.418
G1 F1500 X2.537 Y3.103 E254.93958
G0 F9000 X2.513 Y2.795
G1 F1500 X4.135 Y4.418 E254.97774
G0 F9000 X4.419 Y4.419
G1 F1500 X2.26 Y2.26 E255.02852
G0 F9000 X1.964 Y1.681
G1 F1500 X4.419 Y4.136 E255.08625
G0 F9000 X4.419 Y3.853
G1 F1500 X1.668 Y1.102 E255.15095
G0 F9000 X1.371 Y0.523
G1 F1500 X4.419 Y3.57 E255.22263
G0 F9000 X4.419 Y3.288
G1 F1500 X1.075 Y-0.055 E255.30126
G0 F9000 X0.779 Y-.634
G1 F1500 X4.419 Y3.005 E255.38686
G0 F9000 X4.419 Y2.722
G1 F1500 X0.482 Y-1.214 E255.47944
G0 F9000 X0.603 Y-1.659
G1 F1500 X4.419 Y2.156 E255.56917
G0 F9000 X4.419 Y2.439
G1 F1500 X0.32 Y-1.659 E255.66556
G0 F9000 X0.886 Y-1.659
G1 F1500 X4.419 Y1.873 E255.74864
G0 F9000 X4.419 Y1.59
G1 F1500 X1.168 Y-1.659 E255.82507
G0 F9000 X1.451 Y-1.659
G1 F1500 X4.419 Y1.308 E255.89487
G0 F9000 X4.419 Y1.025
G1 F1500 X1.734 Y-1.659 E255.958
G0 F9000 X2.017 Y-1.659
G1 F1500 X4.419 Y0.742 E256.01448
G0 F9000 X4.419 Y0.459
G1 F1500 X2.263 Y-1.696 E256.06517
G0 F9000 X2.445 Y-1.797
G1 F1500 X4.419 Y0.176 E256.11159
G0 F9000 X4.419 Y-.106
G1 F1500 X2.547 Y-1.977 E256.1556
G0 F9000 X2.628 Y-2.18
G1 F1500 X4.419 Y-.388 E256.19774
G0 F9000 X4.419 Y-.671
G1 F1500 X2.631 Y-2.46 E256.2398
G0 F9000 X2.633 Y-2.74
G1 F1500 X4.419 Y-.954 E256.2818
G0 F9000 X4.419 Y-1.237
G1 F1500 X2.635 Y-3.021 E256.32376
G0 F9000 X2.081 Y-3.575
G1 F1500 X1.238 Y-4.418 E256.34359
G0 F9000 X1.52 Y-4.418
G1 F1500 X4.419 Y-1.52 E256.41175
G0 F9000 X4.419 Y-1.803
G1 F1500 X1.803 Y-4.418 E256.47327
G0 F9000 X2.086 Y-4.418
G1 F1500 X4.419 Y-2.085 E256.52814
G0 F9000 X4.419 Y-2.368
G1 F1500 X2.369 Y-4.418 E256.57635
G0 F9000 X2.652 Y-4.418
G1 F1500 X4.419 Y-2.651 E256.61791
G0 F9000 X4.419 Y-2.934
G1 F1500 X2.935 Y-4.418 E256.65281
G0 F9000 X3.218 Y-4.418
G1 F1500 X4.419 Y-3.217 E256.68105
G0 F9000 X4.419 Y-3.5
G1 F1500 X3.5 Y-4.418 E256.70265
G0 F9000 X3.783 Y-4.418
G1 F1500 X4.419 Y-3.783 E256.7176
G0 F9000 X4.419 Y-4.065
G1 F1500 X4.066 Y-4.418 E256.7259
G0 F9000 X4.349 Y-4.418
G1 F1500 X4.419 Y-4.348 E256.72755
G1 F1500 E250.22755
G0 F9000 X4.7 Y-4.348
G0 X4.6 Y-3.295
G0 X2.438 Y-3.09
G0 X1.798 Y-3.575
G1 F1500 E256.72755
G1 X0.955 Y-4.418 E256.74737
G0 F9000 X0.672 Y-4.418
G1 F1500 X1.516 Y-3.574 E256.76722
G0 F9000 X1.234 Y-3.573
G1 F1500 X0.389 Y-4.418 E256.7871
G0 F9000 X0.106 Y-4.418
G1 F1500 X0.951 Y-3.573 E256.80697
G0 F9000 X0.669 Y-3.573
G1 F1500 X-.176 Y-4.418 E256.82684
G0 F9000 X-.458 Y-4.418
G1 F1500 X0.387 Y-3.572 E256.84673
G0 F9000 X0.104 Y-3.572
G1 F1500 X-.741 Y-4.418 E256.86661
G0 F9000 X-1.024 Y-4.418
G1 F1500 X-.177 Y-3.571 E256.88653
G0 F9000 X-.459 Y-3.57
G1 F1500 X-1.307 Y-4.418 E256.90648
G0 F9000 X-1.59 Y-4.418
G1 F1500 X-.741 Y-3.57 E256.92643
G0 F9000 X-1.024 Y-3.57
G1 F1500 X-1.873 Y-4.418 E256.94639
G0 F9000 X-2.155 Y-4.418
G1 F1500 X-1.306 Y-3.569 E256.96636
G0 F9000 X-1.588 Y-3.568
G1 F1500 X-2.438 Y-4.418 E256.98635
G0 F9000 X-2.721 Y-4.418
G1 F1500 X-1.871 Y-3.568 E257.00634
G0 F9000 X-2.086 Y-3.5
G1 F1500 X-3.004 Y-4.418 E257.02793
G0 F9000 X-3.287 Y-4.418
G1 F1500 X-2.259 Y-3.39 E257.0521
G0 F9000 X-2.361 Y-3.21
G1 F1500 X-3.57 Y-4.418 E257.08053
G0 F9000 X-3.853 Y-4.418
G1 F1500 X-2.417 Y-2.983 E257.11429
G0 F9000 X-2.412 Y-2.695
G1 F1500 X-4.135 Y-4.418 E257.15481
G0 F9000 X-4.418 Y-4.418
G1 F1500 X-2.184 Y-2.184 E257.20735
G0 F9000 X-1.889 Y-1.606
G1 F1500 X-4.418 Y-4.135 E257.26683
G0 F9000 X-4.418 Y-3.853
G1 F1500 X-1.594 Y-1.028 E257.33326
G0 F9000 X-1.298 Y-.45
G1 F1500 X-4.418 Y-3.57 E257.40663
G0 F9000 X-4.418 Y-3.287
G1 F1500 X-1.003 Y0.127 E257.48694
G0 F9000 X-.708 Y0.705
G1 F1500 X-4.418 Y-3.004 E257.57418
G0 F9000 X-4.418 Y-2.721
G1 F1500 X-.412 Y1.284 E257.66838
G0 F9000 X-.439 Y1.822
G1 F1500 X-4.418 Y-2.155 E257.76194
G0 F9000 X-4.418 Y-1.873
G1 F1500 X-.721 Y1.823 E257.84887
G0 F9000 X-1.004 Y1.824
G1 F1500 X-4.418 Y-1.59 E257.92917
G0 F9000 X-4.418 Y-1.307
G1 F1500 X-1.286 Y1.825 E258.00283
G0 F9000 X-1.568 Y1.825
G1 F1500 X-4.418 Y-1.024 E258.06984
G0 F9000 X-4.418 Y-.741
G1 F1500 X-1.847 Y1.829 E258.1303
G0 F9000 X-2.071 Y1.888
G1 F1500 X-4.418 Y-.458 E258.18548
G0 F9000 X-4.418 Y-.176
G1 F1500 X-2.211 Y2.031 E258.23739
G0 F9000 X-2.32 Y2.204
G1 F1500 X-4.418 Y0.107 E258.28672
G0 F9000 X-4.418 Y0.39
G1 F1500 X-2.373 Y2.435 E258.33481
G0 F9000 X-2.373 Y2.718
G1 F1500 X-4.418 Y0.673 E258.38291
G0 F9000 X-4.418 Y0.956
G1 F1500 X-2.373 Y3 E258.43099
G0 F9000 X-2.338 Y3.318
G1 F1500 X-4.418 Y1.238 E258.47991
G0 F9000 X-4.699 Y1.238
G0 X-4.699 Y-2.438
G0 X-4.418 Y-2.438
G1 F1500 X-.157 Y1.822 E258.58011
;MESH:NONMESH
G0 F300 X-.157 Y1.822 Z9.7
G0 F9000 X-.157 Y2.103
G0 X-2.025 Y2.175
G0 X-2.025 Y3.387
G0 X2.234 Y3.429
G0 X2.174 Y3.374
;TIME_ELAPSED:895.379253
;LAYER:47
;TYPE:WALL-INNER
;MESH:xyzCalibration_cube.stl
G1 F1500 X2.016 Y3.455 E258.58306
G1 X-1.797 Y3.459 E258.64647
G1 X-2.016 Y3.365 E258.65044
G1 X-2.095 Y3.203 E258.65343
G1 X-2.097 Y2.307 E258.66833
G1 X-1.925 Y2.131 E258.67243
G1 X-1.797 Y2.103 E258.67461
G1 X0.319 Y2.103 E258.7098
G1 X-2.135 Y-2.705 E258.79957
G1 X-2.14 Y-3.054 E258.80537
G1 X-2.042 Y-3.218 E258.80855
G1 X-1.891 Y-3.292 E258.81134
G1 X2.056 Y-3.296 E258.87698
G1 X2.247 Y-3.229 E258.88035
G1 X2.356 Y-3.07 E258.88355
G1 X2.352 Y-2.188 E258.89822
G1 X2.25 Y-2.01 E258.90163
G1 X2.129 Y-1.94 E258.90396
G1 X-.203 Y-1.94 E258.94274
G1 X2.266 Y2.878 E259.03277
G1 X2.258 Y3.22 E259.03846
G1 X2.174 Y3.374 E259.04138
G1 F1500 E252.54138
G0 F9000 X2.234 Y3.429
G0 X2.229 Y4.619
G0 X4.7 Y4.7
G1 F1500 E259.04138
G1 X4.7 Y-4.7 E259.1977
G1 X-4.699 Y-4.699 E259.35401
G1 X-4.699 Y4.699 E259.5103
G1 X4.7 Y4.7 E259.6666
G0 F9000 X4.9 Y4.9
;TYPE:WALL-OUTER
G1 F1500 X4.9 Y-4.9 E259.82958
G1 X-4.899 Y-4.899 E259.99253
G1 X-4.899 Y4.899 E260.15548
G1 X4.9 Y4.9 E260.31843
G0 F9000 X4.9 Y4.7
G1 F1500 E253.81843
G0 F9000 X4.499 Y4.699
G0 X1.98 Y4.619
G0 X1.979 Y3.554
G0 X1.982 Y3.258
G1 F1500 E260.31843
G1 X-1.797 Y3.259 E260.38128
G1 X-1.897 Y3.174 E260.38346
G1 X-1.897 Y2.37 E260.39683
G1 X-1.831 Y2.303 E260.3984
G1 X0.645 Y2.303 E260.43957
G1 X-1.938 Y-2.77 E260.53424
G1 X-1.936 Y-3.021 E260.53842
G1 X-1.857 Y-3.095 E260.54022
G1 X2.056 Y-3.096 E260.60529
G1 X2.151 Y-3.029 E260.60722
G1 X2.155 Y-2.222 E260.62064
G1 X2.091 Y-2.146 E260.6223
G1 X-.53 Y-2.14 E260.66588
G1 X2.054 Y2.903 E260.76012
G1 X2.062 Y3.18 E260.76473
G1 X1.982 Y3.258 E260.76658
G0 F9000 X1.782 Y3.258
G1 F1500 E254.26658
G0 F9000 X1.782 Y3.459
G0 X2.231 Y3.432
G0 X2.229 Y4.619
G0 X4.52 Y4.519
;TYPE:SKIN
G1 F1500 E260.76658
G1 X-4.518 Y4.518 E260.91689
G1 X-4.519 Y-4.519 E261.06717
G1 X4.52 Y-4.52 E261.21749
G1 X4.52 Y4.519 E261.36781
G1 F1500 E254.86781
G0 F9000 X4.518 Y4.699
G0 X2.173 Y4.619
G0 X2.029 Y3.535
G0 X2.304 Y3.508
G1 F1500 E261.36781
G1 X2.434 Y3.253 E261.37257
G1 X2.444 Y2.948 E261.37765
G1 X2.401 Y2.75 E261.38102
G1 X0.091 Y-1.76 E261.46528
G1 X2.174 Y-1.76 E261.49992
G1 X2.375 Y-1.874 E261.50377
G1 X2.53 Y-2.158 E261.50915
G1 X2.537 Y-3.118 E261.52511
G1 X2.364 Y-3.373 E261.53024
G1 X2.087 Y-3.471 E261.53512
G1 X-1.922 Y-3.47 E261.60179
G1 X-2.166 Y-3.354 E261.60629
G1 X-2.316 Y-3.096 E261.61125
G1 X-2.313 Y-2.667 E261.61838
G1 X0.025 Y1.923 E261.70405
G1 X-1.815 Y1.925 E261.73465
G1 X-2.001 Y1.967 E261.73782
G1 X-2.217 Y2.18 E261.74286
G1 X-2.276 Y2.388 E261.74646
G1 X-2.274 Y3.228 E261.76043
G1 X-2.15 Y3.496 E261.76534
G1 X-1.815 Y3.639 E261.7714
G1 X2.044 Y3.633 E261.83557
G1 X2.304 Y3.508 E261.84037
G1 F1500 E255.34037
G0 F9000 X2.175 Y3.375
G0 X2.229 Y4.619
G0 X4.348 Y4.419
G1 F1500 E261.84037
G1 X4.419 Y4.348 E261.84204
G0 F9000 X4.419 Y4.065
G1 F1500 X4.065 Y4.419 E261.85036
G0 F9000 X3.783 Y4.419
G1 F1500 X4.419 Y3.783 E261.86532
G0 F9000 X4.419 Y3.5
G1 F1500 X3.5 Y4.419 E261.88694
G0 F9000 X3.217 Y4.419
G1 F1500 X4.419 Y3.217 E261.9152
G0 F9000 X4.419 Y2.934
G1 F1500 X2.934 Y4.419 E261.95013
G0 F9000 X2.651 Y4.419
G1 F1500 X4.419 Y2.651 E261.99171
G0 F9000 X4.419 Y2.368
G1 F1500 X2.368 Y4.419 E262.03995
G0 F9000 X2.085 Y4.419
G1 F1500 X4.419 Y2.085 E262.09484
G0 F9000 X4.419 Y1.803
G1 F1500 X1.803 Y4.419 E262.15636
G0 F9000 X1.52 Y4.419
G1 F1500 X4.419 Y1.52 E262.22454
G0 F9000 X4.419 Y1.237
G1 F1500 X2.538 Y3.118 E262.26878
G0 F9000 X2.525 Y2.848
G1 F1500 X4.419 Y0.954 E262.31333
G0 F9000 X4.419 Y0.671
G1 F1500 X2.454 Y2.636 E262.35954
G0 F9000 X2.358 Y2.45
G1 F1500 X4.419 Y0.388 E262.40802
G0 F9000 X4.419 Y0.106
G1 F1500 X2.262 Y2.262 E262.45874
G0 F9000 X2.166 Y2.076
G1 F1500 X4.419 Y-.176 E262.51172
G0 F9000 X4.419 Y-.459
G1 F1500 X2.071 Y1.888 E262.56692
G0 F9000 X1.975 Y1.701
G1 F1500 X4.419 Y-.742 E262.62439
G0 F9000 X4.419 Y-1.025
G1 F1500 X1.879 Y1.514 E262.68412
G0 F9000 X1.784 Y1.327
G1 F1500 X4.419 Y-1.308 E262.74609
G0 F9000 X4.419 Y-1.59
G1 F1500 X1.687 Y1.14 E262.81032
G0 F9000 X1.592 Y0.953
G1 F1500 X4.419 Y-1.873 E262.87679
G0 F9000 X4.419 Y-2.156
G1 F1500 X1.496 Y0.765 E262.94551
G0 F9000 X1.4 Y0.579
G1 F1500 X4.419 Y-2.439 E263.0165
G0 F9000 X4.419 Y-2.722
G1 F1500 X1.305 Y0.391 E263.08973
G0 F9000 X1.209 Y0.204
G1 F1500 X4.419 Y-3.005 E263.16521
G0 F9000 X4.419 Y-3.288
G1 F1500 X1.113 Y0.017 E263.24295
G0 F9000 X1.018 Y-.169
G1 F1500 X4.419 Y-3.57 E263.32294
G0 F9000 X4.419 Y-3.853
G1 F1500 X2.555 Y-1.989 E263.36678
G0 F9000 X2.63 Y-2.347
G1 F1500 X4.419 Y-4.136 E263.40885
G0 F9000 X4.419 Y-4.419
G1 F1500 X2.633 Y-2.633 E263.45085
G0 F9000 X2.635 Y-2.918
G1 F1500 X4.136 Y-4.419 E263.48616
G0 F9000 X3.853 Y-4.419
G1 F1500 X2.613 Y-3.179 E263.51532
G0 F9000 X2.501 Y-3.349
G1 F1500 X3.57 Y-4.419 E263.54047
G0 F9000 X3.288 Y-4.419
G1 F1500 X2.351 Y-3.482 E263.56251
G0 F9000 X2.141 Y-3.556
G1 F1500 X3.005 Y-4.419 E263.58282
G0 F9000 X2.722 Y-4.419
G1 F1500 X1.877 Y-3.574 E263.60269
G0 F9000 X1.593 Y-3.573
G1 F1500 X2.439 Y-4.419 E263.62259
G0 F9000 X2.156 Y-4.419
G1 F1500 X1.31 Y-3.573 E263.64248
G0 F9000 X1.027 Y-3.573
G1 F1500 X1.873 Y-4.419 E263.66238
G0 F9000 X1.59 Y-4.419
G1 F1500 X0.743 Y-3.572 E263.6823
G0 F9000 X0.46 Y-3.571
G1 F1500 X1.308 Y-4.419 E263.70224
G0 F9000 X1.025 Y-4.419
G1 F1500 X0.177 Y-3.571 E263.72219
G0 F9000 X-.106 Y-3.57
G1 F1500 X0.742 Y-4.419 E263.74214
G0 F9000 X0.459 Y-4.419
G1 F1500 X-.389 Y-3.57 E263.7621
G0 F9000 X-.672 Y-3.57
G1 F1500 X0.176 Y-4.419 E263.78205
G0 F9000 X-.106 Y-4.419
G1 F1500 X-.956 Y-3.569 E263.80204
G0 F9000 X-1.239 Y-3.568
G1 F1500 X-.388 Y-4.419 E263.82206
G0 F9000 X-.671 Y-4.419
G1 F1500 X-1.522 Y-3.568 E263.84207
G0 F9000 X-1.805 Y-3.568
G1 F1500 X-.954 Y-4.419 E263.86209
G0 F9000 X-1.237 Y-4.419
G1 F1500 X-2.216 Y-3.44 E263.88511
G1 X-2.252 Y-3.404
G1 X-4.418 Y-1.238 E263.93605
G0 F9000 X-4.418 Y-.956
G1 F1500 X-2.417 Y-2.956 E263.9831
G0 F9000 X-2.413 Y-2.677
G1 F1500 X-4.418 Y-.673 E264.03024
G0 F9000 X-4.418 Y-.39
G1 F1500 X-2.333 Y-2.474 E264.07927
G0 F9000 X-2.237 Y-2.287
G1 F1500 X-4.418 Y-.107 E264.13055
G0 F9000 X-4.417 Y0.174
G1 F1500 X-2.141 Y-2.1 E264.18405
G0 F9000 X-2.046 Y-1.913
G1 F1500 X-4.417 Y0.457 E264.23981
G0 F9000 X-4.417 Y0.74
G1 F1500 X-1.95 Y-1.726 E264.29781
G0 F9000 X-1.855 Y-1.538
G1 F1500 X-4.417 Y1.023 E264.35806
G0 F9000 X-4.417 Y1.306
G1 F1500 X-1.759 Y-1.351 E264.42056
G0 F9000 X-1.663 Y-1.164
G1 F1500 X-4.417 Y1.588 E264.4853
G0 F9000 X-4.417 Y1.871
G1 F1500 X-1.568 Y-.977 E264.5523
G0 F9000 X-1.472 Y-.789
G1 F1500 X-4.417 Y2.154 E264.62153
G0 F9000 X-4.417 Y2.437
G1 F1500 X-1.377 Y-.602 E264.69302
G0 F9000 X-1.281 Y-.415
G1 F1500 X-4.417 Y2.72 E264.76676
G0 F9000 X-4.417 Y3.003
G1 F1500 X-1.185 Y-.228 E264.84276
G0 F9000 X-1.09 Y-0.041
G1 F1500 X-4.417 Y3.285 E264.92099
G0 F9000 X-4.417 Y3.568
G1 F1500 X-.994 Y0.146 E265.00149
G0 F9000 X-.898 Y0.333
G1 F1500 X-4.417 Y3.851 E265.08424
G0 F9000 X-4.417 Y4.134
G1 F1500 X-.803 Y0.52 E265.16923
G0 F9000 X-.707 Y0.707
G1 F1500 X-1.827 Y1.827 E265.19557
G0 F9000 X-1.543 Y1.826
G1 F1500 X-.612 Y0.895 E265.21747
G0 F9000 X-.516 Y1.081
G1 F1500 X-1.26 Y1.825 E265.23497
G0 F9000 X-.976 Y1.825
G1 F1500 X-.42 Y1.269 E265.24804
G0 F9000 X-.325 Y1.456
G1 F1500 X-.692 Y1.824 E265.25669
G0 F9000 X-.409 Y1.823
G1 F1500 X-.229 Y1.644 E265.26091
G0 F9000 X0.02 Y1.518
G0 X0.189 Y2.023
G0 X-2.025 Y2.175
G0 X-2.025 Y3.387
G0 X-.341 Y3.457
G0 X-.341 Y3.735
G1 F1500 X-1.024 Y4.418 E265.27697
G0 F9000 X-.741 Y4.418
G1 F1500 X-0.057 Y3.734 E265.29306
G0 F9000 X0.225 Y3.734
G1 F1500 X-.458 Y4.418 E265.30913
G0 F9000 X-.176 Y4.418
G1 F1500 X0.509 Y3.733 E265.32524
G0 F9000 X0.791 Y3.733
G1 F1500 X0.106 Y4.418 E265.34135
G0 F9000 X0.389 Y4.418
G1 F1500 X1.075 Y3.732 E265.35749
G0 F9000 X1.359 Y3.732
G1 F1500 X0.672 Y4.418 E265.37363
G0 F9000 X0.955 Y4.418
G1 F1500 X1.641 Y3.732 E265.38976
G0 F9000 X1.925 Y3.731
G1 F1500 X1.238 Y4.418 E265.40592
G1 F1500 E258.90592
G0 F9000 X1.236 Y4.699
G0 X-.626 Y4.619
G0 X-.627 Y3.557
G0 X-.624 Y3.735
G1 F1500 E265.40592
G1 X-1.307 Y4.418 E265.42198
G0 F9000 X-1.589 Y4.418
G1 F1500 X-.907 Y3.736 E265.43802
G0 F9000 X-1.191 Y3.737
G1 F1500 X-1.872 Y4.418 E265.45404
G0 F9000 X-2.155 Y4.418
G1 F1500 X-1.475 Y3.737 E265.47004
G0 F9000 X-1.757 Y3.737
G1 F1500 X-2.438 Y4.418 E265.48606
G0 F9000 X-2.72 Y4.418
G1 F1500 X-1.979 Y3.676 E265.5035
G0 F9000 X-2.17 Y3.585
G1 F1500 X-3.003 Y4.418 E265.52309
G0 F9000 X-3.286 Y4.418
G1 F1500 X-2.292 Y3.423 E265.54648
G0 F9000 X-2.373 Y3.222
G1 F1500 X-3.569 Y4.418 E265.57461
G0 F9000 X-3.852 Y4.418
G1 F1500 X-2.373 Y2.939 E265.60939
G0 F9000 X-2.373 Y2.656
G1 F1500 X-4.135 Y4.418 E265.65083
G0 F9000 X-4.417 Y4.417
G1 F1500 X-2.373 Y2.373 E265.6989
G0 F9000 X-2.098 Y2.413
G0 X-2.025 Y3.387
G0 X2.192 Y3.387
G0 X2.201 Y2.941
G0 X0.853 Y0.12
G0 X0.922 Y-.356
G1 F1500 X2.262 Y-1.696 E265.73042
G0 F9000 X1.943 Y-1.66
G1 F1500 X0.826 Y-.543 E265.75669
G0 F9000 X0.731 Y-.731
G1 F1500 X1.66 Y-1.66 E265.77854
G0 F9000 X1.377 Y-1.66
G1 F1500 X0.634 Y-.917 E265.79601
G0 F9000 X0.539 Y-1.105
G1 F1500 X1.094 Y-1.66 E265.80906
G0 F9000 X0.811 Y-1.66
G1 F1500 X0.444 Y-1.292 E265.81771
G0 F9000 X0.347 Y-1.479
G1 F1500 X0.528 Y-1.66 E265.82196
G1 F1500 E259.32196
G0 F9000 X0.528 Y-1.94
G0 X2.284 Y-2.012
G0 X2.284 Y-3.224
G0 X-1.519 Y-3.391
G0 X-1.519 Y-4.6
G0 X-1.52 Y-4.419
G1 F1500 E265.82196
G1 X-4.418 Y-1.521 E265.89012
G0 F9000 X-4.418 Y-1.804
G1 F1500 X-1.803 Y-4.419 E265.95162
G0 F9000 X-2.085 Y-4.419
G1 F1500 X-4.418 Y-2.087 E266.00648
G0 F9000 X-4.418 Y-2.37
G1 F1500 X-2.368 Y-4.419 E266.05468
G0 F9000 X-2.651 Y-4.419
G1 F1500 X-4.418 Y-2.653 E266.09622
G0 F9000 X-4.418 Y-2.935
G1 F1500 X-2.934 Y-4.419 E266.13113
G0 F9000 X-3.217 Y-4.419
G1 F1500 X-4.418 Y-3.218 E266.15937
G0 F9000 X-4.418 Y-3.501
G1 F1500 X-3.5 Y-4.419 E266.18096
G0 F9000 X-3.783 Y-4.419
G1 F1500 X-4.418 Y-3.784 E266.1959
G0 F9000 X-4.418 Y-4.067
G1 F1500 X-4.065 Y-4.419 E266.20419
G0 F9000 X-4.348 Y-4.419
G1 F1500 X-4.418 Y-4.35 E266.20582
G1 F1500 E259.70582
;MESH:NONMESH
G0 F300 X-4.418 Y-4.35 Z9.9
G0 F9000 X-4.699 Y-4.35
G0 X-4.599 Y3.429
G0 X-2.175 Y3.213
G0 X2.174 Y3.374
;TIME_ELAPSED:928.703762
;LAYER:48
;TYPE:WALL-INNER
;MESH:xyzCalibration_cube.stl
G1 F1500 E266.20582
G1 X2.016 Y3.455 E266.20877
G1 X-1.797 Y3.459 E266.27218
G1 X-2.016 Y3.365 E266.27615
G1 X-2.095 Y3.203 E266.27914
G1 X-2.097 Y2.307 E266.29404
G1 X-1.925 Y2.131 E266.29814
G1 X-1.797 Y2.103 E266.30032
G1 X0.319 Y2.103 E266.33551
G1 X-2.135 Y-2.705 E266.42528
G1 X-2.14 Y-3.054 E266.43108
G1 X-2.042 Y-3.218 E266.43426
G1 X-1.891 Y-3.292 E266.43705
G1 X2.056 Y-3.296 E266.50269
G1 X2.247 Y-3.229 E266.50606
G1 X2.356 Y-3.07 E266.50926
G1 X2.352 Y-2.188 E266.52393
G1 X2.25 Y-2.01 E266.52734
G1 X2.129 Y-1.94 E266.52967
G1 X-.203 Y-1.94 E266.56845
G1 X2.266 Y2.878 E266.65848
G1 X2.258 Y3.22 E266.66417
G1 X2.174 Y3.374 E266.66709
G1 F1500 E260.16709
G0 F9000 X2.234 Y3.429
G0 X2.229 Y4.619
G0 X4.7 Y4.7
G1 F1500 E266.66709
G1 X4.7 Y-4.7 E266.82341
G1 X-4.699 Y-4.699 E266.97972
G1 X-4.699 Y4.699 E267.13601
G1 X4.7 Y4.7 E267.29231
G0 F9000 X4.9 Y4.9
;TYPE:WALL-OUTER
G1 F1500 X4.9 Y-4.9 E267.45529
G1 X-4.899 Y-4.899 E267.61824
G1 X-4.899 Y4.899 E267.78119
G1 X4.9 Y4.9 E267.94414
G0 F9000 X4.9 Y4.7
G1 F1500 E261.44414
G0 F9000 X4.499 Y4.699
G0 X1.98 Y4.619
G0 X1.979 Y3.554
G0 X1.982 Y3.258
G1 F1500 E267.94414
G1 X-1.797 Y3.259 E268.00699
G1 X-1.897 Y3.174 E268.00917
G1 X-1.897 Y2.37 E268.02254
G1 X-1.831 Y2.303 E268.02411
G1 X0.645 Y2.303 E268.06528
G1 X-1.938 Y-2.77 E268.15995
G1 X-1.936 Y-3.021 E268.16413
G1 X-1.857 Y-3.095 E268.16593
G1 X2.056 Y-3.096 E268.231
G1 X2.151 Y-3.029 E268.23293
G1 X2.155 Y-2.222 E268.24635
G1 X2.091 Y-2.146 E268.24801
G1 X-.53 Y-2.14 E268.29159
G1 X2.054 Y2.903 E268.38583
G1 X2.062 Y3.18 E268.39044
G1 X1.982 Y3.258 E268.39229
G0 F9000 X1.782 Y3.258
G1 F1500 E261.89229
G0 F9000 X1.782 Y3.459
G0 X2.231 Y3.432
G0 X2.229 Y4.619
G0 X4.52 Y4.519
;TYPE:SKIN
G1 F1500 E268.39229
G1 X-4.518 Y4.518 E268.5426
G1 X-4.519 Y-4.519 E268.69288
G1 X4.52 Y-4.52 E268.8432
G1 X4.52 Y4.519 E268.99352
G1 F1500 E262.49352
G0 F9000 X4.518 Y4.699
G0 X2.173 Y4.619
G0 X2.029 Y3.535
G0 X2.304 Y3.508
G1 F1500 E268.99352
G1 X2.434 Y3.253 E268.99828
G1 X2.444 Y2.948 E269.00336
G1 X2.401 Y2.75 E269.00673
G1 X0.091 Y-1.76 E269.09099
G1 X2.174 Y-1.76 E269.12563
G1 X2.375 Y-1.874 E269.12948
G1 X2.53 Y-2.158 E269.13486
G1 X2.537 Y-3.118 E269.15082
G1 X2.364 Y-3.373 E269.15595
G1 X2.087 Y-3.471 E269.16083
G1 X-1.922 Y-3.47 E269.2275
G1 X-2.166 Y-3.354 E269.232
G1 X-2.316 Y-3.096 E269.23696
G1 X-2.313 Y-2.667 E269.24409
G1 X0.025 Y1.923 E269.32976
G1 X-1.815 Y1.925 E269.36036
G1 X-2.001 Y1.967 E269.36353
G1 X-2.217 Y2.18 E269.36857
G1 X-2.276 Y2.388 E269.37217
G1 X-2.274 Y3.228 E269.38614
G1 X-2.15 Y3.496 E269.39105
G1 X-1.815 Y3.639 E269.39711
G1 X2.044 Y3.633 E269.46128
G1 X2.304 Y3.508 E269.46608
G1 F1500 E262.96608
G0 F9000 X2.175 Y3.375
G0 X-1.997 Y3.359
G0 X-4.599 Y3.359
G0 X-4.418 Y4.35
G1 F1500 E269.46608
G1 X-4.35 Y4.417 E269.46767
G0 F9000 X-4.067 Y4.417
G1 F1500 X-4.418 Y4.067 E269.47591
G0 F9000 X-4.418 Y3.784
G1 F1500 X-3.785 Y4.417 E269.4908
G0 F9000 X-3.502 Y4.417
G1 F1500 X-4.418 Y3.501 E269.51234
G0 F9000 X-4.418 Y3.218
G1 F1500 X-3.219 Y4.417 E269.54054
G0 F9000 X-2.936 Y4.417
G1 F1500 X-4.418 Y2.935 E269.57539
G0 F9000 X-4.418 Y2.653
G1 F1500 X-2.653 Y4.417 E269.61689
G0 F9000 X-2.37 Y4.417
G1 F1500 X-4.418 Y2.37 E269.66504
G0 F9000 X-4.418 Y2.087
G1 F1500 X-2.088 Y4.417 E269.71984
G0 F9000 X-1.805 Y4.417
G1 F1500 X-4.418 Y1.804 E269.7813
G0 F9000 X-4.418 Y1.521
G1 F1500 X-1.522 Y4.417 E269.84941
G0 F9000 X-1.238 Y4.418
G1 F1500 X-1.979 Y3.676 E269.86685
G0 F9000 X-1.636 Y3.737
G1 F1500 X-.956 Y4.418 E269.88285
G0 F9000 X-.673 Y4.418
G1 F1500 X-1.354 Y3.737 E269.89887
G0 F9000 X-1.071 Y3.737
G1 F1500 X-.39 Y4.418 E269.91488
G0 F9000 X-.107 Y4.418
G1 F1500 X-.789 Y3.736 E269.93092
G0 F9000 X-.506 Y3.735
G1 F1500 X0.175 Y4.418 E269.94696
G0 F9000 X0.458 Y4.418
G1 F1500 X-.224 Y3.735 E269.96301
G0 F9000 X0.057 Y3.734
G1 F1500 X0.741 Y4.418 E269.9791
G0 F9000 X1.023 Y4.418
G1 F1500 X0.34 Y3.734 E269.99517
G0 F9000 X0.622 Y3.734
G1 F1500 X1.306 Y4.418 E270.01126
G0 F9000 X1.59 Y4.418
G1 F1500 X0.905 Y3.733 E270.02737
G0 F9000 X1.187 Y3.733
G1 F1500 X1.873 Y4.418 E270.04349
G0 F9000 X2.155 Y4.418
G1 F1500 X1.47 Y3.732 E270.05961
G0 F9000 X1.752 Y3.732
G1 F1500 X2.438 Y4.418 E270.07575
G0 F9000 X2.721 Y4.418
G1 F1500 X2.035 Y3.732 E270.09188
G0 F9000 X2.235 Y3.65
G1 F1500 X3.004 Y4.418 E270.10996
G0 F9000 X3.287 Y4.418
G1 F1500 X2.4 Y3.531 E270.13082
G0 F9000 X2.496 Y3.344
G1 F1500 X3.57 Y4.418 E270.15608
G0 F9000 X3.853 Y4.418
G1 F1500 X2.537 Y3.103 E270.18701
G0 F9000 X2.513 Y2.795
G1 F1500 X4.135 Y4.418 E270.22517
G0 F9000 X4.419 Y4.419
G1 F1500 X2.26 Y2.26 E270.27595
G0 F9000 X1.964 Y1.681
G1 F1500 X4.419 Y4.136 E270.33369
G0 F9000 X4.419 Y3.853
G1 F1500 X1.668 Y1.102 E270.39839
G0 F9000 X1.371 Y0.523
G1 F1500 X4.419 Y3.57 E270.47006
G0 F9000 X4.419 Y3.288
G1 F1500 X1.075 Y-0.055 E270.54869
G0 F9000 X0.779 Y-.634
G1 F1500 X4.419 Y3.005 E270.63429
G0 F9000 X4.419 Y2.722
G1 F1500 X0.482 Y-1.214 E270.72687
G0 F9000 X0.603 Y-1.659
G1 F1500 X4.419 Y2.156 E270.8166
G0 F9000 X4.419 Y2.439
G1 F1500 X0.32 Y-1.659 E270.91299
G0 F9000 X0.886 Y-1.659
G1 F1500 X4.419 Y1.873 E270.99607
G0 F9000 X4.419 Y1.59
G1 F1500 X1.168 Y-1.659 E271.07251
G0 F9000 X1.451 Y-1.659
G1 F1500 X4.419 Y1.308 E271.1423
G0 F9000 X4.419 Y1.025
G1 F1500 X1.734 Y-1.659 E271.20543
G0 F9000 X2.017 Y-1.659
G1 F1500 X4.419 Y0.742 E271.26191
G0 F9000 X4.419 Y0.459
G1 F1500 X2.263 Y-1.696 E271.31261
G0 F9000 X2.445 Y-1.797
G1 F1500 X4.419 Y0.176 E271.35902
G0 F9000 X4.419 Y-.106
G1 F1500 X2.547 Y-1.977 E271.40304
G0 F9000 X2.628 Y-2.18
G1 F1500 X4.419 Y-.388 E271.44517
G0 F9000 X4.419 Y-.671
G1 F1500 X2.631 Y-2.46 E271.48723
G0 F9000 X2.633 Y-2.74
G1 F1500 X4.419 Y-.954 E271.52924
G0 F9000 X4.419 Y-1.237
G1 F1500 X2.635 Y-3.021 E271.57119
G0 F9000 X2.081 Y-3.575
G1 F1500 X1.238 Y-4.418 E271.59102
G0 F9000 X1.52 Y-4.418
G1 F1500 X4.419 Y-1.52 E271.65919
G0 F9000 X4.419 Y-1.803
G1 F1500 X1.803 Y-4.418 E271.7207
G0 F9000 X2.086 Y-4.418
G1 F1500 X4.419 Y-2.085 E271.77557
G0 F9000 X4.419 Y-2.368
G1 F1500 X2.369 Y-4.418 E271.82378
G0 F9000 X2.652 Y-4.418
G1 F1500 X4.419 Y-2.651 E271.86534
G0 F9000 X4.419 Y-2.934
G1 F1500 X2.935 Y-4.418 E271.90024
G0 F9000 X3.218 Y-4.418
G1 F1500 X4.419 Y-3.217 E271.92849
G0 F9000 X4.419 Y-3.5
G1 F1500 X3.5 Y-4.418 E271.95009
G0 F9000 X3.783 Y-4.418
G1 F1500 X4.419 Y-3.783 E271.96503
G0 F9000 X4.419 Y-4.065
G1 F1500 X4.066 Y-4.418 E271.97334
G0 F9000 X4.349 Y-4.418
G1 F1500 X4.419 Y-4.348 E271.97498
G1 F1500 E265.47498
G0 F9000 X4.7 Y-4.348
G0 X4.6 Y-3.295
G0 X2.438 Y-3.09
G0 X1.798 Y-3.575
G1 F1500 E271.97498
G1 X0.955 Y-4.418 E271.99481
G0 F9000 X0.672 Y-4.418
G1 F1500 X1.516 Y-3.574 E272.01466
G0 F9000 X1.234 Y-3.573
G1 F1500 X0.389 Y-4.418 E272.03453
G0 F9000 X0.106 Y-4.418
G1 F1500 X0.951 Y-3.573 E272.0544
G0 F9000 X0.669 Y-3.573
G1 F1500 X-.176 Y-4.418 E272.07428
G0 F9000 X-.458 Y-4.418
G1 F1500 X0.387 Y-3.572 E272.09416
G0 F9000 X0.104 Y-3.572
G1 F1500 X-.741 Y-4.418 E272.11405
G0 F9000 X-1.024 Y-4.418
G1 F1500 X-.177 Y-3.571 E272.13397
G0 F9000 X-.459 Y-3.57
G1 F1500 X-1.307 Y-4.418 E272.15391
G0 F9000 X-1.59 Y-4.418
G1 F1500 X-.741 Y-3.57 E272.17387
G0 F9000 X-1.024 Y-3.57
G1 F1500 X-1.873 Y-4.418 E272.19382
G0 F9000 X-2.155 Y-4.418
G1 F1500 X-1.306 Y-3.569 E272.21379
G0 F9000 X-1.588 Y-3.568
G1 F1500 X-2.438 Y-4.418 E272.23378
G0 F9000 X-2.721 Y-4.418
G1 F1500 X-1.871 Y-3.568 E272.25377
G0 F9000 X-2.086 Y-3.5
G1 F1500 X-3.004 Y-4.418 E272.27536
G0 F9000 X-3.287 Y-4.418
G1 F1500 X-2.259 Y-3.39 E272.29954
G0 F9000 X-2.361 Y-3.21
G1 F1500 X-3.57 Y-4.418 E272.32796
G0 F9000 X-3.853 Y-4.418
G1 F1500 X-2.417 Y-2.983 E272.36172
G0 F9000 X-2.412 Y-2.695
G1 F1500 X-4.135 Y-4.418 E272.40224
G0 F9000 X-4.418 Y-4.418
G1 F1500 X-2.184 Y-2.184 E272.45478
G0 F9000 X-1.888 Y-1.605
G1 F1500 X-4.418 Y-4.135 E272.51428
G0 F9000 X-4.418 Y-3.853
G1 F1500 X-1.593 Y-1.028 E272.58072
G0 F9000 X-1.298 Y-.449
G1 F1500 X-4.418 Y-3.57 E272.65411
G0 F9000 X-4.418 Y-3.287
G1 F1500 X-1.002 Y0.128 E272.73444
G0 F9000 X-.707 Y0.706
G1 F1500 X-4.418 Y-3.004 E272.82171
G0 F9000 X-4.418 Y-2.721
G1 F1500 X-.412 Y1.284 E272.91591
G0 F9000 X-.439 Y1.822
G1 F1500 X-4.418 Y-2.155 E273.00947
G0 F9000 X-4.418 Y-1.873
G1 F1500 X-.721 Y1.823 E273.0964
G0 F9000 X-1.004 Y1.824
G1 F1500 X-4.418 Y-1.59 E273.17669
G0 F9000 X-4.418 Y-1.307
G1 F1500 X-1.286 Y1.825 E273.25035
G0 F9000 X-1.568 Y1.825
G1 F1500 X-4.418 Y-1.024 E273.31737
G0 F9000 X-4.418 Y-.741
G1 F1500 X-1.847 Y1.829 E273.37782
G0 F9000 X-2.071 Y1.888
G1 F1500 X-4.418 Y-.458 E273.43301
G0 F9000 X-4.418 Y-.176
G1 F1500 X-2.211 Y2.031 E273.48491
G0 F9000 X-2.319 Y2.206
G1 F1500 X-4.418 Y0.107 E273.53428
G0 F9000 X-4.418 Y0.39
G1 F1500 X-2.373 Y2.435 E273.58238
G0 F9000 X-2.373 Y2.718
G1 F1500 X-4.418 Y0.673 E273.63047
G0 F9000 X-4.418 Y0.956
G1 F1500 X-2.373 Y3 E273.67855
G0 F9000 X-2.338 Y3.318
G1 F1500 X-4.418 Y1.238 E273.72747
G0 F9000 X-4.699 Y1.238
G0 X-4.699 Y-2.438
G0 X-4.418 Y-2.438
G1 F1500 X-.157 Y1.822 E273.82767
;TIME_ELAPSED:959.656666
G1 F1500 E267.32767
M140 S0
M204 S500
M107
M104 S0
M140 S0
G92 E0
G1 E-10 F2000
G28 X0 Y0
M84
M82 ;absolute extrusion mode
M104 S0
;End of Gcode
